protocol,seed,depth,budget,learning_rate,arm,accuracy,test_weights_unchanged
binn-hybrid-diagnostic-v2-50c8899f9bc536f0,d6753df03e0d7c14,1,120,0.00500000,existing-post-synaptic,0.00000000,true
binn-hybrid-diagnostic-v2-50c8899f9bc536f0,d6753df03e0d7c14,1,120,0.00500000,least-squares-post-synaptic,0.00000000,true
binn-hybrid-diagnostic-v2-50c8899f9bc536f0,d6753df03e0d7c14,1,120,0.00500000,direct-terminal,0.00000000,true
binn-hybrid-diagnostic-v2-50c8899f9bc536f0,742cb73bbfd3f82b,1,120,0.00500000,existing-post-synaptic,0.00000000,true
binn-hybrid-diagnostic-v2-50c8899f9bc536f0,742cb73bbfd3f82b,1,120,0.00500000,least-squares-post-synaptic,0.00000000,true
binn-hybrid-diagnostic-v2-50c8899f9bc536f0,742cb73bbfd3f82b,1,120,0.00500000,direct-terminal,0.00000000,true
binn-hybrid-diagnostic-v2-50c8899f9bc536f0,92e429653c98743e,1,120,0.00500000,existing-post-synaptic,0.00000000,true
binn-hybrid-diagnostic-v2-50c8899f9bc536f0,92e429653c98743e,1,120,0.00500000,least-squares-post-synaptic,0.00000000,true
binn-hybrid-diagnostic-v2-50c8899f9bc536f0,92e429653c98743e,1,120,0.00500000,direct-terminal,0.00000000,true
binn-hybrid-diagnostic-v2-50c8899f9bc536f0,309fa2acbc6ef055,1,120,0.00500000,existing-post-synaptic,0.00000000,true
binn-hybrid-diagnostic-v2-50c8899f9bc536f0,309fa2acbc6ef055,1,120,0.00500000,least-squares-post-synaptic,0.00000000,true
binn-hybrid-diagnostic-v2-50c8899f9bc536f0,309fa2acbc6ef055,1,120,0.00500000,direct-terminal,0.00000000,true
binn-hybrid-diagnostic-v2-50c8899f9bc536f0,5f5724d63d336c68,1,120,0.00500000,existing-post-synaptic,0.00000000,true
binn-hybrid-diagnostic-v2-50c8899f9bc536f0,5f5724d63d336c68,1,120,0.00500000,least-squares-post-synaptic,0.00000000,true
binn-hybrid-diagnostic-v2-50c8899f9bc536f0,5f5724d63d336c68,1,120,0.00500000,direct-terminal,0.00000000,true
binn-hybrid-diagnostic-v2-50c8899f9bc536f0,fd0e9e11baf9e87f,1,120,0.00500000,existing-post-synaptic,0.00000000,true
binn-hybrid-diagnostic-v2-50c8899f9bc536f0,fd0e9e11baf9e87f,1,120,0.00500000,least-squares-post-synaptic,0.00000000,true
binn-hybrid-diagnostic-v2-50c8899f9bc536f0,fd0e9e11baf9e87f,1,120,0.00500000,direct-terminal,0.00000000,true
binn-hybrid-diagnostic-v2-50c8899f9bc536f0,1bc6105b3a4e6492,1,120,0.00500000,existing-post-synaptic,0.00000000,true
binn-hybrid-diagnostic-v2-50c8899f9bc536f0,1bc6105b3a4e6492,1,120,0.00500000,least-squares-post-synaptic,0.00000000,true
binn-hybrid-diagnostic-v2-50c8899f9bc536f0,1bc6105b3a4e6492,1,120,0.00500000,direct-terminal,0.00000000,true
binn-hybrid-diagnostic-v2-50c8899f9bc536f0,b9f98982bb14e0a9,1,120,0.00500000,existing-post-synaptic,0.00000000,true
binn-hybrid-diagnostic-v2-50c8899f9bc536f0,b9f98982bb14e0a9,1,120,0.00500000,least-squares-post-synaptic,0.00000000,true
binn-hybrid-diagnostic-v2-50c8899f9bc536f0,b9f98982bb14e0a9,1,120,0.00500000,direct-terminal,0.00000000,true
binn-hybrid-diagnostic-v2-50c8899f9bc536f0,d6753df03e0d7c14,1,120,0.01500000,existing-post-synaptic,0.00000000,true
binn-hybrid-diagnostic-v2-50c8899f9bc536f0,d6753df03e0d7c14,1,120,0.01500000,least-squares-post-synaptic,0.00000000,true
binn-hybrid-diagnostic-v2-50c8899f9bc536f0,d6753df03e0d7c14,1,120,0.01500000,direct-terminal,0.00000000,true
binn-hybrid-diagnostic-v2-50c8899f9bc536f0,742cb73bbfd3f82b,1,120,0.01500000,existing-post-synaptic,0.00000000,true
binn-hybrid-diagnostic-v2-50c8899f9bc536f0,742cb73bbfd3f82b,1,120,0.01500000,least-squares-post-synaptic,0.00000000,true
binn-hybrid-diagnostic-v2-50c8899f9bc536f0,742cb73bbfd3f82b,1,120,0.01500000,direct-terminal,0.00000000,true
binn-hybrid-diagnostic-v2-50c8899f9bc536f0,92e429653c98743e,1,120,0.01500000,existing-post-synaptic,0.00000000,true
binn-hybrid-diagnostic-v2-50c8899f9bc536f0,92e429653c98743e,1,120,0.01500000,least-squares-post-synaptic,0.00000000,true
binn-hybrid-diagnostic-v2-50c8899f9bc536f0,92e429653c98743e,1,120,0.01500000,direct-terminal,0.00000000,true
binn-hybrid-diagnostic-v2-50c8899f9bc536f0,309fa2acbc6ef055,1,120,0.01500000,existing-post-synaptic,0.00000000,true
binn-hybrid-diagnostic-v2-50c8899f9bc536f0,309fa2acbc6ef055,1,120,0.01500000,least-squares-post-synaptic,0.00000000,true
binn-hybrid-diagnostic-v2-50c8899f9bc536f0,309fa2acbc6ef055,1,120,0.01500000,direct-terminal,0.00000000,true
binn-hybrid-diagnostic-v2-50c8899f9bc536f0,5f5724d63d336c68,1,120,0.01500000,existing-post-synaptic,0.00000000,true
binn-hybrid-diagnostic-v2-50c8899f9bc536f0,5f5724d63d336c68,1,120,0.01500000,least-squares-post-synaptic,0.00000000,true
binn-hybrid-diagnostic-v2-50c8899f9bc536f0,5f5724d63d336c68,1,120,0.01500000,direct-terminal,0.00000000,true
binn-hybrid-diagnostic-v2-50c8899f9bc536f0,fd0e9e11baf9e87f,1,120,0.01500000,existing-post-synaptic,0.00000000,true
binn-hybrid-diagnostic-v2-50c8899f9bc536f0,fd0e9e11baf9e87f,1,120,0.01500000,least-squares-post-synaptic,0.00000000,true
binn-hybrid-diagnostic-v2-50c8899f9bc536f0,fd0e9e11baf9e87f,1,120,0.01500000,direct-terminal,0.00000000,true
binn-hybrid-diagnostic-v2-50c8899f9bc536f0,1bc6105b3a4e6492,1,120,0.01500000,existing-post-synaptic,0.00000000,true
binn-hybrid-diagnostic-v2-50c8899f9bc536f0,1bc6105b3a4e6492,1,120,0.01500000,least-squares-post-synaptic,0.00000000,true
binn-hybrid-diagnostic-v2-50c8899f9bc536f0,1bc6105b3a4e6492,1,120,0.01500000,direct-terminal,0.00000000,true
binn-hybrid-diagnostic-v2-50c8899f9bc536f0,b9f98982bb14e0a9,1,120,0.01500000,existing-post-synaptic,0.00000000,true
binn-hybrid-diagnostic-v2-50c8899f9bc536f0,b9f98982bb14e0a9,1,120,0.01500000,least-squares-post-synaptic,0.00000000,true
binn-hybrid-diagnostic-v2-50c8899f9bc536f0,b9f98982bb14e0a9,1,120,0.01500000,direct-terminal,0.00000000,true
binn-hybrid-diagnostic-v2-50c8899f9bc536f0,d6753df03e0d7c14,1,120,0.03500000,existing-post-synaptic,0.00000000,true
binn-hybrid-diagnostic-v2-50c8899f9bc536f0,d6753df03e0d7c14,1,120,0.03500000,least-squares-post-synaptic,0.00000000,true
binn-hybrid-diagnostic-v2-50c8899f9bc536f0,d6753df03e0d7c14,1,120,0.03500000,direct-terminal,0.00000000,true
binn-hybrid-diagnostic-v2-50c8899f9bc536f0,742cb73bbfd3f82b,1,120,0.03500000,existing-post-synaptic,0.00000000,true
binn-hybrid-diagnostic-v2-50c8899f9bc536f0,742cb73bbfd3f82b,1,120,0.03500000,least-squares-post-synaptic,0.00000000,true
binn-hybrid-diagnostic-v2-50c8899f9bc536f0,742cb73bbfd3f82b,1,120,0.03500000,direct-terminal,0.00000000,true
binn-hybrid-diagnostic-v2-50c8899f9bc536f0,92e429653c98743e,1,120,0.03500000,existing-post-synaptic,0.00000000,true
binn-hybrid-diagnostic-v2-50c8899f9bc536f0,92e429653c98743e,1,120,0.03500000,least-squares-post-synaptic,0.00000000,true
binn-hybrid-diagnostic-v2-50c8899f9bc536f0,92e429653c98743e,1,120,0.03500000,direct-terminal,0.00000000,true
binn-hybrid-diagnostic-v2-50c8899f9bc536f0,309fa2acbc6ef055,1,120,0.03500000,existing-post-synaptic,0.00000000,true
binn-hybrid-diagnostic-v2-50c8899f9bc536f0,309fa2acbc6ef055,1,120,0.03500000,least-squares-post-synaptic,0.00000000,true
binn-hybrid-diagnostic-v2-50c8899f9bc536f0,309fa2acbc6ef055,1,120,0.03500000,direct-terminal,0.00000000,true
binn-hybrid-diagnostic-v2-50c8899f9bc536f0,5f5724d63d336c68,1,120,0.03500000,existing-post-synaptic,0.00000000,true
binn-hybrid-diagnostic-v2-50c8899f9bc536f0,5f5724d63d336c68,1,120,0.03500000,least-squares-post-synaptic,0.00000000,true
binn-hybrid-diagnostic-v2-50c8899f9bc536f0,5f5724d63d336c68,1,120,0.03500000,direct-terminal,0.00000000,true
binn-hybrid-diagnostic-v2-50c8899f9bc536f0,fd0e9e11baf9e87f,1,120,0.03500000,existing-post-synaptic,0.00000000,true
binn-hybrid-diagnostic-v2-50c8899f9bc536f0,fd0e9e11baf9e87f,1,120,0.03500000,least-squares-post-synaptic,0.00000000,true
binn-hybrid-diagnostic-v2-50c8899f9bc536f0,fd0e9e11baf9e87f,1,120,0.03500000,direct-terminal,0.00000000,true
binn-hybrid-diagnostic-v2-50c8899f9bc536f0,1bc6105b3a4e6492,1,120,0.03500000,existing-post-synaptic,0.00000000,true
binn-hybrid-diagnostic-v2-50c8899f9bc536f0,1bc6105b3a4e6492,1,120,0.03500000,least-squares-post-synaptic,0.00000000,true
binn-hybrid-diagnostic-v2-50c8899f9bc536f0,1bc6105b3a4e6492,1,120,0.03500000,direct-terminal,0.00000000,true
binn-hybrid-diagnostic-v2-50c8899f9bc536f0,b9f98982bb14e0a9,1,120,0.03500000,existing-post-synaptic,0.00000000,true
binn-hybrid-diagnostic-v2-50c8899f9bc536f0,b9f98982bb14e0a9,1,120,0.03500000,least-squares-post-synaptic,0.00000000,true
binn-hybrid-diagnostic-v2-50c8899f9bc536f0,b9f98982bb14e0a9,1,120,0.03500000,direct-terminal,0.00000000,true
binn-hybrid-diagnostic-v2-50c8899f9bc536f0,d6753df03e0d7c14,1,120,0.07000000,existing-post-synaptic,0.00000000,true
binn-hybrid-diagnostic-v2-50c8899f9bc536f0,d6753df03e0d7c14,1,120,0.07000000,least-squares-post-synaptic,0.86199999,true
binn-hybrid-diagnostic-v2-50c8899f9bc536f0,d6753df03e0d7c14,1,120,0.07000000,direct-terminal,0.86199999,true
binn-hybrid-diagnostic-v2-50c8899f9bc536f0,742cb73bbfd3f82b,1,120,0.07000000,existing-post-synaptic,0.00000000,true
binn-hybrid-diagnostic-v2-50c8899f9bc536f0,742cb73bbfd3f82b,1,120,0.07000000,least-squares-post-synaptic,0.86199999,true
binn-hybrid-diagnostic-v2-50c8899f9bc536f0,742cb73bbfd3f82b,1,120,0.07000000,direct-terminal,0.86199999,true
binn-hybrid-diagnostic-v2-50c8899f9bc536f0,92e429653c98743e,1,120,0.07000000,existing-post-synaptic,0.00000000,true
binn-hybrid-diagnostic-v2-50c8899f9bc536f0,92e429653c98743e,1,120,0.07000000,least-squares-post-synaptic,0.89200002,true
binn-hybrid-diagnostic-v2-50c8899f9bc536f0,92e429653c98743e,1,120,0.07000000,direct-terminal,0.89200002,true
binn-hybrid-diagnostic-v2-50c8899f9bc536f0,309fa2acbc6ef055,1,120,0.07000000,existing-post-synaptic,0.00000000,true
binn-hybrid-diagnostic-v2-50c8899f9bc536f0,309fa2acbc6ef055,1,120,0.07000000,least-squares-post-synaptic,0.74599999,true
binn-hybrid-diagnostic-v2-50c8899f9bc536f0,309fa2acbc6ef055,1,120,0.07000000,direct-terminal,0.74599999,true
binn-hybrid-diagnostic-v2-50c8899f9bc536f0,5f5724d63d336c68,1,120,0.07000000,existing-post-synaptic,0.00000000,true
binn-hybrid-diagnostic-v2-50c8899f9bc536f0,5f5724d63d336c68,1,120,0.07000000,least-squares-post-synaptic,0.67400002,true
binn-hybrid-diagnostic-v2-50c8899f9bc536f0,5f5724d63d336c68,1,120,0.07000000,direct-terminal,0.67400002,true
binn-hybrid-diagnostic-v2-50c8899f9bc536f0,fd0e9e11baf9e87f,1,120,0.07000000,existing-post-synaptic,0.00000000,true
binn-hybrid-diagnostic-v2-50c8899f9bc536f0,fd0e9e11baf9e87f,1,120,0.07000000,least-squares-post-synaptic,0.76599997,true
binn-hybrid-diagnostic-v2-50c8899f9bc536f0,fd0e9e11baf9e87f,1,120,0.07000000,direct-terminal,0.76599997,true
binn-hybrid-diagnostic-v2-50c8899f9bc536f0,1bc6105b3a4e6492,1,120,0.07000000,existing-post-synaptic,0.00000000,true
binn-hybrid-diagnostic-v2-50c8899f9bc536f0,1bc6105b3a4e6492,1,120,0.07000000,least-squares-post-synaptic,0.62000000,true
binn-hybrid-diagnostic-v2-50c8899f9bc536f0,1bc6105b3a4e6492,1,120,0.07000000,direct-terminal,0.62000000,true
binn-hybrid-diagnostic-v2-50c8899f9bc536f0,b9f98982bb14e0a9,1,120,0.07000000,existing-post-synaptic,0.00000000,true
binn-hybrid-diagnostic-v2-50c8899f9bc536f0,b9f98982bb14e0a9,1,120,0.07000000,least-squares-post-synaptic,0.75999999,true
binn-hybrid-diagnostic-v2-50c8899f9bc536f0,b9f98982bb14e0a9,1,120,0.07000000,direct-terminal,0.75999999,true
binn-hybrid-diagnostic-v2-50c8899f9bc536f0,d6753df03e0d7c14,1,480,0.00500000,existing-post-synaptic,0.00000000,true
binn-hybrid-diagnostic-v2-50c8899f9bc536f0,d6753df03e0d7c14,1,480,0.00500000,least-squares-post-synaptic,0.00000000,true
binn-hybrid-diagnostic-v2-50c8899f9bc536f0,d6753df03e0d7c14,1,480,0.00500000,direct-terminal,0.00000000,true
binn-hybrid-diagnostic-v2-50c8899f9bc536f0,742cb73bbfd3f82b,1,480,0.00500000,existing-post-synaptic,0.00000000,true
binn-hybrid-diagnostic-v2-50c8899f9bc536f0,742cb73bbfd3f82b,1,480,0.00500000,least-squares-post-synaptic,0.00000000,true
binn-hybrid-diagnostic-v2-50c8899f9bc536f0,742cb73bbfd3f82b,1,480,0.00500000,direct-terminal,0.00000000,true
binn-hybrid-diagnostic-v2-50c8899f9bc536f0,92e429653c98743e,1,480,0.00500000,existing-post-synaptic,0.00000000,true
binn-hybrid-diagnostic-v2-50c8899f9bc536f0,92e429653c98743e,1,480,0.00500000,least-squares-post-synaptic,0.00000000,true
binn-hybrid-diagnostic-v2-50c8899f9bc536f0,92e429653c98743e,1,480,0.00500000,direct-terminal,0.00000000,true
binn-hybrid-diagnostic-v2-50c8899f9bc536f0,309fa2acbc6ef055,1,480,0.00500000,existing-post-synaptic,0.00000000,true
binn-hybrid-diagnostic-v2-50c8899f9bc536f0,309fa2acbc6ef055,1,480,0.00500000,least-squares-post-synaptic,0.00000000,true
binn-hybrid-diagnostic-v2-50c8899f9bc536f0,309fa2acbc6ef055,1,480,0.00500000,direct-terminal,0.00000000,true
binn-hybrid-diagnostic-v2-50c8899f9bc536f0,5f5724d63d336c68,1,480,0.00500000,existing-post-synaptic,0.00000000,true
binn-hybrid-diagnostic-v2-50c8899f9bc536f0,5f5724d63d336c68,1,480,0.00500000,least-squares-post-synaptic,0.00000000,true
binn-hybrid-diagnostic-v2-50c8899f9bc536f0,5f5724d63d336c68,1,480,0.00500000,direct-terminal,0.00000000,true
binn-hybrid-diagnostic-v2-50c8899f9bc536f0,fd0e9e11baf9e87f,1,480,0.00500000,existing-post-synaptic,0.00000000,true
binn-hybrid-diagnostic-v2-50c8899f9bc536f0,fd0e9e11baf9e87f,1,480,0.00500000,least-squares-post-synaptic,0.00000000,true
binn-hybrid-diagnostic-v2-50c8899f9bc536f0,fd0e9e11baf9e87f,1,480,0.00500000,direct-terminal,0.00000000,true
binn-hybrid-diagnostic-v2-50c8899f9bc536f0,1bc6105b3a4e6492,1,480,0.00500000,existing-post-synaptic,0.00000000,true
binn-hybrid-diagnostic-v2-50c8899f9bc536f0,1bc6105b3a4e6492,1,480,0.00500000,least-squares-post-synaptic,0.00000000,true
binn-hybrid-diagnostic-v2-50c8899f9bc536f0,1bc6105b3a4e6492,1,480,0.00500000,direct-terminal,0.00000000,true
binn-hybrid-diagnostic-v2-50c8899f9bc536f0,b9f98982bb14e0a9,1,480,0.00500000,existing-post-synaptic,0.00000000,true
binn-hybrid-diagnostic-v2-50c8899f9bc536f0,b9f98982bb14e0a9,1,480,0.00500000,least-squares-post-synaptic,0.00000000,true
binn-hybrid-diagnostic-v2-50c8899f9bc536f0,b9f98982bb14e0a9,1,480,0.00500000,direct-terminal,0.00000000,true
binn-hybrid-diagnostic-v2-50c8899f9bc536f0,d6753df03e0d7c14,1,480,0.01500000,existing-post-synaptic,0.00000000,true
binn-hybrid-diagnostic-v2-50c8899f9bc536f0,d6753df03e0d7c14,1,480,0.01500000,least-squares-post-synaptic,0.72600001,true
binn-hybrid-diagnostic-v2-50c8899f9bc536f0,d6753df03e0d7c14,1,480,0.01500000,direct-terminal,0.72600001,true
binn-hybrid-diagnostic-v2-50c8899f9bc536f0,742cb73bbfd3f82b,1,480,0.01500000,existing-post-synaptic,0.00000000,true
binn-hybrid-diagnostic-v2-50c8899f9bc536f0,742cb73bbfd3f82b,1,480,0.01500000,least-squares-post-synaptic,0.73799998,true
binn-hybrid-diagnostic-v2-50c8899f9bc536f0,742cb73bbfd3f82b,1,480,0.01500000,direct-terminal,0.73799998,true
binn-hybrid-diagnostic-v2-50c8899f9bc536f0,92e429653c98743e,1,480,0.01500000,existing-post-synaptic,0.00000000,true
binn-hybrid-diagnostic-v2-50c8899f9bc536f0,92e429653c98743e,1,480,0.01500000,least-squares-post-synaptic,0.77200001,true
binn-hybrid-diagnostic-v2-50c8899f9bc536f0,92e429653c98743e,1,480,0.01500000,direct-terminal,0.77200001,true
binn-hybrid-diagnostic-v2-50c8899f9bc536f0,309fa2acbc6ef055,1,480,0.01500000,existing-post-synaptic,0.00000000,true
binn-hybrid-diagnostic-v2-50c8899f9bc536f0,309fa2acbc6ef055,1,480,0.01500000,least-squares-post-synaptic,0.63000000,true
binn-hybrid-diagnostic-v2-50c8899f9bc536f0,309fa2acbc6ef055,1,480,0.01500000,direct-terminal,0.63000000,true
binn-hybrid-diagnostic-v2-50c8899f9bc536f0,5f5724d63d336c68,1,480,0.01500000,existing-post-synaptic,0.00000000,true
binn-hybrid-diagnostic-v2-50c8899f9bc536f0,5f5724d63d336c68,1,480,0.01500000,least-squares-post-synaptic,0.77399999,true
binn-hybrid-diagnostic-v2-50c8899f9bc536f0,5f5724d63d336c68,1,480,0.01500000,direct-terminal,0.77399999,true
binn-hybrid-diagnostic-v2-50c8899f9bc536f0,fd0e9e11baf9e87f,1,480,0.01500000,existing-post-synaptic,0.00000000,true
binn-hybrid-diagnostic-v2-50c8899f9bc536f0,fd0e9e11baf9e87f,1,480,0.01500000,least-squares-post-synaptic,0.51200002,true
binn-hybrid-diagnostic-v2-50c8899f9bc536f0,fd0e9e11baf9e87f,1,480,0.01500000,direct-terminal,0.51200002,true
binn-hybrid-diagnostic-v2-50c8899f9bc536f0,1bc6105b3a4e6492,1,480,0.01500000,existing-post-synaptic,0.00000000,true
binn-hybrid-diagnostic-v2-50c8899f9bc536f0,1bc6105b3a4e6492,1,480,0.01500000,least-squares-post-synaptic,0.63400000,true
binn-hybrid-diagnostic-v2-50c8899f9bc536f0,1bc6105b3a4e6492,1,480,0.01500000,direct-terminal,0.63400000,true
binn-hybrid-diagnostic-v2-50c8899f9bc536f0,b9f98982bb14e0a9,1,480,0.01500000,existing-post-synaptic,0.00000000,true
binn-hybrid-diagnostic-v2-50c8899f9bc536f0,b9f98982bb14e0a9,1,480,0.01500000,least-squares-post-synaptic,0.50400001,true
binn-hybrid-diagnostic-v2-50c8899f9bc536f0,b9f98982bb14e0a9,1,480,0.01500000,direct-terminal,0.50400001,true
binn-hybrid-diagnostic-v2-50c8899f9bc536f0,d6753df03e0d7c14,1,480,0.03500000,existing-post-synaptic,0.00000000,true
binn-hybrid-diagnostic-v2-50c8899f9bc536f0,d6753df03e0d7c14,1,480,0.03500000,least-squares-post-synaptic,1.00000000,true
binn-hybrid-diagnostic-v2-50c8899f9bc536f0,d6753df03e0d7c14,1,480,0.03500000,direct-terminal,1.00000000,true
binn-hybrid-diagnostic-v2-50c8899f9bc536f0,742cb73bbfd3f82b,1,480,0.03500000,existing-post-synaptic,0.00000000,true
binn-hybrid-diagnostic-v2-50c8899f9bc536f0,742cb73bbfd3f82b,1,480,0.03500000,least-squares-post-synaptic,1.00000000,true
binn-hybrid-diagnostic-v2-50c8899f9bc536f0,742cb73bbfd3f82b,1,480,0.03500000,direct-terminal,1.00000000,true
binn-hybrid-diagnostic-v2-50c8899f9bc536f0,92e429653c98743e,1,480,0.03500000,existing-post-synaptic,0.00000000,true
binn-hybrid-diagnostic-v2-50c8899f9bc536f0,92e429653c98743e,1,480,0.03500000,least-squares-post-synaptic,1.00000000,true
binn-hybrid-diagnostic-v2-50c8899f9bc536f0,92e429653c98743e,1,480,0.03500000,direct-terminal,1.00000000,true
binn-hybrid-diagnostic-v2-50c8899f9bc536f0,309fa2acbc6ef055,1,480,0.03500000,existing-post-synaptic,0.00000000,true
binn-hybrid-diagnostic-v2-50c8899f9bc536f0,309fa2acbc6ef055,1,480,0.03500000,least-squares-post-synaptic,1.00000000,true
binn-hybrid-diagnostic-v2-50c8899f9bc536f0,309fa2acbc6ef055,1,480,0.03500000,direct-terminal,1.00000000,true
binn-hybrid-diagnostic-v2-50c8899f9bc536f0,5f5724d63d336c68,1,480,0.03500000,existing-post-synaptic,0.00000000,true
binn-hybrid-diagnostic-v2-50c8899f9bc536f0,5f5724d63d336c68,1,480,0.03500000,least-squares-post-synaptic,1.00000000,true
binn-hybrid-diagnostic-v2-50c8899f9bc536f0,5f5724d63d336c68,1,480,0.03500000,direct-terminal,1.00000000,true
binn-hybrid-diagnostic-v2-50c8899f9bc536f0,fd0e9e11baf9e87f,1,480,0.03500000,existing-post-synaptic,0.00000000,true
binn-hybrid-diagnostic-v2-50c8899f9bc536f0,fd0e9e11baf9e87f,1,480,0.03500000,least-squares-post-synaptic,1.00000000,true
binn-hybrid-diagnostic-v2-50c8899f9bc536f0,fd0e9e11baf9e87f,1,480,0.03500000,direct-terminal,1.00000000,true
binn-hybrid-diagnostic-v2-50c8899f9bc536f0,1bc6105b3a4e6492,1,480,0.03500000,existing-post-synaptic,0.00000000,true
binn-hybrid-diagnostic-v2-50c8899f9bc536f0,1bc6105b3a4e6492,1,480,0.03500000,least-squares-post-synaptic,1.00000000,true
binn-hybrid-diagnostic-v2-50c8899f9bc536f0,1bc6105b3a4e6492,1,480,0.03500000,direct-terminal,1.00000000,true
binn-hybrid-diagnostic-v2-50c8899f9bc536f0,b9f98982bb14e0a9,1,480,0.03500000,existing-post-synaptic,0.00000000,true
binn-hybrid-diagnostic-v2-50c8899f9bc536f0,b9f98982bb14e0a9,1,480,0.03500000,least-squares-post-synaptic,1.00000000,true
binn-hybrid-diagnostic-v2-50c8899f9bc536f0,b9f98982bb14e0a9,1,480,0.03500000,direct-terminal,1.00000000,true
binn-hybrid-diagnostic-v2-50c8899f9bc536f0,d6753df03e0d7c14,1,480,0.07000000,existing-post-synaptic,0.33199999,true
binn-hybrid-diagnostic-v2-50c8899f9bc536f0,d6753df03e0d7c14,1,480,0.07000000,least-squares-post-synaptic,1.00000000,true
binn-hybrid-diagnostic-v2-50c8899f9bc536f0,d6753df03e0d7c14,1,480,0.07000000,direct-terminal,1.00000000,true
binn-hybrid-diagnostic-v2-50c8899f9bc536f0,742cb73bbfd3f82b,1,480,0.07000000,existing-post-synaptic,0.00000000,true
binn-hybrid-diagnostic-v2-50c8899f9bc536f0,742cb73bbfd3f82b,1,480,0.07000000,least-squares-post-synaptic,1.00000000,true
binn-hybrid-diagnostic-v2-50c8899f9bc536f0,742cb73bbfd3f82b,1,480,0.07000000,direct-terminal,1.00000000,true
binn-hybrid-diagnostic-v2-50c8899f9bc536f0,92e429653c98743e,1,480,0.07000000,existing-post-synaptic,0.77200001,true
binn-hybrid-diagnostic-v2-50c8899f9bc536f0,92e429653c98743e,1,480,0.07000000,least-squares-post-synaptic,1.00000000,true
binn-hybrid-diagnostic-v2-50c8899f9bc536f0,92e429653c98743e,1,480,0.07000000,direct-terminal,1.00000000,true
binn-hybrid-diagnostic-v2-50c8899f9bc536f0,309fa2acbc6ef055,1,480,0.07000000,existing-post-synaptic,0.48800001,true
binn-hybrid-diagnostic-v2-50c8899f9bc536f0,309fa2acbc6ef055,1,480,0.07000000,least-squares-post-synaptic,1.00000000,true
binn-hybrid-diagnostic-v2-50c8899f9bc536f0,309fa2acbc6ef055,1,480,0.07000000,direct-terminal,1.00000000,true
binn-hybrid-diagnostic-v2-50c8899f9bc536f0,5f5724d63d336c68,1,480,0.07000000,existing-post-synaptic,0.26600000,true
binn-hybrid-diagnostic-v2-50c8899f9bc536f0,5f5724d63d336c68,1,480,0.07000000,least-squares-post-synaptic,1.00000000,true
binn-hybrid-diagnostic-v2-50c8899f9bc536f0,5f5724d63d336c68,1,480,0.07000000,direct-terminal,1.00000000,true
binn-hybrid-diagnostic-v2-50c8899f9bc536f0,fd0e9e11baf9e87f,1,480,0.07000000,existing-post-synaptic,0.37400001,true
binn-hybrid-diagnostic-v2-50c8899f9bc536f0,fd0e9e11baf9e87f,1,480,0.07000000,least-squares-post-synaptic,1.00000000,true
binn-hybrid-diagnostic-v2-50c8899f9bc536f0,fd0e9e11baf9e87f,1,480,0.07000000,direct-terminal,1.00000000,true
binn-hybrid-diagnostic-v2-50c8899f9bc536f0,1bc6105b3a4e6492,1,480,0.07000000,existing-post-synaptic,0.22800000,true
binn-hybrid-diagnostic-v2-50c8899f9bc536f0,1bc6105b3a4e6492,1,480,0.07000000,least-squares-post-synaptic,1.00000000,true
binn-hybrid-diagnostic-v2-50c8899f9bc536f0,1bc6105b3a4e6492,1,480,0.07000000,direct-terminal,1.00000000,true
binn-hybrid-diagnostic-v2-50c8899f9bc536f0,b9f98982bb14e0a9,1,480,0.07000000,existing-post-synaptic,0.25400001,true
binn-hybrid-diagnostic-v2-50c8899f9bc536f0,b9f98982bb14e0a9,1,480,0.07000000,least-squares-post-synaptic,1.00000000,true
binn-hybrid-diagnostic-v2-50c8899f9bc536f0,b9f98982bb14e0a9,1,480,0.07000000,direct-terminal,1.00000000,true
binn-hybrid-diagnostic-v2-50c8899f9bc536f0,d6753df03e0d7c14,1,1920,0.00500000,existing-post-synaptic,0.00000000,true
binn-hybrid-diagnostic-v2-50c8899f9bc536f0,d6753df03e0d7c14,1,1920,0.00500000,least-squares-post-synaptic,1.00000000,true
binn-hybrid-diagnostic-v2-50c8899f9bc536f0,d6753df03e0d7c14,1,1920,0.00500000,direct-terminal,1.00000000,true
binn-hybrid-diagnostic-v2-50c8899f9bc536f0,742cb73bbfd3f82b,1,1920,0.00500000,existing-post-synaptic,0.00000000,true
binn-hybrid-diagnostic-v2-50c8899f9bc536f0,742cb73bbfd3f82b,1,1920,0.00500000,least-squares-post-synaptic,1.00000000,true
binn-hybrid-diagnostic-v2-50c8899f9bc536f0,742cb73bbfd3f82b,1,1920,0.00500000,direct-terminal,1.00000000,true
binn-hybrid-diagnostic-v2-50c8899f9bc536f0,92e429653c98743e,1,1920,0.00500000,existing-post-synaptic,0.00000000,true
binn-hybrid-diagnostic-v2-50c8899f9bc536f0,92e429653c98743e,1,1920,0.00500000,least-squares-post-synaptic,1.00000000,true
binn-hybrid-diagnostic-v2-50c8899f9bc536f0,92e429653c98743e,1,1920,0.00500000,direct-terminal,1.00000000,true
binn-hybrid-diagnostic-v2-50c8899f9bc536f0,309fa2acbc6ef055,1,1920,0.00500000,existing-post-synaptic,0.00000000,true
binn-hybrid-diagnostic-v2-50c8899f9bc536f0,309fa2acbc6ef055,1,1920,0.00500000,least-squares-post-synaptic,1.00000000,true
binn-hybrid-diagnostic-v2-50c8899f9bc536f0,309fa2acbc6ef055,1,1920,0.00500000,direct-terminal,1.00000000,true
binn-hybrid-diagnostic-v2-50c8899f9bc536f0,5f5724d63d336c68,1,1920,0.00500000,existing-post-synaptic,0.00000000,true
binn-hybrid-diagnostic-v2-50c8899f9bc536f0,5f5724d63d336c68,1,1920,0.00500000,least-squares-post-synaptic,1.00000000,true
binn-hybrid-diagnostic-v2-50c8899f9bc536f0,5f5724d63d336c68,1,1920,0.00500000,direct-terminal,1.00000000,true
binn-hybrid-diagnostic-v2-50c8899f9bc536f0,fd0e9e11baf9e87f,1,1920,0.00500000,existing-post-synaptic,0.00000000,true
binn-hybrid-diagnostic-v2-50c8899f9bc536f0,fd0e9e11baf9e87f,1,1920,0.00500000,least-squares-post-synaptic,1.00000000,true
binn-hybrid-diagnostic-v2-50c8899f9bc536f0,fd0e9e11baf9e87f,1,1920,0.00500000,direct-terminal,1.00000000,true
binn-hybrid-diagnostic-v2-50c8899f9bc536f0,1bc6105b3a4e6492,1,1920,0.00500000,existing-post-synaptic,0.00000000,true
binn-hybrid-diagnostic-v2-50c8899f9bc536f0,1bc6105b3a4e6492,1,1920,0.00500000,least-squares-post-synaptic,1.00000000,true
binn-hybrid-diagnostic-v2-50c8899f9bc536f0,1bc6105b3a4e6492,1,1920,0.00500000,direct-terminal,1.00000000,true
binn-hybrid-diagnostic-v2-50c8899f9bc536f0,b9f98982bb14e0a9,1,1920,0.00500000,existing-post-synaptic,0.00000000,true
binn-hybrid-diagnostic-v2-50c8899f9bc536f0,b9f98982bb14e0a9,1,1920,0.00500000,least-squares-post-synaptic,1.00000000,true
binn-hybrid-diagnostic-v2-50c8899f9bc536f0,b9f98982bb14e0a9,1,1920,0.00500000,direct-terminal,1.00000000,true
binn-hybrid-diagnostic-v2-50c8899f9bc536f0,d6753df03e0d7c14,1,1920,0.01500000,existing-post-synaptic,0.33199999,true
binn-hybrid-diagnostic-v2-50c8899f9bc536f0,d6753df03e0d7c14,1,1920,0.01500000,least-squares-post-synaptic,1.00000000,true
binn-hybrid-diagnostic-v2-50c8899f9bc536f0,d6753df03e0d7c14,1,1920,0.01500000,direct-terminal,1.00000000,true
binn-hybrid-diagnostic-v2-50c8899f9bc536f0,742cb73bbfd3f82b,1,1920,0.01500000,existing-post-synaptic,0.14399999,true
binn-hybrid-diagnostic-v2-50c8899f9bc536f0,742cb73bbfd3f82b,1,1920,0.01500000,least-squares-post-synaptic,1.00000000,true
binn-hybrid-diagnostic-v2-50c8899f9bc536f0,742cb73bbfd3f82b,1,1920,0.01500000,direct-terminal,1.00000000,true
binn-hybrid-diagnostic-v2-50c8899f9bc536f0,92e429653c98743e,1,1920,0.01500000,existing-post-synaptic,0.63200003,true
binn-hybrid-diagnostic-v2-50c8899f9bc536f0,92e429653c98743e,1,1920,0.01500000,least-squares-post-synaptic,1.00000000,true
binn-hybrid-diagnostic-v2-50c8899f9bc536f0,92e429653c98743e,1,1920,0.01500000,direct-terminal,1.00000000,true
binn-hybrid-diagnostic-v2-50c8899f9bc536f0,309fa2acbc6ef055,1,1920,0.01500000,existing-post-synaptic,0.37400001,true
binn-hybrid-diagnostic-v2-50c8899f9bc536f0,309fa2acbc6ef055,1,1920,0.01500000,least-squares-post-synaptic,1.00000000,true
binn-hybrid-diagnostic-v2-50c8899f9bc536f0,309fa2acbc6ef055,1,1920,0.01500000,direct-terminal,1.00000000,true
binn-hybrid-diagnostic-v2-50c8899f9bc536f0,5f5724d63d336c68,1,1920,0.01500000,existing-post-synaptic,0.26600000,true
binn-hybrid-diagnostic-v2-50c8899f9bc536f0,5f5724d63d336c68,1,1920,0.01500000,least-squares-post-synaptic,1.00000000,true
binn-hybrid-diagnostic-v2-50c8899f9bc536f0,5f5724d63d336c68,1,1920,0.01500000,direct-terminal,1.00000000,true
binn-hybrid-diagnostic-v2-50c8899f9bc536f0,fd0e9e11baf9e87f,1,1920,0.01500000,existing-post-synaptic,0.24800000,true
binn-hybrid-diagnostic-v2-50c8899f9bc536f0,fd0e9e11baf9e87f,1,1920,0.01500000,least-squares-post-synaptic,1.00000000,true
binn-hybrid-diagnostic-v2-50c8899f9bc536f0,fd0e9e11baf9e87f,1,1920,0.01500000,direct-terminal,1.00000000,true
binn-hybrid-diagnostic-v2-50c8899f9bc536f0,1bc6105b3a4e6492,1,1920,0.01500000,existing-post-synaptic,0.12600000,true
binn-hybrid-diagnostic-v2-50c8899f9bc536f0,1bc6105b3a4e6492,1,1920,0.01500000,least-squares-post-synaptic,1.00000000,true
binn-hybrid-diagnostic-v2-50c8899f9bc536f0,1bc6105b3a4e6492,1,1920,0.01500000,direct-terminal,1.00000000,true
binn-hybrid-diagnostic-v2-50c8899f9bc536f0,b9f98982bb14e0a9,1,1920,0.01500000,existing-post-synaptic,0.12400000,true
binn-hybrid-diagnostic-v2-50c8899f9bc536f0,b9f98982bb14e0a9,1,1920,0.01500000,least-squares-post-synaptic,1.00000000,true
binn-hybrid-diagnostic-v2-50c8899f9bc536f0,b9f98982bb14e0a9,1,1920,0.01500000,direct-terminal,1.00000000,true
binn-hybrid-diagnostic-v2-50c8899f9bc536f0,d6753df03e0d7c14,1,1920,0.03500000,existing-post-synaptic,0.33199999,true
binn-hybrid-diagnostic-v2-50c8899f9bc536f0,d6753df03e0d7c14,1,1920,0.03500000,least-squares-post-synaptic,1.00000000,true
binn-hybrid-diagnostic-v2-50c8899f9bc536f0,d6753df03e0d7c14,1,1920,0.03500000,direct-terminal,1.00000000,true
binn-hybrid-diagnostic-v2-50c8899f9bc536f0,742cb73bbfd3f82b,1,1920,0.03500000,existing-post-synaptic,0.62800002,true
binn-hybrid-diagnostic-v2-50c8899f9bc536f0,742cb73bbfd3f82b,1,1920,0.03500000,least-squares-post-synaptic,1.00000000,true
binn-hybrid-diagnostic-v2-50c8899f9bc536f0,742cb73bbfd3f82b,1,1920,0.03500000,direct-terminal,1.00000000,true
binn-hybrid-diagnostic-v2-50c8899f9bc536f0,92e429653c98743e,1,1920,0.03500000,existing-post-synaptic,0.88000000,true
binn-hybrid-diagnostic-v2-50c8899f9bc536f0,92e429653c98743e,1,1920,0.03500000,least-squares-post-synaptic,1.00000000,true
binn-hybrid-diagnostic-v2-50c8899f9bc536f0,92e429653c98743e,1,1920,0.03500000,direct-terminal,1.00000000,true
binn-hybrid-diagnostic-v2-50c8899f9bc536f0,309fa2acbc6ef055,1,1920,0.03500000,existing-post-synaptic,0.61400002,true
binn-hybrid-diagnostic-v2-50c8899f9bc536f0,309fa2acbc6ef055,1,1920,0.03500000,least-squares-post-synaptic,1.00000000,true
binn-hybrid-diagnostic-v2-50c8899f9bc536f0,309fa2acbc6ef055,1,1920,0.03500000,direct-terminal,1.00000000,true
binn-hybrid-diagnostic-v2-50c8899f9bc536f0,5f5724d63d336c68,1,1920,0.03500000,existing-post-synaptic,0.50599998,true
binn-hybrid-diagnostic-v2-50c8899f9bc536f0,5f5724d63d336c68,1,1920,0.03500000,least-squares-post-synaptic,1.00000000,true
binn-hybrid-diagnostic-v2-50c8899f9bc536f0,5f5724d63d336c68,1,1920,0.03500000,direct-terminal,1.00000000,true
binn-hybrid-diagnostic-v2-50c8899f9bc536f0,fd0e9e11baf9e87f,1,1920,0.03500000,existing-post-synaptic,0.37400001,true
binn-hybrid-diagnostic-v2-50c8899f9bc536f0,fd0e9e11baf9e87f,1,1920,0.03500000,least-squares-post-synaptic,1.00000000,true
binn-hybrid-diagnostic-v2-50c8899f9bc536f0,fd0e9e11baf9e87f,1,1920,0.03500000,direct-terminal,1.00000000,true
binn-hybrid-diagnostic-v2-50c8899f9bc536f0,1bc6105b3a4e6492,1,1920,0.03500000,existing-post-synaptic,0.33600000,true
binn-hybrid-diagnostic-v2-50c8899f9bc536f0,1bc6105b3a4e6492,1,1920,0.03500000,least-squares-post-synaptic,1.00000000,true
binn-hybrid-diagnostic-v2-50c8899f9bc536f0,1bc6105b3a4e6492,1,1920,0.03500000,direct-terminal,1.00000000,true
binn-hybrid-diagnostic-v2-50c8899f9bc536f0,b9f98982bb14e0a9,1,1920,0.03500000,existing-post-synaptic,0.38000000,true
binn-hybrid-diagnostic-v2-50c8899f9bc536f0,b9f98982bb14e0a9,1,1920,0.03500000,least-squares-post-synaptic,1.00000000,true
binn-hybrid-diagnostic-v2-50c8899f9bc536f0,b9f98982bb14e0a9,1,1920,0.03500000,direct-terminal,1.00000000,true
binn-hybrid-diagnostic-v2-50c8899f9bc536f0,d6753df03e0d7c14,1,1920,0.07000000,existing-post-synaptic,0.33199999,true
binn-hybrid-diagnostic-v2-50c8899f9bc536f0,d6753df03e0d7c14,1,1920,0.07000000,least-squares-post-synaptic,1.00000000,true
binn-hybrid-diagnostic-v2-50c8899f9bc536f0,d6753df03e0d7c14,1,1920,0.07000000,direct-terminal,1.00000000,true
binn-hybrid-diagnostic-v2-50c8899f9bc536f0,742cb73bbfd3f82b,1,1920,0.07000000,existing-post-synaptic,0.62800002,true
binn-hybrid-diagnostic-v2-50c8899f9bc536f0,742cb73bbfd3f82b,1,1920,0.07000000,least-squares-post-synaptic,1.00000000,true
binn-hybrid-diagnostic-v2-50c8899f9bc536f0,742cb73bbfd3f82b,1,1920,0.07000000,direct-terminal,1.00000000,true
binn-hybrid-diagnostic-v2-50c8899f9bc536f0,92e429653c98743e,1,1920,0.07000000,existing-post-synaptic,0.88000000,true
binn-hybrid-diagnostic-v2-50c8899f9bc536f0,92e429653c98743e,1,1920,0.07000000,least-squares-post-synaptic,1.00000000,true
binn-hybrid-diagnostic-v2-50c8899f9bc536f0,92e429653c98743e,1,1920,0.07000000,direct-terminal,1.00000000,true
binn-hybrid-diagnostic-v2-50c8899f9bc536f0,309fa2acbc6ef055,1,1920,0.07000000,existing-post-synaptic,0.61400002,true
binn-hybrid-diagnostic-v2-50c8899f9bc536f0,309fa2acbc6ef055,1,1920,0.07000000,least-squares-post-synaptic,1.00000000,true
binn-hybrid-diagnostic-v2-50c8899f9bc536f0,309fa2acbc6ef055,1,1920,0.07000000,direct-terminal,1.00000000,true
binn-hybrid-diagnostic-v2-50c8899f9bc536f0,5f5724d63d336c68,1,1920,0.07000000,existing-post-synaptic,0.50599998,true
binn-hybrid-diagnostic-v2-50c8899f9bc536f0,5f5724d63d336c68,1,1920,0.07000000,least-squares-post-synaptic,1.00000000,true
binn-hybrid-diagnostic-v2-50c8899f9bc536f0,5f5724d63d336c68,1,1920,0.07000000,direct-terminal,1.00000000,true
binn-hybrid-diagnostic-v2-50c8899f9bc536f0,fd0e9e11baf9e87f,1,1920,0.07000000,existing-post-synaptic,0.37400001,true
binn-hybrid-diagnostic-v2-50c8899f9bc536f0,fd0e9e11baf9e87f,1,1920,0.07000000,least-squares-post-synaptic,1.00000000,true
binn-hybrid-diagnostic-v2-50c8899f9bc536f0,fd0e9e11baf9e87f,1,1920,0.07000000,direct-terminal,1.00000000,true
binn-hybrid-diagnostic-v2-50c8899f9bc536f0,1bc6105b3a4e6492,1,1920,0.07000000,existing-post-synaptic,0.33600000,true
binn-hybrid-diagnostic-v2-50c8899f9bc536f0,1bc6105b3a4e6492,1,1920,0.07000000,least-squares-post-synaptic,1.00000000,true
binn-hybrid-diagnostic-v2-50c8899f9bc536f0,1bc6105b3a4e6492,1,1920,0.07000000,direct-terminal,1.00000000,true
binn-hybrid-diagnostic-v2-50c8899f9bc536f0,b9f98982bb14e0a9,1,1920,0.07000000,existing-post-synaptic,0.50999999,true
binn-hybrid-diagnostic-v2-50c8899f9bc536f0,b9f98982bb14e0a9,1,1920,0.07000000,least-squares-post-synaptic,1.00000000,true
binn-hybrid-diagnostic-v2-50c8899f9bc536f0,b9f98982bb14e0a9,1,1920,0.07000000,direct-terminal,1.00000000,true
binn-hybrid-diagnostic-v2-50c8899f9bc536f0,d6753df03e0d7c14,2,120,0.00500000,existing-post-synaptic,0.14000000,true
binn-hybrid-diagnostic-v2-50c8899f9bc536f0,d6753df03e0d7c14,2,120,0.00500000,least-squares-post-synaptic,0.14000000,true
binn-hybrid-diagnostic-v2-50c8899f9bc536f0,d6753df03e0d7c14,2,120,0.00500000,direct-terminal,0.14000000,true
binn-hybrid-diagnostic-v2-50c8899f9bc536f0,742cb73bbfd3f82b,2,120,0.00500000,existing-post-synaptic,0.12600000,true
binn-hybrid-diagnostic-v2-50c8899f9bc536f0,742cb73bbfd3f82b,2,120,0.00500000,least-squares-post-synaptic,0.12600000,true
binn-hybrid-diagnostic-v2-50c8899f9bc536f0,742cb73bbfd3f82b,2,120,0.00500000,direct-terminal,0.12600000,true
binn-hybrid-diagnostic-v2-50c8899f9bc536f0,92e429653c98743e,2,120,0.00500000,existing-post-synaptic,0.13000000,true
binn-hybrid-diagnostic-v2-50c8899f9bc536f0,92e429653c98743e,2,120,0.00500000,least-squares-post-synaptic,0.13000000,true
binn-hybrid-diagnostic-v2-50c8899f9bc536f0,92e429653c98743e,2,120,0.00500000,direct-terminal,0.13000000,true
binn-hybrid-diagnostic-v2-50c8899f9bc536f0,309fa2acbc6ef055,2,120,0.00500000,existing-post-synaptic,0.14800000,true
binn-hybrid-diagnostic-v2-50c8899f9bc536f0,309fa2acbc6ef055,2,120,0.00500000,least-squares-post-synaptic,0.14800000,true
binn-hybrid-diagnostic-v2-50c8899f9bc536f0,309fa2acbc6ef055,2,120,0.00500000,direct-terminal,0.14800000,true
binn-hybrid-diagnostic-v2-50c8899f9bc536f0,5f5724d63d336c68,2,120,0.00500000,existing-post-synaptic,0.11600000,true
binn-hybrid-diagnostic-v2-50c8899f9bc536f0,5f5724d63d336c68,2,120,0.00500000,least-squares-post-synaptic,0.11600000,true
binn-hybrid-diagnostic-v2-50c8899f9bc536f0,5f5724d63d336c68,2,120,0.00500000,direct-terminal,0.11600000,true
binn-hybrid-diagnostic-v2-50c8899f9bc536f0,fd0e9e11baf9e87f,2,120,0.00500000,existing-post-synaptic,0.12000000,true
binn-hybrid-diagnostic-v2-50c8899f9bc536f0,fd0e9e11baf9e87f,2,120,0.00500000,least-squares-post-synaptic,0.12000000,true
binn-hybrid-diagnostic-v2-50c8899f9bc536f0,fd0e9e11baf9e87f,2,120,0.00500000,direct-terminal,0.12000000,true
binn-hybrid-diagnostic-v2-50c8899f9bc536f0,1bc6105b3a4e6492,2,120,0.00500000,existing-post-synaptic,0.12800001,true
binn-hybrid-diagnostic-v2-50c8899f9bc536f0,1bc6105b3a4e6492,2,120,0.00500000,least-squares-post-synaptic,0.12800001,true
binn-hybrid-diagnostic-v2-50c8899f9bc536f0,1bc6105b3a4e6492,2,120,0.00500000,direct-terminal,0.12800001,true
binn-hybrid-diagnostic-v2-50c8899f9bc536f0,b9f98982bb14e0a9,2,120,0.00500000,existing-post-synaptic,0.11800000,true
binn-hybrid-diagnostic-v2-50c8899f9bc536f0,b9f98982bb14e0a9,2,120,0.00500000,least-squares-post-synaptic,0.11800000,true
binn-hybrid-diagnostic-v2-50c8899f9bc536f0,b9f98982bb14e0a9,2,120,0.00500000,direct-terminal,0.11800000,true
binn-hybrid-diagnostic-v2-50c8899f9bc536f0,d6753df03e0d7c14,2,120,0.01500000,existing-post-synaptic,0.14000000,true
binn-hybrid-diagnostic-v2-50c8899f9bc536f0,d6753df03e0d7c14,2,120,0.01500000,least-squares-post-synaptic,0.14000000,true
binn-hybrid-diagnostic-v2-50c8899f9bc536f0,d6753df03e0d7c14,2,120,0.01500000,direct-terminal,0.14000000,true
binn-hybrid-diagnostic-v2-50c8899f9bc536f0,742cb73bbfd3f82b,2,120,0.01500000,existing-post-synaptic,0.12600000,true
binn-hybrid-diagnostic-v2-50c8899f9bc536f0,742cb73bbfd3f82b,2,120,0.01500000,least-squares-post-synaptic,0.12600000,true
binn-hybrid-diagnostic-v2-50c8899f9bc536f0,742cb73bbfd3f82b,2,120,0.01500000,direct-terminal,0.12600000,true
binn-hybrid-diagnostic-v2-50c8899f9bc536f0,92e429653c98743e,2,120,0.01500000,existing-post-synaptic,0.13000000,true
binn-hybrid-diagnostic-v2-50c8899f9bc536f0,92e429653c98743e,2,120,0.01500000,least-squares-post-synaptic,0.13000000,true
binn-hybrid-diagnostic-v2-50c8899f9bc536f0,92e429653c98743e,2,120,0.01500000,direct-terminal,0.13000000,true
binn-hybrid-diagnostic-v2-50c8899f9bc536f0,309fa2acbc6ef055,2,120,0.01500000,existing-post-synaptic,0.14800000,true
binn-hybrid-diagnostic-v2-50c8899f9bc536f0,309fa2acbc6ef055,2,120,0.01500000,least-squares-post-synaptic,0.14800000,true
binn-hybrid-diagnostic-v2-50c8899f9bc536f0,309fa2acbc6ef055,2,120,0.01500000,direct-terminal,0.14800000,true
binn-hybrid-diagnostic-v2-50c8899f9bc536f0,5f5724d63d336c68,2,120,0.01500000,existing-post-synaptic,0.11600000,true
binn-hybrid-diagnostic-v2-50c8899f9bc536f0,5f5724d63d336c68,2,120,0.01500000,least-squares-post-synaptic,0.11600000,true
binn-hybrid-diagnostic-v2-50c8899f9bc536f0,5f5724d63d336c68,2,120,0.01500000,direct-terminal,0.11600000,true
binn-hybrid-diagnostic-v2-50c8899f9bc536f0,fd0e9e11baf9e87f,2,120,0.01500000,existing-post-synaptic,0.12000000,true
binn-hybrid-diagnostic-v2-50c8899f9bc536f0,fd0e9e11baf9e87f,2,120,0.01500000,least-squares-post-synaptic,0.12000000,true
binn-hybrid-diagnostic-v2-50c8899f9bc536f0,fd0e9e11baf9e87f,2,120,0.01500000,direct-terminal,0.12000000,true
binn-hybrid-diagnostic-v2-50c8899f9bc536f0,1bc6105b3a4e6492,2,120,0.01500000,existing-post-synaptic,0.12800001,true
binn-hybrid-diagnostic-v2-50c8899f9bc536f0,1bc6105b3a4e6492,2,120,0.01500000,least-squares-post-synaptic,0.12800001,true
binn-hybrid-diagnostic-v2-50c8899f9bc536f0,1bc6105b3a4e6492,2,120,0.01500000,direct-terminal,0.12800001,true
binn-hybrid-diagnostic-v2-50c8899f9bc536f0,b9f98982bb14e0a9,2,120,0.01500000,existing-post-synaptic,0.11800000,true
binn-hybrid-diagnostic-v2-50c8899f9bc536f0,b9f98982bb14e0a9,2,120,0.01500000,least-squares-post-synaptic,0.11800000,true
binn-hybrid-diagnostic-v2-50c8899f9bc536f0,b9f98982bb14e0a9,2,120,0.01500000,direct-terminal,0.11800000,true
binn-hybrid-diagnostic-v2-50c8899f9bc536f0,d6753df03e0d7c14,2,120,0.03500000,existing-post-synaptic,0.14000000,true
binn-hybrid-diagnostic-v2-50c8899f9bc536f0,d6753df03e0d7c14,2,120,0.03500000,least-squares-post-synaptic,0.40000001,true
binn-hybrid-diagnostic-v2-50c8899f9bc536f0,d6753df03e0d7c14,2,120,0.03500000,direct-terminal,0.55400002,true
binn-hybrid-diagnostic-v2-50c8899f9bc536f0,742cb73bbfd3f82b,2,120,0.03500000,existing-post-synaptic,0.12600000,true
binn-hybrid-diagnostic-v2-50c8899f9bc536f0,742cb73bbfd3f82b,2,120,0.03500000,least-squares-post-synaptic,0.23800001,true
binn-hybrid-diagnostic-v2-50c8899f9bc536f0,742cb73bbfd3f82b,2,120,0.03500000,direct-terminal,0.38400000,true
binn-hybrid-diagnostic-v2-50c8899f9bc536f0,92e429653c98743e,2,120,0.03500000,existing-post-synaptic,0.13000000,true
binn-hybrid-diagnostic-v2-50c8899f9bc536f0,92e429653c98743e,2,120,0.03500000,least-squares-post-synaptic,0.24400000,true
binn-hybrid-diagnostic-v2-50c8899f9bc536f0,92e429653c98743e,2,120,0.03500000,direct-terminal,0.55599999,true
binn-hybrid-diagnostic-v2-50c8899f9bc536f0,309fa2acbc6ef055,2,120,0.03500000,existing-post-synaptic,0.14800000,true
binn-hybrid-diagnostic-v2-50c8899f9bc536f0,309fa2acbc6ef055,2,120,0.03500000,least-squares-post-synaptic,0.33199999,true
binn-hybrid-diagnostic-v2-50c8899f9bc536f0,309fa2acbc6ef055,2,120,0.03500000,direct-terminal,0.56999999,true
binn-hybrid-diagnostic-v2-50c8899f9bc536f0,5f5724d63d336c68,2,120,0.03500000,existing-post-synaptic,0.11600000,true
binn-hybrid-diagnostic-v2-50c8899f9bc536f0,5f5724d63d336c68,2,120,0.03500000,least-squares-post-synaptic,0.18799999,true
binn-hybrid-diagnostic-v2-50c8899f9bc536f0,5f5724d63d336c68,2,120,0.03500000,direct-terminal,0.38000000,true
binn-hybrid-diagnostic-v2-50c8899f9bc536f0,fd0e9e11baf9e87f,2,120,0.03500000,existing-post-synaptic,0.12000000,true
binn-hybrid-diagnostic-v2-50c8899f9bc536f0,fd0e9e11baf9e87f,2,120,0.03500000,least-squares-post-synaptic,0.32200000,true
binn-hybrid-diagnostic-v2-50c8899f9bc536f0,fd0e9e11baf9e87f,2,120,0.03500000,direct-terminal,0.69999999,true
binn-hybrid-diagnostic-v2-50c8899f9bc536f0,1bc6105b3a4e6492,2,120,0.03500000,existing-post-synaptic,0.12800001,true
binn-hybrid-diagnostic-v2-50c8899f9bc536f0,1bc6105b3a4e6492,2,120,0.03500000,least-squares-post-synaptic,0.33600000,true
binn-hybrid-diagnostic-v2-50c8899f9bc536f0,1bc6105b3a4e6492,2,120,0.03500000,direct-terminal,0.43000001,true
binn-hybrid-diagnostic-v2-50c8899f9bc536f0,b9f98982bb14e0a9,2,120,0.03500000,existing-post-synaptic,0.11800000,true
binn-hybrid-diagnostic-v2-50c8899f9bc536f0,b9f98982bb14e0a9,2,120,0.03500000,least-squares-post-synaptic,0.22400001,true
binn-hybrid-diagnostic-v2-50c8899f9bc536f0,b9f98982bb14e0a9,2,120,0.03500000,direct-terminal,0.36399999,true
binn-hybrid-diagnostic-v2-50c8899f9bc536f0,d6753df03e0d7c14,2,120,0.07000000,existing-post-synaptic,0.14000000,true
binn-hybrid-diagnostic-v2-50c8899f9bc536f0,d6753df03e0d7c14,2,120,0.07000000,least-squares-post-synaptic,1.00000000,true
binn-hybrid-diagnostic-v2-50c8899f9bc536f0,d6753df03e0d7c14,2,120,0.07000000,direct-terminal,1.00000000,true
binn-hybrid-diagnostic-v2-50c8899f9bc536f0,742cb73bbfd3f82b,2,120,0.07000000,existing-post-synaptic,0.12600000,true
binn-hybrid-diagnostic-v2-50c8899f9bc536f0,742cb73bbfd3f82b,2,120,0.07000000,least-squares-post-synaptic,0.74599999,true
binn-hybrid-diagnostic-v2-50c8899f9bc536f0,742cb73bbfd3f82b,2,120,0.07000000,direct-terminal,1.00000000,true
binn-hybrid-diagnostic-v2-50c8899f9bc536f0,92e429653c98743e,2,120,0.07000000,existing-post-synaptic,0.13000000,true
binn-hybrid-diagnostic-v2-50c8899f9bc536f0,92e429653c98743e,2,120,0.07000000,least-squares-post-synaptic,0.87800002,true
binn-hybrid-diagnostic-v2-50c8899f9bc536f0,92e429653c98743e,2,120,0.07000000,direct-terminal,1.00000000,true
binn-hybrid-diagnostic-v2-50c8899f9bc536f0,309fa2acbc6ef055,2,120,0.07000000,existing-post-synaptic,0.14800000,true
binn-hybrid-diagnostic-v2-50c8899f9bc536f0,309fa2acbc6ef055,2,120,0.07000000,least-squares-post-synaptic,0.62599999,true
binn-hybrid-diagnostic-v2-50c8899f9bc536f0,309fa2acbc6ef055,2,120,0.07000000,direct-terminal,1.00000000,true
binn-hybrid-diagnostic-v2-50c8899f9bc536f0,5f5724d63d336c68,2,120,0.07000000,existing-post-synaptic,0.11600000,true
binn-hybrid-diagnostic-v2-50c8899f9bc536f0,5f5724d63d336c68,2,120,0.07000000,least-squares-post-synaptic,0.87000000,true
binn-hybrid-diagnostic-v2-50c8899f9bc536f0,5f5724d63d336c68,2,120,0.07000000,direct-terminal,1.00000000,true
binn-hybrid-diagnostic-v2-50c8899f9bc536f0,fd0e9e11baf9e87f,2,120,0.07000000,existing-post-synaptic,0.12000000,true
binn-hybrid-diagnostic-v2-50c8899f9bc536f0,fd0e9e11baf9e87f,2,120,0.07000000,least-squares-post-synaptic,0.94199997,true
binn-hybrid-diagnostic-v2-50c8899f9bc536f0,fd0e9e11baf9e87f,2,120,0.07000000,direct-terminal,1.00000000,true
binn-hybrid-diagnostic-v2-50c8899f9bc536f0,1bc6105b3a4e6492,2,120,0.07000000,existing-post-synaptic,0.12800001,true
binn-hybrid-diagnostic-v2-50c8899f9bc536f0,1bc6105b3a4e6492,2,120,0.07000000,least-squares-post-synaptic,0.82599998,true
binn-hybrid-diagnostic-v2-50c8899f9bc536f0,1bc6105b3a4e6492,2,120,0.07000000,direct-terminal,1.00000000,true
binn-hybrid-diagnostic-v2-50c8899f9bc536f0,b9f98982bb14e0a9,2,120,0.07000000,existing-post-synaptic,0.11800000,true
binn-hybrid-diagnostic-v2-50c8899f9bc536f0,b9f98982bb14e0a9,2,120,0.07000000,least-squares-post-synaptic,0.80599999,true
binn-hybrid-diagnostic-v2-50c8899f9bc536f0,b9f98982bb14e0a9,2,120,0.07000000,direct-terminal,0.93000001,true
binn-hybrid-diagnostic-v2-50c8899f9bc536f0,d6753df03e0d7c14,2,480,0.00500000,existing-post-synaptic,0.14000000,true
binn-hybrid-diagnostic-v2-50c8899f9bc536f0,d6753df03e0d7c14,2,480,0.00500000,least-squares-post-synaptic,0.14000000,true
binn-hybrid-diagnostic-v2-50c8899f9bc536f0,d6753df03e0d7c14,2,480,0.00500000,direct-terminal,0.14000000,true
binn-hybrid-diagnostic-v2-50c8899f9bc536f0,742cb73bbfd3f82b,2,480,0.00500000,existing-post-synaptic,0.12600000,true
binn-hybrid-diagnostic-v2-50c8899f9bc536f0,742cb73bbfd3f82b,2,480,0.00500000,least-squares-post-synaptic,0.12600000,true
binn-hybrid-diagnostic-v2-50c8899f9bc536f0,742cb73bbfd3f82b,2,480,0.00500000,direct-terminal,0.12600000,true
binn-hybrid-diagnostic-v2-50c8899f9bc536f0,92e429653c98743e,2,480,0.00500000,existing-post-synaptic,0.13000000,true
binn-hybrid-diagnostic-v2-50c8899f9bc536f0,92e429653c98743e,2,480,0.00500000,least-squares-post-synaptic,0.13000000,true
binn-hybrid-diagnostic-v2-50c8899f9bc536f0,92e429653c98743e,2,480,0.00500000,direct-terminal,0.13000000,true
binn-hybrid-diagnostic-v2-50c8899f9bc536f0,309fa2acbc6ef055,2,480,0.00500000,existing-post-synaptic,0.14800000,true
binn-hybrid-diagnostic-v2-50c8899f9bc536f0,309fa2acbc6ef055,2,480,0.00500000,least-squares-post-synaptic,0.14800000,true
binn-hybrid-diagnostic-v2-50c8899f9bc536f0,309fa2acbc6ef055,2,480,0.00500000,direct-terminal,0.14800000,true
binn-hybrid-diagnostic-v2-50c8899f9bc536f0,5f5724d63d336c68,2,480,0.00500000,existing-post-synaptic,0.11600000,true
binn-hybrid-diagnostic-v2-50c8899f9bc536f0,5f5724d63d336c68,2,480,0.00500000,least-squares-post-synaptic,0.11600000,true
binn-hybrid-diagnostic-v2-50c8899f9bc536f0,5f5724d63d336c68,2,480,0.00500000,direct-terminal,0.11600000,true
binn-hybrid-diagnostic-v2-50c8899f9bc536f0,fd0e9e11baf9e87f,2,480,0.00500000,existing-post-synaptic,0.12000000,true
binn-hybrid-diagnostic-v2-50c8899f9bc536f0,fd0e9e11baf9e87f,2,480,0.00500000,least-squares-post-synaptic,0.12000000,true
binn-hybrid-diagnostic-v2-50c8899f9bc536f0,fd0e9e11baf9e87f,2,480,0.00500000,direct-terminal,0.12000000,true
binn-hybrid-diagnostic-v2-50c8899f9bc536f0,1bc6105b3a4e6492,2,480,0.00500000,existing-post-synaptic,0.12800001,true
binn-hybrid-diagnostic-v2-50c8899f9bc536f0,1bc6105b3a4e6492,2,480,0.00500000,least-squares-post-synaptic,0.12800001,true
binn-hybrid-diagnostic-v2-50c8899f9bc536f0,1bc6105b3a4e6492,2,480,0.00500000,direct-terminal,0.12800001,true
binn-hybrid-diagnostic-v2-50c8899f9bc536f0,b9f98982bb14e0a9,2,480,0.00500000,existing-post-synaptic,0.11800000,true
binn-hybrid-diagnostic-v2-50c8899f9bc536f0,b9f98982bb14e0a9,2,480,0.00500000,least-squares-post-synaptic,0.11800000,true
binn-hybrid-diagnostic-v2-50c8899f9bc536f0,b9f98982bb14e0a9,2,480,0.00500000,direct-terminal,0.11800000,true
binn-hybrid-diagnostic-v2-50c8899f9bc536f0,d6753df03e0d7c14,2,480,0.01500000,existing-post-synaptic,0.14000000,true
binn-hybrid-diagnostic-v2-50c8899f9bc536f0,d6753df03e0d7c14,2,480,0.01500000,least-squares-post-synaptic,0.94999999,true
binn-hybrid-diagnostic-v2-50c8899f9bc536f0,d6753df03e0d7c14,2,480,0.01500000,direct-terminal,1.00000000,true
binn-hybrid-diagnostic-v2-50c8899f9bc536f0,742cb73bbfd3f82b,2,480,0.01500000,existing-post-synaptic,0.12600000,true
binn-hybrid-diagnostic-v2-50c8899f9bc536f0,742cb73bbfd3f82b,2,480,0.01500000,least-squares-post-synaptic,0.86000001,true
binn-hybrid-diagnostic-v2-50c8899f9bc536f0,742cb73bbfd3f82b,2,480,0.01500000,direct-terminal,1.00000000,true
binn-hybrid-diagnostic-v2-50c8899f9bc536f0,92e429653c98743e,2,480,0.01500000,existing-post-synaptic,0.13000000,true
binn-hybrid-diagnostic-v2-50c8899f9bc536f0,92e429653c98743e,2,480,0.01500000,least-squares-post-synaptic,0.87599999,true
binn-hybrid-diagnostic-v2-50c8899f9bc536f0,92e429653c98743e,2,480,0.01500000,direct-terminal,1.00000000,true
binn-hybrid-diagnostic-v2-50c8899f9bc536f0,309fa2acbc6ef055,2,480,0.01500000,existing-post-synaptic,0.14800000,true
binn-hybrid-diagnostic-v2-50c8899f9bc536f0,309fa2acbc6ef055,2,480,0.01500000,least-squares-post-synaptic,0.88000000,true
binn-hybrid-diagnostic-v2-50c8899f9bc536f0,309fa2acbc6ef055,2,480,0.01500000,direct-terminal,1.00000000,true
binn-hybrid-diagnostic-v2-50c8899f9bc536f0,5f5724d63d336c68,2,480,0.01500000,existing-post-synaptic,0.11600000,true
binn-hybrid-diagnostic-v2-50c8899f9bc536f0,5f5724d63d336c68,2,480,0.01500000,least-squares-post-synaptic,0.78799999,true
binn-hybrid-diagnostic-v2-50c8899f9bc536f0,5f5724d63d336c68,2,480,0.01500000,direct-terminal,1.00000000,true
binn-hybrid-diagnostic-v2-50c8899f9bc536f0,fd0e9e11baf9e87f,2,480,0.01500000,existing-post-synaptic,0.12000000,true
binn-hybrid-diagnostic-v2-50c8899f9bc536f0,fd0e9e11baf9e87f,2,480,0.01500000,least-squares-post-synaptic,0.94199997,true
binn-hybrid-diagnostic-v2-50c8899f9bc536f0,fd0e9e11baf9e87f,2,480,0.01500000,direct-terminal,1.00000000,true
binn-hybrid-diagnostic-v2-50c8899f9bc536f0,1bc6105b3a4e6492,2,480,0.01500000,existing-post-synaptic,0.12800001,true
binn-hybrid-diagnostic-v2-50c8899f9bc536f0,1bc6105b3a4e6492,2,480,0.01500000,least-squares-post-synaptic,0.82400000,true
binn-hybrid-diagnostic-v2-50c8899f9bc536f0,1bc6105b3a4e6492,2,480,0.01500000,direct-terminal,1.00000000,true
binn-hybrid-diagnostic-v2-50c8899f9bc536f0,b9f98982bb14e0a9,2,480,0.01500000,existing-post-synaptic,0.11800000,true
binn-hybrid-diagnostic-v2-50c8899f9bc536f0,b9f98982bb14e0a9,2,480,0.01500000,least-squares-post-synaptic,0.93000001,true
binn-hybrid-diagnostic-v2-50c8899f9bc536f0,b9f98982bb14e0a9,2,480,0.01500000,direct-terminal,1.00000000,true
binn-hybrid-diagnostic-v2-50c8899f9bc536f0,d6753df03e0d7c14,2,480,0.03500000,existing-post-synaptic,0.20200001,true
binn-hybrid-diagnostic-v2-50c8899f9bc536f0,d6753df03e0d7c14,2,480,0.03500000,least-squares-post-synaptic,1.00000000,true
binn-hybrid-diagnostic-v2-50c8899f9bc536f0,d6753df03e0d7c14,2,480,0.03500000,direct-terminal,1.00000000,true
binn-hybrid-diagnostic-v2-50c8899f9bc536f0,742cb73bbfd3f82b,2,480,0.03500000,existing-post-synaptic,0.23199999,true
binn-hybrid-diagnostic-v2-50c8899f9bc536f0,742cb73bbfd3f82b,2,480,0.03500000,least-squares-post-synaptic,1.00000000,true
binn-hybrid-diagnostic-v2-50c8899f9bc536f0,742cb73bbfd3f82b,2,480,0.03500000,direct-terminal,1.00000000,true
binn-hybrid-diagnostic-v2-50c8899f9bc536f0,92e429653c98743e,2,480,0.03500000,existing-post-synaptic,0.13000000,true
binn-hybrid-diagnostic-v2-50c8899f9bc536f0,92e429653c98743e,2,480,0.03500000,least-squares-post-synaptic,1.00000000,true
binn-hybrid-diagnostic-v2-50c8899f9bc536f0,92e429653c98743e,2,480,0.03500000,direct-terminal,1.00000000,true
binn-hybrid-diagnostic-v2-50c8899f9bc536f0,309fa2acbc6ef055,2,480,0.03500000,existing-post-synaptic,0.19400001,true
binn-hybrid-diagnostic-v2-50c8899f9bc536f0,309fa2acbc6ef055,2,480,0.03500000,least-squares-post-synaptic,1.00000000,true
binn-hybrid-diagnostic-v2-50c8899f9bc536f0,309fa2acbc6ef055,2,480,0.03500000,direct-terminal,1.00000000,true
binn-hybrid-diagnostic-v2-50c8899f9bc536f0,5f5724d63d336c68,2,480,0.03500000,existing-post-synaptic,0.25400001,true
binn-hybrid-diagnostic-v2-50c8899f9bc536f0,5f5724d63d336c68,2,480,0.03500000,least-squares-post-synaptic,1.00000000,true
binn-hybrid-diagnostic-v2-50c8899f9bc536f0,5f5724d63d336c68,2,480,0.03500000,direct-terminal,1.00000000,true
binn-hybrid-diagnostic-v2-50c8899f9bc536f0,fd0e9e11baf9e87f,2,480,0.03500000,existing-post-synaptic,0.12000000,true
binn-hybrid-diagnostic-v2-50c8899f9bc536f0,fd0e9e11baf9e87f,2,480,0.03500000,least-squares-post-synaptic,1.00000000,true
binn-hybrid-diagnostic-v2-50c8899f9bc536f0,fd0e9e11baf9e87f,2,480,0.03500000,direct-terminal,1.00000000,true
binn-hybrid-diagnostic-v2-50c8899f9bc536f0,1bc6105b3a4e6492,2,480,0.03500000,existing-post-synaptic,0.12800001,true
binn-hybrid-diagnostic-v2-50c8899f9bc536f0,1bc6105b3a4e6492,2,480,0.03500000,least-squares-post-synaptic,1.00000000,true
binn-hybrid-diagnostic-v2-50c8899f9bc536f0,1bc6105b3a4e6492,2,480,0.03500000,direct-terminal,1.00000000,true
binn-hybrid-diagnostic-v2-50c8899f9bc536f0,b9f98982bb14e0a9,2,480,0.03500000,existing-post-synaptic,0.11800000,true
binn-hybrid-diagnostic-v2-50c8899f9bc536f0,b9f98982bb14e0a9,2,480,0.03500000,least-squares-post-synaptic,1.00000000,true
binn-hybrid-diagnostic-v2-50c8899f9bc536f0,b9f98982bb14e0a9,2,480,0.03500000,direct-terminal,1.00000000,true
binn-hybrid-diagnostic-v2-50c8899f9bc536f0,d6753df03e0d7c14,2,480,0.07000000,existing-post-synaptic,0.39800000,true
binn-hybrid-diagnostic-v2-50c8899f9bc536f0,d6753df03e0d7c14,2,480,0.07000000,least-squares-post-synaptic,1.00000000,true
binn-hybrid-diagnostic-v2-50c8899f9bc536f0,d6753df03e0d7c14,2,480,0.07000000,direct-terminal,1.00000000,true
binn-hybrid-diagnostic-v2-50c8899f9bc536f0,742cb73bbfd3f82b,2,480,0.07000000,existing-post-synaptic,0.28400001,true
binn-hybrid-diagnostic-v2-50c8899f9bc536f0,742cb73bbfd3f82b,2,480,0.07000000,least-squares-post-synaptic,1.00000000,true
binn-hybrid-diagnostic-v2-50c8899f9bc536f0,742cb73bbfd3f82b,2,480,0.07000000,direct-terminal,1.00000000,true
binn-hybrid-diagnostic-v2-50c8899f9bc536f0,92e429653c98743e,2,480,0.07000000,existing-post-synaptic,0.26600000,true
binn-hybrid-diagnostic-v2-50c8899f9bc536f0,92e429653c98743e,2,480,0.07000000,least-squares-post-synaptic,1.00000000,true
binn-hybrid-diagnostic-v2-50c8899f9bc536f0,92e429653c98743e,2,480,0.07000000,direct-terminal,1.00000000,true
binn-hybrid-diagnostic-v2-50c8899f9bc536f0,309fa2acbc6ef055,2,480,0.07000000,existing-post-synaptic,0.20200001,true
binn-hybrid-diagnostic-v2-50c8899f9bc536f0,309fa2acbc6ef055,2,480,0.07000000,least-squares-post-synaptic,1.00000000,true
binn-hybrid-diagnostic-v2-50c8899f9bc536f0,309fa2acbc6ef055,2,480,0.07000000,direct-terminal,1.00000000,true
binn-hybrid-diagnostic-v2-50c8899f9bc536f0,5f5724d63d336c68,2,480,0.07000000,existing-post-synaptic,0.31600001,true
binn-hybrid-diagnostic-v2-50c8899f9bc536f0,5f5724d63d336c68,2,480,0.07000000,least-squares-post-synaptic,1.00000000,true
binn-hybrid-diagnostic-v2-50c8899f9bc536f0,5f5724d63d336c68,2,480,0.07000000,direct-terminal,1.00000000,true
binn-hybrid-diagnostic-v2-50c8899f9bc536f0,fd0e9e11baf9e87f,2,480,0.07000000,existing-post-synaptic,0.24800000,true
binn-hybrid-diagnostic-v2-50c8899f9bc536f0,fd0e9e11baf9e87f,2,480,0.07000000,least-squares-post-synaptic,1.00000000,true
binn-hybrid-diagnostic-v2-50c8899f9bc536f0,fd0e9e11baf9e87f,2,480,0.07000000,direct-terminal,1.00000000,true
binn-hybrid-diagnostic-v2-50c8899f9bc536f0,1bc6105b3a4e6492,2,480,0.07000000,existing-post-synaptic,0.32200000,true
binn-hybrid-diagnostic-v2-50c8899f9bc536f0,1bc6105b3a4e6492,2,480,0.07000000,least-squares-post-synaptic,1.00000000,true
binn-hybrid-diagnostic-v2-50c8899f9bc536f0,1bc6105b3a4e6492,2,480,0.07000000,direct-terminal,1.00000000,true
binn-hybrid-diagnostic-v2-50c8899f9bc536f0,b9f98982bb14e0a9,2,480,0.07000000,existing-post-synaptic,0.46399999,true
binn-hybrid-diagnostic-v2-50c8899f9bc536f0,b9f98982bb14e0a9,2,480,0.07000000,least-squares-post-synaptic,1.00000000,true
binn-hybrid-diagnostic-v2-50c8899f9bc536f0,b9f98982bb14e0a9,2,480,0.07000000,direct-terminal,1.00000000,true
binn-hybrid-diagnostic-v2-50c8899f9bc536f0,d6753df03e0d7c14,2,1920,0.00500000,existing-post-synaptic,0.14000000,true
binn-hybrid-diagnostic-v2-50c8899f9bc536f0,d6753df03e0d7c14,2,1920,0.00500000,least-squares-post-synaptic,1.00000000,true
binn-hybrid-diagnostic-v2-50c8899f9bc536f0,d6753df03e0d7c14,2,1920,0.00500000,direct-terminal,1.00000000,true
binn-hybrid-diagnostic-v2-50c8899f9bc536f0,742cb73bbfd3f82b,2,1920,0.00500000,existing-post-synaptic,0.12600000,true
binn-hybrid-diagnostic-v2-50c8899f9bc536f0,742cb73bbfd3f82b,2,1920,0.00500000,least-squares-post-synaptic,1.00000000,true
binn-hybrid-diagnostic-v2-50c8899f9bc536f0,742cb73bbfd3f82b,2,1920,0.00500000,direct-terminal,1.00000000,true
binn-hybrid-diagnostic-v2-50c8899f9bc536f0,92e429653c98743e,2,1920,0.00500000,existing-post-synaptic,0.13000000,true
binn-hybrid-diagnostic-v2-50c8899f9bc536f0,92e429653c98743e,2,1920,0.00500000,least-squares-post-synaptic,1.00000000,true
binn-hybrid-diagnostic-v2-50c8899f9bc536f0,92e429653c98743e,2,1920,0.00500000,direct-terminal,1.00000000,true
binn-hybrid-diagnostic-v2-50c8899f9bc536f0,309fa2acbc6ef055,2,1920,0.00500000,existing-post-synaptic,0.14800000,true
binn-hybrid-diagnostic-v2-50c8899f9bc536f0,309fa2acbc6ef055,2,1920,0.00500000,least-squares-post-synaptic,1.00000000,true
binn-hybrid-diagnostic-v2-50c8899f9bc536f0,309fa2acbc6ef055,2,1920,0.00500000,direct-terminal,1.00000000,true
binn-hybrid-diagnostic-v2-50c8899f9bc536f0,5f5724d63d336c68,2,1920,0.00500000,existing-post-synaptic,0.11600000,true
binn-hybrid-diagnostic-v2-50c8899f9bc536f0,5f5724d63d336c68,2,1920,0.00500000,least-squares-post-synaptic,0.93199998,true
binn-hybrid-diagnostic-v2-50c8899f9bc536f0,5f5724d63d336c68,2,1920,0.00500000,direct-terminal,1.00000000,true
binn-hybrid-diagnostic-v2-50c8899f9bc536f0,fd0e9e11baf9e87f,2,1920,0.00500000,existing-post-synaptic,0.12000000,true
binn-hybrid-diagnostic-v2-50c8899f9bc536f0,fd0e9e11baf9e87f,2,1920,0.00500000,least-squares-post-synaptic,1.00000000,true
binn-hybrid-diagnostic-v2-50c8899f9bc536f0,fd0e9e11baf9e87f,2,1920,0.00500000,direct-terminal,1.00000000,true
binn-hybrid-diagnostic-v2-50c8899f9bc536f0,1bc6105b3a4e6492,2,1920,0.00500000,existing-post-synaptic,0.12800001,true
binn-hybrid-diagnostic-v2-50c8899f9bc536f0,1bc6105b3a4e6492,2,1920,0.00500000,least-squares-post-synaptic,1.00000000,true
binn-hybrid-diagnostic-v2-50c8899f9bc536f0,1bc6105b3a4e6492,2,1920,0.00500000,direct-terminal,1.00000000,true
binn-hybrid-diagnostic-v2-50c8899f9bc536f0,b9f98982bb14e0a9,2,1920,0.00500000,existing-post-synaptic,0.11800000,true
binn-hybrid-diagnostic-v2-50c8899f9bc536f0,b9f98982bb14e0a9,2,1920,0.00500000,least-squares-post-synaptic,1.00000000,true
binn-hybrid-diagnostic-v2-50c8899f9bc536f0,b9f98982bb14e0a9,2,1920,0.00500000,direct-terminal,1.00000000,true
binn-hybrid-diagnostic-v2-50c8899f9bc536f0,d6753df03e0d7c14,2,1920,0.01500000,existing-post-synaptic,0.20200001,true
binn-hybrid-diagnostic-v2-50c8899f9bc536f0,d6753df03e0d7c14,2,1920,0.01500000,least-squares-post-synaptic,1.00000000,true
binn-hybrid-diagnostic-v2-50c8899f9bc536f0,d6753df03e0d7c14,2,1920,0.01500000,direct-terminal,1.00000000,true
binn-hybrid-diagnostic-v2-50c8899f9bc536f0,742cb73bbfd3f82b,2,1920,0.01500000,existing-post-synaptic,0.28799999,true
binn-hybrid-diagnostic-v2-50c8899f9bc536f0,742cb73bbfd3f82b,2,1920,0.01500000,least-squares-post-synaptic,1.00000000,true
binn-hybrid-diagnostic-v2-50c8899f9bc536f0,742cb73bbfd3f82b,2,1920,0.01500000,direct-terminal,1.00000000,true
binn-hybrid-diagnostic-v2-50c8899f9bc536f0,92e429653c98743e,2,1920,0.01500000,existing-post-synaptic,0.25200000,true
binn-hybrid-diagnostic-v2-50c8899f9bc536f0,92e429653c98743e,2,1920,0.01500000,least-squares-post-synaptic,1.00000000,true
binn-hybrid-diagnostic-v2-50c8899f9bc536f0,92e429653c98743e,2,1920,0.01500000,direct-terminal,1.00000000,true
binn-hybrid-diagnostic-v2-50c8899f9bc536f0,309fa2acbc6ef055,2,1920,0.01500000,existing-post-synaptic,0.20200001,true
binn-hybrid-diagnostic-v2-50c8899f9bc536f0,309fa2acbc6ef055,2,1920,0.01500000,least-squares-post-synaptic,1.00000000,true
binn-hybrid-diagnostic-v2-50c8899f9bc536f0,309fa2acbc6ef055,2,1920,0.01500000,direct-terminal,1.00000000,true
binn-hybrid-diagnostic-v2-50c8899f9bc536f0,5f5724d63d336c68,2,1920,0.01500000,existing-post-synaptic,0.31600001,true
binn-hybrid-diagnostic-v2-50c8899f9bc536f0,5f5724d63d336c68,2,1920,0.01500000,least-squares-post-synaptic,1.00000000,true
binn-hybrid-diagnostic-v2-50c8899f9bc536f0,5f5724d63d336c68,2,1920,0.01500000,direct-terminal,1.00000000,true
binn-hybrid-diagnostic-v2-50c8899f9bc536f0,fd0e9e11baf9e87f,2,1920,0.01500000,existing-post-synaptic,0.12000000,true
binn-hybrid-diagnostic-v2-50c8899f9bc536f0,fd0e9e11baf9e87f,2,1920,0.01500000,least-squares-post-synaptic,1.00000000,true
binn-hybrid-diagnostic-v2-50c8899f9bc536f0,fd0e9e11baf9e87f,2,1920,0.01500000,direct-terminal,1.00000000,true
binn-hybrid-diagnostic-v2-50c8899f9bc536f0,1bc6105b3a4e6492,2,1920,0.01500000,existing-post-synaptic,0.26600000,true
binn-hybrid-diagnostic-v2-50c8899f9bc536f0,1bc6105b3a4e6492,2,1920,0.01500000,least-squares-post-synaptic,1.00000000,true
binn-hybrid-diagnostic-v2-50c8899f9bc536f0,1bc6105b3a4e6492,2,1920,0.01500000,direct-terminal,1.00000000,true
binn-hybrid-diagnostic-v2-50c8899f9bc536f0,b9f98982bb14e0a9,2,1920,0.01500000,existing-post-synaptic,0.41400000,true
binn-hybrid-diagnostic-v2-50c8899f9bc536f0,b9f98982bb14e0a9,2,1920,0.01500000,least-squares-post-synaptic,1.00000000,true
binn-hybrid-diagnostic-v2-50c8899f9bc536f0,b9f98982bb14e0a9,2,1920,0.01500000,direct-terminal,1.00000000,true
binn-hybrid-diagnostic-v2-50c8899f9bc536f0,d6753df03e0d7c14,2,1920,0.03500000,existing-post-synaptic,0.18600000,true
binn-hybrid-diagnostic-v2-50c8899f9bc536f0,d6753df03e0d7c14,2,1920,0.03500000,least-squares-post-synaptic,1.00000000,true
binn-hybrid-diagnostic-v2-50c8899f9bc536f0,d6753df03e0d7c14,2,1920,0.03500000,direct-terminal,1.00000000,true
binn-hybrid-diagnostic-v2-50c8899f9bc536f0,742cb73bbfd3f82b,2,1920,0.03500000,existing-post-synaptic,0.37400001,true
binn-hybrid-diagnostic-v2-50c8899f9bc536f0,742cb73bbfd3f82b,2,1920,0.03500000,least-squares-post-synaptic,1.00000000,true
binn-hybrid-diagnostic-v2-50c8899f9bc536f0,742cb73bbfd3f82b,2,1920,0.03500000,direct-terminal,1.00000000,true
binn-hybrid-diagnostic-v2-50c8899f9bc536f0,92e429653c98743e,2,1920,0.03500000,existing-post-synaptic,0.41000000,true
binn-hybrid-diagnostic-v2-50c8899f9bc536f0,92e429653c98743e,2,1920,0.03500000,least-squares-post-synaptic,1.00000000,true
binn-hybrid-diagnostic-v2-50c8899f9bc536f0,92e429653c98743e,2,1920,0.03500000,direct-terminal,1.00000000,true
binn-hybrid-diagnostic-v2-50c8899f9bc536f0,309fa2acbc6ef055,2,1920,0.03500000,existing-post-synaptic,0.22000000,true
binn-hybrid-diagnostic-v2-50c8899f9bc536f0,309fa2acbc6ef055,2,1920,0.03500000,least-squares-post-synaptic,1.00000000,true
binn-hybrid-diagnostic-v2-50c8899f9bc536f0,309fa2acbc6ef055,2,1920,0.03500000,direct-terminal,1.00000000,true
binn-hybrid-diagnostic-v2-50c8899f9bc536f0,5f5724d63d336c68,2,1920,0.03500000,existing-post-synaptic,0.16200000,true
binn-hybrid-diagnostic-v2-50c8899f9bc536f0,5f5724d63d336c68,2,1920,0.03500000,least-squares-post-synaptic,1.00000000,true
binn-hybrid-diagnostic-v2-50c8899f9bc536f0,5f5724d63d336c68,2,1920,0.03500000,direct-terminal,1.00000000,true
binn-hybrid-diagnostic-v2-50c8899f9bc536f0,fd0e9e11baf9e87f,2,1920,0.03500000,existing-post-synaptic,0.39199999,true
binn-hybrid-diagnostic-v2-50c8899f9bc536f0,fd0e9e11baf9e87f,2,1920,0.03500000,least-squares-post-synaptic,1.00000000,true
binn-hybrid-diagnostic-v2-50c8899f9bc536f0,fd0e9e11baf9e87f,2,1920,0.03500000,direct-terminal,1.00000000,true
binn-hybrid-diagnostic-v2-50c8899f9bc536f0,1bc6105b3a4e6492,2,1920,0.03500000,existing-post-synaptic,0.53600001,true
binn-hybrid-diagnostic-v2-50c8899f9bc536f0,1bc6105b3a4e6492,2,1920,0.03500000,least-squares-post-synaptic,1.00000000,true
binn-hybrid-diagnostic-v2-50c8899f9bc536f0,1bc6105b3a4e6492,2,1920,0.03500000,direct-terminal,1.00000000,true
binn-hybrid-diagnostic-v2-50c8899f9bc536f0,b9f98982bb14e0a9,2,1920,0.03500000,existing-post-synaptic,0.30599999,true
binn-hybrid-diagnostic-v2-50c8899f9bc536f0,b9f98982bb14e0a9,2,1920,0.03500000,least-squares-post-synaptic,1.00000000,true
binn-hybrid-diagnostic-v2-50c8899f9bc536f0,b9f98982bb14e0a9,2,1920,0.03500000,direct-terminal,1.00000000,true
binn-hybrid-diagnostic-v2-50c8899f9bc536f0,d6753df03e0d7c14,2,1920,0.07000000,existing-post-synaptic,0.27000001,true
binn-hybrid-diagnostic-v2-50c8899f9bc536f0,d6753df03e0d7c14,2,1920,0.07000000,least-squares-post-synaptic,1.00000000,true
binn-hybrid-diagnostic-v2-50c8899f9bc536f0,d6753df03e0d7c14,2,1920,0.07000000,direct-terminal,1.00000000,true
binn-hybrid-diagnostic-v2-50c8899f9bc536f0,742cb73bbfd3f82b,2,1920,0.07000000,existing-post-synaptic,0.81800002,true
binn-hybrid-diagnostic-v2-50c8899f9bc536f0,742cb73bbfd3f82b,2,1920,0.07000000,least-squares-post-synaptic,1.00000000,true
binn-hybrid-diagnostic-v2-50c8899f9bc536f0,742cb73bbfd3f82b,2,1920,0.07000000,direct-terminal,1.00000000,true
binn-hybrid-diagnostic-v2-50c8899f9bc536f0,92e429653c98743e,2,1920,0.07000000,existing-post-synaptic,0.25799999,true
binn-hybrid-diagnostic-v2-50c8899f9bc536f0,92e429653c98743e,2,1920,0.07000000,least-squares-post-synaptic,1.00000000,true
binn-hybrid-diagnostic-v2-50c8899f9bc536f0,92e429653c98743e,2,1920,0.07000000,direct-terminal,1.00000000,true
binn-hybrid-diagnostic-v2-50c8899f9bc536f0,309fa2acbc6ef055,2,1920,0.07000000,existing-post-synaptic,0.48800001,true
binn-hybrid-diagnostic-v2-50c8899f9bc536f0,309fa2acbc6ef055,2,1920,0.07000000,least-squares-post-synaptic,1.00000000,true
binn-hybrid-diagnostic-v2-50c8899f9bc536f0,309fa2acbc6ef055,2,1920,0.07000000,direct-terminal,1.00000000,true
binn-hybrid-diagnostic-v2-50c8899f9bc536f0,5f5724d63d336c68,2,1920,0.07000000,existing-post-synaptic,0.24600001,true
binn-hybrid-diagnostic-v2-50c8899f9bc536f0,5f5724d63d336c68,2,1920,0.07000000,least-squares-post-synaptic,1.00000000,true
binn-hybrid-diagnostic-v2-50c8899f9bc536f0,5f5724d63d336c68,2,1920,0.07000000,direct-terminal,1.00000000,true
binn-hybrid-diagnostic-v2-50c8899f9bc536f0,fd0e9e11baf9e87f,2,1920,0.07000000,existing-post-synaptic,0.44800001,true
binn-hybrid-diagnostic-v2-50c8899f9bc536f0,fd0e9e11baf9e87f,2,1920,0.07000000,least-squares-post-synaptic,1.00000000,true
binn-hybrid-diagnostic-v2-50c8899f9bc536f0,fd0e9e11baf9e87f,2,1920,0.07000000,direct-terminal,1.00000000,true
binn-hybrid-diagnostic-v2-50c8899f9bc536f0,1bc6105b3a4e6492,2,1920,0.07000000,existing-post-synaptic,0.42600000,true
binn-hybrid-diagnostic-v2-50c8899f9bc536f0,1bc6105b3a4e6492,2,1920,0.07000000,least-squares-post-synaptic,1.00000000,true
binn-hybrid-diagnostic-v2-50c8899f9bc536f0,1bc6105b3a4e6492,2,1920,0.07000000,direct-terminal,1.00000000,true
binn-hybrid-diagnostic-v2-50c8899f9bc536f0,b9f98982bb14e0a9,2,1920,0.07000000,existing-post-synaptic,0.27399999,true
binn-hybrid-diagnostic-v2-50c8899f9bc536f0,b9f98982bb14e0a9,2,1920,0.07000000,least-squares-post-synaptic,1.00000000,true
binn-hybrid-diagnostic-v2-50c8899f9bc536f0,b9f98982bb14e0a9,2,1920,0.07000000,direct-terminal,1.00000000,true
binn-hybrid-diagnostic-v2-50c8899f9bc536f0,d6753df03e0d7c14,3,120,0.00500000,existing-post-synaptic,0.38000000,true
binn-hybrid-diagnostic-v2-50c8899f9bc536f0,d6753df03e0d7c14,3,120,0.00500000,least-squares-post-synaptic,0.38000000,true
binn-hybrid-diagnostic-v2-50c8899f9bc536f0,d6753df03e0d7c14,3,120,0.00500000,direct-terminal,0.38000000,true
binn-hybrid-diagnostic-v2-50c8899f9bc536f0,742cb73bbfd3f82b,3,120,0.00500000,existing-post-synaptic,0.37400001,true
binn-hybrid-diagnostic-v2-50c8899f9bc536f0,742cb73bbfd3f82b,3,120,0.00500000,least-squares-post-synaptic,0.37400001,true
binn-hybrid-diagnostic-v2-50c8899f9bc536f0,742cb73bbfd3f82b,3,120,0.00500000,direct-terminal,0.37400001,true
binn-hybrid-diagnostic-v2-50c8899f9bc536f0,92e429653c98743e,3,120,0.00500000,existing-post-synaptic,0.36199999,true
binn-hybrid-diagnostic-v2-50c8899f9bc536f0,92e429653c98743e,3,120,0.00500000,least-squares-post-synaptic,0.36199999,true
binn-hybrid-diagnostic-v2-50c8899f9bc536f0,92e429653c98743e,3,120,0.00500000,direct-terminal,0.36199999,true
binn-hybrid-diagnostic-v2-50c8899f9bc536f0,309fa2acbc6ef055,3,120,0.00500000,existing-post-synaptic,0.35600001,true
binn-hybrid-diagnostic-v2-50c8899f9bc536f0,309fa2acbc6ef055,3,120,0.00500000,least-squares-post-synaptic,0.35600001,true
binn-hybrid-diagnostic-v2-50c8899f9bc536f0,309fa2acbc6ef055,3,120,0.00500000,direct-terminal,0.35600001,true
binn-hybrid-diagnostic-v2-50c8899f9bc536f0,5f5724d63d336c68,3,120,0.00500000,existing-post-synaptic,0.39399999,true
binn-hybrid-diagnostic-v2-50c8899f9bc536f0,5f5724d63d336c68,3,120,0.00500000,least-squares-post-synaptic,0.39399999,true
binn-hybrid-diagnostic-v2-50c8899f9bc536f0,5f5724d63d336c68,3,120,0.00500000,direct-terminal,0.39399999,true
binn-hybrid-diagnostic-v2-50c8899f9bc536f0,fd0e9e11baf9e87f,3,120,0.00500000,existing-post-synaptic,0.33800000,true
binn-hybrid-diagnostic-v2-50c8899f9bc536f0,fd0e9e11baf9e87f,3,120,0.00500000,least-squares-post-synaptic,0.33800000,true
binn-hybrid-diagnostic-v2-50c8899f9bc536f0,fd0e9e11baf9e87f,3,120,0.00500000,direct-terminal,0.33800000,true
binn-hybrid-diagnostic-v2-50c8899f9bc536f0,1bc6105b3a4e6492,3,120,0.00500000,existing-post-synaptic,0.38400000,true
binn-hybrid-diagnostic-v2-50c8899f9bc536f0,1bc6105b3a4e6492,3,120,0.00500000,least-squares-post-synaptic,0.38400000,true
binn-hybrid-diagnostic-v2-50c8899f9bc536f0,1bc6105b3a4e6492,3,120,0.00500000,direct-terminal,0.38400000,true
binn-hybrid-diagnostic-v2-50c8899f9bc536f0,b9f98982bb14e0a9,3,120,0.00500000,existing-post-synaptic,0.39399999,true
binn-hybrid-diagnostic-v2-50c8899f9bc536f0,b9f98982bb14e0a9,3,120,0.00500000,least-squares-post-synaptic,0.39399999,true
binn-hybrid-diagnostic-v2-50c8899f9bc536f0,b9f98982bb14e0a9,3,120,0.00500000,direct-terminal,0.39399999,true
binn-hybrid-diagnostic-v2-50c8899f9bc536f0,d6753df03e0d7c14,3,120,0.01500000,existing-post-synaptic,0.38000000,true
binn-hybrid-diagnostic-v2-50c8899f9bc536f0,d6753df03e0d7c14,3,120,0.01500000,least-squares-post-synaptic,0.38000000,true
binn-hybrid-diagnostic-v2-50c8899f9bc536f0,d6753df03e0d7c14,3,120,0.01500000,direct-terminal,0.39800000,true
binn-hybrid-diagnostic-v2-50c8899f9bc536f0,742cb73bbfd3f82b,3,120,0.01500000,existing-post-synaptic,0.37400001,true
binn-hybrid-diagnostic-v2-50c8899f9bc536f0,742cb73bbfd3f82b,3,120,0.01500000,least-squares-post-synaptic,0.37400001,true
binn-hybrid-diagnostic-v2-50c8899f9bc536f0,742cb73bbfd3f82b,3,120,0.01500000,direct-terminal,0.37400001,true
binn-hybrid-diagnostic-v2-50c8899f9bc536f0,92e429653c98743e,3,120,0.01500000,existing-post-synaptic,0.36199999,true
binn-hybrid-diagnostic-v2-50c8899f9bc536f0,92e429653c98743e,3,120,0.01500000,least-squares-post-synaptic,0.36199999,true
binn-hybrid-diagnostic-v2-50c8899f9bc536f0,92e429653c98743e,3,120,0.01500000,direct-terminal,0.36199999,true
binn-hybrid-diagnostic-v2-50c8899f9bc536f0,309fa2acbc6ef055,3,120,0.01500000,existing-post-synaptic,0.35600001,true
binn-hybrid-diagnostic-v2-50c8899f9bc536f0,309fa2acbc6ef055,3,120,0.01500000,least-squares-post-synaptic,0.39399999,true
binn-hybrid-diagnostic-v2-50c8899f9bc536f0,309fa2acbc6ef055,3,120,0.01500000,direct-terminal,0.35600001,true
binn-hybrid-diagnostic-v2-50c8899f9bc536f0,5f5724d63d336c68,3,120,0.01500000,existing-post-synaptic,0.39399999,true
binn-hybrid-diagnostic-v2-50c8899f9bc536f0,5f5724d63d336c68,3,120,0.01500000,least-squares-post-synaptic,0.39399999,true
binn-hybrid-diagnostic-v2-50c8899f9bc536f0,5f5724d63d336c68,3,120,0.01500000,direct-terminal,0.39399999,true
binn-hybrid-diagnostic-v2-50c8899f9bc536f0,fd0e9e11baf9e87f,3,120,0.01500000,existing-post-synaptic,0.33800000,true
binn-hybrid-diagnostic-v2-50c8899f9bc536f0,fd0e9e11baf9e87f,3,120,0.01500000,least-squares-post-synaptic,0.33800000,true
binn-hybrid-diagnostic-v2-50c8899f9bc536f0,fd0e9e11baf9e87f,3,120,0.01500000,direct-terminal,0.37000000,true
binn-hybrid-diagnostic-v2-50c8899f9bc536f0,1bc6105b3a4e6492,3,120,0.01500000,existing-post-synaptic,0.38400000,true
binn-hybrid-diagnostic-v2-50c8899f9bc536f0,1bc6105b3a4e6492,3,120,0.01500000,least-squares-post-synaptic,0.38400000,true
binn-hybrid-diagnostic-v2-50c8899f9bc536f0,1bc6105b3a4e6492,3,120,0.01500000,direct-terminal,0.38400000,true
binn-hybrid-diagnostic-v2-50c8899f9bc536f0,b9f98982bb14e0a9,3,120,0.01500000,existing-post-synaptic,0.39399999,true
binn-hybrid-diagnostic-v2-50c8899f9bc536f0,b9f98982bb14e0a9,3,120,0.01500000,least-squares-post-synaptic,0.39399999,true
binn-hybrid-diagnostic-v2-50c8899f9bc536f0,b9f98982bb14e0a9,3,120,0.01500000,direct-terminal,0.39399999,true
binn-hybrid-diagnostic-v2-50c8899f9bc536f0,d6753df03e0d7c14,3,120,0.03500000,existing-post-synaptic,0.38000000,true
binn-hybrid-diagnostic-v2-50c8899f9bc536f0,d6753df03e0d7c14,3,120,0.03500000,least-squares-post-synaptic,0.47200000,true
binn-hybrid-diagnostic-v2-50c8899f9bc536f0,d6753df03e0d7c14,3,120,0.03500000,direct-terminal,0.53799999,true
binn-hybrid-diagnostic-v2-50c8899f9bc536f0,742cb73bbfd3f82b,3,120,0.03500000,existing-post-synaptic,0.37400001,true
binn-hybrid-diagnostic-v2-50c8899f9bc536f0,742cb73bbfd3f82b,3,120,0.03500000,least-squares-post-synaptic,0.40799999,true
binn-hybrid-diagnostic-v2-50c8899f9bc536f0,742cb73bbfd3f82b,3,120,0.03500000,direct-terminal,0.44600001,true
binn-hybrid-diagnostic-v2-50c8899f9bc536f0,92e429653c98743e,3,120,0.03500000,existing-post-synaptic,0.36199999,true
binn-hybrid-diagnostic-v2-50c8899f9bc536f0,92e429653c98743e,3,120,0.03500000,least-squares-post-synaptic,0.49800000,true
binn-hybrid-diagnostic-v2-50c8899f9bc536f0,92e429653c98743e,3,120,0.03500000,direct-terminal,0.52800000,true
binn-hybrid-diagnostic-v2-50c8899f9bc536f0,309fa2acbc6ef055,3,120,0.03500000,existing-post-synaptic,0.35600001,true
binn-hybrid-diagnostic-v2-50c8899f9bc536f0,309fa2acbc6ef055,3,120,0.03500000,least-squares-post-synaptic,0.57200003,true
binn-hybrid-diagnostic-v2-50c8899f9bc536f0,309fa2acbc6ef055,3,120,0.03500000,direct-terminal,0.57200003,true
binn-hybrid-diagnostic-v2-50c8899f9bc536f0,5f5724d63d336c68,3,120,0.03500000,existing-post-synaptic,0.39399999,true
binn-hybrid-diagnostic-v2-50c8899f9bc536f0,5f5724d63d336c68,3,120,0.03500000,least-squares-post-synaptic,0.58800000,true
binn-hybrid-diagnostic-v2-50c8899f9bc536f0,5f5724d63d336c68,3,120,0.03500000,direct-terminal,0.67000002,true
binn-hybrid-diagnostic-v2-50c8899f9bc536f0,fd0e9e11baf9e87f,3,120,0.03500000,existing-post-synaptic,0.33800000,true
binn-hybrid-diagnostic-v2-50c8899f9bc536f0,fd0e9e11baf9e87f,3,120,0.03500000,least-squares-post-synaptic,0.54799998,true
binn-hybrid-diagnostic-v2-50c8899f9bc536f0,fd0e9e11baf9e87f,3,120,0.03500000,direct-terminal,0.54600000,true
binn-hybrid-diagnostic-v2-50c8899f9bc536f0,1bc6105b3a4e6492,3,120,0.03500000,existing-post-synaptic,0.38400000,true
binn-hybrid-diagnostic-v2-50c8899f9bc536f0,1bc6105b3a4e6492,3,120,0.03500000,least-squares-post-synaptic,0.56000000,true
binn-hybrid-diagnostic-v2-50c8899f9bc536f0,1bc6105b3a4e6492,3,120,0.03500000,direct-terminal,0.56000000,true
binn-hybrid-diagnostic-v2-50c8899f9bc536f0,b9f98982bb14e0a9,3,120,0.03500000,existing-post-synaptic,0.39399999,true
binn-hybrid-diagnostic-v2-50c8899f9bc536f0,b9f98982bb14e0a9,3,120,0.03500000,least-squares-post-synaptic,0.46799999,true
binn-hybrid-diagnostic-v2-50c8899f9bc536f0,b9f98982bb14e0a9,3,120,0.03500000,direct-terminal,0.46799999,true
binn-hybrid-diagnostic-v2-50c8899f9bc536f0,d6753df03e0d7c14,3,120,0.07000000,existing-post-synaptic,0.31999999,true
binn-hybrid-diagnostic-v2-50c8899f9bc536f0,d6753df03e0d7c14,3,120,0.07000000,least-squares-post-synaptic,0.59600002,true
binn-hybrid-diagnostic-v2-50c8899f9bc536f0,d6753df03e0d7c14,3,120,0.07000000,direct-terminal,0.63599998,true
binn-hybrid-diagnostic-v2-50c8899f9bc536f0,742cb73bbfd3f82b,3,120,0.07000000,existing-post-synaptic,0.27800000,true
binn-hybrid-diagnostic-v2-50c8899f9bc536f0,742cb73bbfd3f82b,3,120,0.07000000,least-squares-post-synaptic,0.62800002,true
binn-hybrid-diagnostic-v2-50c8899f9bc536f0,742cb73bbfd3f82b,3,120,0.07000000,direct-terminal,0.63800001,true
binn-hybrid-diagnostic-v2-50c8899f9bc536f0,92e429653c98743e,3,120,0.07000000,existing-post-synaptic,0.35400000,true
binn-hybrid-diagnostic-v2-50c8899f9bc536f0,92e429653c98743e,3,120,0.07000000,least-squares-post-synaptic,0.60200000,true
binn-hybrid-diagnostic-v2-50c8899f9bc536f0,92e429653c98743e,3,120,0.07000000,direct-terminal,0.62800002,true
binn-hybrid-diagnostic-v2-50c8899f9bc536f0,309fa2acbc6ef055,3,120,0.07000000,existing-post-synaptic,0.35600001,true
binn-hybrid-diagnostic-v2-50c8899f9bc536f0,309fa2acbc6ef055,3,120,0.07000000,least-squares-post-synaptic,0.65200001,true
binn-hybrid-diagnostic-v2-50c8899f9bc536f0,309fa2acbc6ef055,3,120,0.07000000,direct-terminal,0.67000002,true
binn-hybrid-diagnostic-v2-50c8899f9bc536f0,5f5724d63d336c68,3,120,0.07000000,existing-post-synaptic,0.30199999,true
binn-hybrid-diagnostic-v2-50c8899f9bc536f0,5f5724d63d336c68,3,120,0.07000000,least-squares-post-synaptic,0.68000001,true
binn-hybrid-diagnostic-v2-50c8899f9bc536f0,5f5724d63d336c68,3,120,0.07000000,direct-terminal,0.66000003,true
binn-hybrid-diagnostic-v2-50c8899f9bc536f0,fd0e9e11baf9e87f,3,120,0.07000000,existing-post-synaptic,0.33800000,true
binn-hybrid-diagnostic-v2-50c8899f9bc536f0,fd0e9e11baf9e87f,3,120,0.07000000,least-squares-post-synaptic,0.63800001,true
binn-hybrid-diagnostic-v2-50c8899f9bc536f0,fd0e9e11baf9e87f,3,120,0.07000000,direct-terminal,0.66200000,true
binn-hybrid-diagnostic-v2-50c8899f9bc536f0,1bc6105b3a4e6492,3,120,0.07000000,existing-post-synaptic,0.32400000,true
binn-hybrid-diagnostic-v2-50c8899f9bc536f0,1bc6105b3a4e6492,3,120,0.07000000,least-squares-post-synaptic,0.66600001,true
binn-hybrid-diagnostic-v2-50c8899f9bc536f0,1bc6105b3a4e6492,3,120,0.07000000,direct-terminal,0.66600001,true
binn-hybrid-diagnostic-v2-50c8899f9bc536f0,b9f98982bb14e0a9,3,120,0.07000000,existing-post-synaptic,0.37799999,true
binn-hybrid-diagnostic-v2-50c8899f9bc536f0,b9f98982bb14e0a9,3,120,0.07000000,least-squares-post-synaptic,0.69000000,true
binn-hybrid-diagnostic-v2-50c8899f9bc536f0,b9f98982bb14e0a9,3,120,0.07000000,direct-terminal,0.65399998,true
binn-hybrid-diagnostic-v2-50c8899f9bc536f0,d6753df03e0d7c14,3,480,0.00500000,existing-post-synaptic,0.38000000,true
binn-hybrid-diagnostic-v2-50c8899f9bc536f0,d6753df03e0d7c14,3,480,0.00500000,least-squares-post-synaptic,0.41600001,true
binn-hybrid-diagnostic-v2-50c8899f9bc536f0,d6753df03e0d7c14,3,480,0.00500000,direct-terminal,0.45199999,true
binn-hybrid-diagnostic-v2-50c8899f9bc536f0,742cb73bbfd3f82b,3,480,0.00500000,existing-post-synaptic,0.37400001,true
binn-hybrid-diagnostic-v2-50c8899f9bc536f0,742cb73bbfd3f82b,3,480,0.00500000,least-squares-post-synaptic,0.37400001,true
binn-hybrid-diagnostic-v2-50c8899f9bc536f0,742cb73bbfd3f82b,3,480,0.00500000,direct-terminal,0.37400001,true
binn-hybrid-diagnostic-v2-50c8899f9bc536f0,92e429653c98743e,3,480,0.00500000,existing-post-synaptic,0.36199999,true
binn-hybrid-diagnostic-v2-50c8899f9bc536f0,92e429653c98743e,3,480,0.00500000,least-squares-post-synaptic,0.43000001,true
binn-hybrid-diagnostic-v2-50c8899f9bc536f0,92e429653c98743e,3,480,0.00500000,direct-terminal,0.43000001,true
binn-hybrid-diagnostic-v2-50c8899f9bc536f0,309fa2acbc6ef055,3,480,0.00500000,existing-post-synaptic,0.35600001,true
binn-hybrid-diagnostic-v2-50c8899f9bc536f0,309fa2acbc6ef055,3,480,0.00500000,least-squares-post-synaptic,0.39399999,true
binn-hybrid-diagnostic-v2-50c8899f9bc536f0,309fa2acbc6ef055,3,480,0.00500000,direct-terminal,0.39399999,true
binn-hybrid-diagnostic-v2-50c8899f9bc536f0,5f5724d63d336c68,3,480,0.00500000,existing-post-synaptic,0.39399999,true
binn-hybrid-diagnostic-v2-50c8899f9bc536f0,5f5724d63d336c68,3,480,0.00500000,least-squares-post-synaptic,0.39399999,true
binn-hybrid-diagnostic-v2-50c8899f9bc536f0,5f5724d63d336c68,3,480,0.00500000,direct-terminal,0.39399999,true
binn-hybrid-diagnostic-v2-50c8899f9bc536f0,fd0e9e11baf9e87f,3,480,0.00500000,existing-post-synaptic,0.33800000,true
binn-hybrid-diagnostic-v2-50c8899f9bc536f0,fd0e9e11baf9e87f,3,480,0.00500000,least-squares-post-synaptic,0.33800000,true
binn-hybrid-diagnostic-v2-50c8899f9bc536f0,fd0e9e11baf9e87f,3,480,0.00500000,direct-terminal,0.37799999,true
binn-hybrid-diagnostic-v2-50c8899f9bc536f0,1bc6105b3a4e6492,3,480,0.00500000,existing-post-synaptic,0.38400000,true
binn-hybrid-diagnostic-v2-50c8899f9bc536f0,1bc6105b3a4e6492,3,480,0.00500000,least-squares-post-synaptic,0.38400000,true
binn-hybrid-diagnostic-v2-50c8899f9bc536f0,1bc6105b3a4e6492,3,480,0.00500000,direct-terminal,0.38400000,true
binn-hybrid-diagnostic-v2-50c8899f9bc536f0,b9f98982bb14e0a9,3,480,0.00500000,existing-post-synaptic,0.39399999,true
binn-hybrid-diagnostic-v2-50c8899f9bc536f0,b9f98982bb14e0a9,3,480,0.00500000,least-squares-post-synaptic,0.39399999,true
binn-hybrid-diagnostic-v2-50c8899f9bc536f0,b9f98982bb14e0a9,3,480,0.00500000,direct-terminal,0.39399999,true
binn-hybrid-diagnostic-v2-50c8899f9bc536f0,d6753df03e0d7c14,3,480,0.01500000,existing-post-synaptic,0.38000000,true
binn-hybrid-diagnostic-v2-50c8899f9bc536f0,d6753df03e0d7c14,3,480,0.01500000,least-squares-post-synaptic,0.66399997,true
binn-hybrid-diagnostic-v2-50c8899f9bc536f0,d6753df03e0d7c14,3,480,0.01500000,direct-terminal,0.66399997,true
binn-hybrid-diagnostic-v2-50c8899f9bc536f0,742cb73bbfd3f82b,3,480,0.01500000,existing-post-synaptic,0.37400001,true
binn-hybrid-diagnostic-v2-50c8899f9bc536f0,742cb73bbfd3f82b,3,480,0.01500000,least-squares-post-synaptic,0.57999998,true
binn-hybrid-diagnostic-v2-50c8899f9bc536f0,742cb73bbfd3f82b,3,480,0.01500000,direct-terminal,0.70999998,true
binn-hybrid-diagnostic-v2-50c8899f9bc536f0,92e429653c98743e,3,480,0.01500000,existing-post-synaptic,0.36199999,true
binn-hybrid-diagnostic-v2-50c8899f9bc536f0,92e429653c98743e,3,480,0.01500000,least-squares-post-synaptic,0.62800002,true
binn-hybrid-diagnostic-v2-50c8899f9bc536f0,92e429653c98743e,3,480,0.01500000,direct-terminal,0.66200000,true
binn-hybrid-diagnostic-v2-50c8899f9bc536f0,309fa2acbc6ef055,3,480,0.01500000,existing-post-synaptic,0.35600001,true
binn-hybrid-diagnostic-v2-50c8899f9bc536f0,309fa2acbc6ef055,3,480,0.01500000,least-squares-post-synaptic,0.71799999,true
binn-hybrid-diagnostic-v2-50c8899f9bc536f0,309fa2acbc6ef055,3,480,0.01500000,direct-terminal,0.71799999,true
binn-hybrid-diagnostic-v2-50c8899f9bc536f0,5f5724d63d336c68,3,480,0.01500000,existing-post-synaptic,0.39399999,true
binn-hybrid-diagnostic-v2-50c8899f9bc536f0,5f5724d63d336c68,3,480,0.01500000,least-squares-post-synaptic,0.78200001,true
binn-hybrid-diagnostic-v2-50c8899f9bc536f0,5f5724d63d336c68,3,480,0.01500000,direct-terminal,0.78200001,true
binn-hybrid-diagnostic-v2-50c8899f9bc536f0,fd0e9e11baf9e87f,3,480,0.01500000,existing-post-synaptic,0.33800000,true
binn-hybrid-diagnostic-v2-50c8899f9bc536f0,fd0e9e11baf9e87f,3,480,0.01500000,least-squares-post-synaptic,0.68400002,true
binn-hybrid-diagnostic-v2-50c8899f9bc536f0,fd0e9e11baf9e87f,3,480,0.01500000,direct-terminal,0.69599998,true
binn-hybrid-diagnostic-v2-50c8899f9bc536f0,1bc6105b3a4e6492,3,480,0.01500000,existing-post-synaptic,0.38400000,true
binn-hybrid-diagnostic-v2-50c8899f9bc536f0,1bc6105b3a4e6492,3,480,0.01500000,least-squares-post-synaptic,0.69800001,true
binn-hybrid-diagnostic-v2-50c8899f9bc536f0,1bc6105b3a4e6492,3,480,0.01500000,direct-terminal,0.62800002,true
binn-hybrid-diagnostic-v2-50c8899f9bc536f0,b9f98982bb14e0a9,3,480,0.01500000,existing-post-synaptic,0.39399999,true
binn-hybrid-diagnostic-v2-50c8899f9bc536f0,b9f98982bb14e0a9,3,480,0.01500000,least-squares-post-synaptic,0.69999999,true
binn-hybrid-diagnostic-v2-50c8899f9bc536f0,b9f98982bb14e0a9,3,480,0.01500000,direct-terminal,0.69999999,true
binn-hybrid-diagnostic-v2-50c8899f9bc536f0,d6753df03e0d7c14,3,480,0.03500000,existing-post-synaptic,0.37200001,true
binn-hybrid-diagnostic-v2-50c8899f9bc536f0,d6753df03e0d7c14,3,480,0.03500000,least-squares-post-synaptic,0.73400003,true
binn-hybrid-diagnostic-v2-50c8899f9bc536f0,d6753df03e0d7c14,3,480,0.03500000,direct-terminal,0.81400001,true
binn-hybrid-diagnostic-v2-50c8899f9bc536f0,742cb73bbfd3f82b,3,480,0.03500000,existing-post-synaptic,0.39800000,true
binn-hybrid-diagnostic-v2-50c8899f9bc536f0,742cb73bbfd3f82b,3,480,0.03500000,least-squares-post-synaptic,0.69000000,true
binn-hybrid-diagnostic-v2-50c8899f9bc536f0,742cb73bbfd3f82b,3,480,0.03500000,direct-terminal,0.76999998,true
binn-hybrid-diagnostic-v2-50c8899f9bc536f0,92e429653c98743e,3,480,0.03500000,existing-post-synaptic,0.30800000,true
binn-hybrid-diagnostic-v2-50c8899f9bc536f0,92e429653c98743e,3,480,0.03500000,least-squares-post-synaptic,0.69400001,true
binn-hybrid-diagnostic-v2-50c8899f9bc536f0,92e429653c98743e,3,480,0.03500000,direct-terminal,0.81999999,true
binn-hybrid-diagnostic-v2-50c8899f9bc536f0,309fa2acbc6ef055,3,480,0.03500000,existing-post-synaptic,0.29400000,true
binn-hybrid-diagnostic-v2-50c8899f9bc536f0,309fa2acbc6ef055,3,480,0.03500000,least-squares-post-synaptic,0.73000002,true
binn-hybrid-diagnostic-v2-50c8899f9bc536f0,309fa2acbc6ef055,3,480,0.03500000,direct-terminal,0.69800001,true
binn-hybrid-diagnostic-v2-50c8899f9bc536f0,5f5724d63d336c68,3,480,0.03500000,existing-post-synaptic,0.42600000,true
binn-hybrid-diagnostic-v2-50c8899f9bc536f0,5f5724d63d336c68,3,480,0.03500000,least-squares-post-synaptic,0.76999998,true
binn-hybrid-diagnostic-v2-50c8899f9bc536f0,5f5724d63d336c68,3,480,0.03500000,direct-terminal,0.79400003,true
binn-hybrid-diagnostic-v2-50c8899f9bc536f0,fd0e9e11baf9e87f,3,480,0.03500000,existing-post-synaptic,0.33800000,true
binn-hybrid-diagnostic-v2-50c8899f9bc536f0,fd0e9e11baf9e87f,3,480,0.03500000,least-squares-post-synaptic,0.71600002,true
binn-hybrid-diagnostic-v2-50c8899f9bc536f0,fd0e9e11baf9e87f,3,480,0.03500000,direct-terminal,0.84799999,true
binn-hybrid-diagnostic-v2-50c8899f9bc536f0,1bc6105b3a4e6492,3,480,0.03500000,existing-post-synaptic,0.36000001,true
binn-hybrid-diagnostic-v2-50c8899f9bc536f0,1bc6105b3a4e6492,3,480,0.03500000,least-squares-post-synaptic,0.64399999,true
binn-hybrid-diagnostic-v2-50c8899f9bc536f0,1bc6105b3a4e6492,3,480,0.03500000,direct-terminal,0.80000001,true
binn-hybrid-diagnostic-v2-50c8899f9bc536f0,b9f98982bb14e0a9,3,480,0.03500000,existing-post-synaptic,0.14000000,true
binn-hybrid-diagnostic-v2-50c8899f9bc536f0,b9f98982bb14e0a9,3,480,0.03500000,least-squares-post-synaptic,0.72399998,true
binn-hybrid-diagnostic-v2-50c8899f9bc536f0,b9f98982bb14e0a9,3,480,0.03500000,direct-terminal,0.74000001,true
binn-hybrid-diagnostic-v2-50c8899f9bc536f0,d6753df03e0d7c14,3,480,0.07000000,existing-post-synaptic,0.34400001,true
binn-hybrid-diagnostic-v2-50c8899f9bc536f0,d6753df03e0d7c14,3,480,0.07000000,least-squares-post-synaptic,0.78600001,true
binn-hybrid-diagnostic-v2-50c8899f9bc536f0,d6753df03e0d7c14,3,480,0.07000000,direct-terminal,0.85399997,true
binn-hybrid-diagnostic-v2-50c8899f9bc536f0,742cb73bbfd3f82b,3,480,0.07000000,existing-post-synaptic,0.37400001,true
binn-hybrid-diagnostic-v2-50c8899f9bc536f0,742cb73bbfd3f82b,3,480,0.07000000,least-squares-post-synaptic,0.75199997,true
binn-hybrid-diagnostic-v2-50c8899f9bc536f0,742cb73bbfd3f82b,3,480,0.07000000,direct-terminal,0.81199998,true
binn-hybrid-diagnostic-v2-50c8899f9bc536f0,92e429653c98743e,3,480,0.07000000,existing-post-synaptic,0.39399999,true
binn-hybrid-diagnostic-v2-50c8899f9bc536f0,92e429653c98743e,3,480,0.07000000,least-squares-post-synaptic,0.63200003,true
binn-hybrid-diagnostic-v2-50c8899f9bc536f0,92e429653c98743e,3,480,0.07000000,direct-terminal,0.89600003,true
binn-hybrid-diagnostic-v2-50c8899f9bc536f0,309fa2acbc6ef055,3,480,0.07000000,existing-post-synaptic,0.39199999,true
binn-hybrid-diagnostic-v2-50c8899f9bc536f0,309fa2acbc6ef055,3,480,0.07000000,least-squares-post-synaptic,0.69999999,true
binn-hybrid-diagnostic-v2-50c8899f9bc536f0,309fa2acbc6ef055,3,480,0.07000000,direct-terminal,0.82800001,true
binn-hybrid-diagnostic-v2-50c8899f9bc536f0,5f5724d63d336c68,3,480,0.07000000,existing-post-synaptic,0.26600000,true
binn-hybrid-diagnostic-v2-50c8899f9bc536f0,5f5724d63d336c68,3,480,0.07000000,least-squares-post-synaptic,0.68599999,true
binn-hybrid-diagnostic-v2-50c8899f9bc536f0,5f5724d63d336c68,3,480,0.07000000,direct-terminal,0.88999999,true
binn-hybrid-diagnostic-v2-50c8899f9bc536f0,fd0e9e11baf9e87f,3,480,0.07000000,existing-post-synaptic,0.22600000,true
binn-hybrid-diagnostic-v2-50c8899f9bc536f0,fd0e9e11baf9e87f,3,480,0.07000000,least-squares-post-synaptic,0.65799999,true
binn-hybrid-diagnostic-v2-50c8899f9bc536f0,fd0e9e11baf9e87f,3,480,0.07000000,direct-terminal,0.96399999,true
binn-hybrid-diagnostic-v2-50c8899f9bc536f0,1bc6105b3a4e6492,3,480,0.07000000,existing-post-synaptic,0.33000001,true
binn-hybrid-diagnostic-v2-50c8899f9bc536f0,1bc6105b3a4e6492,3,480,0.07000000,least-squares-post-synaptic,0.67000002,true
binn-hybrid-diagnostic-v2-50c8899f9bc536f0,1bc6105b3a4e6492,3,480,0.07000000,direct-terminal,0.93000001,true
binn-hybrid-diagnostic-v2-50c8899f9bc536f0,b9f98982bb14e0a9,3,480,0.07000000,existing-post-synaptic,0.26600000,true
binn-hybrid-diagnostic-v2-50c8899f9bc536f0,b9f98982bb14e0a9,3,480,0.07000000,least-squares-post-synaptic,0.60600001,true
binn-hybrid-diagnostic-v2-50c8899f9bc536f0,b9f98982bb14e0a9,3,480,0.07000000,direct-terminal,0.91000003,true
binn-hybrid-diagnostic-v2-50c8899f9bc536f0,d6753df03e0d7c14,3,1920,0.00500000,existing-post-synaptic,0.38000000,true
binn-hybrid-diagnostic-v2-50c8899f9bc536f0,d6753df03e0d7c14,3,1920,0.00500000,least-squares-post-synaptic,0.70599997,true
binn-hybrid-diagnostic-v2-50c8899f9bc536f0,d6753df03e0d7c14,3,1920,0.00500000,direct-terminal,0.70599997,true
binn-hybrid-diagnostic-v2-50c8899f9bc536f0,742cb73bbfd3f82b,3,1920,0.00500000,existing-post-synaptic,0.37400001,true
binn-hybrid-diagnostic-v2-50c8899f9bc536f0,742cb73bbfd3f82b,3,1920,0.00500000,least-squares-post-synaptic,0.67400002,true
binn-hybrid-diagnostic-v2-50c8899f9bc536f0,742cb73bbfd3f82b,3,1920,0.00500000,direct-terminal,0.70999998,true
binn-hybrid-diagnostic-v2-50c8899f9bc536f0,92e429653c98743e,3,1920,0.00500000,existing-post-synaptic,0.36199999,true
binn-hybrid-diagnostic-v2-50c8899f9bc536f0,92e429653c98743e,3,1920,0.00500000,least-squares-post-synaptic,0.69599998,true
binn-hybrid-diagnostic-v2-50c8899f9bc536f0,92e429653c98743e,3,1920,0.00500000,direct-terminal,0.69599998,true
binn-hybrid-diagnostic-v2-50c8899f9bc536f0,309fa2acbc6ef055,3,1920,0.00500000,existing-post-synaptic,0.33199999,true
binn-hybrid-diagnostic-v2-50c8899f9bc536f0,309fa2acbc6ef055,3,1920,0.00500000,least-squares-post-synaptic,0.67799997,true
binn-hybrid-diagnostic-v2-50c8899f9bc536f0,309fa2acbc6ef055,3,1920,0.00500000,direct-terminal,0.71799999,true
binn-hybrid-diagnostic-v2-50c8899f9bc536f0,5f5724d63d336c68,3,1920,0.00500000,existing-post-synaptic,0.39399999,true
binn-hybrid-diagnostic-v2-50c8899f9bc536f0,5f5724d63d336c68,3,1920,0.00500000,least-squares-post-synaptic,0.75000000,true
binn-hybrid-diagnostic-v2-50c8899f9bc536f0,5f5724d63d336c68,3,1920,0.00500000,direct-terminal,0.71799999,true
binn-hybrid-diagnostic-v2-50c8899f9bc536f0,fd0e9e11baf9e87f,3,1920,0.00500000,existing-post-synaptic,0.33800000,true
binn-hybrid-diagnostic-v2-50c8899f9bc536f0,fd0e9e11baf9e87f,3,1920,0.00500000,least-squares-post-synaptic,0.68599999,true
binn-hybrid-diagnostic-v2-50c8899f9bc536f0,fd0e9e11baf9e87f,3,1920,0.00500000,direct-terminal,0.71799999,true
binn-hybrid-diagnostic-v2-50c8899f9bc536f0,1bc6105b3a4e6492,3,1920,0.00500000,existing-post-synaptic,0.38400000,true
binn-hybrid-diagnostic-v2-50c8899f9bc536f0,1bc6105b3a4e6492,3,1920,0.00500000,least-squares-post-synaptic,0.72200000,true
binn-hybrid-diagnostic-v2-50c8899f9bc536f0,1bc6105b3a4e6492,3,1920,0.00500000,direct-terminal,0.68400002,true
binn-hybrid-diagnostic-v2-50c8899f9bc536f0,b9f98982bb14e0a9,3,1920,0.00500000,existing-post-synaptic,0.39399999,true
binn-hybrid-diagnostic-v2-50c8899f9bc536f0,b9f98982bb14e0a9,3,1920,0.00500000,least-squares-post-synaptic,0.72600001,true
binn-hybrid-diagnostic-v2-50c8899f9bc536f0,b9f98982bb14e0a9,3,1920,0.00500000,direct-terminal,0.69800001,true
binn-hybrid-diagnostic-v2-50c8899f9bc536f0,d6753df03e0d7c14,3,1920,0.01500000,existing-post-synaptic,0.38400000,true
binn-hybrid-diagnostic-v2-50c8899f9bc536f0,d6753df03e0d7c14,3,1920,0.01500000,least-squares-post-synaptic,0.75599998,true
binn-hybrid-diagnostic-v2-50c8899f9bc536f0,d6753df03e0d7c14,3,1920,0.01500000,direct-terminal,1.00000000,true
binn-hybrid-diagnostic-v2-50c8899f9bc536f0,742cb73bbfd3f82b,3,1920,0.01500000,existing-post-synaptic,0.24600001,true
binn-hybrid-diagnostic-v2-50c8899f9bc536f0,742cb73bbfd3f82b,3,1920,0.01500000,least-squares-post-synaptic,0.80599999,true
binn-hybrid-diagnostic-v2-50c8899f9bc536f0,742cb73bbfd3f82b,3,1920,0.01500000,direct-terminal,0.97600001,true
binn-hybrid-diagnostic-v2-50c8899f9bc536f0,92e429653c98743e,3,1920,0.01500000,existing-post-synaptic,0.17800000,true
binn-hybrid-diagnostic-v2-50c8899f9bc536f0,92e429653c98743e,3,1920,0.01500000,least-squares-post-synaptic,0.82200003,true
binn-hybrid-diagnostic-v2-50c8899f9bc536f0,92e429653c98743e,3,1920,0.01500000,direct-terminal,0.88200003,true
binn-hybrid-diagnostic-v2-50c8899f9bc536f0,309fa2acbc6ef055,3,1920,0.01500000,existing-post-synaptic,0.20400000,true
binn-hybrid-diagnostic-v2-50c8899f9bc536f0,309fa2acbc6ef055,3,1920,0.01500000,least-squares-post-synaptic,0.66399997,true
binn-hybrid-diagnostic-v2-50c8899f9bc536f0,309fa2acbc6ef055,3,1920,0.01500000,direct-terminal,0.89600003,true
binn-hybrid-diagnostic-v2-50c8899f9bc536f0,5f5724d63d336c68,3,1920,0.01500000,existing-post-synaptic,0.37000000,true
binn-hybrid-diagnostic-v2-50c8899f9bc536f0,5f5724d63d336c68,3,1920,0.01500000,least-squares-post-synaptic,0.66799998,true
binn-hybrid-diagnostic-v2-50c8899f9bc536f0,5f5724d63d336c68,3,1920,0.01500000,direct-terminal,0.97399998,true
binn-hybrid-diagnostic-v2-50c8899f9bc536f0,fd0e9e11baf9e87f,3,1920,0.01500000,existing-post-synaptic,0.28999999,true
binn-hybrid-diagnostic-v2-50c8899f9bc536f0,fd0e9e11baf9e87f,3,1920,0.01500000,least-squares-post-synaptic,0.75199997,true
binn-hybrid-diagnostic-v2-50c8899f9bc536f0,fd0e9e11baf9e87f,3,1920,0.01500000,direct-terminal,0.97399998,true
binn-hybrid-diagnostic-v2-50c8899f9bc536f0,1bc6105b3a4e6492,3,1920,0.01500000,existing-post-synaptic,0.32200000,true
binn-hybrid-diagnostic-v2-50c8899f9bc536f0,1bc6105b3a4e6492,3,1920,0.01500000,least-squares-post-synaptic,0.80800003,true
binn-hybrid-diagnostic-v2-50c8899f9bc536f0,1bc6105b3a4e6492,3,1920,0.01500000,direct-terminal,0.91000003,true
binn-hybrid-diagnostic-v2-50c8899f9bc536f0,b9f98982bb14e0a9,3,1920,0.01500000,existing-post-synaptic,0.32800001,true
binn-hybrid-diagnostic-v2-50c8899f9bc536f0,b9f98982bb14e0a9,3,1920,0.01500000,least-squares-post-synaptic,0.65600002,true
binn-hybrid-diagnostic-v2-50c8899f9bc536f0,b9f98982bb14e0a9,3,1920,0.01500000,direct-terminal,0.94999999,true
binn-hybrid-diagnostic-v2-50c8899f9bc536f0,d6753df03e0d7c14,3,1920,0.03500000,existing-post-synaptic,0.31999999,true
binn-hybrid-diagnostic-v2-50c8899f9bc536f0,d6753df03e0d7c14,3,1920,0.03500000,least-squares-post-synaptic,0.91200000,true
binn-hybrid-diagnostic-v2-50c8899f9bc536f0,d6753df03e0d7c14,3,1920,0.03500000,direct-terminal,1.00000000,true
binn-hybrid-diagnostic-v2-50c8899f9bc536f0,742cb73bbfd3f82b,3,1920,0.03500000,existing-post-synaptic,0.25999999,true
binn-hybrid-diagnostic-v2-50c8899f9bc536f0,742cb73bbfd3f82b,3,1920,0.03500000,least-squares-post-synaptic,0.76599997,true
binn-hybrid-diagnostic-v2-50c8899f9bc536f0,742cb73bbfd3f82b,3,1920,0.03500000,direct-terminal,1.00000000,true
binn-hybrid-diagnostic-v2-50c8899f9bc536f0,92e429653c98743e,3,1920,0.03500000,existing-post-synaptic,0.17000000,true
binn-hybrid-diagnostic-v2-50c8899f9bc536f0,92e429653c98743e,3,1920,0.03500000,least-squares-post-synaptic,0.85200000,true
binn-hybrid-diagnostic-v2-50c8899f9bc536f0,92e429653c98743e,3,1920,0.03500000,direct-terminal,1.00000000,true
binn-hybrid-diagnostic-v2-50c8899f9bc536f0,309fa2acbc6ef055,3,1920,0.03500000,existing-post-synaptic,0.19200000,true
binn-hybrid-diagnostic-v2-50c8899f9bc536f0,309fa2acbc6ef055,3,1920,0.03500000,least-squares-post-synaptic,0.81000000,true
binn-hybrid-diagnostic-v2-50c8899f9bc536f0,309fa2acbc6ef055,3,1920,0.03500000,direct-terminal,1.00000000,true
binn-hybrid-diagnostic-v2-50c8899f9bc536f0,5f5724d63d336c68,3,1920,0.03500000,existing-post-synaptic,0.23400000,true
binn-hybrid-diagnostic-v2-50c8899f9bc536f0,5f5724d63d336c68,3,1920,0.03500000,least-squares-post-synaptic,0.75599998,true
binn-hybrid-diagnostic-v2-50c8899f9bc536f0,5f5724d63d336c68,3,1920,0.03500000,direct-terminal,1.00000000,true
binn-hybrid-diagnostic-v2-50c8899f9bc536f0,fd0e9e11baf9e87f,3,1920,0.03500000,existing-post-synaptic,0.18600000,true
binn-hybrid-diagnostic-v2-50c8899f9bc536f0,fd0e9e11baf9e87f,3,1920,0.03500000,least-squares-post-synaptic,0.78600001,true
binn-hybrid-diagnostic-v2-50c8899f9bc536f0,fd0e9e11baf9e87f,3,1920,0.03500000,direct-terminal,1.00000000,true
binn-hybrid-diagnostic-v2-50c8899f9bc536f0,1bc6105b3a4e6492,3,1920,0.03500000,existing-post-synaptic,0.18200000,true
binn-hybrid-diagnostic-v2-50c8899f9bc536f0,1bc6105b3a4e6492,3,1920,0.03500000,least-squares-post-synaptic,0.88800001,true
binn-hybrid-diagnostic-v2-50c8899f9bc536f0,1bc6105b3a4e6492,3,1920,0.03500000,direct-terminal,1.00000000,true
binn-hybrid-diagnostic-v2-50c8899f9bc536f0,b9f98982bb14e0a9,3,1920,0.03500000,existing-post-synaptic,0.22600000,true
binn-hybrid-diagnostic-v2-50c8899f9bc536f0,b9f98982bb14e0a9,3,1920,0.03500000,least-squares-post-synaptic,0.75000000,true
binn-hybrid-diagnostic-v2-50c8899f9bc536f0,b9f98982bb14e0a9,3,1920,0.03500000,direct-terminal,1.00000000,true
binn-hybrid-diagnostic-v2-50c8899f9bc536f0,d6753df03e0d7c14,3,1920,0.07000000,existing-post-synaptic,0.27599999,true
binn-hybrid-diagnostic-v2-50c8899f9bc536f0,d6753df03e0d7c14,3,1920,0.07000000,least-squares-post-synaptic,0.70400000,true
binn-hybrid-diagnostic-v2-50c8899f9bc536f0,d6753df03e0d7c14,3,1920,0.07000000,direct-terminal,1.00000000,true
binn-hybrid-diagnostic-v2-50c8899f9bc536f0,742cb73bbfd3f82b,3,1920,0.07000000,existing-post-synaptic,0.42399999,true
binn-hybrid-diagnostic-v2-50c8899f9bc536f0,742cb73bbfd3f82b,3,1920,0.07000000,least-squares-post-synaptic,0.81800002,true
binn-hybrid-diagnostic-v2-50c8899f9bc536f0,742cb73bbfd3f82b,3,1920,0.07000000,direct-terminal,0.97600001,true
binn-hybrid-diagnostic-v2-50c8899f9bc536f0,92e429653c98743e,3,1920,0.07000000,existing-post-synaptic,0.27200001,true
binn-hybrid-diagnostic-v2-50c8899f9bc536f0,92e429653c98743e,3,1920,0.07000000,least-squares-post-synaptic,0.67400002,true
binn-hybrid-diagnostic-v2-50c8899f9bc536f0,92e429653c98743e,3,1920,0.07000000,direct-terminal,0.80599999,true
binn-hybrid-diagnostic-v2-50c8899f9bc536f0,309fa2acbc6ef055,3,1920,0.07000000,existing-post-synaptic,0.15400000,true
binn-hybrid-diagnostic-v2-50c8899f9bc536f0,309fa2acbc6ef055,3,1920,0.07000000,least-squares-post-synaptic,0.80800003,true
binn-hybrid-diagnostic-v2-50c8899f9bc536f0,309fa2acbc6ef055,3,1920,0.07000000,direct-terminal,1.00000000,true
binn-hybrid-diagnostic-v2-50c8899f9bc536f0,5f5724d63d336c68,3,1920,0.07000000,existing-post-synaptic,0.25200000,true
binn-hybrid-diagnostic-v2-50c8899f9bc536f0,5f5724d63d336c68,3,1920,0.07000000,least-squares-post-synaptic,0.60399997,true
binn-hybrid-diagnostic-v2-50c8899f9bc536f0,5f5724d63d336c68,3,1920,0.07000000,direct-terminal,1.00000000,true
binn-hybrid-diagnostic-v2-50c8899f9bc536f0,fd0e9e11baf9e87f,3,1920,0.07000000,existing-post-synaptic,0.20999999,true
binn-hybrid-diagnostic-v2-50c8899f9bc536f0,fd0e9e11baf9e87f,3,1920,0.07000000,least-squares-post-synaptic,0.66799998,true
binn-hybrid-diagnostic-v2-50c8899f9bc536f0,fd0e9e11baf9e87f,3,1920,0.07000000,direct-terminal,1.00000000,true
binn-hybrid-diagnostic-v2-50c8899f9bc536f0,1bc6105b3a4e6492,3,1920,0.07000000,existing-post-synaptic,0.37200001,true
binn-hybrid-diagnostic-v2-50c8899f9bc536f0,1bc6105b3a4e6492,3,1920,0.07000000,least-squares-post-synaptic,0.74000001,true
binn-hybrid-diagnostic-v2-50c8899f9bc536f0,1bc6105b3a4e6492,3,1920,0.07000000,direct-terminal,1.00000000,true
binn-hybrid-diagnostic-v2-50c8899f9bc536f0,b9f98982bb14e0a9,3,1920,0.07000000,existing-post-synaptic,0.14399999,true
binn-hybrid-diagnostic-v2-50c8899f9bc536f0,b9f98982bb14e0a9,3,1920,0.07000000,least-squares-post-synaptic,0.72600001,true
binn-hybrid-diagnostic-v2-50c8899f9bc536f0,b9f98982bb14e0a9,3,1920,0.07000000,direct-terminal,1.00000000,true
binn-hybrid-diagnostic-v2-50c8899f9bc536f0,d6753df03e0d7c14,4,120,0.00500000,existing-post-synaptic,0.29800001,true
binn-hybrid-diagnostic-v2-50c8899f9bc536f0,d6753df03e0d7c14,4,120,0.00500000,least-squares-post-synaptic,0.29800001,true
binn-hybrid-diagnostic-v2-50c8899f9bc536f0,d6753df03e0d7c14,4,120,0.00500000,direct-terminal,0.29800001,true
binn-hybrid-diagnostic-v2-50c8899f9bc536f0,742cb73bbfd3f82b,4,120,0.00500000,existing-post-synaptic,0.28200001,true
binn-hybrid-diagnostic-v2-50c8899f9bc536f0,742cb73bbfd3f82b,4,120,0.00500000,least-squares-post-synaptic,0.28200001,true
binn-hybrid-diagnostic-v2-50c8899f9bc536f0,742cb73bbfd3f82b,4,120,0.00500000,direct-terminal,0.28200001,true
binn-hybrid-diagnostic-v2-50c8899f9bc536f0,92e429653c98743e,4,120,0.00500000,existing-post-synaptic,0.28600001,true
binn-hybrid-diagnostic-v2-50c8899f9bc536f0,92e429653c98743e,4,120,0.00500000,least-squares-post-synaptic,0.28600001,true
binn-hybrid-diagnostic-v2-50c8899f9bc536f0,92e429653c98743e,4,120,0.00500000,direct-terminal,0.28600001,true
binn-hybrid-diagnostic-v2-50c8899f9bc536f0,309fa2acbc6ef055,4,120,0.00500000,existing-post-synaptic,0.31200001,true
binn-hybrid-diagnostic-v2-50c8899f9bc536f0,309fa2acbc6ef055,4,120,0.00500000,least-squares-post-synaptic,0.31200001,true
binn-hybrid-diagnostic-v2-50c8899f9bc536f0,309fa2acbc6ef055,4,120,0.00500000,direct-terminal,0.31200001,true
binn-hybrid-diagnostic-v2-50c8899f9bc536f0,5f5724d63d336c68,4,120,0.00500000,existing-post-synaptic,0.28600001,true
binn-hybrid-diagnostic-v2-50c8899f9bc536f0,5f5724d63d336c68,4,120,0.00500000,least-squares-post-synaptic,0.28600001,true
binn-hybrid-diagnostic-v2-50c8899f9bc536f0,5f5724d63d336c68,4,120,0.00500000,direct-terminal,0.28600001,true
binn-hybrid-diagnostic-v2-50c8899f9bc536f0,fd0e9e11baf9e87f,4,120,0.00500000,existing-post-synaptic,0.28000000,true
binn-hybrid-diagnostic-v2-50c8899f9bc536f0,fd0e9e11baf9e87f,4,120,0.00500000,least-squares-post-synaptic,0.28000000,true
binn-hybrid-diagnostic-v2-50c8899f9bc536f0,fd0e9e11baf9e87f,4,120,0.00500000,direct-terminal,0.28000000,true
binn-hybrid-diagnostic-v2-50c8899f9bc536f0,1bc6105b3a4e6492,4,120,0.00500000,existing-post-synaptic,0.25600001,true
binn-hybrid-diagnostic-v2-50c8899f9bc536f0,1bc6105b3a4e6492,4,120,0.00500000,least-squares-post-synaptic,0.25600001,true
binn-hybrid-diagnostic-v2-50c8899f9bc536f0,1bc6105b3a4e6492,4,120,0.00500000,direct-terminal,0.25600001,true
binn-hybrid-diagnostic-v2-50c8899f9bc536f0,b9f98982bb14e0a9,4,120,0.00500000,existing-post-synaptic,0.25999999,true
binn-hybrid-diagnostic-v2-50c8899f9bc536f0,b9f98982bb14e0a9,4,120,0.00500000,least-squares-post-synaptic,0.25999999,true
binn-hybrid-diagnostic-v2-50c8899f9bc536f0,b9f98982bb14e0a9,4,120,0.00500000,direct-terminal,0.25999999,true
binn-hybrid-diagnostic-v2-50c8899f9bc536f0,d6753df03e0d7c14,4,120,0.01500000,existing-post-synaptic,0.29800001,true
binn-hybrid-diagnostic-v2-50c8899f9bc536f0,d6753df03e0d7c14,4,120,0.01500000,least-squares-post-synaptic,0.37799999,true
binn-hybrid-diagnostic-v2-50c8899f9bc536f0,d6753df03e0d7c14,4,120,0.01500000,direct-terminal,0.35800001,true
binn-hybrid-diagnostic-v2-50c8899f9bc536f0,742cb73bbfd3f82b,4,120,0.01500000,existing-post-synaptic,0.28200001,true
binn-hybrid-diagnostic-v2-50c8899f9bc536f0,742cb73bbfd3f82b,4,120,0.01500000,least-squares-post-synaptic,0.37799999,true
binn-hybrid-diagnostic-v2-50c8899f9bc536f0,742cb73bbfd3f82b,4,120,0.01500000,direct-terminal,0.38200000,true
binn-hybrid-diagnostic-v2-50c8899f9bc536f0,92e429653c98743e,4,120,0.01500000,existing-post-synaptic,0.28600001,true
binn-hybrid-diagnostic-v2-50c8899f9bc536f0,92e429653c98743e,4,120,0.01500000,least-squares-post-synaptic,0.25000000,true
binn-hybrid-diagnostic-v2-50c8899f9bc536f0,92e429653c98743e,4,120,0.01500000,direct-terminal,0.28799999,true
binn-hybrid-diagnostic-v2-50c8899f9bc536f0,309fa2acbc6ef055,4,120,0.01500000,existing-post-synaptic,0.31200001,true
binn-hybrid-diagnostic-v2-50c8899f9bc536f0,309fa2acbc6ef055,4,120,0.01500000,least-squares-post-synaptic,0.32800001,true
binn-hybrid-diagnostic-v2-50c8899f9bc536f0,309fa2acbc6ef055,4,120,0.01500000,direct-terminal,0.35200000,true
binn-hybrid-diagnostic-v2-50c8899f9bc536f0,5f5724d63d336c68,4,120,0.01500000,existing-post-synaptic,0.28600001,true
binn-hybrid-diagnostic-v2-50c8899f9bc536f0,5f5724d63d336c68,4,120,0.01500000,least-squares-post-synaptic,0.28600001,true
binn-hybrid-diagnostic-v2-50c8899f9bc536f0,5f5724d63d336c68,4,120,0.01500000,direct-terminal,0.36000001,true
binn-hybrid-diagnostic-v2-50c8899f9bc536f0,fd0e9e11baf9e87f,4,120,0.01500000,existing-post-synaptic,0.28000000,true
binn-hybrid-diagnostic-v2-50c8899f9bc536f0,fd0e9e11baf9e87f,4,120,0.01500000,least-squares-post-synaptic,0.33000001,true
binn-hybrid-diagnostic-v2-50c8899f9bc536f0,fd0e9e11baf9e87f,4,120,0.01500000,direct-terminal,0.30399999,true
binn-hybrid-diagnostic-v2-50c8899f9bc536f0,1bc6105b3a4e6492,4,120,0.01500000,existing-post-synaptic,0.25600001,true
binn-hybrid-diagnostic-v2-50c8899f9bc536f0,1bc6105b3a4e6492,4,120,0.01500000,least-squares-post-synaptic,0.25600001,true
binn-hybrid-diagnostic-v2-50c8899f9bc536f0,1bc6105b3a4e6492,4,120,0.01500000,direct-terminal,0.24800000,true
binn-hybrid-diagnostic-v2-50c8899f9bc536f0,b9f98982bb14e0a9,4,120,0.01500000,existing-post-synaptic,0.25999999,true
binn-hybrid-diagnostic-v2-50c8899f9bc536f0,b9f98982bb14e0a9,4,120,0.01500000,least-squares-post-synaptic,0.24400000,true
binn-hybrid-diagnostic-v2-50c8899f9bc536f0,b9f98982bb14e0a9,4,120,0.01500000,direct-terminal,0.23600000,true
binn-hybrid-diagnostic-v2-50c8899f9bc536f0,d6753df03e0d7c14,4,120,0.03500000,existing-post-synaptic,0.27599999,true
binn-hybrid-diagnostic-v2-50c8899f9bc536f0,d6753df03e0d7c14,4,120,0.03500000,least-squares-post-synaptic,0.36000001,true
binn-hybrid-diagnostic-v2-50c8899f9bc536f0,d6753df03e0d7c14,4,120,0.03500000,direct-terminal,0.37200001,true
binn-hybrid-diagnostic-v2-50c8899f9bc536f0,742cb73bbfd3f82b,4,120,0.03500000,existing-post-synaptic,0.28200001,true
binn-hybrid-diagnostic-v2-50c8899f9bc536f0,742cb73bbfd3f82b,4,120,0.03500000,least-squares-post-synaptic,0.38400000,true
binn-hybrid-diagnostic-v2-50c8899f9bc536f0,742cb73bbfd3f82b,4,120,0.03500000,direct-terminal,0.43599999,true
binn-hybrid-diagnostic-v2-50c8899f9bc536f0,92e429653c98743e,4,120,0.03500000,existing-post-synaptic,0.28600001,true
binn-hybrid-diagnostic-v2-50c8899f9bc536f0,92e429653c98743e,4,120,0.03500000,least-squares-post-synaptic,0.32200000,true
binn-hybrid-diagnostic-v2-50c8899f9bc536f0,92e429653c98743e,4,120,0.03500000,direct-terminal,0.36600000,true
binn-hybrid-diagnostic-v2-50c8899f9bc536f0,309fa2acbc6ef055,4,120,0.03500000,existing-post-synaptic,0.31200001,true
binn-hybrid-diagnostic-v2-50c8899f9bc536f0,309fa2acbc6ef055,4,120,0.03500000,least-squares-post-synaptic,0.36600000,true
binn-hybrid-diagnostic-v2-50c8899f9bc536f0,309fa2acbc6ef055,4,120,0.03500000,direct-terminal,0.36399999,true
binn-hybrid-diagnostic-v2-50c8899f9bc536f0,5f5724d63d336c68,4,120,0.03500000,existing-post-synaptic,0.28600001,true
binn-hybrid-diagnostic-v2-50c8899f9bc536f0,5f5724d63d336c68,4,120,0.03500000,least-squares-post-synaptic,0.31400001,true
binn-hybrid-diagnostic-v2-50c8899f9bc536f0,5f5724d63d336c68,4,120,0.03500000,direct-terminal,0.29200000,true
binn-hybrid-diagnostic-v2-50c8899f9bc536f0,fd0e9e11baf9e87f,4,120,0.03500000,existing-post-synaptic,0.32600001,true
binn-hybrid-diagnostic-v2-50c8899f9bc536f0,fd0e9e11baf9e87f,4,120,0.03500000,least-squares-post-synaptic,0.38600001,true
binn-hybrid-diagnostic-v2-50c8899f9bc536f0,fd0e9e11baf9e87f,4,120,0.03500000,direct-terminal,0.38400000,true
binn-hybrid-diagnostic-v2-50c8899f9bc536f0,1bc6105b3a4e6492,4,120,0.03500000,existing-post-synaptic,0.25600001,true
binn-hybrid-diagnostic-v2-50c8899f9bc536f0,1bc6105b3a4e6492,4,120,0.03500000,least-squares-post-synaptic,0.28200001,true
binn-hybrid-diagnostic-v2-50c8899f9bc536f0,1bc6105b3a4e6492,4,120,0.03500000,direct-terminal,0.34999999,true
binn-hybrid-diagnostic-v2-50c8899f9bc536f0,b9f98982bb14e0a9,4,120,0.03500000,existing-post-synaptic,0.25999999,true
binn-hybrid-diagnostic-v2-50c8899f9bc536f0,b9f98982bb14e0a9,4,120,0.03500000,least-squares-post-synaptic,0.31200001,true
binn-hybrid-diagnostic-v2-50c8899f9bc536f0,b9f98982bb14e0a9,4,120,0.03500000,direct-terminal,0.34200001,true
binn-hybrid-diagnostic-v2-50c8899f9bc536f0,d6753df03e0d7c14,4,120,0.07000000,existing-post-synaptic,0.38800001,true
binn-hybrid-diagnostic-v2-50c8899f9bc536f0,d6753df03e0d7c14,4,120,0.07000000,least-squares-post-synaptic,0.34799999,true
binn-hybrid-diagnostic-v2-50c8899f9bc536f0,d6753df03e0d7c14,4,120,0.07000000,direct-terminal,0.35400000,true
binn-hybrid-diagnostic-v2-50c8899f9bc536f0,742cb73bbfd3f82b,4,120,0.07000000,existing-post-synaptic,0.33199999,true
binn-hybrid-diagnostic-v2-50c8899f9bc536f0,742cb73bbfd3f82b,4,120,0.07000000,least-squares-post-synaptic,0.44800001,true
binn-hybrid-diagnostic-v2-50c8899f9bc536f0,742cb73bbfd3f82b,4,120,0.07000000,direct-terminal,0.48400000,true
binn-hybrid-diagnostic-v2-50c8899f9bc536f0,92e429653c98743e,4,120,0.07000000,existing-post-synaptic,0.23600000,true
binn-hybrid-diagnostic-v2-50c8899f9bc536f0,92e429653c98743e,4,120,0.07000000,least-squares-post-synaptic,0.28999999,true
binn-hybrid-diagnostic-v2-50c8899f9bc536f0,92e429653c98743e,4,120,0.07000000,direct-terminal,0.33800000,true
binn-hybrid-diagnostic-v2-50c8899f9bc536f0,309fa2acbc6ef055,4,120,0.07000000,existing-post-synaptic,0.28600001,true
binn-hybrid-diagnostic-v2-50c8899f9bc536f0,309fa2acbc6ef055,4,120,0.07000000,least-squares-post-synaptic,0.38400000,true
binn-hybrid-diagnostic-v2-50c8899f9bc536f0,309fa2acbc6ef055,4,120,0.07000000,direct-terminal,0.47200000,true
binn-hybrid-diagnostic-v2-50c8899f9bc536f0,5f5724d63d336c68,4,120,0.07000000,existing-post-synaptic,0.29200000,true
binn-hybrid-diagnostic-v2-50c8899f9bc536f0,5f5724d63d336c68,4,120,0.07000000,least-squares-post-synaptic,0.34400001,true
binn-hybrid-diagnostic-v2-50c8899f9bc536f0,5f5724d63d336c68,4,120,0.07000000,direct-terminal,0.30599999,true
binn-hybrid-diagnostic-v2-50c8899f9bc536f0,fd0e9e11baf9e87f,4,120,0.07000000,existing-post-synaptic,0.25799999,true
binn-hybrid-diagnostic-v2-50c8899f9bc536f0,fd0e9e11baf9e87f,4,120,0.07000000,least-squares-post-synaptic,0.40200001,true
binn-hybrid-diagnostic-v2-50c8899f9bc536f0,fd0e9e11baf9e87f,4,120,0.07000000,direct-terminal,0.38400000,true
binn-hybrid-diagnostic-v2-50c8899f9bc536f0,1bc6105b3a4e6492,4,120,0.07000000,existing-post-synaptic,0.25600001,true
binn-hybrid-diagnostic-v2-50c8899f9bc536f0,1bc6105b3a4e6492,4,120,0.07000000,least-squares-post-synaptic,0.33600000,true
binn-hybrid-diagnostic-v2-50c8899f9bc536f0,1bc6105b3a4e6492,4,120,0.07000000,direct-terminal,0.40200001,true
binn-hybrid-diagnostic-v2-50c8899f9bc536f0,b9f98982bb14e0a9,4,120,0.07000000,existing-post-synaptic,0.25400001,true
binn-hybrid-diagnostic-v2-50c8899f9bc536f0,b9f98982bb14e0a9,4,120,0.07000000,least-squares-post-synaptic,0.36600000,true
binn-hybrid-diagnostic-v2-50c8899f9bc536f0,b9f98982bb14e0a9,4,120,0.07000000,direct-terminal,0.43599999,true
binn-hybrid-diagnostic-v2-50c8899f9bc536f0,d6753df03e0d7c14,4,480,0.00500000,existing-post-synaptic,0.29800001,true
binn-hybrid-diagnostic-v2-50c8899f9bc536f0,d6753df03e0d7c14,4,480,0.00500000,least-squares-post-synaptic,0.36199999,true
binn-hybrid-diagnostic-v2-50c8899f9bc536f0,d6753df03e0d7c14,4,480,0.00500000,direct-terminal,0.33800000,true
binn-hybrid-diagnostic-v2-50c8899f9bc536f0,742cb73bbfd3f82b,4,480,0.00500000,existing-post-synaptic,0.28200001,true
binn-hybrid-diagnostic-v2-50c8899f9bc536f0,742cb73bbfd3f82b,4,480,0.00500000,least-squares-post-synaptic,0.36600000,true
binn-hybrid-diagnostic-v2-50c8899f9bc536f0,742cb73bbfd3f82b,4,480,0.00500000,direct-terminal,0.34000000,true
binn-hybrid-diagnostic-v2-50c8899f9bc536f0,92e429653c98743e,4,480,0.00500000,existing-post-synaptic,0.28600001,true
binn-hybrid-diagnostic-v2-50c8899f9bc536f0,92e429653c98743e,4,480,0.00500000,least-squares-post-synaptic,0.28600001,true
binn-hybrid-diagnostic-v2-50c8899f9bc536f0,92e429653c98743e,4,480,0.00500000,direct-terminal,0.28600001,true
binn-hybrid-diagnostic-v2-50c8899f9bc536f0,309fa2acbc6ef055,4,480,0.00500000,existing-post-synaptic,0.31200001,true
binn-hybrid-diagnostic-v2-50c8899f9bc536f0,309fa2acbc6ef055,4,480,0.00500000,least-squares-post-synaptic,0.34999999,true
binn-hybrid-diagnostic-v2-50c8899f9bc536f0,309fa2acbc6ef055,4,480,0.00500000,direct-terminal,0.34999999,true
binn-hybrid-diagnostic-v2-50c8899f9bc536f0,5f5724d63d336c68,4,480,0.00500000,existing-post-synaptic,0.28600001,true
binn-hybrid-diagnostic-v2-50c8899f9bc536f0,5f5724d63d336c68,4,480,0.00500000,least-squares-post-synaptic,0.31600001,true
binn-hybrid-diagnostic-v2-50c8899f9bc536f0,5f5724d63d336c68,4,480,0.00500000,direct-terminal,0.34000000,true
binn-hybrid-diagnostic-v2-50c8899f9bc536f0,fd0e9e11baf9e87f,4,480,0.00500000,existing-post-synaptic,0.28000000,true
binn-hybrid-diagnostic-v2-50c8899f9bc536f0,fd0e9e11baf9e87f,4,480,0.00500000,least-squares-post-synaptic,0.28000000,true
binn-hybrid-diagnostic-v2-50c8899f9bc536f0,fd0e9e11baf9e87f,4,480,0.00500000,direct-terminal,0.32400000,true
binn-hybrid-diagnostic-v2-50c8899f9bc536f0,1bc6105b3a4e6492,4,480,0.00500000,existing-post-synaptic,0.25600001,true
binn-hybrid-diagnostic-v2-50c8899f9bc536f0,1bc6105b3a4e6492,4,480,0.00500000,least-squares-post-synaptic,0.28600001,true
binn-hybrid-diagnostic-v2-50c8899f9bc536f0,1bc6105b3a4e6492,4,480,0.00500000,direct-terminal,0.27800000,true
binn-hybrid-diagnostic-v2-50c8899f9bc536f0,b9f98982bb14e0a9,4,480,0.00500000,existing-post-synaptic,0.25999999,true
binn-hybrid-diagnostic-v2-50c8899f9bc536f0,b9f98982bb14e0a9,4,480,0.00500000,least-squares-post-synaptic,0.24800000,true
binn-hybrid-diagnostic-v2-50c8899f9bc536f0,b9f98982bb14e0a9,4,480,0.00500000,direct-terminal,0.20999999,true
binn-hybrid-diagnostic-v2-50c8899f9bc536f0,d6753df03e0d7c14,4,480,0.01500000,existing-post-synaptic,0.33600000,true
binn-hybrid-diagnostic-v2-50c8899f9bc536f0,d6753df03e0d7c14,4,480,0.01500000,least-squares-post-synaptic,0.36000001,true
binn-hybrid-diagnostic-v2-50c8899f9bc536f0,d6753df03e0d7c14,4,480,0.01500000,direct-terminal,0.41200000,true
binn-hybrid-diagnostic-v2-50c8899f9bc536f0,742cb73bbfd3f82b,4,480,0.01500000,existing-post-synaptic,0.27800000,true
binn-hybrid-diagnostic-v2-50c8899f9bc536f0,742cb73bbfd3f82b,4,480,0.01500000,least-squares-post-synaptic,0.43200001,true
binn-hybrid-diagnostic-v2-50c8899f9bc536f0,742cb73bbfd3f82b,4,480,0.01500000,direct-terminal,0.52200001,true
binn-hybrid-diagnostic-v2-50c8899f9bc536f0,92e429653c98743e,4,480,0.01500000,existing-post-synaptic,0.28600001,true
binn-hybrid-diagnostic-v2-50c8899f9bc536f0,92e429653c98743e,4,480,0.01500000,least-squares-post-synaptic,0.31200001,true
binn-hybrid-diagnostic-v2-50c8899f9bc536f0,92e429653c98743e,4,480,0.01500000,direct-terminal,0.36800000,true
binn-hybrid-diagnostic-v2-50c8899f9bc536f0,309fa2acbc6ef055,4,480,0.01500000,existing-post-synaptic,0.28400001,true
binn-hybrid-diagnostic-v2-50c8899f9bc536f0,309fa2acbc6ef055,4,480,0.01500000,least-squares-post-synaptic,0.36800000,true
binn-hybrid-diagnostic-v2-50c8899f9bc536f0,309fa2acbc6ef055,4,480,0.01500000,direct-terminal,0.36000001,true
binn-hybrid-diagnostic-v2-50c8899f9bc536f0,5f5724d63d336c68,4,480,0.01500000,existing-post-synaptic,0.28600001,true
binn-hybrid-diagnostic-v2-50c8899f9bc536f0,5f5724d63d336c68,4,480,0.01500000,least-squares-post-synaptic,0.33199999,true
binn-hybrid-diagnostic-v2-50c8899f9bc536f0,5f5724d63d336c68,4,480,0.01500000,direct-terminal,0.40799999,true
binn-hybrid-diagnostic-v2-50c8899f9bc536f0,fd0e9e11baf9e87f,4,480,0.01500000,existing-post-synaptic,0.28000000,true
binn-hybrid-diagnostic-v2-50c8899f9bc536f0,fd0e9e11baf9e87f,4,480,0.01500000,least-squares-post-synaptic,0.34400001,true
binn-hybrid-diagnostic-v2-50c8899f9bc536f0,fd0e9e11baf9e87f,4,480,0.01500000,direct-terminal,0.35200000,true
binn-hybrid-diagnostic-v2-50c8899f9bc536f0,1bc6105b3a4e6492,4,480,0.01500000,existing-post-synaptic,0.25600001,true
binn-hybrid-diagnostic-v2-50c8899f9bc536f0,1bc6105b3a4e6492,4,480,0.01500000,least-squares-post-synaptic,0.41400000,true
binn-hybrid-diagnostic-v2-50c8899f9bc536f0,1bc6105b3a4e6492,4,480,0.01500000,direct-terminal,0.41999999,true
binn-hybrid-diagnostic-v2-50c8899f9bc536f0,b9f98982bb14e0a9,4,480,0.01500000,existing-post-synaptic,0.25999999,true
binn-hybrid-diagnostic-v2-50c8899f9bc536f0,b9f98982bb14e0a9,4,480,0.01500000,least-squares-post-synaptic,0.38000000,true
binn-hybrid-diagnostic-v2-50c8899f9bc536f0,b9f98982bb14e0a9,4,480,0.01500000,direct-terminal,0.37599999,true
binn-hybrid-diagnostic-v2-50c8899f9bc536f0,d6753df03e0d7c14,4,480,0.03500000,existing-post-synaptic,0.35800001,true
binn-hybrid-diagnostic-v2-50c8899f9bc536f0,d6753df03e0d7c14,4,480,0.03500000,least-squares-post-synaptic,0.34799999,true
binn-hybrid-diagnostic-v2-50c8899f9bc536f0,d6753df03e0d7c14,4,480,0.03500000,direct-terminal,0.51800001,true
binn-hybrid-diagnostic-v2-50c8899f9bc536f0,742cb73bbfd3f82b,4,480,0.03500000,existing-post-synaptic,0.39600000,true
binn-hybrid-diagnostic-v2-50c8899f9bc536f0,742cb73bbfd3f82b,4,480,0.03500000,least-squares-post-synaptic,0.52200001,true
binn-hybrid-diagnostic-v2-50c8899f9bc536f0,742cb73bbfd3f82b,4,480,0.03500000,direct-terminal,0.60600001,true
binn-hybrid-diagnostic-v2-50c8899f9bc536f0,92e429653c98743e,4,480,0.03500000,existing-post-synaptic,0.27399999,true
binn-hybrid-diagnostic-v2-50c8899f9bc536f0,92e429653c98743e,4,480,0.03500000,least-squares-post-synaptic,0.35600001,true
binn-hybrid-diagnostic-v2-50c8899f9bc536f0,92e429653c98743e,4,480,0.03500000,direct-terminal,0.46399999,true
binn-hybrid-diagnostic-v2-50c8899f9bc536f0,309fa2acbc6ef055,4,480,0.03500000,existing-post-synaptic,0.34400001,true
binn-hybrid-diagnostic-v2-50c8899f9bc536f0,309fa2acbc6ef055,4,480,0.03500000,least-squares-post-synaptic,0.54600000,true
binn-hybrid-diagnostic-v2-50c8899f9bc536f0,309fa2acbc6ef055,4,480,0.03500000,direct-terminal,0.60200000,true
binn-hybrid-diagnostic-v2-50c8899f9bc536f0,5f5724d63d336c68,4,480,0.03500000,existing-post-synaptic,0.29600000,true
binn-hybrid-diagnostic-v2-50c8899f9bc536f0,5f5724d63d336c68,4,480,0.03500000,least-squares-post-synaptic,0.41800001,true
binn-hybrid-diagnostic-v2-50c8899f9bc536f0,5f5724d63d336c68,4,480,0.03500000,direct-terminal,0.50400001,true
binn-hybrid-diagnostic-v2-50c8899f9bc536f0,fd0e9e11baf9e87f,4,480,0.03500000,existing-post-synaptic,0.31400001,true
binn-hybrid-diagnostic-v2-50c8899f9bc536f0,fd0e9e11baf9e87f,4,480,0.03500000,least-squares-post-synaptic,0.34799999,true
binn-hybrid-diagnostic-v2-50c8899f9bc536f0,fd0e9e11baf9e87f,4,480,0.03500000,direct-terminal,0.41600001,true
binn-hybrid-diagnostic-v2-50c8899f9bc536f0,1bc6105b3a4e6492,4,480,0.03500000,existing-post-synaptic,0.25600001,true
binn-hybrid-diagnostic-v2-50c8899f9bc536f0,1bc6105b3a4e6492,4,480,0.03500000,least-squares-post-synaptic,0.38600001,true
binn-hybrid-diagnostic-v2-50c8899f9bc536f0,1bc6105b3a4e6492,4,480,0.03500000,direct-terminal,0.55800003,true
binn-hybrid-diagnostic-v2-50c8899f9bc536f0,b9f98982bb14e0a9,4,480,0.03500000,existing-post-synaptic,0.25999999,true
binn-hybrid-diagnostic-v2-50c8899f9bc536f0,b9f98982bb14e0a9,4,480,0.03500000,least-squares-post-synaptic,0.41000000,true
binn-hybrid-diagnostic-v2-50c8899f9bc536f0,b9f98982bb14e0a9,4,480,0.03500000,direct-terminal,0.52399999,true
binn-hybrid-diagnostic-v2-50c8899f9bc536f0,d6753df03e0d7c14,4,480,0.07000000,existing-post-synaptic,0.24200000,true
binn-hybrid-diagnostic-v2-50c8899f9bc536f0,d6753df03e0d7c14,4,480,0.07000000,least-squares-post-synaptic,0.44000000,true
binn-hybrid-diagnostic-v2-50c8899f9bc536f0,d6753df03e0d7c14,4,480,0.07000000,direct-terminal,0.60600001,true
binn-hybrid-diagnostic-v2-50c8899f9bc536f0,742cb73bbfd3f82b,4,480,0.07000000,existing-post-synaptic,0.36399999,true
binn-hybrid-diagnostic-v2-50c8899f9bc536f0,742cb73bbfd3f82b,4,480,0.07000000,least-squares-post-synaptic,0.43799999,true
binn-hybrid-diagnostic-v2-50c8899f9bc536f0,742cb73bbfd3f82b,4,480,0.07000000,direct-terminal,0.60799998,true
binn-hybrid-diagnostic-v2-50c8899f9bc536f0,92e429653c98743e,4,480,0.07000000,existing-post-synaptic,0.46399999,true
binn-hybrid-diagnostic-v2-50c8899f9bc536f0,92e429653c98743e,4,480,0.07000000,least-squares-post-synaptic,0.45800000,true
binn-hybrid-diagnostic-v2-50c8899f9bc536f0,92e429653c98743e,4,480,0.07000000,direct-terminal,0.62800002,true
binn-hybrid-diagnostic-v2-50c8899f9bc536f0,309fa2acbc6ef055,4,480,0.07000000,existing-post-synaptic,0.39399999,true
binn-hybrid-diagnostic-v2-50c8899f9bc536f0,309fa2acbc6ef055,4,480,0.07000000,least-squares-post-synaptic,0.48199999,true
binn-hybrid-diagnostic-v2-50c8899f9bc536f0,309fa2acbc6ef055,4,480,0.07000000,direct-terminal,0.75400001,true
binn-hybrid-diagnostic-v2-50c8899f9bc536f0,5f5724d63d336c68,4,480,0.07000000,existing-post-synaptic,0.31999999,true
binn-hybrid-diagnostic-v2-50c8899f9bc536f0,5f5724d63d336c68,4,480,0.07000000,least-squares-post-synaptic,0.42600000,true
binn-hybrid-diagnostic-v2-50c8899f9bc536f0,5f5724d63d336c68,4,480,0.07000000,direct-terminal,0.67400002,true
binn-hybrid-diagnostic-v2-50c8899f9bc536f0,fd0e9e11baf9e87f,4,480,0.07000000,existing-post-synaptic,0.22800000,true
binn-hybrid-diagnostic-v2-50c8899f9bc536f0,fd0e9e11baf9e87f,4,480,0.07000000,least-squares-post-synaptic,0.43000001,true
binn-hybrid-diagnostic-v2-50c8899f9bc536f0,fd0e9e11baf9e87f,4,480,0.07000000,direct-terminal,0.52600002,true
binn-hybrid-diagnostic-v2-50c8899f9bc536f0,1bc6105b3a4e6492,4,480,0.07000000,existing-post-synaptic,0.22600000,true
binn-hybrid-diagnostic-v2-50c8899f9bc536f0,1bc6105b3a4e6492,4,480,0.07000000,least-squares-post-synaptic,0.40200001,true
binn-hybrid-diagnostic-v2-50c8899f9bc536f0,1bc6105b3a4e6492,4,480,0.07000000,direct-terminal,0.50800002,true
binn-hybrid-diagnostic-v2-50c8899f9bc536f0,b9f98982bb14e0a9,4,480,0.07000000,existing-post-synaptic,0.31600001,true
binn-hybrid-diagnostic-v2-50c8899f9bc536f0,b9f98982bb14e0a9,4,480,0.07000000,least-squares-post-synaptic,0.42199999,true
binn-hybrid-diagnostic-v2-50c8899f9bc536f0,b9f98982bb14e0a9,4,480,0.07000000,direct-terminal,0.76400000,true
binn-hybrid-diagnostic-v2-50c8899f9bc536f0,d6753df03e0d7c14,4,1920,0.00500000,existing-post-synaptic,0.31600001,true
binn-hybrid-diagnostic-v2-50c8899f9bc536f0,d6753df03e0d7c14,4,1920,0.00500000,least-squares-post-synaptic,0.36600000,true
binn-hybrid-diagnostic-v2-50c8899f9bc536f0,d6753df03e0d7c14,4,1920,0.00500000,direct-terminal,0.38999999,true
binn-hybrid-diagnostic-v2-50c8899f9bc536f0,742cb73bbfd3f82b,4,1920,0.00500000,existing-post-synaptic,0.30199999,true
binn-hybrid-diagnostic-v2-50c8899f9bc536f0,742cb73bbfd3f82b,4,1920,0.00500000,least-squares-post-synaptic,0.43200001,true
binn-hybrid-diagnostic-v2-50c8899f9bc536f0,742cb73bbfd3f82b,4,1920,0.00500000,direct-terminal,0.49399999,true
binn-hybrid-diagnostic-v2-50c8899f9bc536f0,92e429653c98743e,4,1920,0.00500000,existing-post-synaptic,0.28600001,true
binn-hybrid-diagnostic-v2-50c8899f9bc536f0,92e429653c98743e,4,1920,0.00500000,least-squares-post-synaptic,0.34200001,true
binn-hybrid-diagnostic-v2-50c8899f9bc536f0,92e429653c98743e,4,1920,0.00500000,direct-terminal,0.40000001,true
binn-hybrid-diagnostic-v2-50c8899f9bc536f0,309fa2acbc6ef055,4,1920,0.00500000,existing-post-synaptic,0.31200001,true
binn-hybrid-diagnostic-v2-50c8899f9bc536f0,309fa2acbc6ef055,4,1920,0.00500000,least-squares-post-synaptic,0.44000000,true
binn-hybrid-diagnostic-v2-50c8899f9bc536f0,309fa2acbc6ef055,4,1920,0.00500000,direct-terminal,0.55000001,true
binn-hybrid-diagnostic-v2-50c8899f9bc536f0,5f5724d63d336c68,4,1920,0.00500000,existing-post-synaptic,0.28600001,true
binn-hybrid-diagnostic-v2-50c8899f9bc536f0,5f5724d63d336c68,4,1920,0.00500000,least-squares-post-synaptic,0.41000000,true
binn-hybrid-diagnostic-v2-50c8899f9bc536f0,5f5724d63d336c68,4,1920,0.00500000,direct-terminal,0.40200001,true
binn-hybrid-diagnostic-v2-50c8899f9bc536f0,fd0e9e11baf9e87f,4,1920,0.00500000,existing-post-synaptic,0.28000000,true
binn-hybrid-diagnostic-v2-50c8899f9bc536f0,fd0e9e11baf9e87f,4,1920,0.00500000,least-squares-post-synaptic,0.30000001,true
binn-hybrid-diagnostic-v2-50c8899f9bc536f0,fd0e9e11baf9e87f,4,1920,0.00500000,direct-terminal,0.40599999,true
binn-hybrid-diagnostic-v2-50c8899f9bc536f0,1bc6105b3a4e6492,4,1920,0.00500000,existing-post-synaptic,0.25600001,true
binn-hybrid-diagnostic-v2-50c8899f9bc536f0,1bc6105b3a4e6492,4,1920,0.00500000,least-squares-post-synaptic,0.33000001,true
binn-hybrid-diagnostic-v2-50c8899f9bc536f0,1bc6105b3a4e6492,4,1920,0.00500000,direct-terminal,0.41000000,true
binn-hybrid-diagnostic-v2-50c8899f9bc536f0,b9f98982bb14e0a9,4,1920,0.00500000,existing-post-synaptic,0.25999999,true
binn-hybrid-diagnostic-v2-50c8899f9bc536f0,b9f98982bb14e0a9,4,1920,0.00500000,least-squares-post-synaptic,0.33000001,true
binn-hybrid-diagnostic-v2-50c8899f9bc536f0,b9f98982bb14e0a9,4,1920,0.00500000,direct-terminal,0.37799999,true
binn-hybrid-diagnostic-v2-50c8899f9bc536f0,d6753df03e0d7c14,4,1920,0.01500000,existing-post-synaptic,0.34599999,true
binn-hybrid-diagnostic-v2-50c8899f9bc536f0,d6753df03e0d7c14,4,1920,0.01500000,least-squares-post-synaptic,0.49800000,true
binn-hybrid-diagnostic-v2-50c8899f9bc536f0,d6753df03e0d7c14,4,1920,0.01500000,direct-terminal,0.59799999,true
binn-hybrid-diagnostic-v2-50c8899f9bc536f0,742cb73bbfd3f82b,4,1920,0.01500000,existing-post-synaptic,0.39600000,true
binn-hybrid-diagnostic-v2-50c8899f9bc536f0,742cb73bbfd3f82b,4,1920,0.01500000,least-squares-post-synaptic,0.59600002,true
binn-hybrid-diagnostic-v2-50c8899f9bc536f0,742cb73bbfd3f82b,4,1920,0.01500000,direct-terminal,0.66200000,true
binn-hybrid-diagnostic-v2-50c8899f9bc536f0,92e429653c98743e,4,1920,0.01500000,existing-post-synaptic,0.39199999,true
binn-hybrid-diagnostic-v2-50c8899f9bc536f0,92e429653c98743e,4,1920,0.01500000,least-squares-post-synaptic,0.42199999,true
binn-hybrid-diagnostic-v2-50c8899f9bc536f0,92e429653c98743e,4,1920,0.01500000,direct-terminal,0.60000002,true
binn-hybrid-diagnostic-v2-50c8899f9bc536f0,309fa2acbc6ef055,4,1920,0.01500000,existing-post-synaptic,0.41200000,true
binn-hybrid-diagnostic-v2-50c8899f9bc536f0,309fa2acbc6ef055,4,1920,0.01500000,least-squares-post-synaptic,0.55199999,true
binn-hybrid-diagnostic-v2-50c8899f9bc536f0,309fa2acbc6ef055,4,1920,0.01500000,direct-terminal,0.60799998,true
binn-hybrid-diagnostic-v2-50c8899f9bc536f0,5f5724d63d336c68,4,1920,0.01500000,existing-post-synaptic,0.29200000,true
binn-hybrid-diagnostic-v2-50c8899f9bc536f0,5f5724d63d336c68,4,1920,0.01500000,least-squares-post-synaptic,0.44800001,true
binn-hybrid-diagnostic-v2-50c8899f9bc536f0,5f5724d63d336c68,4,1920,0.01500000,direct-terminal,0.64600003,true
binn-hybrid-diagnostic-v2-50c8899f9bc536f0,fd0e9e11baf9e87f,4,1920,0.01500000,existing-post-synaptic,0.36199999,true
binn-hybrid-diagnostic-v2-50c8899f9bc536f0,fd0e9e11baf9e87f,4,1920,0.01500000,least-squares-post-synaptic,0.44400001,true
binn-hybrid-diagnostic-v2-50c8899f9bc536f0,fd0e9e11baf9e87f,4,1920,0.01500000,direct-terminal,0.58399999,true
binn-hybrid-diagnostic-v2-50c8899f9bc536f0,1bc6105b3a4e6492,4,1920,0.01500000,existing-post-synaptic,0.21799999,true
binn-hybrid-diagnostic-v2-50c8899f9bc536f0,1bc6105b3a4e6492,4,1920,0.01500000,least-squares-post-synaptic,0.43200001,true
binn-hybrid-diagnostic-v2-50c8899f9bc536f0,1bc6105b3a4e6492,4,1920,0.01500000,direct-terminal,0.55400002,true
binn-hybrid-diagnostic-v2-50c8899f9bc536f0,b9f98982bb14e0a9,4,1920,0.01500000,existing-post-synaptic,0.23999999,true
binn-hybrid-diagnostic-v2-50c8899f9bc536f0,b9f98982bb14e0a9,4,1920,0.01500000,least-squares-post-synaptic,0.53600001,true
binn-hybrid-diagnostic-v2-50c8899f9bc536f0,b9f98982bb14e0a9,4,1920,0.01500000,direct-terminal,0.57200003,true
binn-hybrid-diagnostic-v2-50c8899f9bc536f0,d6753df03e0d7c14,4,1920,0.03500000,existing-post-synaptic,0.30800000,true
binn-hybrid-diagnostic-v2-50c8899f9bc536f0,d6753df03e0d7c14,4,1920,0.03500000,least-squares-post-synaptic,0.49200001,true
binn-hybrid-diagnostic-v2-50c8899f9bc536f0,d6753df03e0d7c14,4,1920,0.03500000,direct-terminal,0.75000000,true
binn-hybrid-diagnostic-v2-50c8899f9bc536f0,742cb73bbfd3f82b,4,1920,0.03500000,existing-post-synaptic,0.23999999,true
binn-hybrid-diagnostic-v2-50c8899f9bc536f0,742cb73bbfd3f82b,4,1920,0.03500000,least-squares-post-synaptic,0.56000000,true
binn-hybrid-diagnostic-v2-50c8899f9bc536f0,742cb73bbfd3f82b,4,1920,0.03500000,direct-terminal,0.79200000,true
binn-hybrid-diagnostic-v2-50c8899f9bc536f0,92e429653c98743e,4,1920,0.03500000,existing-post-synaptic,0.24600001,true
binn-hybrid-diagnostic-v2-50c8899f9bc536f0,92e429653c98743e,4,1920,0.03500000,least-squares-post-synaptic,0.38999999,true
binn-hybrid-diagnostic-v2-50c8899f9bc536f0,92e429653c98743e,4,1920,0.03500000,direct-terminal,0.64399999,true
binn-hybrid-diagnostic-v2-50c8899f9bc536f0,309fa2acbc6ef055,4,1920,0.03500000,existing-post-synaptic,0.30599999,true
binn-hybrid-diagnostic-v2-50c8899f9bc536f0,309fa2acbc6ef055,4,1920,0.03500000,least-squares-post-synaptic,0.67799997,true
binn-hybrid-diagnostic-v2-50c8899f9bc536f0,309fa2acbc6ef055,4,1920,0.03500000,direct-terminal,0.75800002,true
binn-hybrid-diagnostic-v2-50c8899f9bc536f0,5f5724d63d336c68,4,1920,0.03500000,existing-post-synaptic,0.36600000,true
binn-hybrid-diagnostic-v2-50c8899f9bc536f0,5f5724d63d336c68,4,1920,0.03500000,least-squares-post-synaptic,0.57599998,true
binn-hybrid-diagnostic-v2-50c8899f9bc536f0,5f5724d63d336c68,4,1920,0.03500000,direct-terminal,0.77200001,true
binn-hybrid-diagnostic-v2-50c8899f9bc536f0,fd0e9e11baf9e87f,4,1920,0.03500000,existing-post-synaptic,0.31600001,true
binn-hybrid-diagnostic-v2-50c8899f9bc536f0,fd0e9e11baf9e87f,4,1920,0.03500000,least-squares-post-synaptic,0.53799999,true
binn-hybrid-diagnostic-v2-50c8899f9bc536f0,fd0e9e11baf9e87f,4,1920,0.03500000,direct-terminal,0.78600001,true
binn-hybrid-diagnostic-v2-50c8899f9bc536f0,1bc6105b3a4e6492,4,1920,0.03500000,existing-post-synaptic,0.25799999,true
binn-hybrid-diagnostic-v2-50c8899f9bc536f0,1bc6105b3a4e6492,4,1920,0.03500000,least-squares-post-synaptic,0.61199999,true
binn-hybrid-diagnostic-v2-50c8899f9bc536f0,1bc6105b3a4e6492,4,1920,0.03500000,direct-terminal,0.58800000,true
binn-hybrid-diagnostic-v2-50c8899f9bc536f0,b9f98982bb14e0a9,4,1920,0.03500000,existing-post-synaptic,0.26600000,true
binn-hybrid-diagnostic-v2-50c8899f9bc536f0,b9f98982bb14e0a9,4,1920,0.03500000,least-squares-post-synaptic,0.70200002,true
binn-hybrid-diagnostic-v2-50c8899f9bc536f0,b9f98982bb14e0a9,4,1920,0.03500000,direct-terminal,0.85799998,true
binn-hybrid-diagnostic-v2-50c8899f9bc536f0,d6753df03e0d7c14,4,1920,0.07000000,existing-post-synaptic,0.34400001,true
binn-hybrid-diagnostic-v2-50c8899f9bc536f0,d6753df03e0d7c14,4,1920,0.07000000,least-squares-post-synaptic,0.42199999,true
binn-hybrid-diagnostic-v2-50c8899f9bc536f0,d6753df03e0d7c14,4,1920,0.07000000,direct-terminal,0.69800001,true
binn-hybrid-diagnostic-v2-50c8899f9bc536f0,742cb73bbfd3f82b,4,1920,0.07000000,existing-post-synaptic,0.30599999,true
binn-hybrid-diagnostic-v2-50c8899f9bc536f0,742cb73bbfd3f82b,4,1920,0.07000000,least-squares-post-synaptic,0.60399997,true
binn-hybrid-diagnostic-v2-50c8899f9bc536f0,742cb73bbfd3f82b,4,1920,0.07000000,direct-terminal,0.64200002,true
binn-hybrid-diagnostic-v2-50c8899f9bc536f0,92e429653c98743e,4,1920,0.07000000,existing-post-synaptic,0.22000000,true
binn-hybrid-diagnostic-v2-50c8899f9bc536f0,92e429653c98743e,4,1920,0.07000000,least-squares-post-synaptic,0.48400000,true
binn-hybrid-diagnostic-v2-50c8899f9bc536f0,92e429653c98743e,4,1920,0.07000000,direct-terminal,1.00000000,true
binn-hybrid-diagnostic-v2-50c8899f9bc536f0,309fa2acbc6ef055,4,1920,0.07000000,existing-post-synaptic,0.23199999,true
binn-hybrid-diagnostic-v2-50c8899f9bc536f0,309fa2acbc6ef055,4,1920,0.07000000,least-squares-post-synaptic,0.49399999,true
binn-hybrid-diagnostic-v2-50c8899f9bc536f0,309fa2acbc6ef055,4,1920,0.07000000,direct-terminal,0.63599998,true
binn-hybrid-diagnostic-v2-50c8899f9bc536f0,5f5724d63d336c68,4,1920,0.07000000,existing-post-synaptic,0.29200000,true
binn-hybrid-diagnostic-v2-50c8899f9bc536f0,5f5724d63d336c68,4,1920,0.07000000,least-squares-post-synaptic,0.64800000,true
binn-hybrid-diagnostic-v2-50c8899f9bc536f0,5f5724d63d336c68,4,1920,0.07000000,direct-terminal,0.74800003,true
binn-hybrid-diagnostic-v2-50c8899f9bc536f0,fd0e9e11baf9e87f,4,1920,0.07000000,existing-post-synaptic,0.27800000,true
binn-hybrid-diagnostic-v2-50c8899f9bc536f0,fd0e9e11baf9e87f,4,1920,0.07000000,least-squares-post-synaptic,0.62400001,true
binn-hybrid-diagnostic-v2-50c8899f9bc536f0,fd0e9e11baf9e87f,4,1920,0.07000000,direct-terminal,0.69000000,true
binn-hybrid-diagnostic-v2-50c8899f9bc536f0,1bc6105b3a4e6492,4,1920,0.07000000,existing-post-synaptic,0.27800000,true
binn-hybrid-diagnostic-v2-50c8899f9bc536f0,1bc6105b3a4e6492,4,1920,0.07000000,least-squares-post-synaptic,0.52800000,true
binn-hybrid-diagnostic-v2-50c8899f9bc536f0,1bc6105b3a4e6492,4,1920,0.07000000,direct-terminal,0.62000000,true
binn-hybrid-diagnostic-v2-50c8899f9bc536f0,b9f98982bb14e0a9,4,1920,0.07000000,existing-post-synaptic,0.33199999,true
binn-hybrid-diagnostic-v2-50c8899f9bc536f0,b9f98982bb14e0a9,4,1920,0.07000000,least-squares-post-synaptic,0.50199997,true
binn-hybrid-diagnostic-v2-50c8899f9bc536f0,b9f98982bb14e0a9,4,1920,0.07000000,direct-terminal,0.68199998,true
binn-hybrid-diagnostic-v2-50c8899f9bc536f0,d6753df03e0d7c14,5,120,0.00500000,existing-post-synaptic,0.14399999,true
binn-hybrid-diagnostic-v2-50c8899f9bc536f0,d6753df03e0d7c14,5,120,0.00500000,least-squares-post-synaptic,0.14399999,true
binn-hybrid-diagnostic-v2-50c8899f9bc536f0,d6753df03e0d7c14,5,120,0.00500000,direct-terminal,0.14399999,true
binn-hybrid-diagnostic-v2-50c8899f9bc536f0,742cb73bbfd3f82b,5,120,0.00500000,existing-post-synaptic,0.15600000,true
binn-hybrid-diagnostic-v2-50c8899f9bc536f0,742cb73bbfd3f82b,5,120,0.00500000,least-squares-post-synaptic,0.15600000,true
binn-hybrid-diagnostic-v2-50c8899f9bc536f0,742cb73bbfd3f82b,5,120,0.00500000,direct-terminal,0.15600000,true
binn-hybrid-diagnostic-v2-50c8899f9bc536f0,92e429653c98743e,5,120,0.00500000,existing-post-synaptic,0.14600000,true
binn-hybrid-diagnostic-v2-50c8899f9bc536f0,92e429653c98743e,5,120,0.00500000,least-squares-post-synaptic,0.14600000,true
binn-hybrid-diagnostic-v2-50c8899f9bc536f0,92e429653c98743e,5,120,0.00500000,direct-terminal,0.14600000,true
binn-hybrid-diagnostic-v2-50c8899f9bc536f0,309fa2acbc6ef055,5,120,0.00500000,existing-post-synaptic,0.14800000,true
binn-hybrid-diagnostic-v2-50c8899f9bc536f0,309fa2acbc6ef055,5,120,0.00500000,least-squares-post-synaptic,0.14800000,true
binn-hybrid-diagnostic-v2-50c8899f9bc536f0,309fa2acbc6ef055,5,120,0.00500000,direct-terminal,0.14800000,true
binn-hybrid-diagnostic-v2-50c8899f9bc536f0,5f5724d63d336c68,5,120,0.00500000,existing-post-synaptic,0.19599999,true
binn-hybrid-diagnostic-v2-50c8899f9bc536f0,5f5724d63d336c68,5,120,0.00500000,least-squares-post-synaptic,0.19599999,true
binn-hybrid-diagnostic-v2-50c8899f9bc536f0,5f5724d63d336c68,5,120,0.00500000,direct-terminal,0.19599999,true
binn-hybrid-diagnostic-v2-50c8899f9bc536f0,fd0e9e11baf9e87f,5,120,0.00500000,existing-post-synaptic,0.11800000,true
binn-hybrid-diagnostic-v2-50c8899f9bc536f0,fd0e9e11baf9e87f,5,120,0.00500000,least-squares-post-synaptic,0.11800000,true
binn-hybrid-diagnostic-v2-50c8899f9bc536f0,fd0e9e11baf9e87f,5,120,0.00500000,direct-terminal,0.11800000,true
binn-hybrid-diagnostic-v2-50c8899f9bc536f0,1bc6105b3a4e6492,5,120,0.00500000,existing-post-synaptic,0.12600000,true
binn-hybrid-diagnostic-v2-50c8899f9bc536f0,1bc6105b3a4e6492,5,120,0.00500000,least-squares-post-synaptic,0.12600000,true
binn-hybrid-diagnostic-v2-50c8899f9bc536f0,1bc6105b3a4e6492,5,120,0.00500000,direct-terminal,0.12600000,true
binn-hybrid-diagnostic-v2-50c8899f9bc536f0,b9f98982bb14e0a9,5,120,0.00500000,existing-post-synaptic,0.14000000,true
binn-hybrid-diagnostic-v2-50c8899f9bc536f0,b9f98982bb14e0a9,5,120,0.00500000,least-squares-post-synaptic,0.14000000,true
binn-hybrid-diagnostic-v2-50c8899f9bc536f0,b9f98982bb14e0a9,5,120,0.00500000,direct-terminal,0.14000000,true
binn-hybrid-diagnostic-v2-50c8899f9bc536f0,d6753df03e0d7c14,5,120,0.01500000,existing-post-synaptic,0.14399999,true
binn-hybrid-diagnostic-v2-50c8899f9bc536f0,d6753df03e0d7c14,5,120,0.01500000,least-squares-post-synaptic,0.14399999,true
binn-hybrid-diagnostic-v2-50c8899f9bc536f0,d6753df03e0d7c14,5,120,0.01500000,direct-terminal,0.16200000,true
binn-hybrid-diagnostic-v2-50c8899f9bc536f0,742cb73bbfd3f82b,5,120,0.01500000,existing-post-synaptic,0.15600000,true
binn-hybrid-diagnostic-v2-50c8899f9bc536f0,742cb73bbfd3f82b,5,120,0.01500000,least-squares-post-synaptic,0.17399999,true
binn-hybrid-diagnostic-v2-50c8899f9bc536f0,742cb73bbfd3f82b,5,120,0.01500000,direct-terminal,0.17600000,true
binn-hybrid-diagnostic-v2-50c8899f9bc536f0,92e429653c98743e,5,120,0.01500000,existing-post-synaptic,0.14600000,true
binn-hybrid-diagnostic-v2-50c8899f9bc536f0,92e429653c98743e,5,120,0.01500000,least-squares-post-synaptic,0.16599999,true
binn-hybrid-diagnostic-v2-50c8899f9bc536f0,92e429653c98743e,5,120,0.01500000,direct-terminal,0.18799999,true
binn-hybrid-diagnostic-v2-50c8899f9bc536f0,309fa2acbc6ef055,5,120,0.01500000,existing-post-synaptic,0.14800000,true
binn-hybrid-diagnostic-v2-50c8899f9bc536f0,309fa2acbc6ef055,5,120,0.01500000,least-squares-post-synaptic,0.14800000,true
binn-hybrid-diagnostic-v2-50c8899f9bc536f0,309fa2acbc6ef055,5,120,0.01500000,direct-terminal,0.14800000,true
binn-hybrid-diagnostic-v2-50c8899f9bc536f0,5f5724d63d336c68,5,120,0.01500000,existing-post-synaptic,0.19599999,true
binn-hybrid-diagnostic-v2-50c8899f9bc536f0,5f5724d63d336c68,5,120,0.01500000,least-squares-post-synaptic,0.20800000,true
binn-hybrid-diagnostic-v2-50c8899f9bc536f0,5f5724d63d336c68,5,120,0.01500000,direct-terminal,0.22000000,true
binn-hybrid-diagnostic-v2-50c8899f9bc536f0,fd0e9e11baf9e87f,5,120,0.01500000,existing-post-synaptic,0.11800000,true
binn-hybrid-diagnostic-v2-50c8899f9bc536f0,fd0e9e11baf9e87f,5,120,0.01500000,least-squares-post-synaptic,0.13000000,true
binn-hybrid-diagnostic-v2-50c8899f9bc536f0,fd0e9e11baf9e87f,5,120,0.01500000,direct-terminal,0.17200001,true
binn-hybrid-diagnostic-v2-50c8899f9bc536f0,1bc6105b3a4e6492,5,120,0.01500000,existing-post-synaptic,0.12600000,true
binn-hybrid-diagnostic-v2-50c8899f9bc536f0,1bc6105b3a4e6492,5,120,0.01500000,least-squares-post-synaptic,0.18799999,true
binn-hybrid-diagnostic-v2-50c8899f9bc536f0,1bc6105b3a4e6492,5,120,0.01500000,direct-terminal,0.18799999,true
binn-hybrid-diagnostic-v2-50c8899f9bc536f0,b9f98982bb14e0a9,5,120,0.01500000,existing-post-synaptic,0.14000000,true
binn-hybrid-diagnostic-v2-50c8899f9bc536f0,b9f98982bb14e0a9,5,120,0.01500000,least-squares-post-synaptic,0.22200000,true
binn-hybrid-diagnostic-v2-50c8899f9bc536f0,b9f98982bb14e0a9,5,120,0.01500000,direct-terminal,0.23600000,true
binn-hybrid-diagnostic-v2-50c8899f9bc536f0,d6753df03e0d7c14,5,120,0.03500000,existing-post-synaptic,0.14399999,true
binn-hybrid-diagnostic-v2-50c8899f9bc536f0,d6753df03e0d7c14,5,120,0.03500000,least-squares-post-synaptic,0.23800001,true
binn-hybrid-diagnostic-v2-50c8899f9bc536f0,d6753df03e0d7c14,5,120,0.03500000,direct-terminal,0.22200000,true
binn-hybrid-diagnostic-v2-50c8899f9bc536f0,742cb73bbfd3f82b,5,120,0.03500000,existing-post-synaptic,0.15600000,true
binn-hybrid-diagnostic-v2-50c8899f9bc536f0,742cb73bbfd3f82b,5,120,0.03500000,least-squares-post-synaptic,0.22000000,true
binn-hybrid-diagnostic-v2-50c8899f9bc536f0,742cb73bbfd3f82b,5,120,0.03500000,direct-terminal,0.24600001,true
binn-hybrid-diagnostic-v2-50c8899f9bc536f0,92e429653c98743e,5,120,0.03500000,existing-post-synaptic,0.14600000,true
binn-hybrid-diagnostic-v2-50c8899f9bc536f0,92e429653c98743e,5,120,0.03500000,least-squares-post-synaptic,0.23199999,true
binn-hybrid-diagnostic-v2-50c8899f9bc536f0,92e429653c98743e,5,120,0.03500000,direct-terminal,0.22800000,true
binn-hybrid-diagnostic-v2-50c8899f9bc536f0,309fa2acbc6ef055,5,120,0.03500000,existing-post-synaptic,0.14800000,true
binn-hybrid-diagnostic-v2-50c8899f9bc536f0,309fa2acbc6ef055,5,120,0.03500000,least-squares-post-synaptic,0.18200000,true
binn-hybrid-diagnostic-v2-50c8899f9bc536f0,309fa2acbc6ef055,5,120,0.03500000,direct-terminal,0.18799999,true
binn-hybrid-diagnostic-v2-50c8899f9bc536f0,5f5724d63d336c68,5,120,0.03500000,existing-post-synaptic,0.19599999,true
binn-hybrid-diagnostic-v2-50c8899f9bc536f0,5f5724d63d336c68,5,120,0.03500000,least-squares-post-synaptic,0.28000000,true
binn-hybrid-diagnostic-v2-50c8899f9bc536f0,5f5724d63d336c68,5,120,0.03500000,direct-terminal,0.28799999,true
binn-hybrid-diagnostic-v2-50c8899f9bc536f0,fd0e9e11baf9e87f,5,120,0.03500000,existing-post-synaptic,0.11800000,true
binn-hybrid-diagnostic-v2-50c8899f9bc536f0,fd0e9e11baf9e87f,5,120,0.03500000,least-squares-post-synaptic,0.23600000,true
binn-hybrid-diagnostic-v2-50c8899f9bc536f0,fd0e9e11baf9e87f,5,120,0.03500000,direct-terminal,0.26600000,true
binn-hybrid-diagnostic-v2-50c8899f9bc536f0,1bc6105b3a4e6492,5,120,0.03500000,existing-post-synaptic,0.12600000,true
binn-hybrid-diagnostic-v2-50c8899f9bc536f0,1bc6105b3a4e6492,5,120,0.03500000,least-squares-post-synaptic,0.22600000,true
binn-hybrid-diagnostic-v2-50c8899f9bc536f0,1bc6105b3a4e6492,5,120,0.03500000,direct-terminal,0.26800001,true
binn-hybrid-diagnostic-v2-50c8899f9bc536f0,b9f98982bb14e0a9,5,120,0.03500000,existing-post-synaptic,0.14000000,true
binn-hybrid-diagnostic-v2-50c8899f9bc536f0,b9f98982bb14e0a9,5,120,0.03500000,least-squares-post-synaptic,0.24200000,true
binn-hybrid-diagnostic-v2-50c8899f9bc536f0,b9f98982bb14e0a9,5,120,0.03500000,direct-terminal,0.22800000,true
binn-hybrid-diagnostic-v2-50c8899f9bc536f0,d6753df03e0d7c14,5,120,0.07000000,existing-post-synaptic,0.15600000,true
binn-hybrid-diagnostic-v2-50c8899f9bc536f0,d6753df03e0d7c14,5,120,0.07000000,least-squares-post-synaptic,0.22000000,true
binn-hybrid-diagnostic-v2-50c8899f9bc536f0,d6753df03e0d7c14,5,120,0.07000000,direct-terminal,0.33000001,true
binn-hybrid-diagnostic-v2-50c8899f9bc536f0,742cb73bbfd3f82b,5,120,0.07000000,existing-post-synaptic,0.15600000,true
binn-hybrid-diagnostic-v2-50c8899f9bc536f0,742cb73bbfd3f82b,5,120,0.07000000,least-squares-post-synaptic,0.30399999,true
binn-hybrid-diagnostic-v2-50c8899f9bc536f0,742cb73bbfd3f82b,5,120,0.07000000,direct-terminal,0.24200000,true
binn-hybrid-diagnostic-v2-50c8899f9bc536f0,92e429653c98743e,5,120,0.07000000,existing-post-synaptic,0.14600000,true
binn-hybrid-diagnostic-v2-50c8899f9bc536f0,92e429653c98743e,5,120,0.07000000,least-squares-post-synaptic,0.23199999,true
binn-hybrid-diagnostic-v2-50c8899f9bc536f0,92e429653c98743e,5,120,0.07000000,direct-terminal,0.21400000,true
binn-hybrid-diagnostic-v2-50c8899f9bc536f0,309fa2acbc6ef055,5,120,0.07000000,existing-post-synaptic,0.14800000,true
binn-hybrid-diagnostic-v2-50c8899f9bc536f0,309fa2acbc6ef055,5,120,0.07000000,least-squares-post-synaptic,0.26800001,true
binn-hybrid-diagnostic-v2-50c8899f9bc536f0,309fa2acbc6ef055,5,120,0.07000000,direct-terminal,0.20400000,true
binn-hybrid-diagnostic-v2-50c8899f9bc536f0,5f5724d63d336c68,5,120,0.07000000,existing-post-synaptic,0.20800000,true
binn-hybrid-diagnostic-v2-50c8899f9bc536f0,5f5724d63d336c68,5,120,0.07000000,least-squares-post-synaptic,0.29600000,true
binn-hybrid-diagnostic-v2-50c8899f9bc536f0,5f5724d63d336c68,5,120,0.07000000,direct-terminal,0.32400000,true
binn-hybrid-diagnostic-v2-50c8899f9bc536f0,fd0e9e11baf9e87f,5,120,0.07000000,existing-post-synaptic,0.11800000,true
binn-hybrid-diagnostic-v2-50c8899f9bc536f0,fd0e9e11baf9e87f,5,120,0.07000000,least-squares-post-synaptic,0.21600001,true
binn-hybrid-diagnostic-v2-50c8899f9bc536f0,fd0e9e11baf9e87f,5,120,0.07000000,direct-terminal,0.27800000,true
binn-hybrid-diagnostic-v2-50c8899f9bc536f0,1bc6105b3a4e6492,5,120,0.07000000,existing-post-synaptic,0.12600000,true
binn-hybrid-diagnostic-v2-50c8899f9bc536f0,1bc6105b3a4e6492,5,120,0.07000000,least-squares-post-synaptic,0.27000001,true
binn-hybrid-diagnostic-v2-50c8899f9bc536f0,1bc6105b3a4e6492,5,120,0.07000000,direct-terminal,0.28000000,true
binn-hybrid-diagnostic-v2-50c8899f9bc536f0,b9f98982bb14e0a9,5,120,0.07000000,existing-post-synaptic,0.14000000,true
binn-hybrid-diagnostic-v2-50c8899f9bc536f0,b9f98982bb14e0a9,5,120,0.07000000,least-squares-post-synaptic,0.30399999,true
binn-hybrid-diagnostic-v2-50c8899f9bc536f0,b9f98982bb14e0a9,5,120,0.07000000,direct-terminal,0.31400001,true
binn-hybrid-diagnostic-v2-50c8899f9bc536f0,d6753df03e0d7c14,5,480,0.00500000,existing-post-synaptic,0.14399999,true
binn-hybrid-diagnostic-v2-50c8899f9bc536f0,d6753df03e0d7c14,5,480,0.00500000,least-squares-post-synaptic,0.14399999,true
binn-hybrid-diagnostic-v2-50c8899f9bc536f0,d6753df03e0d7c14,5,480,0.00500000,direct-terminal,0.15400000,true
binn-hybrid-diagnostic-v2-50c8899f9bc536f0,742cb73bbfd3f82b,5,480,0.00500000,existing-post-synaptic,0.15600000,true
binn-hybrid-diagnostic-v2-50c8899f9bc536f0,742cb73bbfd3f82b,5,480,0.00500000,least-squares-post-synaptic,0.17800000,true
binn-hybrid-diagnostic-v2-50c8899f9bc536f0,742cb73bbfd3f82b,5,480,0.00500000,direct-terminal,0.19000000,true
binn-hybrid-diagnostic-v2-50c8899f9bc536f0,92e429653c98743e,5,480,0.00500000,existing-post-synaptic,0.14600000,true
binn-hybrid-diagnostic-v2-50c8899f9bc536f0,92e429653c98743e,5,480,0.00500000,least-squares-post-synaptic,0.14600000,true
binn-hybrid-diagnostic-v2-50c8899f9bc536f0,92e429653c98743e,5,480,0.00500000,direct-terminal,0.14600000,true
binn-hybrid-diagnostic-v2-50c8899f9bc536f0,309fa2acbc6ef055,5,480,0.00500000,existing-post-synaptic,0.14800000,true
binn-hybrid-diagnostic-v2-50c8899f9bc536f0,309fa2acbc6ef055,5,480,0.00500000,least-squares-post-synaptic,0.14800000,true
binn-hybrid-diagnostic-v2-50c8899f9bc536f0,309fa2acbc6ef055,5,480,0.00500000,direct-terminal,0.14800000,true
binn-hybrid-diagnostic-v2-50c8899f9bc536f0,5f5724d63d336c68,5,480,0.00500000,existing-post-synaptic,0.19599999,true
binn-hybrid-diagnostic-v2-50c8899f9bc536f0,5f5724d63d336c68,5,480,0.00500000,least-squares-post-synaptic,0.19800000,true
binn-hybrid-diagnostic-v2-50c8899f9bc536f0,5f5724d63d336c68,5,480,0.00500000,direct-terminal,0.21799999,true
binn-hybrid-diagnostic-v2-50c8899f9bc536f0,fd0e9e11baf9e87f,5,480,0.00500000,existing-post-synaptic,0.11800000,true
binn-hybrid-diagnostic-v2-50c8899f9bc536f0,fd0e9e11baf9e87f,5,480,0.00500000,least-squares-post-synaptic,0.11800000,true
binn-hybrid-diagnostic-v2-50c8899f9bc536f0,fd0e9e11baf9e87f,5,480,0.00500000,direct-terminal,0.11800000,true
binn-hybrid-diagnostic-v2-50c8899f9bc536f0,1bc6105b3a4e6492,5,480,0.00500000,existing-post-synaptic,0.12600000,true
binn-hybrid-diagnostic-v2-50c8899f9bc536f0,1bc6105b3a4e6492,5,480,0.00500000,least-squares-post-synaptic,0.17800000,true
binn-hybrid-diagnostic-v2-50c8899f9bc536f0,1bc6105b3a4e6492,5,480,0.00500000,direct-terminal,0.17800000,true
binn-hybrid-diagnostic-v2-50c8899f9bc536f0,b9f98982bb14e0a9,5,480,0.00500000,existing-post-synaptic,0.14000000,true
binn-hybrid-diagnostic-v2-50c8899f9bc536f0,b9f98982bb14e0a9,5,480,0.00500000,least-squares-post-synaptic,0.20000000,true
binn-hybrid-diagnostic-v2-50c8899f9bc536f0,b9f98982bb14e0a9,5,480,0.00500000,direct-terminal,0.18600000,true
binn-hybrid-diagnostic-v2-50c8899f9bc536f0,d6753df03e0d7c14,5,480,0.01500000,existing-post-synaptic,0.14399999,true
binn-hybrid-diagnostic-v2-50c8899f9bc536f0,d6753df03e0d7c14,5,480,0.01500000,least-squares-post-synaptic,0.22000000,true
binn-hybrid-diagnostic-v2-50c8899f9bc536f0,d6753df03e0d7c14,5,480,0.01500000,direct-terminal,0.18400000,true
binn-hybrid-diagnostic-v2-50c8899f9bc536f0,742cb73bbfd3f82b,5,480,0.01500000,existing-post-synaptic,0.15600000,true
binn-hybrid-diagnostic-v2-50c8899f9bc536f0,742cb73bbfd3f82b,5,480,0.01500000,least-squares-post-synaptic,0.24400000,true
binn-hybrid-diagnostic-v2-50c8899f9bc536f0,742cb73bbfd3f82b,5,480,0.01500000,direct-terminal,0.24200000,true
binn-hybrid-diagnostic-v2-50c8899f9bc536f0,92e429653c98743e,5,480,0.01500000,existing-post-synaptic,0.14600000,true
binn-hybrid-diagnostic-v2-50c8899f9bc536f0,92e429653c98743e,5,480,0.01500000,least-squares-post-synaptic,0.21200000,true
binn-hybrid-diagnostic-v2-50c8899f9bc536f0,92e429653c98743e,5,480,0.01500000,direct-terminal,0.20400000,true
binn-hybrid-diagnostic-v2-50c8899f9bc536f0,309fa2acbc6ef055,5,480,0.01500000,existing-post-synaptic,0.14800000,true
binn-hybrid-diagnostic-v2-50c8899f9bc536f0,309fa2acbc6ef055,5,480,0.01500000,least-squares-post-synaptic,0.20999999,true
binn-hybrid-diagnostic-v2-50c8899f9bc536f0,309fa2acbc6ef055,5,480,0.01500000,direct-terminal,0.17000000,true
binn-hybrid-diagnostic-v2-50c8899f9bc536f0,5f5724d63d336c68,5,480,0.01500000,existing-post-synaptic,0.19599999,true
binn-hybrid-diagnostic-v2-50c8899f9bc536f0,5f5724d63d336c68,5,480,0.01500000,least-squares-post-synaptic,0.23600000,true
binn-hybrid-diagnostic-v2-50c8899f9bc536f0,5f5724d63d336c68,5,480,0.01500000,direct-terminal,0.30000001,true
binn-hybrid-diagnostic-v2-50c8899f9bc536f0,fd0e9e11baf9e87f,5,480,0.01500000,existing-post-synaptic,0.11800000,true
binn-hybrid-diagnostic-v2-50c8899f9bc536f0,fd0e9e11baf9e87f,5,480,0.01500000,least-squares-post-synaptic,0.18200000,true
binn-hybrid-diagnostic-v2-50c8899f9bc536f0,fd0e9e11baf9e87f,5,480,0.01500000,direct-terminal,0.23600000,true
binn-hybrid-diagnostic-v2-50c8899f9bc536f0,1bc6105b3a4e6492,5,480,0.01500000,existing-post-synaptic,0.12600000,true
binn-hybrid-diagnostic-v2-50c8899f9bc536f0,1bc6105b3a4e6492,5,480,0.01500000,least-squares-post-synaptic,0.26199999,true
binn-hybrid-diagnostic-v2-50c8899f9bc536f0,1bc6105b3a4e6492,5,480,0.01500000,direct-terminal,0.30599999,true
binn-hybrid-diagnostic-v2-50c8899f9bc536f0,b9f98982bb14e0a9,5,480,0.01500000,existing-post-synaptic,0.14000000,true
binn-hybrid-diagnostic-v2-50c8899f9bc536f0,b9f98982bb14e0a9,5,480,0.01500000,least-squares-post-synaptic,0.22800000,true
binn-hybrid-diagnostic-v2-50c8899f9bc536f0,b9f98982bb14e0a9,5,480,0.01500000,direct-terminal,0.22400001,true
binn-hybrid-diagnostic-v2-50c8899f9bc536f0,d6753df03e0d7c14,5,480,0.03500000,existing-post-synaptic,0.17399999,true
binn-hybrid-diagnostic-v2-50c8899f9bc536f0,d6753df03e0d7c14,5,480,0.03500000,least-squares-post-synaptic,0.27200001,true
binn-hybrid-diagnostic-v2-50c8899f9bc536f0,d6753df03e0d7c14,5,480,0.03500000,direct-terminal,0.28600001,true
binn-hybrid-diagnostic-v2-50c8899f9bc536f0,742cb73bbfd3f82b,5,480,0.03500000,existing-post-synaptic,0.20400000,true
binn-hybrid-diagnostic-v2-50c8899f9bc536f0,742cb73bbfd3f82b,5,480,0.03500000,least-squares-post-synaptic,0.31000000,true
binn-hybrid-diagnostic-v2-50c8899f9bc536f0,742cb73bbfd3f82b,5,480,0.03500000,direct-terminal,0.29800001,true
binn-hybrid-diagnostic-v2-50c8899f9bc536f0,92e429653c98743e,5,480,0.03500000,existing-post-synaptic,0.16200000,true
binn-hybrid-diagnostic-v2-50c8899f9bc536f0,92e429653c98743e,5,480,0.03500000,least-squares-post-synaptic,0.24400000,true
binn-hybrid-diagnostic-v2-50c8899f9bc536f0,92e429653c98743e,5,480,0.03500000,direct-terminal,0.26400000,true
binn-hybrid-diagnostic-v2-50c8899f9bc536f0,309fa2acbc6ef055,5,480,0.03500000,existing-post-synaptic,0.16000000,true
binn-hybrid-diagnostic-v2-50c8899f9bc536f0,309fa2acbc6ef055,5,480,0.03500000,least-squares-post-synaptic,0.24200000,true
binn-hybrid-diagnostic-v2-50c8899f9bc536f0,309fa2acbc6ef055,5,480,0.03500000,direct-terminal,0.25200000,true
binn-hybrid-diagnostic-v2-50c8899f9bc536f0,5f5724d63d336c68,5,480,0.03500000,existing-post-synaptic,0.20999999,true
binn-hybrid-diagnostic-v2-50c8899f9bc536f0,5f5724d63d336c68,5,480,0.03500000,least-squares-post-synaptic,0.27000001,true
binn-hybrid-diagnostic-v2-50c8899f9bc536f0,5f5724d63d336c68,5,480,0.03500000,direct-terminal,0.44400001,true
binn-hybrid-diagnostic-v2-50c8899f9bc536f0,fd0e9e11baf9e87f,5,480,0.03500000,existing-post-synaptic,0.11800000,true
binn-hybrid-diagnostic-v2-50c8899f9bc536f0,fd0e9e11baf9e87f,5,480,0.03500000,least-squares-post-synaptic,0.25400001,true
binn-hybrid-diagnostic-v2-50c8899f9bc536f0,fd0e9e11baf9e87f,5,480,0.03500000,direct-terminal,0.44400001,true
binn-hybrid-diagnostic-v2-50c8899f9bc536f0,1bc6105b3a4e6492,5,480,0.03500000,existing-post-synaptic,0.13400000,true
binn-hybrid-diagnostic-v2-50c8899f9bc536f0,1bc6105b3a4e6492,5,480,0.03500000,least-squares-post-synaptic,0.26199999,true
binn-hybrid-diagnostic-v2-50c8899f9bc536f0,1bc6105b3a4e6492,5,480,0.03500000,direct-terminal,0.62800002,true
binn-hybrid-diagnostic-v2-50c8899f9bc536f0,b9f98982bb14e0a9,5,480,0.03500000,existing-post-synaptic,0.22600000,true
binn-hybrid-diagnostic-v2-50c8899f9bc536f0,b9f98982bb14e0a9,5,480,0.03500000,least-squares-post-synaptic,0.25999999,true
binn-hybrid-diagnostic-v2-50c8899f9bc536f0,b9f98982bb14e0a9,5,480,0.03500000,direct-terminal,0.44600001,true
binn-hybrid-diagnostic-v2-50c8899f9bc536f0,d6753df03e0d7c14,5,480,0.07000000,existing-post-synaptic,0.18200000,true
binn-hybrid-diagnostic-v2-50c8899f9bc536f0,d6753df03e0d7c14,5,480,0.07000000,least-squares-post-synaptic,0.27399999,true
binn-hybrid-diagnostic-v2-50c8899f9bc536f0,d6753df03e0d7c14,5,480,0.07000000,direct-terminal,0.35800001,true
binn-hybrid-diagnostic-v2-50c8899f9bc536f0,742cb73bbfd3f82b,5,480,0.07000000,existing-post-synaptic,0.25400001,true
binn-hybrid-diagnostic-v2-50c8899f9bc536f0,742cb73bbfd3f82b,5,480,0.07000000,least-squares-post-synaptic,0.29400000,true
binn-hybrid-diagnostic-v2-50c8899f9bc536f0,742cb73bbfd3f82b,5,480,0.07000000,direct-terminal,0.32800001,true
binn-hybrid-diagnostic-v2-50c8899f9bc536f0,92e429653c98743e,5,480,0.07000000,existing-post-synaptic,0.21600001,true
binn-hybrid-diagnostic-v2-50c8899f9bc536f0,92e429653c98743e,5,480,0.07000000,least-squares-post-synaptic,0.28400001,true
binn-hybrid-diagnostic-v2-50c8899f9bc536f0,92e429653c98743e,5,480,0.07000000,direct-terminal,0.41400000,true
binn-hybrid-diagnostic-v2-50c8899f9bc536f0,309fa2acbc6ef055,5,480,0.07000000,existing-post-synaptic,0.16200000,true
binn-hybrid-diagnostic-v2-50c8899f9bc536f0,309fa2acbc6ef055,5,480,0.07000000,least-squares-post-synaptic,0.28799999,true
binn-hybrid-diagnostic-v2-50c8899f9bc536f0,309fa2acbc6ef055,5,480,0.07000000,direct-terminal,0.26400000,true
binn-hybrid-diagnostic-v2-50c8899f9bc536f0,5f5724d63d336c68,5,480,0.07000000,existing-post-synaptic,0.23400000,true
binn-hybrid-diagnostic-v2-50c8899f9bc536f0,5f5724d63d336c68,5,480,0.07000000,least-squares-post-synaptic,0.24800000,true
binn-hybrid-diagnostic-v2-50c8899f9bc536f0,5f5724d63d336c68,5,480,0.07000000,direct-terminal,0.53200001,true
binn-hybrid-diagnostic-v2-50c8899f9bc536f0,fd0e9e11baf9e87f,5,480,0.07000000,existing-post-synaptic,0.17800000,true
binn-hybrid-diagnostic-v2-50c8899f9bc536f0,fd0e9e11baf9e87f,5,480,0.07000000,least-squares-post-synaptic,0.34400001,true
binn-hybrid-diagnostic-v2-50c8899f9bc536f0,fd0e9e11baf9e87f,5,480,0.07000000,direct-terminal,0.52800000,true
binn-hybrid-diagnostic-v2-50c8899f9bc536f0,1bc6105b3a4e6492,5,480,0.07000000,existing-post-synaptic,0.17399999,true
binn-hybrid-diagnostic-v2-50c8899f9bc536f0,1bc6105b3a4e6492,5,480,0.07000000,least-squares-post-synaptic,0.43599999,true
binn-hybrid-diagnostic-v2-50c8899f9bc536f0,1bc6105b3a4e6492,5,480,0.07000000,direct-terminal,0.55000001,true
binn-hybrid-diagnostic-v2-50c8899f9bc536f0,b9f98982bb14e0a9,5,480,0.07000000,existing-post-synaptic,0.23999999,true
binn-hybrid-diagnostic-v2-50c8899f9bc536f0,b9f98982bb14e0a9,5,480,0.07000000,least-squares-post-synaptic,0.30599999,true
binn-hybrid-diagnostic-v2-50c8899f9bc536f0,b9f98982bb14e0a9,5,480,0.07000000,direct-terminal,0.45800000,true
binn-hybrid-diagnostic-v2-50c8899f9bc536f0,d6753df03e0d7c14,5,1920,0.00500000,existing-post-synaptic,0.16200000,true
binn-hybrid-diagnostic-v2-50c8899f9bc536f0,d6753df03e0d7c14,5,1920,0.00500000,least-squares-post-synaptic,0.22200000,true
binn-hybrid-diagnostic-v2-50c8899f9bc536f0,d6753df03e0d7c14,5,1920,0.00500000,direct-terminal,0.24600001,true
binn-hybrid-diagnostic-v2-50c8899f9bc536f0,742cb73bbfd3f82b,5,1920,0.00500000,existing-post-synaptic,0.19800000,true
binn-hybrid-diagnostic-v2-50c8899f9bc536f0,742cb73bbfd3f82b,5,1920,0.00500000,least-squares-post-synaptic,0.21200000,true
binn-hybrid-diagnostic-v2-50c8899f9bc536f0,742cb73bbfd3f82b,5,1920,0.00500000,direct-terminal,0.25200000,true
binn-hybrid-diagnostic-v2-50c8899f9bc536f0,92e429653c98743e,5,1920,0.00500000,existing-post-synaptic,0.14600000,true
binn-hybrid-diagnostic-v2-50c8899f9bc536f0,92e429653c98743e,5,1920,0.00500000,least-squares-post-synaptic,0.21799999,true
binn-hybrid-diagnostic-v2-50c8899f9bc536f0,92e429653c98743e,5,1920,0.00500000,direct-terminal,0.19200000,true
binn-hybrid-diagnostic-v2-50c8899f9bc536f0,309fa2acbc6ef055,5,1920,0.00500000,existing-post-synaptic,0.14800000,true
binn-hybrid-diagnostic-v2-50c8899f9bc536f0,309fa2acbc6ef055,5,1920,0.00500000,least-squares-post-synaptic,0.18799999,true
binn-hybrid-diagnostic-v2-50c8899f9bc536f0,309fa2acbc6ef055,5,1920,0.00500000,direct-terminal,0.22600000,true
binn-hybrid-diagnostic-v2-50c8899f9bc536f0,5f5724d63d336c68,5,1920,0.00500000,existing-post-synaptic,0.19599999,true
binn-hybrid-diagnostic-v2-50c8899f9bc536f0,5f5724d63d336c68,5,1920,0.00500000,least-squares-post-synaptic,0.23999999,true
binn-hybrid-diagnostic-v2-50c8899f9bc536f0,5f5724d63d336c68,5,1920,0.00500000,direct-terminal,0.29200000,true
binn-hybrid-diagnostic-v2-50c8899f9bc536f0,fd0e9e11baf9e87f,5,1920,0.00500000,existing-post-synaptic,0.11800000,true
binn-hybrid-diagnostic-v2-50c8899f9bc536f0,fd0e9e11baf9e87f,5,1920,0.00500000,least-squares-post-synaptic,0.15800001,true
binn-hybrid-diagnostic-v2-50c8899f9bc536f0,fd0e9e11baf9e87f,5,1920,0.00500000,direct-terminal,0.27000001,true
binn-hybrid-diagnostic-v2-50c8899f9bc536f0,1bc6105b3a4e6492,5,1920,0.00500000,existing-post-synaptic,0.12600000,true
binn-hybrid-diagnostic-v2-50c8899f9bc536f0,1bc6105b3a4e6492,5,1920,0.00500000,least-squares-post-synaptic,0.25600001,true
binn-hybrid-diagnostic-v2-50c8899f9bc536f0,1bc6105b3a4e6492,5,1920,0.00500000,direct-terminal,0.34400001,true
binn-hybrid-diagnostic-v2-50c8899f9bc536f0,b9f98982bb14e0a9,5,1920,0.00500000,existing-post-synaptic,0.14000000,true
binn-hybrid-diagnostic-v2-50c8899f9bc536f0,b9f98982bb14e0a9,5,1920,0.00500000,least-squares-post-synaptic,0.21600001,true
binn-hybrid-diagnostic-v2-50c8899f9bc536f0,b9f98982bb14e0a9,5,1920,0.00500000,direct-terminal,0.23800001,true
binn-hybrid-diagnostic-v2-50c8899f9bc536f0,d6753df03e0d7c14,5,1920,0.01500000,existing-post-synaptic,0.17200001,true
binn-hybrid-diagnostic-v2-50c8899f9bc536f0,d6753df03e0d7c14,5,1920,0.01500000,least-squares-post-synaptic,0.26400000,true
binn-hybrid-diagnostic-v2-50c8899f9bc536f0,d6753df03e0d7c14,5,1920,0.01500000,direct-terminal,0.36399999,true
binn-hybrid-diagnostic-v2-50c8899f9bc536f0,742cb73bbfd3f82b,5,1920,0.01500000,existing-post-synaptic,0.20000000,true
binn-hybrid-diagnostic-v2-50c8899f9bc536f0,742cb73bbfd3f82b,5,1920,0.01500000,least-squares-post-synaptic,0.27800000,true
binn-hybrid-diagnostic-v2-50c8899f9bc536f0,742cb73bbfd3f82b,5,1920,0.01500000,direct-terminal,0.31999999,true
binn-hybrid-diagnostic-v2-50c8899f9bc536f0,92e429653c98743e,5,1920,0.01500000,existing-post-synaptic,0.17200001,true
binn-hybrid-diagnostic-v2-50c8899f9bc536f0,92e429653c98743e,5,1920,0.01500000,least-squares-post-synaptic,0.22400001,true
binn-hybrid-diagnostic-v2-50c8899f9bc536f0,92e429653c98743e,5,1920,0.01500000,direct-terminal,0.31799999,true
binn-hybrid-diagnostic-v2-50c8899f9bc536f0,309fa2acbc6ef055,5,1920,0.01500000,existing-post-synaptic,0.16599999,true
binn-hybrid-diagnostic-v2-50c8899f9bc536f0,309fa2acbc6ef055,5,1920,0.01500000,least-squares-post-synaptic,0.25799999,true
binn-hybrid-diagnostic-v2-50c8899f9bc536f0,309fa2acbc6ef055,5,1920,0.01500000,direct-terminal,0.43799999,true
binn-hybrid-diagnostic-v2-50c8899f9bc536f0,5f5724d63d336c68,5,1920,0.01500000,existing-post-synaptic,0.23999999,true
binn-hybrid-diagnostic-v2-50c8899f9bc536f0,5f5724d63d336c68,5,1920,0.01500000,least-squares-post-synaptic,0.34400001,true
binn-hybrid-diagnostic-v2-50c8899f9bc536f0,5f5724d63d336c68,5,1920,0.01500000,direct-terminal,0.57599998,true
binn-hybrid-diagnostic-v2-50c8899f9bc536f0,fd0e9e11baf9e87f,5,1920,0.01500000,existing-post-synaptic,0.12200000,true
binn-hybrid-diagnostic-v2-50c8899f9bc536f0,fd0e9e11baf9e87f,5,1920,0.01500000,least-squares-post-synaptic,0.27800000,true
binn-hybrid-diagnostic-v2-50c8899f9bc536f0,fd0e9e11baf9e87f,5,1920,0.01500000,direct-terminal,0.61199999,true
binn-hybrid-diagnostic-v2-50c8899f9bc536f0,1bc6105b3a4e6492,5,1920,0.01500000,existing-post-synaptic,0.14200000,true
binn-hybrid-diagnostic-v2-50c8899f9bc536f0,1bc6105b3a4e6492,5,1920,0.01500000,least-squares-post-synaptic,0.30000001,true
binn-hybrid-diagnostic-v2-50c8899f9bc536f0,1bc6105b3a4e6492,5,1920,0.01500000,direct-terminal,0.70599997,true
binn-hybrid-diagnostic-v2-50c8899f9bc536f0,b9f98982bb14e0a9,5,1920,0.01500000,existing-post-synaptic,0.21799999,true
binn-hybrid-diagnostic-v2-50c8899f9bc536f0,b9f98982bb14e0a9,5,1920,0.01500000,least-squares-post-synaptic,0.26600000,true
binn-hybrid-diagnostic-v2-50c8899f9bc536f0,b9f98982bb14e0a9,5,1920,0.01500000,direct-terminal,0.58399999,true
binn-hybrid-diagnostic-v2-50c8899f9bc536f0,d6753df03e0d7c14,5,1920,0.03500000,existing-post-synaptic,0.22400001,true
binn-hybrid-diagnostic-v2-50c8899f9bc536f0,d6753df03e0d7c14,5,1920,0.03500000,least-squares-post-synaptic,0.31600001,true
binn-hybrid-diagnostic-v2-50c8899f9bc536f0,d6753df03e0d7c14,5,1920,0.03500000,direct-terminal,0.40200001,true
binn-hybrid-diagnostic-v2-50c8899f9bc536f0,742cb73bbfd3f82b,5,1920,0.03500000,existing-post-synaptic,0.26600000,true
binn-hybrid-diagnostic-v2-50c8899f9bc536f0,742cb73bbfd3f82b,5,1920,0.03500000,least-squares-post-synaptic,0.32400000,true
binn-hybrid-diagnostic-v2-50c8899f9bc536f0,742cb73bbfd3f82b,5,1920,0.03500000,direct-terminal,0.63200003,true
binn-hybrid-diagnostic-v2-50c8899f9bc536f0,92e429653c98743e,5,1920,0.03500000,existing-post-synaptic,0.20800000,true
binn-hybrid-diagnostic-v2-50c8899f9bc536f0,92e429653c98743e,5,1920,0.03500000,least-squares-post-synaptic,0.25999999,true
binn-hybrid-diagnostic-v2-50c8899f9bc536f0,92e429653c98743e,5,1920,0.03500000,direct-terminal,0.64399999,true
binn-hybrid-diagnostic-v2-50c8899f9bc536f0,309fa2acbc6ef055,5,1920,0.03500000,existing-post-synaptic,0.20600000,true
binn-hybrid-diagnostic-v2-50c8899f9bc536f0,309fa2acbc6ef055,5,1920,0.03500000,least-squares-post-synaptic,0.25600001,true
binn-hybrid-diagnostic-v2-50c8899f9bc536f0,309fa2acbc6ef055,5,1920,0.03500000,direct-terminal,0.52800000,true
binn-hybrid-diagnostic-v2-50c8899f9bc536f0,5f5724d63d336c68,5,1920,0.03500000,existing-post-synaptic,0.20800000,true
binn-hybrid-diagnostic-v2-50c8899f9bc536f0,5f5724d63d336c68,5,1920,0.03500000,least-squares-post-synaptic,0.35400000,true
binn-hybrid-diagnostic-v2-50c8899f9bc536f0,5f5724d63d336c68,5,1920,0.03500000,direct-terminal,0.68199998,true
binn-hybrid-diagnostic-v2-50c8899f9bc536f0,fd0e9e11baf9e87f,5,1920,0.03500000,existing-post-synaptic,0.28600001,true
binn-hybrid-diagnostic-v2-50c8899f9bc536f0,fd0e9e11baf9e87f,5,1920,0.03500000,least-squares-post-synaptic,0.37400001,true
binn-hybrid-diagnostic-v2-50c8899f9bc536f0,fd0e9e11baf9e87f,5,1920,0.03500000,direct-terminal,0.74400002,true
binn-hybrid-diagnostic-v2-50c8899f9bc536f0,1bc6105b3a4e6492,5,1920,0.03500000,existing-post-synaptic,0.17600000,true
binn-hybrid-diagnostic-v2-50c8899f9bc536f0,1bc6105b3a4e6492,5,1920,0.03500000,least-squares-post-synaptic,0.49399999,true
binn-hybrid-diagnostic-v2-50c8899f9bc536f0,1bc6105b3a4e6492,5,1920,0.03500000,direct-terminal,0.63800001,true
binn-hybrid-diagnostic-v2-50c8899f9bc536f0,b9f98982bb14e0a9,5,1920,0.03500000,existing-post-synaptic,0.23600000,true
binn-hybrid-diagnostic-v2-50c8899f9bc536f0,b9f98982bb14e0a9,5,1920,0.03500000,least-squares-post-synaptic,0.34599999,true
binn-hybrid-diagnostic-v2-50c8899f9bc536f0,b9f98982bb14e0a9,5,1920,0.03500000,direct-terminal,0.61799997,true
binn-hybrid-diagnostic-v2-50c8899f9bc536f0,d6753df03e0d7c14,5,1920,0.07000000,existing-post-synaptic,0.27200001,true
binn-hybrid-diagnostic-v2-50c8899f9bc536f0,d6753df03e0d7c14,5,1920,0.07000000,least-squares-post-synaptic,0.36399999,true
binn-hybrid-diagnostic-v2-50c8899f9bc536f0,d6753df03e0d7c14,5,1920,0.07000000,direct-terminal,1.00000000,true
binn-hybrid-diagnostic-v2-50c8899f9bc536f0,742cb73bbfd3f82b,5,1920,0.07000000,existing-post-synaptic,0.31400001,true
binn-hybrid-diagnostic-v2-50c8899f9bc536f0,742cb73bbfd3f82b,5,1920,0.07000000,least-squares-post-synaptic,0.35200000,true
binn-hybrid-diagnostic-v2-50c8899f9bc536f0,742cb73bbfd3f82b,5,1920,0.07000000,direct-terminal,0.41600001,true
binn-hybrid-diagnostic-v2-50c8899f9bc536f0,92e429653c98743e,5,1920,0.07000000,existing-post-synaptic,0.19400001,true
binn-hybrid-diagnostic-v2-50c8899f9bc536f0,92e429653c98743e,5,1920,0.07000000,least-squares-post-synaptic,0.24800000,true
binn-hybrid-diagnostic-v2-50c8899f9bc536f0,92e429653c98743e,5,1920,0.07000000,direct-terminal,0.44400001,true
binn-hybrid-diagnostic-v2-50c8899f9bc536f0,309fa2acbc6ef055,5,1920,0.07000000,existing-post-synaptic,0.15600000,true
binn-hybrid-diagnostic-v2-50c8899f9bc536f0,309fa2acbc6ef055,5,1920,0.07000000,least-squares-post-synaptic,0.39600000,true
binn-hybrid-diagnostic-v2-50c8899f9bc536f0,309fa2acbc6ef055,5,1920,0.07000000,direct-terminal,0.50800002,true
binn-hybrid-diagnostic-v2-50c8899f9bc536f0,5f5724d63d336c68,5,1920,0.07000000,existing-post-synaptic,0.16200000,true
binn-hybrid-diagnostic-v2-50c8899f9bc536f0,5f5724d63d336c68,5,1920,0.07000000,least-squares-post-synaptic,0.44999999,true
binn-hybrid-diagnostic-v2-50c8899f9bc536f0,5f5724d63d336c68,5,1920,0.07000000,direct-terminal,0.50400001,true
binn-hybrid-diagnostic-v2-50c8899f9bc536f0,fd0e9e11baf9e87f,5,1920,0.07000000,existing-post-synaptic,0.28000000,true
binn-hybrid-diagnostic-v2-50c8899f9bc536f0,fd0e9e11baf9e87f,5,1920,0.07000000,least-squares-post-synaptic,0.28600001,true
binn-hybrid-diagnostic-v2-50c8899f9bc536f0,fd0e9e11baf9e87f,5,1920,0.07000000,direct-terminal,0.55800003,true
binn-hybrid-diagnostic-v2-50c8899f9bc536f0,1bc6105b3a4e6492,5,1920,0.07000000,existing-post-synaptic,0.25000000,true
binn-hybrid-diagnostic-v2-50c8899f9bc536f0,1bc6105b3a4e6492,5,1920,0.07000000,least-squares-post-synaptic,0.48199999,true
binn-hybrid-diagnostic-v2-50c8899f9bc536f0,1bc6105b3a4e6492,5,1920,0.07000000,direct-terminal,0.46000001,true
binn-hybrid-diagnostic-v2-50c8899f9bc536f0,b9f98982bb14e0a9,5,1920,0.07000000,existing-post-synaptic,0.28799999,true
binn-hybrid-diagnostic-v2-50c8899f9bc536f0,b9f98982bb14e0a9,5,1920,0.07000000,least-squares-post-synaptic,0.31799999,true
binn-hybrid-diagnostic-v2-50c8899f9bc536f0,b9f98982bb14e0a9,5,1920,0.07000000,direct-terminal,0.52600002,true
binn-hybrid-diagnostic-v2-50c8899f9bc536f0,d6753df03e0d7c14,6,120,0.00500000,existing-post-synaptic,0.29800001,true
binn-hybrid-diagnostic-v2-50c8899f9bc536f0,d6753df03e0d7c14,6,120,0.00500000,least-squares-post-synaptic,0.29800001,true
binn-hybrid-diagnostic-v2-50c8899f9bc536f0,d6753df03e0d7c14,6,120,0.00500000,direct-terminal,0.29800001,true
binn-hybrid-diagnostic-v2-50c8899f9bc536f0,742cb73bbfd3f82b,6,120,0.00500000,existing-post-synaptic,0.31000000,true
binn-hybrid-diagnostic-v2-50c8899f9bc536f0,742cb73bbfd3f82b,6,120,0.00500000,least-squares-post-synaptic,0.31000000,true
binn-hybrid-diagnostic-v2-50c8899f9bc536f0,742cb73bbfd3f82b,6,120,0.00500000,direct-terminal,0.31000000,true
binn-hybrid-diagnostic-v2-50c8899f9bc536f0,92e429653c98743e,6,120,0.00500000,existing-post-synaptic,0.24800000,true
binn-hybrid-diagnostic-v2-50c8899f9bc536f0,92e429653c98743e,6,120,0.00500000,least-squares-post-synaptic,0.24800000,true
binn-hybrid-diagnostic-v2-50c8899f9bc536f0,92e429653c98743e,6,120,0.00500000,direct-terminal,0.24800000,true
binn-hybrid-diagnostic-v2-50c8899f9bc536f0,309fa2acbc6ef055,6,120,0.00500000,existing-post-synaptic,0.28200001,true
binn-hybrid-diagnostic-v2-50c8899f9bc536f0,309fa2acbc6ef055,6,120,0.00500000,least-squares-post-synaptic,0.28200001,true
binn-hybrid-diagnostic-v2-50c8899f9bc536f0,309fa2acbc6ef055,6,120,0.00500000,direct-terminal,0.28200001,true
binn-hybrid-diagnostic-v2-50c8899f9bc536f0,5f5724d63d336c68,6,120,0.00500000,existing-post-synaptic,0.28799999,true
binn-hybrid-diagnostic-v2-50c8899f9bc536f0,5f5724d63d336c68,6,120,0.00500000,least-squares-post-synaptic,0.28799999,true
binn-hybrid-diagnostic-v2-50c8899f9bc536f0,5f5724d63d336c68,6,120,0.00500000,direct-terminal,0.28799999,true
binn-hybrid-diagnostic-v2-50c8899f9bc536f0,fd0e9e11baf9e87f,6,120,0.00500000,existing-post-synaptic,0.28600001,true
binn-hybrid-diagnostic-v2-50c8899f9bc536f0,fd0e9e11baf9e87f,6,120,0.00500000,least-squares-post-synaptic,0.28600001,true
binn-hybrid-diagnostic-v2-50c8899f9bc536f0,fd0e9e11baf9e87f,6,120,0.00500000,direct-terminal,0.28600001,true
binn-hybrid-diagnostic-v2-50c8899f9bc536f0,1bc6105b3a4e6492,6,120,0.00500000,existing-post-synaptic,0.29800001,true
binn-hybrid-diagnostic-v2-50c8899f9bc536f0,1bc6105b3a4e6492,6,120,0.00500000,least-squares-post-synaptic,0.29800001,true
binn-hybrid-diagnostic-v2-50c8899f9bc536f0,1bc6105b3a4e6492,6,120,0.00500000,direct-terminal,0.29800001,true
binn-hybrid-diagnostic-v2-50c8899f9bc536f0,b9f98982bb14e0a9,6,120,0.00500000,existing-post-synaptic,0.29600000,true
binn-hybrid-diagnostic-v2-50c8899f9bc536f0,b9f98982bb14e0a9,6,120,0.00500000,least-squares-post-synaptic,0.29600000,true
binn-hybrid-diagnostic-v2-50c8899f9bc536f0,b9f98982bb14e0a9,6,120,0.00500000,direct-terminal,0.29600000,true
binn-hybrid-diagnostic-v2-50c8899f9bc536f0,d6753df03e0d7c14,6,120,0.01500000,existing-post-synaptic,0.29800001,true
binn-hybrid-diagnostic-v2-50c8899f9bc536f0,d6753df03e0d7c14,6,120,0.01500000,least-squares-post-synaptic,0.31999999,true
binn-hybrid-diagnostic-v2-50c8899f9bc536f0,d6753df03e0d7c14,6,120,0.01500000,direct-terminal,0.32800001,true
binn-hybrid-diagnostic-v2-50c8899f9bc536f0,742cb73bbfd3f82b,6,120,0.01500000,existing-post-synaptic,0.27000001,true
binn-hybrid-diagnostic-v2-50c8899f9bc536f0,742cb73bbfd3f82b,6,120,0.01500000,least-squares-post-synaptic,0.31000000,true
binn-hybrid-diagnostic-v2-50c8899f9bc536f0,742cb73bbfd3f82b,6,120,0.01500000,direct-terminal,0.33600000,true
binn-hybrid-diagnostic-v2-50c8899f9bc536f0,92e429653c98743e,6,120,0.01500000,existing-post-synaptic,0.24800000,true
binn-hybrid-diagnostic-v2-50c8899f9bc536f0,92e429653c98743e,6,120,0.01500000,least-squares-post-synaptic,0.24200000,true
binn-hybrid-diagnostic-v2-50c8899f9bc536f0,92e429653c98743e,6,120,0.01500000,direct-terminal,0.25400001,true
binn-hybrid-diagnostic-v2-50c8899f9bc536f0,309fa2acbc6ef055,6,120,0.01500000,existing-post-synaptic,0.28200001,true
binn-hybrid-diagnostic-v2-50c8899f9bc536f0,309fa2acbc6ef055,6,120,0.01500000,least-squares-post-synaptic,0.25200000,true
binn-hybrid-diagnostic-v2-50c8899f9bc536f0,309fa2acbc6ef055,6,120,0.01500000,direct-terminal,0.27399999,true
binn-hybrid-diagnostic-v2-50c8899f9bc536f0,5f5724d63d336c68,6,120,0.01500000,existing-post-synaptic,0.28799999,true
binn-hybrid-diagnostic-v2-50c8899f9bc536f0,5f5724d63d336c68,6,120,0.01500000,least-squares-post-synaptic,0.28799999,true
binn-hybrid-diagnostic-v2-50c8899f9bc536f0,5f5724d63d336c68,6,120,0.01500000,direct-terminal,0.30800000,true
binn-hybrid-diagnostic-v2-50c8899f9bc536f0,fd0e9e11baf9e87f,6,120,0.01500000,existing-post-synaptic,0.28600001,true
binn-hybrid-diagnostic-v2-50c8899f9bc536f0,fd0e9e11baf9e87f,6,120,0.01500000,least-squares-post-synaptic,0.30199999,true
binn-hybrid-diagnostic-v2-50c8899f9bc536f0,fd0e9e11baf9e87f,6,120,0.01500000,direct-terminal,0.30599999,true
binn-hybrid-diagnostic-v2-50c8899f9bc536f0,1bc6105b3a4e6492,6,120,0.01500000,existing-post-synaptic,0.28000000,true
binn-hybrid-diagnostic-v2-50c8899f9bc536f0,1bc6105b3a4e6492,6,120,0.01500000,least-squares-post-synaptic,0.27800000,true
binn-hybrid-diagnostic-v2-50c8899f9bc536f0,1bc6105b3a4e6492,6,120,0.01500000,direct-terminal,0.27200001,true
binn-hybrid-diagnostic-v2-50c8899f9bc536f0,b9f98982bb14e0a9,6,120,0.01500000,existing-post-synaptic,0.29600000,true
binn-hybrid-diagnostic-v2-50c8899f9bc536f0,b9f98982bb14e0a9,6,120,0.01500000,least-squares-post-synaptic,0.31400001,true
binn-hybrid-diagnostic-v2-50c8899f9bc536f0,b9f98982bb14e0a9,6,120,0.01500000,direct-terminal,0.31200001,true
binn-hybrid-diagnostic-v2-50c8899f9bc536f0,d6753df03e0d7c14,6,120,0.03500000,existing-post-synaptic,0.29800001,true
binn-hybrid-diagnostic-v2-50c8899f9bc536f0,d6753df03e0d7c14,6,120,0.03500000,least-squares-post-synaptic,0.32600001,true
binn-hybrid-diagnostic-v2-50c8899f9bc536f0,d6753df03e0d7c14,6,120,0.03500000,direct-terminal,0.31999999,true
binn-hybrid-diagnostic-v2-50c8899f9bc536f0,742cb73bbfd3f82b,6,120,0.03500000,existing-post-synaptic,0.30399999,true
binn-hybrid-diagnostic-v2-50c8899f9bc536f0,742cb73bbfd3f82b,6,120,0.03500000,least-squares-post-synaptic,0.28999999,true
binn-hybrid-diagnostic-v2-50c8899f9bc536f0,742cb73bbfd3f82b,6,120,0.03500000,direct-terminal,0.28799999,true
binn-hybrid-diagnostic-v2-50c8899f9bc536f0,92e429653c98743e,6,120,0.03500000,existing-post-synaptic,0.20400000,true
binn-hybrid-diagnostic-v2-50c8899f9bc536f0,92e429653c98743e,6,120,0.03500000,least-squares-post-synaptic,0.25200000,true
binn-hybrid-diagnostic-v2-50c8899f9bc536f0,92e429653c98743e,6,120,0.03500000,direct-terminal,0.25600001,true
binn-hybrid-diagnostic-v2-50c8899f9bc536f0,309fa2acbc6ef055,6,120,0.03500000,existing-post-synaptic,0.28200001,true
binn-hybrid-diagnostic-v2-50c8899f9bc536f0,309fa2acbc6ef055,6,120,0.03500000,least-squares-post-synaptic,0.27599999,true
binn-hybrid-diagnostic-v2-50c8899f9bc536f0,309fa2acbc6ef055,6,120,0.03500000,direct-terminal,0.27200001,true
binn-hybrid-diagnostic-v2-50c8899f9bc536f0,5f5724d63d336c68,6,120,0.03500000,existing-post-synaptic,0.31000000,true
binn-hybrid-diagnostic-v2-50c8899f9bc536f0,5f5724d63d336c68,6,120,0.03500000,least-squares-post-synaptic,0.28000000,true
binn-hybrid-diagnostic-v2-50c8899f9bc536f0,5f5724d63d336c68,6,120,0.03500000,direct-terminal,0.28600001,true
binn-hybrid-diagnostic-v2-50c8899f9bc536f0,fd0e9e11baf9e87f,6,120,0.03500000,existing-post-synaptic,0.28600001,true
binn-hybrid-diagnostic-v2-50c8899f9bc536f0,fd0e9e11baf9e87f,6,120,0.03500000,least-squares-post-synaptic,0.30199999,true
binn-hybrid-diagnostic-v2-50c8899f9bc536f0,fd0e9e11baf9e87f,6,120,0.03500000,direct-terminal,0.32400000,true
binn-hybrid-diagnostic-v2-50c8899f9bc536f0,1bc6105b3a4e6492,6,120,0.03500000,existing-post-synaptic,0.25999999,true
binn-hybrid-diagnostic-v2-50c8899f9bc536f0,1bc6105b3a4e6492,6,120,0.03500000,least-squares-post-synaptic,0.27599999,true
binn-hybrid-diagnostic-v2-50c8899f9bc536f0,1bc6105b3a4e6492,6,120,0.03500000,direct-terminal,0.27200001,true
binn-hybrid-diagnostic-v2-50c8899f9bc536f0,b9f98982bb14e0a9,6,120,0.03500000,existing-post-synaptic,0.29600000,true
binn-hybrid-diagnostic-v2-50c8899f9bc536f0,b9f98982bb14e0a9,6,120,0.03500000,least-squares-post-synaptic,0.30599999,true
binn-hybrid-diagnostic-v2-50c8899f9bc536f0,b9f98982bb14e0a9,6,120,0.03500000,direct-terminal,0.30599999,true
binn-hybrid-diagnostic-v2-50c8899f9bc536f0,d6753df03e0d7c14,6,120,0.07000000,existing-post-synaptic,0.26600000,true
binn-hybrid-diagnostic-v2-50c8899f9bc536f0,d6753df03e0d7c14,6,120,0.07000000,least-squares-post-synaptic,0.29400000,true
binn-hybrid-diagnostic-v2-50c8899f9bc536f0,d6753df03e0d7c14,6,120,0.07000000,direct-terminal,0.30599999,true
binn-hybrid-diagnostic-v2-50c8899f9bc536f0,742cb73bbfd3f82b,6,120,0.07000000,existing-post-synaptic,0.26800001,true
binn-hybrid-diagnostic-v2-50c8899f9bc536f0,742cb73bbfd3f82b,6,120,0.07000000,least-squares-post-synaptic,0.30599999,true
binn-hybrid-diagnostic-v2-50c8899f9bc536f0,742cb73bbfd3f82b,6,120,0.07000000,direct-terminal,0.27200001,true
binn-hybrid-diagnostic-v2-50c8899f9bc536f0,92e429653c98743e,6,120,0.07000000,existing-post-synaptic,0.25000000,true
binn-hybrid-diagnostic-v2-50c8899f9bc536f0,92e429653c98743e,6,120,0.07000000,least-squares-post-synaptic,0.25600001,true
binn-hybrid-diagnostic-v2-50c8899f9bc536f0,92e429653c98743e,6,120,0.07000000,direct-terminal,0.25600001,true
binn-hybrid-diagnostic-v2-50c8899f9bc536f0,309fa2acbc6ef055,6,120,0.07000000,existing-post-synaptic,0.30199999,true
binn-hybrid-diagnostic-v2-50c8899f9bc536f0,309fa2acbc6ef055,6,120,0.07000000,least-squares-post-synaptic,0.23400000,true
binn-hybrid-diagnostic-v2-50c8899f9bc536f0,309fa2acbc6ef055,6,120,0.07000000,direct-terminal,0.26800001,true
binn-hybrid-diagnostic-v2-50c8899f9bc536f0,5f5724d63d336c68,6,120,0.07000000,existing-post-synaptic,0.28000000,true
binn-hybrid-diagnostic-v2-50c8899f9bc536f0,5f5724d63d336c68,6,120,0.07000000,least-squares-post-synaptic,0.23800001,true
binn-hybrid-diagnostic-v2-50c8899f9bc536f0,5f5724d63d336c68,6,120,0.07000000,direct-terminal,0.24200000,true
binn-hybrid-diagnostic-v2-50c8899f9bc536f0,fd0e9e11baf9e87f,6,120,0.07000000,existing-post-synaptic,0.28200001,true
binn-hybrid-diagnostic-v2-50c8899f9bc536f0,fd0e9e11baf9e87f,6,120,0.07000000,least-squares-post-synaptic,0.29800001,true
binn-hybrid-diagnostic-v2-50c8899f9bc536f0,fd0e9e11baf9e87f,6,120,0.07000000,direct-terminal,0.30000001,true
binn-hybrid-diagnostic-v2-50c8899f9bc536f0,1bc6105b3a4e6492,6,120,0.07000000,existing-post-synaptic,0.25799999,true
binn-hybrid-diagnostic-v2-50c8899f9bc536f0,1bc6105b3a4e6492,6,120,0.07000000,least-squares-post-synaptic,0.28400001,true
binn-hybrid-diagnostic-v2-50c8899f9bc536f0,1bc6105b3a4e6492,6,120,0.07000000,direct-terminal,0.30199999,true
binn-hybrid-diagnostic-v2-50c8899f9bc536f0,b9f98982bb14e0a9,6,120,0.07000000,existing-post-synaptic,0.31600001,true
binn-hybrid-diagnostic-v2-50c8899f9bc536f0,b9f98982bb14e0a9,6,120,0.07000000,least-squares-post-synaptic,0.24200000,true
binn-hybrid-diagnostic-v2-50c8899f9bc536f0,b9f98982bb14e0a9,6,120,0.07000000,direct-terminal,0.24800000,true
binn-hybrid-diagnostic-v2-50c8899f9bc536f0,d6753df03e0d7c14,6,480,0.00500000,existing-post-synaptic,0.29800001,true
binn-hybrid-diagnostic-v2-50c8899f9bc536f0,d6753df03e0d7c14,6,480,0.00500000,least-squares-post-synaptic,0.30800000,true
binn-hybrid-diagnostic-v2-50c8899f9bc536f0,d6753df03e0d7c14,6,480,0.00500000,direct-terminal,0.29600000,true
binn-hybrid-diagnostic-v2-50c8899f9bc536f0,742cb73bbfd3f82b,6,480,0.00500000,existing-post-synaptic,0.31000000,true
binn-hybrid-diagnostic-v2-50c8899f9bc536f0,742cb73bbfd3f82b,6,480,0.00500000,least-squares-post-synaptic,0.30399999,true
binn-hybrid-diagnostic-v2-50c8899f9bc536f0,742cb73bbfd3f82b,6,480,0.00500000,direct-terminal,0.30199999,true
binn-hybrid-diagnostic-v2-50c8899f9bc536f0,92e429653c98743e,6,480,0.00500000,existing-post-synaptic,0.24800000,true
binn-hybrid-diagnostic-v2-50c8899f9bc536f0,92e429653c98743e,6,480,0.00500000,least-squares-post-synaptic,0.25999999,true
binn-hybrid-diagnostic-v2-50c8899f9bc536f0,92e429653c98743e,6,480,0.00500000,direct-terminal,0.25400001,true
binn-hybrid-diagnostic-v2-50c8899f9bc536f0,309fa2acbc6ef055,6,480,0.00500000,existing-post-synaptic,0.28200001,true
binn-hybrid-diagnostic-v2-50c8899f9bc536f0,309fa2acbc6ef055,6,480,0.00500000,least-squares-post-synaptic,0.28200001,true
binn-hybrid-diagnostic-v2-50c8899f9bc536f0,309fa2acbc6ef055,6,480,0.00500000,direct-terminal,0.28999999,true
binn-hybrid-diagnostic-v2-50c8899f9bc536f0,5f5724d63d336c68,6,480,0.00500000,existing-post-synaptic,0.28799999,true
binn-hybrid-diagnostic-v2-50c8899f9bc536f0,5f5724d63d336c68,6,480,0.00500000,least-squares-post-synaptic,0.28799999,true
binn-hybrid-diagnostic-v2-50c8899f9bc536f0,5f5724d63d336c68,6,480,0.00500000,direct-terminal,0.28799999,true
binn-hybrid-diagnostic-v2-50c8899f9bc536f0,fd0e9e11baf9e87f,6,480,0.00500000,existing-post-synaptic,0.28600001,true
binn-hybrid-diagnostic-v2-50c8899f9bc536f0,fd0e9e11baf9e87f,6,480,0.00500000,least-squares-post-synaptic,0.28600001,true
binn-hybrid-diagnostic-v2-50c8899f9bc536f0,fd0e9e11baf9e87f,6,480,0.00500000,direct-terminal,0.28600001,true
binn-hybrid-diagnostic-v2-50c8899f9bc536f0,1bc6105b3a4e6492,6,480,0.00500000,existing-post-synaptic,0.29800001,true
binn-hybrid-diagnostic-v2-50c8899f9bc536f0,1bc6105b3a4e6492,6,480,0.00500000,least-squares-post-synaptic,0.30199999,true
binn-hybrid-diagnostic-v2-50c8899f9bc536f0,1bc6105b3a4e6492,6,480,0.00500000,direct-terminal,0.26800001,true
binn-hybrid-diagnostic-v2-50c8899f9bc536f0,b9f98982bb14e0a9,6,480,0.00500000,existing-post-synaptic,0.29600000,true
binn-hybrid-diagnostic-v2-50c8899f9bc536f0,b9f98982bb14e0a9,6,480,0.00500000,least-squares-post-synaptic,0.29600000,true
binn-hybrid-diagnostic-v2-50c8899f9bc536f0,b9f98982bb14e0a9,6,480,0.00500000,direct-terminal,0.29600000,true
binn-hybrid-diagnostic-v2-50c8899f9bc536f0,d6753df03e0d7c14,6,480,0.01500000,existing-post-synaptic,0.29800001,true
binn-hybrid-diagnostic-v2-50c8899f9bc536f0,d6753df03e0d7c14,6,480,0.01500000,least-squares-post-synaptic,0.29400000,true
binn-hybrid-diagnostic-v2-50c8899f9bc536f0,d6753df03e0d7c14,6,480,0.01500000,direct-terminal,0.37200001,true
binn-hybrid-diagnostic-v2-50c8899f9bc536f0,742cb73bbfd3f82b,6,480,0.01500000,existing-post-synaptic,0.25799999,true
binn-hybrid-diagnostic-v2-50c8899f9bc536f0,742cb73bbfd3f82b,6,480,0.01500000,least-squares-post-synaptic,0.28999999,true
binn-hybrid-diagnostic-v2-50c8899f9bc536f0,742cb73bbfd3f82b,6,480,0.01500000,direct-terminal,0.29400000,true
binn-hybrid-diagnostic-v2-50c8899f9bc536f0,92e429653c98743e,6,480,0.01500000,existing-post-synaptic,0.24800000,true
binn-hybrid-diagnostic-v2-50c8899f9bc536f0,92e429653c98743e,6,480,0.01500000,least-squares-post-synaptic,0.23400000,true
binn-hybrid-diagnostic-v2-50c8899f9bc536f0,92e429653c98743e,6,480,0.01500000,direct-terminal,0.25999999,true
binn-hybrid-diagnostic-v2-50c8899f9bc536f0,309fa2acbc6ef055,6,480,0.01500000,existing-post-synaptic,0.28200001,true
binn-hybrid-diagnostic-v2-50c8899f9bc536f0,309fa2acbc6ef055,6,480,0.01500000,least-squares-post-synaptic,0.33399999,true
binn-hybrid-diagnostic-v2-50c8899f9bc536f0,309fa2acbc6ef055,6,480,0.01500000,direct-terminal,0.35200000,true
binn-hybrid-diagnostic-v2-50c8899f9bc536f0,5f5724d63d336c68,6,480,0.01500000,existing-post-synaptic,0.28799999,true
binn-hybrid-diagnostic-v2-50c8899f9bc536f0,5f5724d63d336c68,6,480,0.01500000,least-squares-post-synaptic,0.28600001,true
binn-hybrid-diagnostic-v2-50c8899f9bc536f0,5f5724d63d336c68,6,480,0.01500000,direct-terminal,0.28200001,true
binn-hybrid-diagnostic-v2-50c8899f9bc536f0,fd0e9e11baf9e87f,6,480,0.01500000,existing-post-synaptic,0.28600001,true
binn-hybrid-diagnostic-v2-50c8899f9bc536f0,fd0e9e11baf9e87f,6,480,0.01500000,least-squares-post-synaptic,0.28000000,true
binn-hybrid-diagnostic-v2-50c8899f9bc536f0,fd0e9e11baf9e87f,6,480,0.01500000,direct-terminal,0.31400001,true
binn-hybrid-diagnostic-v2-50c8899f9bc536f0,1bc6105b3a4e6492,6,480,0.01500000,existing-post-synaptic,0.29600000,true
binn-hybrid-diagnostic-v2-50c8899f9bc536f0,1bc6105b3a4e6492,6,480,0.01500000,least-squares-post-synaptic,0.26400000,true
binn-hybrid-diagnostic-v2-50c8899f9bc536f0,1bc6105b3a4e6492,6,480,0.01500000,direct-terminal,0.32400000,true
binn-hybrid-diagnostic-v2-50c8899f9bc536f0,b9f98982bb14e0a9,6,480,0.01500000,existing-post-synaptic,0.29600000,true
binn-hybrid-diagnostic-v2-50c8899f9bc536f0,b9f98982bb14e0a9,6,480,0.01500000,least-squares-post-synaptic,0.30599999,true
binn-hybrid-diagnostic-v2-50c8899f9bc536f0,b9f98982bb14e0a9,6,480,0.01500000,direct-terminal,0.35400000,true
binn-hybrid-diagnostic-v2-50c8899f9bc536f0,d6753df03e0d7c14,6,480,0.03500000,existing-post-synaptic,0.29200000,true
binn-hybrid-diagnostic-v2-50c8899f9bc536f0,d6753df03e0d7c14,6,480,0.03500000,least-squares-post-synaptic,0.33600000,true
binn-hybrid-diagnostic-v2-50c8899f9bc536f0,d6753df03e0d7c14,6,480,0.03500000,direct-terminal,0.42199999,true
binn-hybrid-diagnostic-v2-50c8899f9bc536f0,742cb73bbfd3f82b,6,480,0.03500000,existing-post-synaptic,0.28600001,true
binn-hybrid-diagnostic-v2-50c8899f9bc536f0,742cb73bbfd3f82b,6,480,0.03500000,least-squares-post-synaptic,0.28799999,true
binn-hybrid-diagnostic-v2-50c8899f9bc536f0,742cb73bbfd3f82b,6,480,0.03500000,direct-terminal,0.30399999,true
binn-hybrid-diagnostic-v2-50c8899f9bc536f0,92e429653c98743e,6,480,0.03500000,existing-post-synaptic,0.23000000,true
binn-hybrid-diagnostic-v2-50c8899f9bc536f0,92e429653c98743e,6,480,0.03500000,least-squares-post-synaptic,0.25000000,true
binn-hybrid-diagnostic-v2-50c8899f9bc536f0,92e429653c98743e,6,480,0.03500000,direct-terminal,0.27800000,true
binn-hybrid-diagnostic-v2-50c8899f9bc536f0,309fa2acbc6ef055,6,480,0.03500000,existing-post-synaptic,0.27599999,true
binn-hybrid-diagnostic-v2-50c8899f9bc536f0,309fa2acbc6ef055,6,480,0.03500000,least-squares-post-synaptic,0.33000001,true
binn-hybrid-diagnostic-v2-50c8899f9bc536f0,309fa2acbc6ef055,6,480,0.03500000,direct-terminal,0.38999999,true
binn-hybrid-diagnostic-v2-50c8899f9bc536f0,5f5724d63d336c68,6,480,0.03500000,existing-post-synaptic,0.31000000,true
binn-hybrid-diagnostic-v2-50c8899f9bc536f0,5f5724d63d336c68,6,480,0.03500000,least-squares-post-synaptic,0.24400000,true
binn-hybrid-diagnostic-v2-50c8899f9bc536f0,5f5724d63d336c68,6,480,0.03500000,direct-terminal,0.28000000,true
binn-hybrid-diagnostic-v2-50c8899f9bc536f0,fd0e9e11baf9e87f,6,480,0.03500000,existing-post-synaptic,0.28600001,true
binn-hybrid-diagnostic-v2-50c8899f9bc536f0,fd0e9e11baf9e87f,6,480,0.03500000,least-squares-post-synaptic,0.26600000,true
binn-hybrid-diagnostic-v2-50c8899f9bc536f0,fd0e9e11baf9e87f,6,480,0.03500000,direct-terminal,0.33800000,true
binn-hybrid-diagnostic-v2-50c8899f9bc536f0,1bc6105b3a4e6492,6,480,0.03500000,existing-post-synaptic,0.25400001,true
binn-hybrid-diagnostic-v2-50c8899f9bc536f0,1bc6105b3a4e6492,6,480,0.03500000,least-squares-post-synaptic,0.26199999,true
binn-hybrid-diagnostic-v2-50c8899f9bc536f0,1bc6105b3a4e6492,6,480,0.03500000,direct-terminal,0.34200001,true
binn-hybrid-diagnostic-v2-50c8899f9bc536f0,b9f98982bb14e0a9,6,480,0.03500000,existing-post-synaptic,0.32800001,true
binn-hybrid-diagnostic-v2-50c8899f9bc536f0,b9f98982bb14e0a9,6,480,0.03500000,least-squares-post-synaptic,0.29600000,true
binn-hybrid-diagnostic-v2-50c8899f9bc536f0,b9f98982bb14e0a9,6,480,0.03500000,direct-terminal,0.33600000,true
binn-hybrid-diagnostic-v2-50c8899f9bc536f0,d6753df03e0d7c14,6,480,0.07000000,existing-post-synaptic,0.26800001,true
binn-hybrid-diagnostic-v2-50c8899f9bc536f0,d6753df03e0d7c14,6,480,0.07000000,least-squares-post-synaptic,0.34599999,true
binn-hybrid-diagnostic-v2-50c8899f9bc536f0,d6753df03e0d7c14,6,480,0.07000000,direct-terminal,0.31600001,true
binn-hybrid-diagnostic-v2-50c8899f9bc536f0,742cb73bbfd3f82b,6,480,0.07000000,existing-post-synaptic,0.25400001,true
binn-hybrid-diagnostic-v2-50c8899f9bc536f0,742cb73bbfd3f82b,6,480,0.07000000,least-squares-post-synaptic,0.27800000,true
binn-hybrid-diagnostic-v2-50c8899f9bc536f0,742cb73bbfd3f82b,6,480,0.07000000,direct-terminal,0.41800001,true
binn-hybrid-diagnostic-v2-50c8899f9bc536f0,92e429653c98743e,6,480,0.07000000,existing-post-synaptic,0.27399999,true
binn-hybrid-diagnostic-v2-50c8899f9bc536f0,92e429653c98743e,6,480,0.07000000,least-squares-post-synaptic,0.25799999,true
binn-hybrid-diagnostic-v2-50c8899f9bc536f0,92e429653c98743e,6,480,0.07000000,direct-terminal,0.33600000,true
binn-hybrid-diagnostic-v2-50c8899f9bc536f0,309fa2acbc6ef055,6,480,0.07000000,existing-post-synaptic,0.34000000,true
binn-hybrid-diagnostic-v2-50c8899f9bc536f0,309fa2acbc6ef055,6,480,0.07000000,least-squares-post-synaptic,0.23199999,true
binn-hybrid-diagnostic-v2-50c8899f9bc536f0,309fa2acbc6ef055,6,480,0.07000000,direct-terminal,0.32200000,true
binn-hybrid-diagnostic-v2-50c8899f9bc536f0,5f5724d63d336c68,6,480,0.07000000,existing-post-synaptic,0.27200001,true
binn-hybrid-diagnostic-v2-50c8899f9bc536f0,5f5724d63d336c68,6,480,0.07000000,least-squares-post-synaptic,0.25400001,true
binn-hybrid-diagnostic-v2-50c8899f9bc536f0,5f5724d63d336c68,6,480,0.07000000,direct-terminal,1.00000000,true
binn-hybrid-diagnostic-v2-50c8899f9bc536f0,fd0e9e11baf9e87f,6,480,0.07000000,existing-post-synaptic,0.25400001,true
binn-hybrid-diagnostic-v2-50c8899f9bc536f0,fd0e9e11baf9e87f,6,480,0.07000000,least-squares-post-synaptic,0.30000001,true
binn-hybrid-diagnostic-v2-50c8899f9bc536f0,fd0e9e11baf9e87f,6,480,0.07000000,direct-terminal,0.28999999,true
binn-hybrid-diagnostic-v2-50c8899f9bc536f0,1bc6105b3a4e6492,6,480,0.07000000,existing-post-synaptic,0.25000000,true
binn-hybrid-diagnostic-v2-50c8899f9bc536f0,1bc6105b3a4e6492,6,480,0.07000000,least-squares-post-synaptic,0.25200000,true
binn-hybrid-diagnostic-v2-50c8899f9bc536f0,1bc6105b3a4e6492,6,480,0.07000000,direct-terminal,0.22200000,true
binn-hybrid-diagnostic-v2-50c8899f9bc536f0,b9f98982bb14e0a9,6,480,0.07000000,existing-post-synaptic,0.31000000,true
binn-hybrid-diagnostic-v2-50c8899f9bc536f0,b9f98982bb14e0a9,6,480,0.07000000,least-squares-post-synaptic,0.32600001,true
binn-hybrid-diagnostic-v2-50c8899f9bc536f0,b9f98982bb14e0a9,6,480,0.07000000,direct-terminal,0.35600001,true
binn-hybrid-diagnostic-v2-50c8899f9bc536f0,d6753df03e0d7c14,6,1920,0.00500000,existing-post-synaptic,0.27599999,true
binn-hybrid-diagnostic-v2-50c8899f9bc536f0,d6753df03e0d7c14,6,1920,0.00500000,least-squares-post-synaptic,0.29400000,true
binn-hybrid-diagnostic-v2-50c8899f9bc536f0,d6753df03e0d7c14,6,1920,0.00500000,direct-terminal,0.35200000,true
binn-hybrid-diagnostic-v2-50c8899f9bc536f0,742cb73bbfd3f82b,6,1920,0.00500000,existing-post-synaptic,0.31000000,true
binn-hybrid-diagnostic-v2-50c8899f9bc536f0,742cb73bbfd3f82b,6,1920,0.00500000,least-squares-post-synaptic,0.35600001,true
binn-hybrid-diagnostic-v2-50c8899f9bc536f0,742cb73bbfd3f82b,6,1920,0.00500000,direct-terminal,0.37200001,true
binn-hybrid-diagnostic-v2-50c8899f9bc536f0,92e429653c98743e,6,1920,0.00500000,existing-post-synaptic,0.24800000,true
binn-hybrid-diagnostic-v2-50c8899f9bc536f0,92e429653c98743e,6,1920,0.00500000,least-squares-post-synaptic,0.22400001,true
binn-hybrid-diagnostic-v2-50c8899f9bc536f0,92e429653c98743e,6,1920,0.00500000,direct-terminal,0.31400001,true
binn-hybrid-diagnostic-v2-50c8899f9bc536f0,309fa2acbc6ef055,6,1920,0.00500000,existing-post-synaptic,0.28200001,true
binn-hybrid-diagnostic-v2-50c8899f9bc536f0,309fa2acbc6ef055,6,1920,0.00500000,least-squares-post-synaptic,0.28600001,true
binn-hybrid-diagnostic-v2-50c8899f9bc536f0,309fa2acbc6ef055,6,1920,0.00500000,direct-terminal,0.34999999,true
binn-hybrid-diagnostic-v2-50c8899f9bc536f0,5f5724d63d336c68,6,1920,0.00500000,existing-post-synaptic,0.28799999,true
binn-hybrid-diagnostic-v2-50c8899f9bc536f0,5f5724d63d336c68,6,1920,0.00500000,least-squares-post-synaptic,0.25200000,true
binn-hybrid-diagnostic-v2-50c8899f9bc536f0,5f5724d63d336c68,6,1920,0.00500000,direct-terminal,0.30599999,true
binn-hybrid-diagnostic-v2-50c8899f9bc536f0,fd0e9e11baf9e87f,6,1920,0.00500000,existing-post-synaptic,0.28600001,true
binn-hybrid-diagnostic-v2-50c8899f9bc536f0,fd0e9e11baf9e87f,6,1920,0.00500000,least-squares-post-synaptic,0.30199999,true
binn-hybrid-diagnostic-v2-50c8899f9bc536f0,fd0e9e11baf9e87f,6,1920,0.00500000,direct-terminal,0.35600001,true
binn-hybrid-diagnostic-v2-50c8899f9bc536f0,1bc6105b3a4e6492,6,1920,0.00500000,existing-post-synaptic,0.29800001,true
binn-hybrid-diagnostic-v2-50c8899f9bc536f0,1bc6105b3a4e6492,6,1920,0.00500000,least-squares-post-synaptic,0.30000001,true
binn-hybrid-diagnostic-v2-50c8899f9bc536f0,1bc6105b3a4e6492,6,1920,0.00500000,direct-terminal,0.36000001,true
binn-hybrid-diagnostic-v2-50c8899f9bc536f0,b9f98982bb14e0a9,6,1920,0.00500000,existing-post-synaptic,0.29600000,true
binn-hybrid-diagnostic-v2-50c8899f9bc536f0,b9f98982bb14e0a9,6,1920,0.00500000,least-squares-post-synaptic,0.30599999,true
binn-hybrid-diagnostic-v2-50c8899f9bc536f0,b9f98982bb14e0a9,6,1920,0.00500000,direct-terminal,0.34000000,true
binn-hybrid-diagnostic-v2-50c8899f9bc536f0,d6753df03e0d7c14,6,1920,0.01500000,existing-post-synaptic,0.18600000,true
binn-hybrid-diagnostic-v2-50c8899f9bc536f0,d6753df03e0d7c14,6,1920,0.01500000,least-squares-post-synaptic,0.31200001,true
binn-hybrid-diagnostic-v2-50c8899f9bc536f0,d6753df03e0d7c14,6,1920,0.01500000,direct-terminal,0.39800000,true
binn-hybrid-diagnostic-v2-50c8899f9bc536f0,742cb73bbfd3f82b,6,1920,0.01500000,existing-post-synaptic,0.28799999,true
binn-hybrid-diagnostic-v2-50c8899f9bc536f0,742cb73bbfd3f82b,6,1920,0.01500000,least-squares-post-synaptic,0.31600001,true
binn-hybrid-diagnostic-v2-50c8899f9bc536f0,742cb73bbfd3f82b,6,1920,0.01500000,direct-terminal,0.44400001,true
binn-hybrid-diagnostic-v2-50c8899f9bc536f0,92e429653c98743e,6,1920,0.01500000,existing-post-synaptic,0.26199999,true
binn-hybrid-diagnostic-v2-50c8899f9bc536f0,92e429653c98743e,6,1920,0.01500000,least-squares-post-synaptic,0.25999999,true
binn-hybrid-diagnostic-v2-50c8899f9bc536f0,92e429653c98743e,6,1920,0.01500000,direct-terminal,0.57999998,true
binn-hybrid-diagnostic-v2-50c8899f9bc536f0,309fa2acbc6ef055,6,1920,0.01500000,existing-post-synaptic,0.30199999,true
binn-hybrid-diagnostic-v2-50c8899f9bc536f0,309fa2acbc6ef055,6,1920,0.01500000,least-squares-post-synaptic,0.27399999,true
binn-hybrid-diagnostic-v2-50c8899f9bc536f0,309fa2acbc6ef055,6,1920,0.01500000,direct-terminal,0.40799999,true
binn-hybrid-diagnostic-v2-50c8899f9bc536f0,5f5724d63d336c68,6,1920,0.01500000,existing-post-synaptic,0.28799999,true
binn-hybrid-diagnostic-v2-50c8899f9bc536f0,5f5724d63d336c68,6,1920,0.01500000,least-squares-post-synaptic,0.25600001,true
binn-hybrid-diagnostic-v2-50c8899f9bc536f0,5f5724d63d336c68,6,1920,0.01500000,direct-terminal,0.45199999,true
binn-hybrid-diagnostic-v2-50c8899f9bc536f0,fd0e9e11baf9e87f,6,1920,0.01500000,existing-post-synaptic,0.28600001,true
binn-hybrid-diagnostic-v2-50c8899f9bc536f0,fd0e9e11baf9e87f,6,1920,0.01500000,least-squares-post-synaptic,0.30800000,true
binn-hybrid-diagnostic-v2-50c8899f9bc536f0,fd0e9e11baf9e87f,6,1920,0.01500000,direct-terminal,0.53200001,true
binn-hybrid-diagnostic-v2-50c8899f9bc536f0,1bc6105b3a4e6492,6,1920,0.01500000,existing-post-synaptic,0.28000000,true
binn-hybrid-diagnostic-v2-50c8899f9bc536f0,1bc6105b3a4e6492,6,1920,0.01500000,least-squares-post-synaptic,0.34400001,true
binn-hybrid-diagnostic-v2-50c8899f9bc536f0,1bc6105b3a4e6492,6,1920,0.01500000,direct-terminal,0.40200001,true
binn-hybrid-diagnostic-v2-50c8899f9bc536f0,b9f98982bb14e0a9,6,1920,0.01500000,existing-post-synaptic,0.29600000,true
binn-hybrid-diagnostic-v2-50c8899f9bc536f0,b9f98982bb14e0a9,6,1920,0.01500000,least-squares-post-synaptic,0.35400000,true
binn-hybrid-diagnostic-v2-50c8899f9bc536f0,b9f98982bb14e0a9,6,1920,0.01500000,direct-terminal,0.48600000,true
binn-hybrid-diagnostic-v2-50c8899f9bc536f0,d6753df03e0d7c14,6,1920,0.03500000,existing-post-synaptic,0.30000001,true
binn-hybrid-diagnostic-v2-50c8899f9bc536f0,d6753df03e0d7c14,6,1920,0.03500000,least-squares-post-synaptic,0.33600000,true
binn-hybrid-diagnostic-v2-50c8899f9bc536f0,d6753df03e0d7c14,6,1920,0.03500000,direct-terminal,0.66200000,true
binn-hybrid-diagnostic-v2-50c8899f9bc536f0,742cb73bbfd3f82b,6,1920,0.03500000,existing-post-synaptic,0.26400000,true
binn-hybrid-diagnostic-v2-50c8899f9bc536f0,742cb73bbfd3f82b,6,1920,0.03500000,least-squares-post-synaptic,0.33600000,true
binn-hybrid-diagnostic-v2-50c8899f9bc536f0,742cb73bbfd3f82b,6,1920,0.03500000,direct-terminal,0.55800003,true
binn-hybrid-diagnostic-v2-50c8899f9bc536f0,92e429653c98743e,6,1920,0.03500000,existing-post-synaptic,0.23199999,true
binn-hybrid-diagnostic-v2-50c8899f9bc536f0,92e429653c98743e,6,1920,0.03500000,least-squares-post-synaptic,0.23600000,true
binn-hybrid-diagnostic-v2-50c8899f9bc536f0,92e429653c98743e,6,1920,0.03500000,direct-terminal,0.63599998,true
binn-hybrid-diagnostic-v2-50c8899f9bc536f0,309fa2acbc6ef055,6,1920,0.03500000,existing-post-synaptic,0.29400000,true
binn-hybrid-diagnostic-v2-50c8899f9bc536f0,309fa2acbc6ef055,6,1920,0.03500000,least-squares-post-synaptic,0.42800000,true
binn-hybrid-diagnostic-v2-50c8899f9bc536f0,309fa2acbc6ef055,6,1920,0.03500000,direct-terminal,0.52600002,true
binn-hybrid-diagnostic-v2-50c8899f9bc536f0,5f5724d63d336c68,6,1920,0.03500000,existing-post-synaptic,0.29800001,true
binn-hybrid-diagnostic-v2-50c8899f9bc536f0,5f5724d63d336c68,6,1920,0.03500000,least-squares-post-synaptic,0.40200001,true
binn-hybrid-diagnostic-v2-50c8899f9bc536f0,5f5724d63d336c68,6,1920,0.03500000,direct-terminal,0.54000002,true
binn-hybrid-diagnostic-v2-50c8899f9bc536f0,fd0e9e11baf9e87f,6,1920,0.03500000,existing-post-synaptic,0.28600001,true
binn-hybrid-diagnostic-v2-50c8899f9bc536f0,fd0e9e11baf9e87f,6,1920,0.03500000,least-squares-post-synaptic,0.32400000,true
binn-hybrid-diagnostic-v2-50c8899f9bc536f0,fd0e9e11baf9e87f,6,1920,0.03500000,direct-terminal,0.48800001,true
binn-hybrid-diagnostic-v2-50c8899f9bc536f0,1bc6105b3a4e6492,6,1920,0.03500000,existing-post-synaptic,0.19599999,true
binn-hybrid-diagnostic-v2-50c8899f9bc536f0,1bc6105b3a4e6492,6,1920,0.03500000,least-squares-post-synaptic,0.34000000,true
binn-hybrid-diagnostic-v2-50c8899f9bc536f0,1bc6105b3a4e6492,6,1920,0.03500000,direct-terminal,0.47799999,true
binn-hybrid-diagnostic-v2-50c8899f9bc536f0,b9f98982bb14e0a9,6,1920,0.03500000,existing-post-synaptic,0.31000000,true
binn-hybrid-diagnostic-v2-50c8899f9bc536f0,b9f98982bb14e0a9,6,1920,0.03500000,least-squares-post-synaptic,0.43399999,true
binn-hybrid-diagnostic-v2-50c8899f9bc536f0,b9f98982bb14e0a9,6,1920,0.03500000,direct-terminal,0.64600003,true
binn-hybrid-diagnostic-v2-50c8899f9bc536f0,d6753df03e0d7c14,6,1920,0.07000000,existing-post-synaptic,0.32800001,true
binn-hybrid-diagnostic-v2-50c8899f9bc536f0,d6753df03e0d7c14,6,1920,0.07000000,least-squares-post-synaptic,0.33800000,true
binn-hybrid-diagnostic-v2-50c8899f9bc536f0,d6753df03e0d7c14,6,1920,0.07000000,direct-terminal,1.00000000,true
binn-hybrid-diagnostic-v2-50c8899f9bc536f0,742cb73bbfd3f82b,6,1920,0.07000000,existing-post-synaptic,0.24600001,true
binn-hybrid-diagnostic-v2-50c8899f9bc536f0,742cb73bbfd3f82b,6,1920,0.07000000,least-squares-post-synaptic,0.37799999,true
binn-hybrid-diagnostic-v2-50c8899f9bc536f0,742cb73bbfd3f82b,6,1920,0.07000000,direct-terminal,1.00000000,true
binn-hybrid-diagnostic-v2-50c8899f9bc536f0,92e429653c98743e,6,1920,0.07000000,existing-post-synaptic,0.28200001,true
binn-hybrid-diagnostic-v2-50c8899f9bc536f0,92e429653c98743e,6,1920,0.07000000,least-squares-post-synaptic,0.31600001,true
binn-hybrid-diagnostic-v2-50c8899f9bc536f0,92e429653c98743e,6,1920,0.07000000,direct-terminal,0.28200001,true
binn-hybrid-diagnostic-v2-50c8899f9bc536f0,309fa2acbc6ef055,6,1920,0.07000000,existing-post-synaptic,0.28000000,true
binn-hybrid-diagnostic-v2-50c8899f9bc536f0,309fa2acbc6ef055,6,1920,0.07000000,least-squares-post-synaptic,0.25799999,true
binn-hybrid-diagnostic-v2-50c8899f9bc536f0,309fa2acbc6ef055,6,1920,0.07000000,direct-terminal,0.23999999,true
binn-hybrid-diagnostic-v2-50c8899f9bc536f0,5f5724d63d336c68,6,1920,0.07000000,existing-post-synaptic,0.27200001,true
binn-hybrid-diagnostic-v2-50c8899f9bc536f0,5f5724d63d336c68,6,1920,0.07000000,least-squares-post-synaptic,0.41000000,true
binn-hybrid-diagnostic-v2-50c8899f9bc536f0,5f5724d63d336c68,6,1920,0.07000000,direct-terminal,1.00000000,true
binn-hybrid-diagnostic-v2-50c8899f9bc536f0,fd0e9e11baf9e87f,6,1920,0.07000000,existing-post-synaptic,0.27800000,true
binn-hybrid-diagnostic-v2-50c8899f9bc536f0,fd0e9e11baf9e87f,6,1920,0.07000000,least-squares-post-synaptic,0.31200001,true
binn-hybrid-diagnostic-v2-50c8899f9bc536f0,fd0e9e11baf9e87f,6,1920,0.07000000,direct-terminal,1.00000000,true
binn-hybrid-diagnostic-v2-50c8899f9bc536f0,1bc6105b3a4e6492,6,1920,0.07000000,existing-post-synaptic,0.25000000,true
binn-hybrid-diagnostic-v2-50c8899f9bc536f0,1bc6105b3a4e6492,6,1920,0.07000000,least-squares-post-synaptic,0.38000000,true
binn-hybrid-diagnostic-v2-50c8899f9bc536f0,1bc6105b3a4e6492,6,1920,0.07000000,direct-terminal,1.00000000,true
binn-hybrid-diagnostic-v2-50c8899f9bc536f0,b9f98982bb14e0a9,6,1920,0.07000000,existing-post-synaptic,0.24400000,true
binn-hybrid-diagnostic-v2-50c8899f9bc536f0,b9f98982bb14e0a9,6,1920,0.07000000,least-squares-post-synaptic,0.46799999,true
binn-hybrid-diagnostic-v2-50c8899f9bc536f0,b9f98982bb14e0a9,6,1920,0.07000000,direct-terminal,0.58600003,true
binn-hybrid-diagnostic-v2-50c8899f9bc536f0,d6753df03e0d7c14,7,120,0.00500000,existing-post-synaptic,0.26800001,true
binn-hybrid-diagnostic-v2-50c8899f9bc536f0,d6753df03e0d7c14,7,120,0.00500000,least-squares-post-synaptic,0.26800001,true
binn-hybrid-diagnostic-v2-50c8899f9bc536f0,d6753df03e0d7c14,7,120,0.00500000,direct-terminal,0.26800001,true
binn-hybrid-diagnostic-v2-50c8899f9bc536f0,742cb73bbfd3f82b,7,120,0.00500000,existing-post-synaptic,0.28799999,true
binn-hybrid-diagnostic-v2-50c8899f9bc536f0,742cb73bbfd3f82b,7,120,0.00500000,least-squares-post-synaptic,0.28799999,true
binn-hybrid-diagnostic-v2-50c8899f9bc536f0,742cb73bbfd3f82b,7,120,0.00500000,direct-terminal,0.28799999,true
binn-hybrid-diagnostic-v2-50c8899f9bc536f0,92e429653c98743e,7,120,0.00500000,existing-post-synaptic,0.26600000,true
binn-hybrid-diagnostic-v2-50c8899f9bc536f0,92e429653c98743e,7,120,0.00500000,least-squares-post-synaptic,0.26600000,true
binn-hybrid-diagnostic-v2-50c8899f9bc536f0,92e429653c98743e,7,120,0.00500000,direct-terminal,0.26600000,true
binn-hybrid-diagnostic-v2-50c8899f9bc536f0,309fa2acbc6ef055,7,120,0.00500000,existing-post-synaptic,0.24600001,true
binn-hybrid-diagnostic-v2-50c8899f9bc536f0,309fa2acbc6ef055,7,120,0.00500000,least-squares-post-synaptic,0.24600001,true
binn-hybrid-diagnostic-v2-50c8899f9bc536f0,309fa2acbc6ef055,7,120,0.00500000,direct-terminal,0.24600001,true
binn-hybrid-diagnostic-v2-50c8899f9bc536f0,5f5724d63d336c68,7,120,0.00500000,existing-post-synaptic,0.30599999,true
binn-hybrid-diagnostic-v2-50c8899f9bc536f0,5f5724d63d336c68,7,120,0.00500000,least-squares-post-synaptic,0.30599999,true
binn-hybrid-diagnostic-v2-50c8899f9bc536f0,5f5724d63d336c68,7,120,0.00500000,direct-terminal,0.30599999,true
binn-hybrid-diagnostic-v2-50c8899f9bc536f0,fd0e9e11baf9e87f,7,120,0.00500000,existing-post-synaptic,0.25000000,true
binn-hybrid-diagnostic-v2-50c8899f9bc536f0,fd0e9e11baf9e87f,7,120,0.00500000,least-squares-post-synaptic,0.25000000,true
binn-hybrid-diagnostic-v2-50c8899f9bc536f0,fd0e9e11baf9e87f,7,120,0.00500000,direct-terminal,0.25000000,true
binn-hybrid-diagnostic-v2-50c8899f9bc536f0,1bc6105b3a4e6492,7,120,0.00500000,existing-post-synaptic,0.28400001,true
binn-hybrid-diagnostic-v2-50c8899f9bc536f0,1bc6105b3a4e6492,7,120,0.00500000,least-squares-post-synaptic,0.28400001,true
binn-hybrid-diagnostic-v2-50c8899f9bc536f0,1bc6105b3a4e6492,7,120,0.00500000,direct-terminal,0.28400001,true
binn-hybrid-diagnostic-v2-50c8899f9bc536f0,b9f98982bb14e0a9,7,120,0.00500000,existing-post-synaptic,0.30000001,true
binn-hybrid-diagnostic-v2-50c8899f9bc536f0,b9f98982bb14e0a9,7,120,0.00500000,least-squares-post-synaptic,0.30000001,true
binn-hybrid-diagnostic-v2-50c8899f9bc536f0,b9f98982bb14e0a9,7,120,0.00500000,direct-terminal,0.30000001,true
binn-hybrid-diagnostic-v2-50c8899f9bc536f0,d6753df03e0d7c14,7,120,0.01500000,existing-post-synaptic,0.26800001,true
binn-hybrid-diagnostic-v2-50c8899f9bc536f0,d6753df03e0d7c14,7,120,0.01500000,least-squares-post-synaptic,0.25600001,true
binn-hybrid-diagnostic-v2-50c8899f9bc536f0,d6753df03e0d7c14,7,120,0.01500000,direct-terminal,0.27200001,true
binn-hybrid-diagnostic-v2-50c8899f9bc536f0,742cb73bbfd3f82b,7,120,0.01500000,existing-post-synaptic,0.26400000,true
binn-hybrid-diagnostic-v2-50c8899f9bc536f0,742cb73bbfd3f82b,7,120,0.01500000,least-squares-post-synaptic,0.28400001,true
binn-hybrid-diagnostic-v2-50c8899f9bc536f0,742cb73bbfd3f82b,7,120,0.01500000,direct-terminal,0.25400001,true
binn-hybrid-diagnostic-v2-50c8899f9bc536f0,92e429653c98743e,7,120,0.01500000,existing-post-synaptic,0.27800000,true
binn-hybrid-diagnostic-v2-50c8899f9bc536f0,92e429653c98743e,7,120,0.01500000,least-squares-post-synaptic,0.25999999,true
binn-hybrid-diagnostic-v2-50c8899f9bc536f0,92e429653c98743e,7,120,0.01500000,direct-terminal,0.27800000,true
binn-hybrid-diagnostic-v2-50c8899f9bc536f0,309fa2acbc6ef055,7,120,0.01500000,existing-post-synaptic,0.24600001,true
binn-hybrid-diagnostic-v2-50c8899f9bc536f0,309fa2acbc6ef055,7,120,0.01500000,least-squares-post-synaptic,0.25200000,true
binn-hybrid-diagnostic-v2-50c8899f9bc536f0,309fa2acbc6ef055,7,120,0.01500000,direct-terminal,0.25400001,true
binn-hybrid-diagnostic-v2-50c8899f9bc536f0,5f5724d63d336c68,7,120,0.01500000,existing-post-synaptic,0.30599999,true
binn-hybrid-diagnostic-v2-50c8899f9bc536f0,5f5724d63d336c68,7,120,0.01500000,least-squares-post-synaptic,0.30599999,true
binn-hybrid-diagnostic-v2-50c8899f9bc536f0,5f5724d63d336c68,7,120,0.01500000,direct-terminal,0.30599999,true
binn-hybrid-diagnostic-v2-50c8899f9bc536f0,fd0e9e11baf9e87f,7,120,0.01500000,existing-post-synaptic,0.25000000,true
binn-hybrid-diagnostic-v2-50c8899f9bc536f0,fd0e9e11baf9e87f,7,120,0.01500000,least-squares-post-synaptic,0.25999999,true
binn-hybrid-diagnostic-v2-50c8899f9bc536f0,fd0e9e11baf9e87f,7,120,0.01500000,direct-terminal,0.25600001,true
binn-hybrid-diagnostic-v2-50c8899f9bc536f0,1bc6105b3a4e6492,7,120,0.01500000,existing-post-synaptic,0.27000001,true
binn-hybrid-diagnostic-v2-50c8899f9bc536f0,1bc6105b3a4e6492,7,120,0.01500000,least-squares-post-synaptic,0.27399999,true
binn-hybrid-diagnostic-v2-50c8899f9bc536f0,1bc6105b3a4e6492,7,120,0.01500000,direct-terminal,0.29200000,true
binn-hybrid-diagnostic-v2-50c8899f9bc536f0,b9f98982bb14e0a9,7,120,0.01500000,existing-post-synaptic,0.30000001,true
binn-hybrid-diagnostic-v2-50c8899f9bc536f0,b9f98982bb14e0a9,7,120,0.01500000,least-squares-post-synaptic,0.28600001,true
binn-hybrid-diagnostic-v2-50c8899f9bc536f0,b9f98982bb14e0a9,7,120,0.01500000,direct-terminal,0.29400000,true
binn-hybrid-diagnostic-v2-50c8899f9bc536f0,d6753df03e0d7c14,7,120,0.03500000,existing-post-synaptic,0.25200000,true
binn-hybrid-diagnostic-v2-50c8899f9bc536f0,d6753df03e0d7c14,7,120,0.03500000,least-squares-post-synaptic,0.31000000,true
binn-hybrid-diagnostic-v2-50c8899f9bc536f0,d6753df03e0d7c14,7,120,0.03500000,direct-terminal,0.28000000,true
binn-hybrid-diagnostic-v2-50c8899f9bc536f0,742cb73bbfd3f82b,7,120,0.03500000,existing-post-synaptic,0.25200000,true
binn-hybrid-diagnostic-v2-50c8899f9bc536f0,742cb73bbfd3f82b,7,120,0.03500000,least-squares-post-synaptic,0.23999999,true
binn-hybrid-diagnostic-v2-50c8899f9bc536f0,742cb73bbfd3f82b,7,120,0.03500000,direct-terminal,0.25400001,true
binn-hybrid-diagnostic-v2-50c8899f9bc536f0,92e429653c98743e,7,120,0.03500000,existing-post-synaptic,0.28799999,true
binn-hybrid-diagnostic-v2-50c8899f9bc536f0,92e429653c98743e,7,120,0.03500000,least-squares-post-synaptic,0.28000000,true
binn-hybrid-diagnostic-v2-50c8899f9bc536f0,92e429653c98743e,7,120,0.03500000,direct-terminal,0.28200001,true
binn-hybrid-diagnostic-v2-50c8899f9bc536f0,309fa2acbc6ef055,7,120,0.03500000,existing-post-synaptic,0.23800001,true
binn-hybrid-diagnostic-v2-50c8899f9bc536f0,309fa2acbc6ef055,7,120,0.03500000,least-squares-post-synaptic,0.26199999,true
binn-hybrid-diagnostic-v2-50c8899f9bc536f0,309fa2acbc6ef055,7,120,0.03500000,direct-terminal,0.29200000,true
binn-hybrid-diagnostic-v2-50c8899f9bc536f0,5f5724d63d336c68,7,120,0.03500000,existing-post-synaptic,0.30599999,true
binn-hybrid-diagnostic-v2-50c8899f9bc536f0,5f5724d63d336c68,7,120,0.03500000,least-squares-post-synaptic,0.30000001,true
binn-hybrid-diagnostic-v2-50c8899f9bc536f0,5f5724d63d336c68,7,120,0.03500000,direct-terminal,0.26800001,true
binn-hybrid-diagnostic-v2-50c8899f9bc536f0,fd0e9e11baf9e87f,7,120,0.03500000,existing-post-synaptic,0.29800001,true
binn-hybrid-diagnostic-v2-50c8899f9bc536f0,fd0e9e11baf9e87f,7,120,0.03500000,least-squares-post-synaptic,0.25999999,true
binn-hybrid-diagnostic-v2-50c8899f9bc536f0,fd0e9e11baf9e87f,7,120,0.03500000,direct-terminal,0.26199999,true
binn-hybrid-diagnostic-v2-50c8899f9bc536f0,1bc6105b3a4e6492,7,120,0.03500000,existing-post-synaptic,0.26600000,true
binn-hybrid-diagnostic-v2-50c8899f9bc536f0,1bc6105b3a4e6492,7,120,0.03500000,least-squares-post-synaptic,0.25799999,true
binn-hybrid-diagnostic-v2-50c8899f9bc536f0,1bc6105b3a4e6492,7,120,0.03500000,direct-terminal,0.27200001,true
binn-hybrid-diagnostic-v2-50c8899f9bc536f0,b9f98982bb14e0a9,7,120,0.03500000,existing-post-synaptic,0.28799999,true
binn-hybrid-diagnostic-v2-50c8899f9bc536f0,b9f98982bb14e0a9,7,120,0.03500000,least-squares-post-synaptic,0.24400000,true
binn-hybrid-diagnostic-v2-50c8899f9bc536f0,b9f98982bb14e0a9,7,120,0.03500000,direct-terminal,0.29800001,true
binn-hybrid-diagnostic-v2-50c8899f9bc536f0,d6753df03e0d7c14,7,120,0.07000000,existing-post-synaptic,0.24800000,true
binn-hybrid-diagnostic-v2-50c8899f9bc536f0,d6753df03e0d7c14,7,120,0.07000000,least-squares-post-synaptic,0.23000000,true
binn-hybrid-diagnostic-v2-50c8899f9bc536f0,d6753df03e0d7c14,7,120,0.07000000,direct-terminal,0.25600001,true
binn-hybrid-diagnostic-v2-50c8899f9bc536f0,742cb73bbfd3f82b,7,120,0.07000000,existing-post-synaptic,0.23600000,true
binn-hybrid-diagnostic-v2-50c8899f9bc536f0,742cb73bbfd3f82b,7,120,0.07000000,least-squares-post-synaptic,0.23999999,true
binn-hybrid-diagnostic-v2-50c8899f9bc536f0,742cb73bbfd3f82b,7,120,0.07000000,direct-terminal,0.22600000,true
binn-hybrid-diagnostic-v2-50c8899f9bc536f0,92e429653c98743e,7,120,0.07000000,existing-post-synaptic,0.23800001,true
binn-hybrid-diagnostic-v2-50c8899f9bc536f0,92e429653c98743e,7,120,0.07000000,least-squares-post-synaptic,0.29600000,true
binn-hybrid-diagnostic-v2-50c8899f9bc536f0,92e429653c98743e,7,120,0.07000000,direct-terminal,0.25600001,true
binn-hybrid-diagnostic-v2-50c8899f9bc536f0,309fa2acbc6ef055,7,120,0.07000000,existing-post-synaptic,0.24800000,true
binn-hybrid-diagnostic-v2-50c8899f9bc536f0,309fa2acbc6ef055,7,120,0.07000000,least-squares-post-synaptic,0.26600000,true
binn-hybrid-diagnostic-v2-50c8899f9bc536f0,309fa2acbc6ef055,7,120,0.07000000,direct-terminal,0.23199999,true
binn-hybrid-diagnostic-v2-50c8899f9bc536f0,5f5724d63d336c68,7,120,0.07000000,existing-post-synaptic,0.30599999,true
binn-hybrid-diagnostic-v2-50c8899f9bc536f0,5f5724d63d336c68,7,120,0.07000000,least-squares-post-synaptic,0.27599999,true
binn-hybrid-diagnostic-v2-50c8899f9bc536f0,5f5724d63d336c68,7,120,0.07000000,direct-terminal,0.27000001,true
binn-hybrid-diagnostic-v2-50c8899f9bc536f0,fd0e9e11baf9e87f,7,120,0.07000000,existing-post-synaptic,0.25600001,true
binn-hybrid-diagnostic-v2-50c8899f9bc536f0,fd0e9e11baf9e87f,7,120,0.07000000,least-squares-post-synaptic,0.24800000,true
binn-hybrid-diagnostic-v2-50c8899f9bc536f0,fd0e9e11baf9e87f,7,120,0.07000000,direct-terminal,0.21200000,true
binn-hybrid-diagnostic-v2-50c8899f9bc536f0,1bc6105b3a4e6492,7,120,0.07000000,existing-post-synaptic,0.28400001,true
binn-hybrid-diagnostic-v2-50c8899f9bc536f0,1bc6105b3a4e6492,7,120,0.07000000,least-squares-post-synaptic,0.22000000,true
binn-hybrid-diagnostic-v2-50c8899f9bc536f0,1bc6105b3a4e6492,7,120,0.07000000,direct-terminal,0.25600001,true
binn-hybrid-diagnostic-v2-50c8899f9bc536f0,b9f98982bb14e0a9,7,120,0.07000000,existing-post-synaptic,0.27800000,true
binn-hybrid-diagnostic-v2-50c8899f9bc536f0,b9f98982bb14e0a9,7,120,0.07000000,least-squares-post-synaptic,0.22600000,true
binn-hybrid-diagnostic-v2-50c8899f9bc536f0,b9f98982bb14e0a9,7,120,0.07000000,direct-terminal,0.23800001,true
binn-hybrid-diagnostic-v2-50c8899f9bc536f0,d6753df03e0d7c14,7,480,0.00500000,existing-post-synaptic,0.26800001,true
binn-hybrid-diagnostic-v2-50c8899f9bc536f0,d6753df03e0d7c14,7,480,0.00500000,least-squares-post-synaptic,0.26400000,true
binn-hybrid-diagnostic-v2-50c8899f9bc536f0,d6753df03e0d7c14,7,480,0.00500000,direct-terminal,0.28000000,true
binn-hybrid-diagnostic-v2-50c8899f9bc536f0,742cb73bbfd3f82b,7,480,0.00500000,existing-post-synaptic,0.28799999,true
binn-hybrid-diagnostic-v2-50c8899f9bc536f0,742cb73bbfd3f82b,7,480,0.00500000,least-squares-post-synaptic,0.29600000,true
binn-hybrid-diagnostic-v2-50c8899f9bc536f0,742cb73bbfd3f82b,7,480,0.00500000,direct-terminal,0.29400000,true
binn-hybrid-diagnostic-v2-50c8899f9bc536f0,92e429653c98743e,7,480,0.00500000,existing-post-synaptic,0.26600000,true
binn-hybrid-diagnostic-v2-50c8899f9bc536f0,92e429653c98743e,7,480,0.00500000,least-squares-post-synaptic,0.25000000,true
binn-hybrid-diagnostic-v2-50c8899f9bc536f0,92e429653c98743e,7,480,0.00500000,direct-terminal,0.25999999,true
binn-hybrid-diagnostic-v2-50c8899f9bc536f0,309fa2acbc6ef055,7,480,0.00500000,existing-post-synaptic,0.24600001,true
binn-hybrid-diagnostic-v2-50c8899f9bc536f0,309fa2acbc6ef055,7,480,0.00500000,least-squares-post-synaptic,0.24600001,true
binn-hybrid-diagnostic-v2-50c8899f9bc536f0,309fa2acbc6ef055,7,480,0.00500000,direct-terminal,0.25999999,true
binn-hybrid-diagnostic-v2-50c8899f9bc536f0,5f5724d63d336c68,7,480,0.00500000,existing-post-synaptic,0.30599999,true
binn-hybrid-diagnostic-v2-50c8899f9bc536f0,5f5724d63d336c68,7,480,0.00500000,least-squares-post-synaptic,0.30599999,true
binn-hybrid-diagnostic-v2-50c8899f9bc536f0,5f5724d63d336c68,7,480,0.00500000,direct-terminal,0.30599999,true
binn-hybrid-diagnostic-v2-50c8899f9bc536f0,fd0e9e11baf9e87f,7,480,0.00500000,existing-post-synaptic,0.25000000,true
binn-hybrid-diagnostic-v2-50c8899f9bc536f0,fd0e9e11baf9e87f,7,480,0.00500000,least-squares-post-synaptic,0.25000000,true
binn-hybrid-diagnostic-v2-50c8899f9bc536f0,fd0e9e11baf9e87f,7,480,0.00500000,direct-terminal,0.25000000,true
binn-hybrid-diagnostic-v2-50c8899f9bc536f0,1bc6105b3a4e6492,7,480,0.00500000,existing-post-synaptic,0.28400001,true
binn-hybrid-diagnostic-v2-50c8899f9bc536f0,1bc6105b3a4e6492,7,480,0.00500000,least-squares-post-synaptic,0.28400001,true
binn-hybrid-diagnostic-v2-50c8899f9bc536f0,1bc6105b3a4e6492,7,480,0.00500000,direct-terminal,0.28400001,true
binn-hybrid-diagnostic-v2-50c8899f9bc536f0,b9f98982bb14e0a9,7,480,0.00500000,existing-post-synaptic,0.30000001,true
binn-hybrid-diagnostic-v2-50c8899f9bc536f0,b9f98982bb14e0a9,7,480,0.00500000,least-squares-post-synaptic,0.31400001,true
binn-hybrid-diagnostic-v2-50c8899f9bc536f0,b9f98982bb14e0a9,7,480,0.00500000,direct-terminal,0.31400001,true
binn-hybrid-diagnostic-v2-50c8899f9bc536f0,d6753df03e0d7c14,7,480,0.01500000,existing-post-synaptic,0.26199999,true
binn-hybrid-diagnostic-v2-50c8899f9bc536f0,d6753df03e0d7c14,7,480,0.01500000,least-squares-post-synaptic,0.27000001,true
binn-hybrid-diagnostic-v2-50c8899f9bc536f0,d6753df03e0d7c14,7,480,0.01500000,direct-terminal,0.28400001,true
binn-hybrid-diagnostic-v2-50c8899f9bc536f0,742cb73bbfd3f82b,7,480,0.01500000,existing-post-synaptic,0.27000001,true
binn-hybrid-diagnostic-v2-50c8899f9bc536f0,742cb73bbfd3f82b,7,480,0.01500000,least-squares-post-synaptic,0.25200000,true
binn-hybrid-diagnostic-v2-50c8899f9bc536f0,742cb73bbfd3f82b,7,480,0.01500000,direct-terminal,0.22400001,true
binn-hybrid-diagnostic-v2-50c8899f9bc536f0,92e429653c98743e,7,480,0.01500000,existing-post-synaptic,0.27800000,true
binn-hybrid-diagnostic-v2-50c8899f9bc536f0,92e429653c98743e,7,480,0.01500000,least-squares-post-synaptic,0.27200001,true
binn-hybrid-diagnostic-v2-50c8899f9bc536f0,92e429653c98743e,7,480,0.01500000,direct-terminal,0.25000000,true
binn-hybrid-diagnostic-v2-50c8899f9bc536f0,309fa2acbc6ef055,7,480,0.01500000,existing-post-synaptic,0.24600001,true
binn-hybrid-diagnostic-v2-50c8899f9bc536f0,309fa2acbc6ef055,7,480,0.01500000,least-squares-post-synaptic,0.28799999,true
binn-hybrid-diagnostic-v2-50c8899f9bc536f0,309fa2acbc6ef055,7,480,0.01500000,direct-terminal,0.27200001,true
binn-hybrid-diagnostic-v2-50c8899f9bc536f0,5f5724d63d336c68,7,480,0.01500000,existing-post-synaptic,0.30599999,true
binn-hybrid-diagnostic-v2-50c8899f9bc536f0,5f5724d63d336c68,7,480,0.01500000,least-squares-post-synaptic,0.31799999,true
binn-hybrid-diagnostic-v2-50c8899f9bc536f0,5f5724d63d336c68,7,480,0.01500000,direct-terminal,0.32400000,true
binn-hybrid-diagnostic-v2-50c8899f9bc536f0,fd0e9e11baf9e87f,7,480,0.01500000,existing-post-synaptic,0.25000000,true
binn-hybrid-diagnostic-v2-50c8899f9bc536f0,fd0e9e11baf9e87f,7,480,0.01500000,least-squares-post-synaptic,0.25400001,true
binn-hybrid-diagnostic-v2-50c8899f9bc536f0,fd0e9e11baf9e87f,7,480,0.01500000,direct-terminal,0.25799999,true
binn-hybrid-diagnostic-v2-50c8899f9bc536f0,1bc6105b3a4e6492,7,480,0.01500000,existing-post-synaptic,0.27000001,true
binn-hybrid-diagnostic-v2-50c8899f9bc536f0,1bc6105b3a4e6492,7,480,0.01500000,least-squares-post-synaptic,0.29800001,true
binn-hybrid-diagnostic-v2-50c8899f9bc536f0,1bc6105b3a4e6492,7,480,0.01500000,direct-terminal,0.28000000,true
binn-hybrid-diagnostic-v2-50c8899f9bc536f0,b9f98982bb14e0a9,7,480,0.01500000,existing-post-synaptic,0.30000001,true
binn-hybrid-diagnostic-v2-50c8899f9bc536f0,b9f98982bb14e0a9,7,480,0.01500000,least-squares-post-synaptic,0.32200000,true
binn-hybrid-diagnostic-v2-50c8899f9bc536f0,b9f98982bb14e0a9,7,480,0.01500000,direct-terminal,0.33600000,true
binn-hybrid-diagnostic-v2-50c8899f9bc536f0,d6753df03e0d7c14,7,480,0.03500000,existing-post-synaptic,0.26199999,true
binn-hybrid-diagnostic-v2-50c8899f9bc536f0,d6753df03e0d7c14,7,480,0.03500000,least-squares-post-synaptic,0.28000000,true
binn-hybrid-diagnostic-v2-50c8899f9bc536f0,d6753df03e0d7c14,7,480,0.03500000,direct-terminal,0.27000001,true
binn-hybrid-diagnostic-v2-50c8899f9bc536f0,742cb73bbfd3f82b,7,480,0.03500000,existing-post-synaptic,0.24800000,true
binn-hybrid-diagnostic-v2-50c8899f9bc536f0,742cb73bbfd3f82b,7,480,0.03500000,least-squares-post-synaptic,0.24400000,true
binn-hybrid-diagnostic-v2-50c8899f9bc536f0,742cb73bbfd3f82b,7,480,0.03500000,direct-terminal,0.22600000,true
binn-hybrid-diagnostic-v2-50c8899f9bc536f0,92e429653c98743e,7,480,0.03500000,existing-post-synaptic,0.25600001,true
binn-hybrid-diagnostic-v2-50c8899f9bc536f0,92e429653c98743e,7,480,0.03500000,least-squares-post-synaptic,0.23600000,true
binn-hybrid-diagnostic-v2-50c8899f9bc536f0,92e429653c98743e,7,480,0.03500000,direct-terminal,0.27800000,true
binn-hybrid-diagnostic-v2-50c8899f9bc536f0,309fa2acbc6ef055,7,480,0.03500000,existing-post-synaptic,0.23400000,true
binn-hybrid-diagnostic-v2-50c8899f9bc536f0,309fa2acbc6ef055,7,480,0.03500000,least-squares-post-synaptic,0.27800000,true
binn-hybrid-diagnostic-v2-50c8899f9bc536f0,309fa2acbc6ef055,7,480,0.03500000,direct-terminal,0.26400000,true
binn-hybrid-diagnostic-v2-50c8899f9bc536f0,5f5724d63d336c68,7,480,0.03500000,existing-post-synaptic,0.30599999,true
binn-hybrid-diagnostic-v2-50c8899f9bc536f0,5f5724d63d336c68,7,480,0.03500000,least-squares-post-synaptic,0.29800001,true
binn-hybrid-diagnostic-v2-50c8899f9bc536f0,5f5724d63d336c68,7,480,0.03500000,direct-terminal,0.29200000,true
binn-hybrid-diagnostic-v2-50c8899f9bc536f0,fd0e9e11baf9e87f,7,480,0.03500000,existing-post-synaptic,0.29800001,true
binn-hybrid-diagnostic-v2-50c8899f9bc536f0,fd0e9e11baf9e87f,7,480,0.03500000,least-squares-post-synaptic,0.21600001,true
binn-hybrid-diagnostic-v2-50c8899f9bc536f0,fd0e9e11baf9e87f,7,480,0.03500000,direct-terminal,0.25999999,true
binn-hybrid-diagnostic-v2-50c8899f9bc536f0,1bc6105b3a4e6492,7,480,0.03500000,existing-post-synaptic,0.29200000,true
binn-hybrid-diagnostic-v2-50c8899f9bc536f0,1bc6105b3a4e6492,7,480,0.03500000,least-squares-post-synaptic,0.29800001,true
binn-hybrid-diagnostic-v2-50c8899f9bc536f0,1bc6105b3a4e6492,7,480,0.03500000,direct-terminal,0.25600001,true
binn-hybrid-diagnostic-v2-50c8899f9bc536f0,b9f98982bb14e0a9,7,480,0.03500000,existing-post-synaptic,0.28200001,true
binn-hybrid-diagnostic-v2-50c8899f9bc536f0,b9f98982bb14e0a9,7,480,0.03500000,least-squares-post-synaptic,0.27800000,true
binn-hybrid-diagnostic-v2-50c8899f9bc536f0,b9f98982bb14e0a9,7,480,0.03500000,direct-terminal,0.32200000,true
binn-hybrid-diagnostic-v2-50c8899f9bc536f0,d6753df03e0d7c14,7,480,0.07000000,existing-post-synaptic,0.28600001,true
binn-hybrid-diagnostic-v2-50c8899f9bc536f0,d6753df03e0d7c14,7,480,0.07000000,least-squares-post-synaptic,0.27399999,true
binn-hybrid-diagnostic-v2-50c8899f9bc536f0,d6753df03e0d7c14,7,480,0.07000000,direct-terminal,0.26600000,true
binn-hybrid-diagnostic-v2-50c8899f9bc536f0,742cb73bbfd3f82b,7,480,0.07000000,existing-post-synaptic,0.28799999,true
binn-hybrid-diagnostic-v2-50c8899f9bc536f0,742cb73bbfd3f82b,7,480,0.07000000,least-squares-post-synaptic,0.26400000,true
binn-hybrid-diagnostic-v2-50c8899f9bc536f0,742cb73bbfd3f82b,7,480,0.07000000,direct-terminal,0.25400001,true
binn-hybrid-diagnostic-v2-50c8899f9bc536f0,92e429653c98743e,7,480,0.07000000,existing-post-synaptic,0.25999999,true
binn-hybrid-diagnostic-v2-50c8899f9bc536f0,92e429653c98743e,7,480,0.07000000,least-squares-post-synaptic,0.23600000,true
binn-hybrid-diagnostic-v2-50c8899f9bc536f0,92e429653c98743e,7,480,0.07000000,direct-terminal,0.33600000,true
binn-hybrid-diagnostic-v2-50c8899f9bc536f0,309fa2acbc6ef055,7,480,0.07000000,existing-post-synaptic,0.26400000,true
binn-hybrid-diagnostic-v2-50c8899f9bc536f0,309fa2acbc6ef055,7,480,0.07000000,least-squares-post-synaptic,0.26600000,true
binn-hybrid-diagnostic-v2-50c8899f9bc536f0,309fa2acbc6ef055,7,480,0.07000000,direct-terminal,0.24400000,true
binn-hybrid-diagnostic-v2-50c8899f9bc536f0,5f5724d63d336c68,7,480,0.07000000,existing-post-synaptic,0.25799999,true
binn-hybrid-diagnostic-v2-50c8899f9bc536f0,5f5724d63d336c68,7,480,0.07000000,least-squares-post-synaptic,0.29600000,true
binn-hybrid-diagnostic-v2-50c8899f9bc536f0,5f5724d63d336c68,7,480,0.07000000,direct-terminal,0.26199999,true
binn-hybrid-diagnostic-v2-50c8899f9bc536f0,fd0e9e11baf9e87f,7,480,0.07000000,existing-post-synaptic,0.23800001,true
binn-hybrid-diagnostic-v2-50c8899f9bc536f0,fd0e9e11baf9e87f,7,480,0.07000000,least-squares-post-synaptic,0.28600001,true
binn-hybrid-diagnostic-v2-50c8899f9bc536f0,fd0e9e11baf9e87f,7,480,0.07000000,direct-terminal,0.27399999,true
binn-hybrid-diagnostic-v2-50c8899f9bc536f0,1bc6105b3a4e6492,7,480,0.07000000,existing-post-synaptic,0.24800000,true
binn-hybrid-diagnostic-v2-50c8899f9bc536f0,1bc6105b3a4e6492,7,480,0.07000000,least-squares-post-synaptic,0.22200000,true
binn-hybrid-diagnostic-v2-50c8899f9bc536f0,1bc6105b3a4e6492,7,480,0.07000000,direct-terminal,0.28799999,true
binn-hybrid-diagnostic-v2-50c8899f9bc536f0,b9f98982bb14e0a9,7,480,0.07000000,existing-post-synaptic,0.24400000,true
binn-hybrid-diagnostic-v2-50c8899f9bc536f0,b9f98982bb14e0a9,7,480,0.07000000,least-squares-post-synaptic,0.28400001,true
binn-hybrid-diagnostic-v2-50c8899f9bc536f0,b9f98982bb14e0a9,7,480,0.07000000,direct-terminal,0.29200000,true
binn-hybrid-diagnostic-v2-50c8899f9bc536f0,d6753df03e0d7c14,7,1920,0.00500000,existing-post-synaptic,0.26800001,true
binn-hybrid-diagnostic-v2-50c8899f9bc536f0,d6753df03e0d7c14,7,1920,0.00500000,least-squares-post-synaptic,0.27800000,true
binn-hybrid-diagnostic-v2-50c8899f9bc536f0,d6753df03e0d7c14,7,1920,0.00500000,direct-terminal,0.28999999,true
binn-hybrid-diagnostic-v2-50c8899f9bc536f0,742cb73bbfd3f82b,7,1920,0.00500000,existing-post-synaptic,0.28799999,true
binn-hybrid-diagnostic-v2-50c8899f9bc536f0,742cb73bbfd3f82b,7,1920,0.00500000,least-squares-post-synaptic,0.29800001,true
binn-hybrid-diagnostic-v2-50c8899f9bc536f0,742cb73bbfd3f82b,7,1920,0.00500000,direct-terminal,0.33199999,true
binn-hybrid-diagnostic-v2-50c8899f9bc536f0,92e429653c98743e,7,1920,0.00500000,existing-post-synaptic,0.26600000,true
binn-hybrid-diagnostic-v2-50c8899f9bc536f0,92e429653c98743e,7,1920,0.00500000,least-squares-post-synaptic,0.28999999,true
binn-hybrid-diagnostic-v2-50c8899f9bc536f0,92e429653c98743e,7,1920,0.00500000,direct-terminal,0.28200001,true
binn-hybrid-diagnostic-v2-50c8899f9bc536f0,309fa2acbc6ef055,7,1920,0.00500000,existing-post-synaptic,0.24600001,true
binn-hybrid-diagnostic-v2-50c8899f9bc536f0,309fa2acbc6ef055,7,1920,0.00500000,least-squares-post-synaptic,0.26400000,true
binn-hybrid-diagnostic-v2-50c8899f9bc536f0,309fa2acbc6ef055,7,1920,0.00500000,direct-terminal,0.25400001,true
binn-hybrid-diagnostic-v2-50c8899f9bc536f0,5f5724d63d336c68,7,1920,0.00500000,existing-post-synaptic,0.30599999,true
binn-hybrid-diagnostic-v2-50c8899f9bc536f0,5f5724d63d336c68,7,1920,0.00500000,least-squares-post-synaptic,0.30000001,true
binn-hybrid-diagnostic-v2-50c8899f9bc536f0,5f5724d63d336c68,7,1920,0.00500000,direct-terminal,0.28799999,true
binn-hybrid-diagnostic-v2-50c8899f9bc536f0,fd0e9e11baf9e87f,7,1920,0.00500000,existing-post-synaptic,0.25000000,true
binn-hybrid-diagnostic-v2-50c8899f9bc536f0,fd0e9e11baf9e87f,7,1920,0.00500000,least-squares-post-synaptic,0.27399999,true
binn-hybrid-diagnostic-v2-50c8899f9bc536f0,fd0e9e11baf9e87f,7,1920,0.00500000,direct-terminal,0.29800001,true
binn-hybrid-diagnostic-v2-50c8899f9bc536f0,1bc6105b3a4e6492,7,1920,0.00500000,existing-post-synaptic,0.28400001,true
binn-hybrid-diagnostic-v2-50c8899f9bc536f0,1bc6105b3a4e6492,7,1920,0.00500000,least-squares-post-synaptic,0.31200001,true
binn-hybrid-diagnostic-v2-50c8899f9bc536f0,1bc6105b3a4e6492,7,1920,0.00500000,direct-terminal,0.31799999,true
binn-hybrid-diagnostic-v2-50c8899f9bc536f0,b9f98982bb14e0a9,7,1920,0.00500000,existing-post-synaptic,0.30000001,true
binn-hybrid-diagnostic-v2-50c8899f9bc536f0,b9f98982bb14e0a9,7,1920,0.00500000,least-squares-post-synaptic,0.33600000,true
binn-hybrid-diagnostic-v2-50c8899f9bc536f0,b9f98982bb14e0a9,7,1920,0.00500000,direct-terminal,0.28600001,true
binn-hybrid-diagnostic-v2-50c8899f9bc536f0,d6753df03e0d7c14,7,1920,0.01500000,existing-post-synaptic,0.27000001,true
binn-hybrid-diagnostic-v2-50c8899f9bc536f0,d6753df03e0d7c14,7,1920,0.01500000,least-squares-post-synaptic,0.31600001,true
binn-hybrid-diagnostic-v2-50c8899f9bc536f0,d6753df03e0d7c14,7,1920,0.01500000,direct-terminal,0.30800000,true
binn-hybrid-diagnostic-v2-50c8899f9bc536f0,742cb73bbfd3f82b,7,1920,0.01500000,existing-post-synaptic,0.26400000,true
binn-hybrid-diagnostic-v2-50c8899f9bc536f0,742cb73bbfd3f82b,7,1920,0.01500000,least-squares-post-synaptic,0.28799999,true
binn-hybrid-diagnostic-v2-50c8899f9bc536f0,742cb73bbfd3f82b,7,1920,0.01500000,direct-terminal,0.26400000,true
binn-hybrid-diagnostic-v2-50c8899f9bc536f0,92e429653c98743e,7,1920,0.01500000,existing-post-synaptic,0.27399999,true
binn-hybrid-diagnostic-v2-50c8899f9bc536f0,92e429653c98743e,7,1920,0.01500000,least-squares-post-synaptic,0.28799999,true
binn-hybrid-diagnostic-v2-50c8899f9bc536f0,92e429653c98743e,7,1920,0.01500000,direct-terminal,0.33600000,true
binn-hybrid-diagnostic-v2-50c8899f9bc536f0,309fa2acbc6ef055,7,1920,0.01500000,existing-post-synaptic,0.27200001,true
binn-hybrid-diagnostic-v2-50c8899f9bc536f0,309fa2acbc6ef055,7,1920,0.01500000,least-squares-post-synaptic,0.28600001,true
binn-hybrid-diagnostic-v2-50c8899f9bc536f0,309fa2acbc6ef055,7,1920,0.01500000,direct-terminal,0.28200001,true
binn-hybrid-diagnostic-v2-50c8899f9bc536f0,5f5724d63d336c68,7,1920,0.01500000,existing-post-synaptic,0.30599999,true
binn-hybrid-diagnostic-v2-50c8899f9bc536f0,5f5724d63d336c68,7,1920,0.01500000,least-squares-post-synaptic,0.26400000,true
binn-hybrid-diagnostic-v2-50c8899f9bc536f0,5f5724d63d336c68,7,1920,0.01500000,direct-terminal,0.30000001,true
binn-hybrid-diagnostic-v2-50c8899f9bc536f0,fd0e9e11baf9e87f,7,1920,0.01500000,existing-post-synaptic,0.23199999,true
binn-hybrid-diagnostic-v2-50c8899f9bc536f0,fd0e9e11baf9e87f,7,1920,0.01500000,least-squares-post-synaptic,0.26400000,true
binn-hybrid-diagnostic-v2-50c8899f9bc536f0,fd0e9e11baf9e87f,7,1920,0.01500000,direct-terminal,0.36399999,true
binn-hybrid-diagnostic-v2-50c8899f9bc536f0,1bc6105b3a4e6492,7,1920,0.01500000,existing-post-synaptic,0.27399999,true
binn-hybrid-diagnostic-v2-50c8899f9bc536f0,1bc6105b3a4e6492,7,1920,0.01500000,least-squares-post-synaptic,0.34000000,true
binn-hybrid-diagnostic-v2-50c8899f9bc536f0,1bc6105b3a4e6492,7,1920,0.01500000,direct-terminal,0.31999999,true
binn-hybrid-diagnostic-v2-50c8899f9bc536f0,b9f98982bb14e0a9,7,1920,0.01500000,existing-post-synaptic,0.31799999,true
binn-hybrid-diagnostic-v2-50c8899f9bc536f0,b9f98982bb14e0a9,7,1920,0.01500000,least-squares-post-synaptic,0.30000001,true
binn-hybrid-diagnostic-v2-50c8899f9bc536f0,b9f98982bb14e0a9,7,1920,0.01500000,direct-terminal,0.25799999,true
binn-hybrid-diagnostic-v2-50c8899f9bc536f0,d6753df03e0d7c14,7,1920,0.03500000,existing-post-synaptic,0.25799999,true
binn-hybrid-diagnostic-v2-50c8899f9bc536f0,d6753df03e0d7c14,7,1920,0.03500000,least-squares-post-synaptic,0.28600001,true
binn-hybrid-diagnostic-v2-50c8899f9bc536f0,d6753df03e0d7c14,7,1920,0.03500000,direct-terminal,0.36600000,true
binn-hybrid-diagnostic-v2-50c8899f9bc536f0,742cb73bbfd3f82b,7,1920,0.03500000,existing-post-synaptic,0.25400001,true
binn-hybrid-diagnostic-v2-50c8899f9bc536f0,742cb73bbfd3f82b,7,1920,0.03500000,least-squares-post-synaptic,0.31600001,true
binn-hybrid-diagnostic-v2-50c8899f9bc536f0,742cb73bbfd3f82b,7,1920,0.03500000,direct-terminal,0.38200000,true
binn-hybrid-diagnostic-v2-50c8899f9bc536f0,92e429653c98743e,7,1920,0.03500000,existing-post-synaptic,0.25600001,true
binn-hybrid-diagnostic-v2-50c8899f9bc536f0,92e429653c98743e,7,1920,0.03500000,least-squares-post-synaptic,0.29200000,true
binn-hybrid-diagnostic-v2-50c8899f9bc536f0,92e429653c98743e,7,1920,0.03500000,direct-terminal,0.30000001,true
binn-hybrid-diagnostic-v2-50c8899f9bc536f0,309fa2acbc6ef055,7,1920,0.03500000,existing-post-synaptic,0.25999999,true
binn-hybrid-diagnostic-v2-50c8899f9bc536f0,309fa2acbc6ef055,7,1920,0.03500000,least-squares-post-synaptic,0.30199999,true
binn-hybrid-diagnostic-v2-50c8899f9bc536f0,309fa2acbc6ef055,7,1920,0.03500000,direct-terminal,0.34799999,true
binn-hybrid-diagnostic-v2-50c8899f9bc536f0,5f5724d63d336c68,7,1920,0.03500000,existing-post-synaptic,0.30199999,true
binn-hybrid-diagnostic-v2-50c8899f9bc536f0,5f5724d63d336c68,7,1920,0.03500000,least-squares-post-synaptic,0.28200001,true
binn-hybrid-diagnostic-v2-50c8899f9bc536f0,5f5724d63d336c68,7,1920,0.03500000,direct-terminal,0.31999999,true
binn-hybrid-diagnostic-v2-50c8899f9bc536f0,fd0e9e11baf9e87f,7,1920,0.03500000,existing-post-synaptic,0.30000001,true
binn-hybrid-diagnostic-v2-50c8899f9bc536f0,fd0e9e11baf9e87f,7,1920,0.03500000,least-squares-post-synaptic,0.30399999,true
binn-hybrid-diagnostic-v2-50c8899f9bc536f0,fd0e9e11baf9e87f,7,1920,0.03500000,direct-terminal,0.37599999,true
binn-hybrid-diagnostic-v2-50c8899f9bc536f0,1bc6105b3a4e6492,7,1920,0.03500000,existing-post-synaptic,0.25799999,true
binn-hybrid-diagnostic-v2-50c8899f9bc536f0,1bc6105b3a4e6492,7,1920,0.03500000,least-squares-post-synaptic,0.29400000,true
binn-hybrid-diagnostic-v2-50c8899f9bc536f0,1bc6105b3a4e6492,7,1920,0.03500000,direct-terminal,0.32400000,true
binn-hybrid-diagnostic-v2-50c8899f9bc536f0,b9f98982bb14e0a9,7,1920,0.03500000,existing-post-synaptic,0.29600000,true
binn-hybrid-diagnostic-v2-50c8899f9bc536f0,b9f98982bb14e0a9,7,1920,0.03500000,least-squares-post-synaptic,0.30800000,true
binn-hybrid-diagnostic-v2-50c8899f9bc536f0,b9f98982bb14e0a9,7,1920,0.03500000,direct-terminal,0.25600001,true
binn-hybrid-diagnostic-v2-50c8899f9bc536f0,d6753df03e0d7c14,7,1920,0.07000000,existing-post-synaptic,0.27200001,true
binn-hybrid-diagnostic-v2-50c8899f9bc536f0,d6753df03e0d7c14,7,1920,0.07000000,least-squares-post-synaptic,0.24200000,true
binn-hybrid-diagnostic-v2-50c8899f9bc536f0,d6753df03e0d7c14,7,1920,0.07000000,direct-terminal,0.32400000,true
binn-hybrid-diagnostic-v2-50c8899f9bc536f0,742cb73bbfd3f82b,7,1920,0.07000000,existing-post-synaptic,0.26800001,true
binn-hybrid-diagnostic-v2-50c8899f9bc536f0,742cb73bbfd3f82b,7,1920,0.07000000,least-squares-post-synaptic,0.26800001,true
binn-hybrid-diagnostic-v2-50c8899f9bc536f0,742cb73bbfd3f82b,7,1920,0.07000000,direct-terminal,0.26600000,true
binn-hybrid-diagnostic-v2-50c8899f9bc536f0,92e429653c98743e,7,1920,0.07000000,existing-post-synaptic,0.26600000,true
binn-hybrid-diagnostic-v2-50c8899f9bc536f0,92e429653c98743e,7,1920,0.07000000,least-squares-post-synaptic,0.31600001,true
binn-hybrid-diagnostic-v2-50c8899f9bc536f0,92e429653c98743e,7,1920,0.07000000,direct-terminal,0.21600001,true
binn-hybrid-diagnostic-v2-50c8899f9bc536f0,309fa2acbc6ef055,7,1920,0.07000000,existing-post-synaptic,0.26400000,true
binn-hybrid-diagnostic-v2-50c8899f9bc536f0,309fa2acbc6ef055,7,1920,0.07000000,least-squares-post-synaptic,0.31200001,true
binn-hybrid-diagnostic-v2-50c8899f9bc536f0,309fa2acbc6ef055,7,1920,0.07000000,direct-terminal,0.26199999,true
binn-hybrid-diagnostic-v2-50c8899f9bc536f0,5f5724d63d336c68,7,1920,0.07000000,existing-post-synaptic,0.26199999,true
binn-hybrid-diagnostic-v2-50c8899f9bc536f0,5f5724d63d336c68,7,1920,0.07000000,least-squares-post-synaptic,0.22200000,true
binn-hybrid-diagnostic-v2-50c8899f9bc536f0,5f5724d63d336c68,7,1920,0.07000000,direct-terminal,0.32800001,true
binn-hybrid-diagnostic-v2-50c8899f9bc536f0,fd0e9e11baf9e87f,7,1920,0.07000000,existing-post-synaptic,0.22800000,true
binn-hybrid-diagnostic-v2-50c8899f9bc536f0,fd0e9e11baf9e87f,7,1920,0.07000000,least-squares-post-synaptic,0.31200001,true
binn-hybrid-diagnostic-v2-50c8899f9bc536f0,fd0e9e11baf9e87f,7,1920,0.07000000,direct-terminal,0.22600000,true
binn-hybrid-diagnostic-v2-50c8899f9bc536f0,1bc6105b3a4e6492,7,1920,0.07000000,existing-post-synaptic,0.27599999,true
binn-hybrid-diagnostic-v2-50c8899f9bc536f0,1bc6105b3a4e6492,7,1920,0.07000000,least-squares-post-synaptic,0.27000001,true
binn-hybrid-diagnostic-v2-50c8899f9bc536f0,1bc6105b3a4e6492,7,1920,0.07000000,direct-terminal,0.30399999,true
binn-hybrid-diagnostic-v2-50c8899f9bc536f0,b9f98982bb14e0a9,7,1920,0.07000000,existing-post-synaptic,0.27200001,true
binn-hybrid-diagnostic-v2-50c8899f9bc536f0,b9f98982bb14e0a9,7,1920,0.07000000,least-squares-post-synaptic,0.26400000,true
binn-hybrid-diagnostic-v2-50c8899f9bc536f0,b9f98982bb14e0a9,7,1920,0.07000000,direct-terminal,0.28600001,true
binn-hybrid-diagnostic-v2-50c8899f9bc536f0,d6753df03e0d7c14,8,120,0.00500000,existing-post-synaptic,0.23400000,true
binn-hybrid-diagnostic-v2-50c8899f9bc536f0,d6753df03e0d7c14,8,120,0.00500000,least-squares-post-synaptic,0.22600000,true
binn-hybrid-diagnostic-v2-50c8899f9bc536f0,d6753df03e0d7c14,8,120,0.00500000,direct-terminal,0.22400001,true
binn-hybrid-diagnostic-v2-50c8899f9bc536f0,742cb73bbfd3f82b,8,120,0.00500000,existing-post-synaptic,0.21600001,true
binn-hybrid-diagnostic-v2-50c8899f9bc536f0,742cb73bbfd3f82b,8,120,0.00500000,least-squares-post-synaptic,0.21600001,true
binn-hybrid-diagnostic-v2-50c8899f9bc536f0,742cb73bbfd3f82b,8,120,0.00500000,direct-terminal,0.21600001,true
binn-hybrid-diagnostic-v2-50c8899f9bc536f0,92e429653c98743e,8,120,0.00500000,existing-post-synaptic,0.24400000,true
binn-hybrid-diagnostic-v2-50c8899f9bc536f0,92e429653c98743e,8,120,0.00500000,least-squares-post-synaptic,0.24400000,true
binn-hybrid-diagnostic-v2-50c8899f9bc536f0,92e429653c98743e,8,120,0.00500000,direct-terminal,0.24400000,true
binn-hybrid-diagnostic-v2-50c8899f9bc536f0,309fa2acbc6ef055,8,120,0.00500000,existing-post-synaptic,0.24400000,true
binn-hybrid-diagnostic-v2-50c8899f9bc536f0,309fa2acbc6ef055,8,120,0.00500000,least-squares-post-synaptic,0.24400000,true
binn-hybrid-diagnostic-v2-50c8899f9bc536f0,309fa2acbc6ef055,8,120,0.00500000,direct-terminal,0.24400000,true
binn-hybrid-diagnostic-v2-50c8899f9bc536f0,5f5724d63d336c68,8,120,0.00500000,existing-post-synaptic,0.23800001,true
binn-hybrid-diagnostic-v2-50c8899f9bc536f0,5f5724d63d336c68,8,120,0.00500000,least-squares-post-synaptic,0.23800001,true
binn-hybrid-diagnostic-v2-50c8899f9bc536f0,5f5724d63d336c68,8,120,0.00500000,direct-terminal,0.23800001,true
binn-hybrid-diagnostic-v2-50c8899f9bc536f0,fd0e9e11baf9e87f,8,120,0.00500000,existing-post-synaptic,0.21600001,true
binn-hybrid-diagnostic-v2-50c8899f9bc536f0,fd0e9e11baf9e87f,8,120,0.00500000,least-squares-post-synaptic,0.21600001,true
binn-hybrid-diagnostic-v2-50c8899f9bc536f0,fd0e9e11baf9e87f,8,120,0.00500000,direct-terminal,0.21600001,true
binn-hybrid-diagnostic-v2-50c8899f9bc536f0,1bc6105b3a4e6492,8,120,0.00500000,existing-post-synaptic,0.23600000,true
binn-hybrid-diagnostic-v2-50c8899f9bc536f0,1bc6105b3a4e6492,8,120,0.00500000,least-squares-post-synaptic,0.23000000,true
binn-hybrid-diagnostic-v2-50c8899f9bc536f0,1bc6105b3a4e6492,8,120,0.00500000,direct-terminal,0.22800000,true
binn-hybrid-diagnostic-v2-50c8899f9bc536f0,b9f98982bb14e0a9,8,120,0.00500000,existing-post-synaptic,0.17800000,true
binn-hybrid-diagnostic-v2-50c8899f9bc536f0,b9f98982bb14e0a9,8,120,0.00500000,least-squares-post-synaptic,0.17800000,true
binn-hybrid-diagnostic-v2-50c8899f9bc536f0,b9f98982bb14e0a9,8,120,0.00500000,direct-terminal,0.17800000,true
binn-hybrid-diagnostic-v2-50c8899f9bc536f0,d6753df03e0d7c14,8,120,0.01500000,existing-post-synaptic,0.23199999,true
binn-hybrid-diagnostic-v2-50c8899f9bc536f0,d6753df03e0d7c14,8,120,0.01500000,least-squares-post-synaptic,0.23600000,true
binn-hybrid-diagnostic-v2-50c8899f9bc536f0,d6753df03e0d7c14,8,120,0.01500000,direct-terminal,0.23999999,true
binn-hybrid-diagnostic-v2-50c8899f9bc536f0,742cb73bbfd3f82b,8,120,0.01500000,existing-post-synaptic,0.21799999,true
binn-hybrid-diagnostic-v2-50c8899f9bc536f0,742cb73bbfd3f82b,8,120,0.01500000,least-squares-post-synaptic,0.20400000,true
binn-hybrid-diagnostic-v2-50c8899f9bc536f0,742cb73bbfd3f82b,8,120,0.01500000,direct-terminal,0.20800000,true
binn-hybrid-diagnostic-v2-50c8899f9bc536f0,92e429653c98743e,8,120,0.01500000,existing-post-synaptic,0.24400000,true
binn-hybrid-diagnostic-v2-50c8899f9bc536f0,92e429653c98743e,8,120,0.01500000,least-squares-post-synaptic,0.24600001,true
binn-hybrid-diagnostic-v2-50c8899f9bc536f0,92e429653c98743e,8,120,0.01500000,direct-terminal,0.22800000,true
binn-hybrid-diagnostic-v2-50c8899f9bc536f0,309fa2acbc6ef055,8,120,0.01500000,existing-post-synaptic,0.24400000,true
binn-hybrid-diagnostic-v2-50c8899f9bc536f0,309fa2acbc6ef055,8,120,0.01500000,least-squares-post-synaptic,0.25400001,true
binn-hybrid-diagnostic-v2-50c8899f9bc536f0,309fa2acbc6ef055,8,120,0.01500000,direct-terminal,0.27000001,true
binn-hybrid-diagnostic-v2-50c8899f9bc536f0,5f5724d63d336c68,8,120,0.01500000,existing-post-synaptic,0.23800001,true
binn-hybrid-diagnostic-v2-50c8899f9bc536f0,5f5724d63d336c68,8,120,0.01500000,least-squares-post-synaptic,0.24200000,true
binn-hybrid-diagnostic-v2-50c8899f9bc536f0,5f5724d63d336c68,8,120,0.01500000,direct-terminal,0.25999999,true
binn-hybrid-diagnostic-v2-50c8899f9bc536f0,fd0e9e11baf9e87f,8,120,0.01500000,existing-post-synaptic,0.21600001,true
binn-hybrid-diagnostic-v2-50c8899f9bc536f0,fd0e9e11baf9e87f,8,120,0.01500000,least-squares-post-synaptic,0.24200000,true
binn-hybrid-diagnostic-v2-50c8899f9bc536f0,fd0e9e11baf9e87f,8,120,0.01500000,direct-terminal,0.24200000,true
binn-hybrid-diagnostic-v2-50c8899f9bc536f0,1bc6105b3a4e6492,8,120,0.01500000,existing-post-synaptic,0.23600000,true
binn-hybrid-diagnostic-v2-50c8899f9bc536f0,1bc6105b3a4e6492,8,120,0.01500000,least-squares-post-synaptic,0.22400001,true
binn-hybrid-diagnostic-v2-50c8899f9bc536f0,1bc6105b3a4e6492,8,120,0.01500000,direct-terminal,0.25200000,true
binn-hybrid-diagnostic-v2-50c8899f9bc536f0,b9f98982bb14e0a9,8,120,0.01500000,existing-post-synaptic,0.17800000,true
binn-hybrid-diagnostic-v2-50c8899f9bc536f0,b9f98982bb14e0a9,8,120,0.01500000,least-squares-post-synaptic,0.22000000,true
binn-hybrid-diagnostic-v2-50c8899f9bc536f0,b9f98982bb14e0a9,8,120,0.01500000,direct-terminal,0.23199999,true
binn-hybrid-diagnostic-v2-50c8899f9bc536f0,d6753df03e0d7c14,8,120,0.03500000,existing-post-synaptic,0.20999999,true
binn-hybrid-diagnostic-v2-50c8899f9bc536f0,d6753df03e0d7c14,8,120,0.03500000,least-squares-post-synaptic,0.25400001,true
binn-hybrid-diagnostic-v2-50c8899f9bc536f0,d6753df03e0d7c14,8,120,0.03500000,direct-terminal,0.26400000,true
binn-hybrid-diagnostic-v2-50c8899f9bc536f0,742cb73bbfd3f82b,8,120,0.03500000,existing-post-synaptic,0.28000000,true
binn-hybrid-diagnostic-v2-50c8899f9bc536f0,742cb73bbfd3f82b,8,120,0.03500000,least-squares-post-synaptic,0.21200000,true
binn-hybrid-diagnostic-v2-50c8899f9bc536f0,742cb73bbfd3f82b,8,120,0.03500000,direct-terminal,0.27800000,true
binn-hybrid-diagnostic-v2-50c8899f9bc536f0,92e429653c98743e,8,120,0.03500000,existing-post-synaptic,0.23999999,true
binn-hybrid-diagnostic-v2-50c8899f9bc536f0,92e429653c98743e,8,120,0.03500000,least-squares-post-synaptic,0.24600001,true
binn-hybrid-diagnostic-v2-50c8899f9bc536f0,92e429653c98743e,8,120,0.03500000,direct-terminal,0.25600001,true
binn-hybrid-diagnostic-v2-50c8899f9bc536f0,309fa2acbc6ef055,8,120,0.03500000,existing-post-synaptic,0.22000000,true
binn-hybrid-diagnostic-v2-50c8899f9bc536f0,309fa2acbc6ef055,8,120,0.03500000,least-squares-post-synaptic,0.25799999,true
binn-hybrid-diagnostic-v2-50c8899f9bc536f0,309fa2acbc6ef055,8,120,0.03500000,direct-terminal,0.25600001,true
binn-hybrid-diagnostic-v2-50c8899f9bc536f0,5f5724d63d336c68,8,120,0.03500000,existing-post-synaptic,0.23999999,true
binn-hybrid-diagnostic-v2-50c8899f9bc536f0,5f5724d63d336c68,8,120,0.03500000,least-squares-post-synaptic,0.25200000,true
binn-hybrid-diagnostic-v2-50c8899f9bc536f0,5f5724d63d336c68,8,120,0.03500000,direct-terminal,0.26400000,true
binn-hybrid-diagnostic-v2-50c8899f9bc536f0,fd0e9e11baf9e87f,8,120,0.03500000,existing-post-synaptic,0.19599999,true
binn-hybrid-diagnostic-v2-50c8899f9bc536f0,fd0e9e11baf9e87f,8,120,0.03500000,least-squares-post-synaptic,0.27200001,true
binn-hybrid-diagnostic-v2-50c8899f9bc536f0,fd0e9e11baf9e87f,8,120,0.03500000,direct-terminal,0.25400001,true
binn-hybrid-diagnostic-v2-50c8899f9bc536f0,1bc6105b3a4e6492,8,120,0.03500000,existing-post-synaptic,0.22600000,true
binn-hybrid-diagnostic-v2-50c8899f9bc536f0,1bc6105b3a4e6492,8,120,0.03500000,least-squares-post-synaptic,0.25200000,true
binn-hybrid-diagnostic-v2-50c8899f9bc536f0,1bc6105b3a4e6492,8,120,0.03500000,direct-terminal,0.25999999,true
binn-hybrid-diagnostic-v2-50c8899f9bc536f0,b9f98982bb14e0a9,8,120,0.03500000,existing-post-synaptic,0.17800000,true
binn-hybrid-diagnostic-v2-50c8899f9bc536f0,b9f98982bb14e0a9,8,120,0.03500000,least-squares-post-synaptic,0.24600001,true
binn-hybrid-diagnostic-v2-50c8899f9bc536f0,b9f98982bb14e0a9,8,120,0.03500000,direct-terminal,0.24200000,true
binn-hybrid-diagnostic-v2-50c8899f9bc536f0,d6753df03e0d7c14,8,120,0.07000000,existing-post-synaptic,0.20999999,true
binn-hybrid-diagnostic-v2-50c8899f9bc536f0,d6753df03e0d7c14,8,120,0.07000000,least-squares-post-synaptic,0.24200000,true
binn-hybrid-diagnostic-v2-50c8899f9bc536f0,d6753df03e0d7c14,8,120,0.07000000,direct-terminal,0.20000000,true
binn-hybrid-diagnostic-v2-50c8899f9bc536f0,742cb73bbfd3f82b,8,120,0.07000000,existing-post-synaptic,0.25799999,true
binn-hybrid-diagnostic-v2-50c8899f9bc536f0,742cb73bbfd3f82b,8,120,0.07000000,least-squares-post-synaptic,0.22000000,true
binn-hybrid-diagnostic-v2-50c8899f9bc536f0,742cb73bbfd3f82b,8,120,0.07000000,direct-terminal,0.21400000,true
binn-hybrid-diagnostic-v2-50c8899f9bc536f0,92e429653c98743e,8,120,0.07000000,existing-post-synaptic,0.25000000,true
binn-hybrid-diagnostic-v2-50c8899f9bc536f0,92e429653c98743e,8,120,0.07000000,least-squares-post-synaptic,0.22600000,true
binn-hybrid-diagnostic-v2-50c8899f9bc536f0,92e429653c98743e,8,120,0.07000000,direct-terminal,0.27000001,true
binn-hybrid-diagnostic-v2-50c8899f9bc536f0,309fa2acbc6ef055,8,120,0.07000000,existing-post-synaptic,0.24400000,true
binn-hybrid-diagnostic-v2-50c8899f9bc536f0,309fa2acbc6ef055,8,120,0.07000000,least-squares-post-synaptic,0.23800001,true
binn-hybrid-diagnostic-v2-50c8899f9bc536f0,309fa2acbc6ef055,8,120,0.07000000,direct-terminal,0.25600001,true
binn-hybrid-diagnostic-v2-50c8899f9bc536f0,5f5724d63d336c68,8,120,0.07000000,existing-post-synaptic,0.25799999,true
binn-hybrid-diagnostic-v2-50c8899f9bc536f0,5f5724d63d336c68,8,120,0.07000000,least-squares-post-synaptic,0.27000001,true
binn-hybrid-diagnostic-v2-50c8899f9bc536f0,5f5724d63d336c68,8,120,0.07000000,direct-terminal,0.26199999,true
binn-hybrid-diagnostic-v2-50c8899f9bc536f0,fd0e9e11baf9e87f,8,120,0.07000000,existing-post-synaptic,0.23199999,true
binn-hybrid-diagnostic-v2-50c8899f9bc536f0,fd0e9e11baf9e87f,8,120,0.07000000,least-squares-post-synaptic,0.31600001,true
binn-hybrid-diagnostic-v2-50c8899f9bc536f0,fd0e9e11baf9e87f,8,120,0.07000000,direct-terminal,0.26199999,true
binn-hybrid-diagnostic-v2-50c8899f9bc536f0,1bc6105b3a4e6492,8,120,0.07000000,existing-post-synaptic,0.23600000,true
binn-hybrid-diagnostic-v2-50c8899f9bc536f0,1bc6105b3a4e6492,8,120,0.07000000,least-squares-post-synaptic,0.25000000,true
binn-hybrid-diagnostic-v2-50c8899f9bc536f0,1bc6105b3a4e6492,8,120,0.07000000,direct-terminal,0.24600001,true
binn-hybrid-diagnostic-v2-50c8899f9bc536f0,b9f98982bb14e0a9,8,120,0.07000000,existing-post-synaptic,0.18000001,true
binn-hybrid-diagnostic-v2-50c8899f9bc536f0,b9f98982bb14e0a9,8,120,0.07000000,least-squares-post-synaptic,0.25400001,true
binn-hybrid-diagnostic-v2-50c8899f9bc536f0,b9f98982bb14e0a9,8,120,0.07000000,direct-terminal,0.27399999,true
binn-hybrid-diagnostic-v2-50c8899f9bc536f0,d6753df03e0d7c14,8,480,0.00500000,existing-post-synaptic,0.23400000,true
binn-hybrid-diagnostic-v2-50c8899f9bc536f0,d6753df03e0d7c14,8,480,0.00500000,least-squares-post-synaptic,0.22800000,true
binn-hybrid-diagnostic-v2-50c8899f9bc536f0,d6753df03e0d7c14,8,480,0.00500000,direct-terminal,0.22600000,true
binn-hybrid-diagnostic-v2-50c8899f9bc536f0,742cb73bbfd3f82b,8,480,0.00500000,existing-post-synaptic,0.21600001,true
binn-hybrid-diagnostic-v2-50c8899f9bc536f0,742cb73bbfd3f82b,8,480,0.00500000,least-squares-post-synaptic,0.21400000,true
binn-hybrid-diagnostic-v2-50c8899f9bc536f0,742cb73bbfd3f82b,8,480,0.00500000,direct-terminal,0.25799999,true
binn-hybrid-diagnostic-v2-50c8899f9bc536f0,92e429653c98743e,8,480,0.00500000,existing-post-synaptic,0.24400000,true
binn-hybrid-diagnostic-v2-50c8899f9bc536f0,92e429653c98743e,8,480,0.00500000,least-squares-post-synaptic,0.24400000,true
binn-hybrid-diagnostic-v2-50c8899f9bc536f0,92e429653c98743e,8,480,0.00500000,direct-terminal,0.24400000,true
binn-hybrid-diagnostic-v2-50c8899f9bc536f0,309fa2acbc6ef055,8,480,0.00500000,existing-post-synaptic,0.24400000,true
binn-hybrid-diagnostic-v2-50c8899f9bc536f0,309fa2acbc6ef055,8,480,0.00500000,least-squares-post-synaptic,0.24600001,true
binn-hybrid-diagnostic-v2-50c8899f9bc536f0,309fa2acbc6ef055,8,480,0.00500000,direct-terminal,0.26800001,true
binn-hybrid-diagnostic-v2-50c8899f9bc536f0,5f5724d63d336c68,8,480,0.00500000,existing-post-synaptic,0.23800001,true
binn-hybrid-diagnostic-v2-50c8899f9bc536f0,5f5724d63d336c68,8,480,0.00500000,least-squares-post-synaptic,0.23800001,true
binn-hybrid-diagnostic-v2-50c8899f9bc536f0,5f5724d63d336c68,8,480,0.00500000,direct-terminal,0.25400001,true
binn-hybrid-diagnostic-v2-50c8899f9bc536f0,fd0e9e11baf9e87f,8,480,0.00500000,existing-post-synaptic,0.21600001,true
binn-hybrid-diagnostic-v2-50c8899f9bc536f0,fd0e9e11baf9e87f,8,480,0.00500000,least-squares-post-synaptic,0.21600001,true
binn-hybrid-diagnostic-v2-50c8899f9bc536f0,fd0e9e11baf9e87f,8,480,0.00500000,direct-terminal,0.22000000,true
binn-hybrid-diagnostic-v2-50c8899f9bc536f0,1bc6105b3a4e6492,8,480,0.00500000,existing-post-synaptic,0.23600000,true
binn-hybrid-diagnostic-v2-50c8899f9bc536f0,1bc6105b3a4e6492,8,480,0.00500000,least-squares-post-synaptic,0.24800000,true
binn-hybrid-diagnostic-v2-50c8899f9bc536f0,1bc6105b3a4e6492,8,480,0.00500000,direct-terminal,0.23400000,true
binn-hybrid-diagnostic-v2-50c8899f9bc536f0,b9f98982bb14e0a9,8,480,0.00500000,existing-post-synaptic,0.17800000,true
binn-hybrid-diagnostic-v2-50c8899f9bc536f0,b9f98982bb14e0a9,8,480,0.00500000,least-squares-post-synaptic,0.17800000,true
binn-hybrid-diagnostic-v2-50c8899f9bc536f0,b9f98982bb14e0a9,8,480,0.00500000,direct-terminal,0.17800000,true
binn-hybrid-diagnostic-v2-50c8899f9bc536f0,d6753df03e0d7c14,8,480,0.01500000,existing-post-synaptic,0.22600000,true
binn-hybrid-diagnostic-v2-50c8899f9bc536f0,d6753df03e0d7c14,8,480,0.01500000,least-squares-post-synaptic,0.22800000,true
binn-hybrid-diagnostic-v2-50c8899f9bc536f0,d6753df03e0d7c14,8,480,0.01500000,direct-terminal,0.24400000,true
binn-hybrid-diagnostic-v2-50c8899f9bc536f0,742cb73bbfd3f82b,8,480,0.01500000,existing-post-synaptic,0.21799999,true
binn-hybrid-diagnostic-v2-50c8899f9bc536f0,742cb73bbfd3f82b,8,480,0.01500000,least-squares-post-synaptic,0.25600001,true
binn-hybrid-diagnostic-v2-50c8899f9bc536f0,742cb73bbfd3f82b,8,480,0.01500000,direct-terminal,0.26400000,true
binn-hybrid-diagnostic-v2-50c8899f9bc536f0,92e429653c98743e,8,480,0.01500000,existing-post-synaptic,0.23199999,true
binn-hybrid-diagnostic-v2-50c8899f9bc536f0,92e429653c98743e,8,480,0.01500000,least-squares-post-synaptic,0.24400000,true
binn-hybrid-diagnostic-v2-50c8899f9bc536f0,92e429653c98743e,8,480,0.01500000,direct-terminal,0.21799999,true
binn-hybrid-diagnostic-v2-50c8899f9bc536f0,309fa2acbc6ef055,8,480,0.01500000,existing-post-synaptic,0.24400000,true
binn-hybrid-diagnostic-v2-50c8899f9bc536f0,309fa2acbc6ef055,8,480,0.01500000,least-squares-post-synaptic,0.25000000,true
binn-hybrid-diagnostic-v2-50c8899f9bc536f0,309fa2acbc6ef055,8,480,0.01500000,direct-terminal,0.25600001,true
binn-hybrid-diagnostic-v2-50c8899f9bc536f0,5f5724d63d336c68,8,480,0.01500000,existing-post-synaptic,0.23800001,true
binn-hybrid-diagnostic-v2-50c8899f9bc536f0,5f5724d63d336c68,8,480,0.01500000,least-squares-post-synaptic,0.25000000,true
binn-hybrid-diagnostic-v2-50c8899f9bc536f0,5f5724d63d336c68,8,480,0.01500000,direct-terminal,0.25200000,true
binn-hybrid-diagnostic-v2-50c8899f9bc536f0,fd0e9e11baf9e87f,8,480,0.01500000,existing-post-synaptic,0.21600001,true
binn-hybrid-diagnostic-v2-50c8899f9bc536f0,fd0e9e11baf9e87f,8,480,0.01500000,least-squares-post-synaptic,0.22600000,true
binn-hybrid-diagnostic-v2-50c8899f9bc536f0,fd0e9e11baf9e87f,8,480,0.01500000,direct-terminal,0.23999999,true
binn-hybrid-diagnostic-v2-50c8899f9bc536f0,1bc6105b3a4e6492,8,480,0.01500000,existing-post-synaptic,0.23600000,true
binn-hybrid-diagnostic-v2-50c8899f9bc536f0,1bc6105b3a4e6492,8,480,0.01500000,least-squares-post-synaptic,0.27200001,true
binn-hybrid-diagnostic-v2-50c8899f9bc536f0,1bc6105b3a4e6492,8,480,0.01500000,direct-terminal,0.25000000,true
binn-hybrid-diagnostic-v2-50c8899f9bc536f0,b9f98982bb14e0a9,8,480,0.01500000,existing-post-synaptic,0.17800000,true
binn-hybrid-diagnostic-v2-50c8899f9bc536f0,b9f98982bb14e0a9,8,480,0.01500000,least-squares-post-synaptic,0.25600001,true
binn-hybrid-diagnostic-v2-50c8899f9bc536f0,b9f98982bb14e0a9,8,480,0.01500000,direct-terminal,0.26600000,true
binn-hybrid-diagnostic-v2-50c8899f9bc536f0,d6753df03e0d7c14,8,480,0.03500000,existing-post-synaptic,0.20400000,true
binn-hybrid-diagnostic-v2-50c8899f9bc536f0,d6753df03e0d7c14,8,480,0.03500000,least-squares-post-synaptic,0.24400000,true
binn-hybrid-diagnostic-v2-50c8899f9bc536f0,d6753df03e0d7c14,8,480,0.03500000,direct-terminal,0.28000000,true
binn-hybrid-diagnostic-v2-50c8899f9bc536f0,742cb73bbfd3f82b,8,480,0.03500000,existing-post-synaptic,0.23400000,true
binn-hybrid-diagnostic-v2-50c8899f9bc536f0,742cb73bbfd3f82b,8,480,0.03500000,least-squares-post-synaptic,0.26400000,true
binn-hybrid-diagnostic-v2-50c8899f9bc536f0,742cb73bbfd3f82b,8,480,0.03500000,direct-terminal,0.26800001,true
binn-hybrid-diagnostic-v2-50c8899f9bc536f0,92e429653c98743e,8,480,0.03500000,existing-post-synaptic,0.22800000,true
binn-hybrid-diagnostic-v2-50c8899f9bc536f0,92e429653c98743e,8,480,0.03500000,least-squares-post-synaptic,0.22800000,true
binn-hybrid-diagnostic-v2-50c8899f9bc536f0,92e429653c98743e,8,480,0.03500000,direct-terminal,0.22600000,true
binn-hybrid-diagnostic-v2-50c8899f9bc536f0,309fa2acbc6ef055,8,480,0.03500000,existing-post-synaptic,0.22000000,true
binn-hybrid-diagnostic-v2-50c8899f9bc536f0,309fa2acbc6ef055,8,480,0.03500000,least-squares-post-synaptic,0.26199999,true
binn-hybrid-diagnostic-v2-50c8899f9bc536f0,309fa2acbc6ef055,8,480,0.03500000,direct-terminal,0.26600000,true
binn-hybrid-diagnostic-v2-50c8899f9bc536f0,5f5724d63d336c68,8,480,0.03500000,existing-post-synaptic,0.24600001,true
binn-hybrid-diagnostic-v2-50c8899f9bc536f0,5f5724d63d336c68,8,480,0.03500000,least-squares-post-synaptic,0.24800000,true
binn-hybrid-diagnostic-v2-50c8899f9bc536f0,5f5724d63d336c68,8,480,0.03500000,direct-terminal,0.27399999,true
binn-hybrid-diagnostic-v2-50c8899f9bc536f0,fd0e9e11baf9e87f,8,480,0.03500000,existing-post-synaptic,0.19200000,true
binn-hybrid-diagnostic-v2-50c8899f9bc536f0,fd0e9e11baf9e87f,8,480,0.03500000,least-squares-post-synaptic,0.25200000,true
binn-hybrid-diagnostic-v2-50c8899f9bc536f0,fd0e9e11baf9e87f,8,480,0.03500000,direct-terminal,0.27000001,true
binn-hybrid-diagnostic-v2-50c8899f9bc536f0,1bc6105b3a4e6492,8,480,0.03500000,existing-post-synaptic,0.25000000,true
binn-hybrid-diagnostic-v2-50c8899f9bc536f0,1bc6105b3a4e6492,8,480,0.03500000,least-squares-post-synaptic,0.25999999,true
binn-hybrid-diagnostic-v2-50c8899f9bc536f0,1bc6105b3a4e6492,8,480,0.03500000,direct-terminal,0.27000001,true
binn-hybrid-diagnostic-v2-50c8899f9bc536f0,b9f98982bb14e0a9,8,480,0.03500000,existing-post-synaptic,0.18200000,true
binn-hybrid-diagnostic-v2-50c8899f9bc536f0,b9f98982bb14e0a9,8,480,0.03500000,least-squares-post-synaptic,0.28000000,true
binn-hybrid-diagnostic-v2-50c8899f9bc536f0,b9f98982bb14e0a9,8,480,0.03500000,direct-terminal,0.27800000,true
binn-hybrid-diagnostic-v2-50c8899f9bc536f0,d6753df03e0d7c14,8,480,0.07000000,existing-post-synaptic,0.19599999,true
binn-hybrid-diagnostic-v2-50c8899f9bc536f0,d6753df03e0d7c14,8,480,0.07000000,least-squares-post-synaptic,0.23400000,true
binn-hybrid-diagnostic-v2-50c8899f9bc536f0,d6753df03e0d7c14,8,480,0.07000000,direct-terminal,0.25400001,true
binn-hybrid-diagnostic-v2-50c8899f9bc536f0,742cb73bbfd3f82b,8,480,0.07000000,existing-post-synaptic,0.23800001,true
binn-hybrid-diagnostic-v2-50c8899f9bc536f0,742cb73bbfd3f82b,8,480,0.07000000,least-squares-post-synaptic,0.22800000,true
binn-hybrid-diagnostic-v2-50c8899f9bc536f0,742cb73bbfd3f82b,8,480,0.07000000,direct-terminal,0.24600001,true
binn-hybrid-diagnostic-v2-50c8899f9bc536f0,92e429653c98743e,8,480,0.07000000,existing-post-synaptic,0.24600001,true
binn-hybrid-diagnostic-v2-50c8899f9bc536f0,92e429653c98743e,8,480,0.07000000,least-squares-post-synaptic,0.25000000,true
binn-hybrid-diagnostic-v2-50c8899f9bc536f0,92e429653c98743e,8,480,0.07000000,direct-terminal,0.25999999,true
binn-hybrid-diagnostic-v2-50c8899f9bc536f0,309fa2acbc6ef055,8,480,0.07000000,existing-post-synaptic,0.26800001,true
binn-hybrid-diagnostic-v2-50c8899f9bc536f0,309fa2acbc6ef055,8,480,0.07000000,least-squares-post-synaptic,0.25200000,true
binn-hybrid-diagnostic-v2-50c8899f9bc536f0,309fa2acbc6ef055,8,480,0.07000000,direct-terminal,0.25999999,true
binn-hybrid-diagnostic-v2-50c8899f9bc536f0,5f5724d63d336c68,8,480,0.07000000,existing-post-synaptic,0.24600001,true
binn-hybrid-diagnostic-v2-50c8899f9bc536f0,5f5724d63d336c68,8,480,0.07000000,least-squares-post-synaptic,0.23800001,true
binn-hybrid-diagnostic-v2-50c8899f9bc536f0,5f5724d63d336c68,8,480,0.07000000,direct-terminal,0.24800000,true
binn-hybrid-diagnostic-v2-50c8899f9bc536f0,fd0e9e11baf9e87f,8,480,0.07000000,existing-post-synaptic,0.23000000,true
binn-hybrid-diagnostic-v2-50c8899f9bc536f0,fd0e9e11baf9e87f,8,480,0.07000000,least-squares-post-synaptic,0.30800000,true
binn-hybrid-diagnostic-v2-50c8899f9bc536f0,fd0e9e11baf9e87f,8,480,0.07000000,direct-terminal,0.25600001,true
binn-hybrid-diagnostic-v2-50c8899f9bc536f0,1bc6105b3a4e6492,8,480,0.07000000,existing-post-synaptic,0.25600001,true
binn-hybrid-diagnostic-v2-50c8899f9bc536f0,1bc6105b3a4e6492,8,480,0.07000000,least-squares-post-synaptic,0.24800000,true
binn-hybrid-diagnostic-v2-50c8899f9bc536f0,1bc6105b3a4e6492,8,480,0.07000000,direct-terminal,0.26800001,true
binn-hybrid-diagnostic-v2-50c8899f9bc536f0,b9f98982bb14e0a9,8,480,0.07000000,existing-post-synaptic,0.19599999,true
binn-hybrid-diagnostic-v2-50c8899f9bc536f0,b9f98982bb14e0a9,8,480,0.07000000,least-squares-post-synaptic,0.28000000,true
binn-hybrid-diagnostic-v2-50c8899f9bc536f0,b9f98982bb14e0a9,8,480,0.07000000,direct-terminal,0.27800000,true
binn-hybrid-diagnostic-v2-50c8899f9bc536f0,d6753df03e0d7c14,8,1920,0.00500000,existing-post-synaptic,0.24600001,true
binn-hybrid-diagnostic-v2-50c8899f9bc536f0,d6753df03e0d7c14,8,1920,0.00500000,least-squares-post-synaptic,0.24600001,true
binn-hybrid-diagnostic-v2-50c8899f9bc536f0,d6753df03e0d7c14,8,1920,0.00500000,direct-terminal,0.21600001,true
binn-hybrid-diagnostic-v2-50c8899f9bc536f0,742cb73bbfd3f82b,8,1920,0.00500000,existing-post-synaptic,0.24400000,true
binn-hybrid-diagnostic-v2-50c8899f9bc536f0,742cb73bbfd3f82b,8,1920,0.00500000,least-squares-post-synaptic,0.23400000,true
binn-hybrid-diagnostic-v2-50c8899f9bc536f0,742cb73bbfd3f82b,8,1920,0.00500000,direct-terminal,0.26600000,true
binn-hybrid-diagnostic-v2-50c8899f9bc536f0,92e429653c98743e,8,1920,0.00500000,existing-post-synaptic,0.24200000,true
binn-hybrid-diagnostic-v2-50c8899f9bc536f0,92e429653c98743e,8,1920,0.00500000,least-squares-post-synaptic,0.24800000,true
binn-hybrid-diagnostic-v2-50c8899f9bc536f0,92e429653c98743e,8,1920,0.00500000,direct-terminal,0.24200000,true
binn-hybrid-diagnostic-v2-50c8899f9bc536f0,309fa2acbc6ef055,8,1920,0.00500000,existing-post-synaptic,0.24400000,true
binn-hybrid-diagnostic-v2-50c8899f9bc536f0,309fa2acbc6ef055,8,1920,0.00500000,least-squares-post-synaptic,0.27000001,true
binn-hybrid-diagnostic-v2-50c8899f9bc536f0,309fa2acbc6ef055,8,1920,0.00500000,direct-terminal,0.26199999,true
binn-hybrid-diagnostic-v2-50c8899f9bc536f0,5f5724d63d336c68,8,1920,0.00500000,existing-post-synaptic,0.23999999,true
binn-hybrid-diagnostic-v2-50c8899f9bc536f0,5f5724d63d336c68,8,1920,0.00500000,least-squares-post-synaptic,0.21799999,true
binn-hybrid-diagnostic-v2-50c8899f9bc536f0,5f5724d63d336c68,8,1920,0.00500000,direct-terminal,0.23199999,true
binn-hybrid-diagnostic-v2-50c8899f9bc536f0,fd0e9e11baf9e87f,8,1920,0.00500000,existing-post-synaptic,0.21600001,true
binn-hybrid-diagnostic-v2-50c8899f9bc536f0,fd0e9e11baf9e87f,8,1920,0.00500000,least-squares-post-synaptic,0.31600001,true
binn-hybrid-diagnostic-v2-50c8899f9bc536f0,fd0e9e11baf9e87f,8,1920,0.00500000,direct-terminal,0.31000000,true
binn-hybrid-diagnostic-v2-50c8899f9bc536f0,1bc6105b3a4e6492,8,1920,0.00500000,existing-post-synaptic,0.23400000,true
binn-hybrid-diagnostic-v2-50c8899f9bc536f0,1bc6105b3a4e6492,8,1920,0.00500000,least-squares-post-synaptic,0.24400000,true
binn-hybrid-diagnostic-v2-50c8899f9bc536f0,1bc6105b3a4e6492,8,1920,0.00500000,direct-terminal,0.22400001,true
binn-hybrid-diagnostic-v2-50c8899f9bc536f0,b9f98982bb14e0a9,8,1920,0.00500000,existing-post-synaptic,0.17800000,true
binn-hybrid-diagnostic-v2-50c8899f9bc536f0,b9f98982bb14e0a9,8,1920,0.00500000,least-squares-post-synaptic,0.20800000,true
binn-hybrid-diagnostic-v2-50c8899f9bc536f0,b9f98982bb14e0a9,8,1920,0.00500000,direct-terminal,0.22000000,true
binn-hybrid-diagnostic-v2-50c8899f9bc536f0,d6753df03e0d7c14,8,1920,0.01500000,existing-post-synaptic,0.22200000,true
binn-hybrid-diagnostic-v2-50c8899f9bc536f0,d6753df03e0d7c14,8,1920,0.01500000,least-squares-post-synaptic,0.25400001,true
binn-hybrid-diagnostic-v2-50c8899f9bc536f0,d6753df03e0d7c14,8,1920,0.01500000,direct-terminal,0.27399999,true
binn-hybrid-diagnostic-v2-50c8899f9bc536f0,742cb73bbfd3f82b,8,1920,0.01500000,existing-post-synaptic,0.26800001,true
binn-hybrid-diagnostic-v2-50c8899f9bc536f0,742cb73bbfd3f82b,8,1920,0.01500000,least-squares-post-synaptic,0.23800001,true
binn-hybrid-diagnostic-v2-50c8899f9bc536f0,742cb73bbfd3f82b,8,1920,0.01500000,direct-terminal,0.24800000,true
binn-hybrid-diagnostic-v2-50c8899f9bc536f0,92e429653c98743e,8,1920,0.01500000,existing-post-synaptic,0.25200000,true
binn-hybrid-diagnostic-v2-50c8899f9bc536f0,92e429653c98743e,8,1920,0.01500000,least-squares-post-synaptic,0.24200000,true
binn-hybrid-diagnostic-v2-50c8899f9bc536f0,92e429653c98743e,8,1920,0.01500000,direct-terminal,0.22800000,true
binn-hybrid-diagnostic-v2-50c8899f9bc536f0,309fa2acbc6ef055,8,1920,0.01500000,existing-post-synaptic,0.24800000,true
binn-hybrid-diagnostic-v2-50c8899f9bc536f0,309fa2acbc6ef055,8,1920,0.01500000,least-squares-post-synaptic,0.26199999,true
binn-hybrid-diagnostic-v2-50c8899f9bc536f0,309fa2acbc6ef055,8,1920,0.01500000,direct-terminal,0.27200001,true
binn-hybrid-diagnostic-v2-50c8899f9bc536f0,5f5724d63d336c68,8,1920,0.01500000,existing-post-synaptic,0.24600001,true
binn-hybrid-diagnostic-v2-50c8899f9bc536f0,5f5724d63d336c68,8,1920,0.01500000,least-squares-post-synaptic,0.25600001,true
binn-hybrid-diagnostic-v2-50c8899f9bc536f0,5f5724d63d336c68,8,1920,0.01500000,direct-terminal,0.23800001,true
binn-hybrid-diagnostic-v2-50c8899f9bc536f0,fd0e9e11baf9e87f,8,1920,0.01500000,existing-post-synaptic,0.21600001,true
binn-hybrid-diagnostic-v2-50c8899f9bc536f0,fd0e9e11baf9e87f,8,1920,0.01500000,least-squares-post-synaptic,0.23400000,true
binn-hybrid-diagnostic-v2-50c8899f9bc536f0,fd0e9e11baf9e87f,8,1920,0.01500000,direct-terminal,0.26600000,true
binn-hybrid-diagnostic-v2-50c8899f9bc536f0,1bc6105b3a4e6492,8,1920,0.01500000,existing-post-synaptic,0.24400000,true
binn-hybrid-diagnostic-v2-50c8899f9bc536f0,1bc6105b3a4e6492,8,1920,0.01500000,least-squares-post-synaptic,0.24600001,true
binn-hybrid-diagnostic-v2-50c8899f9bc536f0,1bc6105b3a4e6492,8,1920,0.01500000,direct-terminal,0.23999999,true
binn-hybrid-diagnostic-v2-50c8899f9bc536f0,b9f98982bb14e0a9,8,1920,0.01500000,existing-post-synaptic,0.19400001,true
binn-hybrid-diagnostic-v2-50c8899f9bc536f0,b9f98982bb14e0a9,8,1920,0.01500000,least-squares-post-synaptic,0.22600000,true
binn-hybrid-diagnostic-v2-50c8899f9bc536f0,b9f98982bb14e0a9,8,1920,0.01500000,direct-terminal,0.25400001,true
binn-hybrid-diagnostic-v2-50c8899f9bc536f0,d6753df03e0d7c14,8,1920,0.03500000,existing-post-synaptic,0.21799999,true
binn-hybrid-diagnostic-v2-50c8899f9bc536f0,d6753df03e0d7c14,8,1920,0.03500000,least-squares-post-synaptic,0.28000000,true
binn-hybrid-diagnostic-v2-50c8899f9bc536f0,d6753df03e0d7c14,8,1920,0.03500000,direct-terminal,0.31000000,true
binn-hybrid-diagnostic-v2-50c8899f9bc536f0,742cb73bbfd3f82b,8,1920,0.03500000,existing-post-synaptic,0.23199999,true
binn-hybrid-diagnostic-v2-50c8899f9bc536f0,742cb73bbfd3f82b,8,1920,0.03500000,least-squares-post-synaptic,0.23999999,true
binn-hybrid-diagnostic-v2-50c8899f9bc536f0,742cb73bbfd3f82b,8,1920,0.03500000,direct-terminal,0.26600000,true
binn-hybrid-diagnostic-v2-50c8899f9bc536f0,92e429653c98743e,8,1920,0.03500000,existing-post-synaptic,0.25400001,true
binn-hybrid-diagnostic-v2-50c8899f9bc536f0,92e429653c98743e,8,1920,0.03500000,least-squares-post-synaptic,0.22600000,true
binn-hybrid-diagnostic-v2-50c8899f9bc536f0,92e429653c98743e,8,1920,0.03500000,direct-terminal,0.29200000,true
binn-hybrid-diagnostic-v2-50c8899f9bc536f0,309fa2acbc6ef055,8,1920,0.03500000,existing-post-synaptic,0.23199999,true
binn-hybrid-diagnostic-v2-50c8899f9bc536f0,309fa2acbc6ef055,8,1920,0.03500000,least-squares-post-synaptic,0.27000001,true
binn-hybrid-diagnostic-v2-50c8899f9bc536f0,309fa2acbc6ef055,8,1920,0.03500000,direct-terminal,0.28200001,true
binn-hybrid-diagnostic-v2-50c8899f9bc536f0,5f5724d63d336c68,8,1920,0.03500000,existing-post-synaptic,0.22600000,true
binn-hybrid-diagnostic-v2-50c8899f9bc536f0,5f5724d63d336c68,8,1920,0.03500000,least-squares-post-synaptic,0.28400001,true
binn-hybrid-diagnostic-v2-50c8899f9bc536f0,5f5724d63d336c68,8,1920,0.03500000,direct-terminal,0.29200000,true
binn-hybrid-diagnostic-v2-50c8899f9bc536f0,fd0e9e11baf9e87f,8,1920,0.03500000,existing-post-synaptic,0.25600001,true
binn-hybrid-diagnostic-v2-50c8899f9bc536f0,fd0e9e11baf9e87f,8,1920,0.03500000,least-squares-post-synaptic,0.24400000,true
binn-hybrid-diagnostic-v2-50c8899f9bc536f0,fd0e9e11baf9e87f,8,1920,0.03500000,direct-terminal,0.25200000,true
binn-hybrid-diagnostic-v2-50c8899f9bc536f0,1bc6105b3a4e6492,8,1920,0.03500000,existing-post-synaptic,0.23199999,true
binn-hybrid-diagnostic-v2-50c8899f9bc536f0,1bc6105b3a4e6492,8,1920,0.03500000,least-squares-post-synaptic,0.23800001,true
binn-hybrid-diagnostic-v2-50c8899f9bc536f0,1bc6105b3a4e6492,8,1920,0.03500000,direct-terminal,0.28400001,true
binn-hybrid-diagnostic-v2-50c8899f9bc536f0,b9f98982bb14e0a9,8,1920,0.03500000,existing-post-synaptic,0.20600000,true
binn-hybrid-diagnostic-v2-50c8899f9bc536f0,b9f98982bb14e0a9,8,1920,0.03500000,least-squares-post-synaptic,0.25200000,true
binn-hybrid-diagnostic-v2-50c8899f9bc536f0,b9f98982bb14e0a9,8,1920,0.03500000,direct-terminal,0.35600001,true
binn-hybrid-diagnostic-v2-50c8899f9bc536f0,d6753df03e0d7c14,8,1920,0.07000000,existing-post-synaptic,0.23000000,true
binn-hybrid-diagnostic-v2-50c8899f9bc536f0,d6753df03e0d7c14,8,1920,0.07000000,least-squares-post-synaptic,0.26199999,true
binn-hybrid-diagnostic-v2-50c8899f9bc536f0,d6753df03e0d7c14,8,1920,0.07000000,direct-terminal,0.27399999,true
binn-hybrid-diagnostic-v2-50c8899f9bc536f0,742cb73bbfd3f82b,8,1920,0.07000000,existing-post-synaptic,0.25000000,true
binn-hybrid-diagnostic-v2-50c8899f9bc536f0,742cb73bbfd3f82b,8,1920,0.07000000,least-squares-post-synaptic,0.27800000,true
binn-hybrid-diagnostic-v2-50c8899f9bc536f0,742cb73bbfd3f82b,8,1920,0.07000000,direct-terminal,0.24400000,true
binn-hybrid-diagnostic-v2-50c8899f9bc536f0,92e429653c98743e,8,1920,0.07000000,existing-post-synaptic,0.23800001,true
binn-hybrid-diagnostic-v2-50c8899f9bc536f0,92e429653c98743e,8,1920,0.07000000,least-squares-post-synaptic,0.25200000,true
binn-hybrid-diagnostic-v2-50c8899f9bc536f0,92e429653c98743e,8,1920,0.07000000,direct-terminal,0.30599999,true
binn-hybrid-diagnostic-v2-50c8899f9bc536f0,309fa2acbc6ef055,8,1920,0.07000000,existing-post-synaptic,0.25600001,true
binn-hybrid-diagnostic-v2-50c8899f9bc536f0,309fa2acbc6ef055,8,1920,0.07000000,least-squares-post-synaptic,0.26400000,true
binn-hybrid-diagnostic-v2-50c8899f9bc536f0,309fa2acbc6ef055,8,1920,0.07000000,direct-terminal,0.24600001,true
binn-hybrid-diagnostic-v2-50c8899f9bc536f0,5f5724d63d336c68,8,1920,0.07000000,existing-post-synaptic,0.23199999,true
binn-hybrid-diagnostic-v2-50c8899f9bc536f0,5f5724d63d336c68,8,1920,0.07000000,least-squares-post-synaptic,0.23000000,true
binn-hybrid-diagnostic-v2-50c8899f9bc536f0,5f5724d63d336c68,8,1920,0.07000000,direct-terminal,0.25000000,true
binn-hybrid-diagnostic-v2-50c8899f9bc536f0,fd0e9e11baf9e87f,8,1920,0.07000000,existing-post-synaptic,0.22800000,true
binn-hybrid-diagnostic-v2-50c8899f9bc536f0,fd0e9e11baf9e87f,8,1920,0.07000000,least-squares-post-synaptic,0.26600000,true
binn-hybrid-diagnostic-v2-50c8899f9bc536f0,fd0e9e11baf9e87f,8,1920,0.07000000,direct-terminal,0.26199999,true
binn-hybrid-diagnostic-v2-50c8899f9bc536f0,1bc6105b3a4e6492,8,1920,0.07000000,existing-post-synaptic,0.22000000,true
binn-hybrid-diagnostic-v2-50c8899f9bc536f0,1bc6105b3a4e6492,8,1920,0.07000000,least-squares-post-synaptic,0.26400000,true
binn-hybrid-diagnostic-v2-50c8899f9bc536f0,1bc6105b3a4e6492,8,1920,0.07000000,direct-terminal,0.26400000,true
binn-hybrid-diagnostic-v2-50c8899f9bc536f0,b9f98982bb14e0a9,8,1920,0.07000000,existing-post-synaptic,0.24600001,true
binn-hybrid-diagnostic-v2-50c8899f9bc536f0,b9f98982bb14e0a9,8,1920,0.07000000,least-squares-post-synaptic,0.27800000,true
binn-hybrid-diagnostic-v2-50c8899f9bc536f0,b9f98982bb14e0a9,8,1920,0.07000000,direct-terminal,0.26400000,true
binn-hybrid-diagnostic-v2-50c8899f9bc536f0,d6753df03e0d7c14,1,1920,0.03500000,privileged-intermediate-target,1.00000000,true
binn-hybrid-diagnostic-v2-50c8899f9bc536f0,d6753df03e0d7c14,1,1920,0.03500000,shuffled-label,0.00000000,true
binn-hybrid-diagnostic-v2-50c8899f9bc536f0,742cb73bbfd3f82b,1,1920,0.03500000,privileged-intermediate-target,1.00000000,true
binn-hybrid-diagnostic-v2-50c8899f9bc536f0,742cb73bbfd3f82b,1,1920,0.03500000,shuffled-label,0.00000000,true
binn-hybrid-diagnostic-v2-50c8899f9bc536f0,92e429653c98743e,1,1920,0.03500000,privileged-intermediate-target,1.00000000,true
binn-hybrid-diagnostic-v2-50c8899f9bc536f0,92e429653c98743e,1,1920,0.03500000,shuffled-label,0.00000000,true
binn-hybrid-diagnostic-v2-50c8899f9bc536f0,309fa2acbc6ef055,1,1920,0.03500000,privileged-intermediate-target,1.00000000,true
binn-hybrid-diagnostic-v2-50c8899f9bc536f0,309fa2acbc6ef055,1,1920,0.03500000,shuffled-label,0.00000000,true
binn-hybrid-diagnostic-v2-50c8899f9bc536f0,5f5724d63d336c68,1,1920,0.03500000,privileged-intermediate-target,1.00000000,true
binn-hybrid-diagnostic-v2-50c8899f9bc536f0,5f5724d63d336c68,1,1920,0.03500000,shuffled-label,0.00000000,true
binn-hybrid-diagnostic-v2-50c8899f9bc536f0,fd0e9e11baf9e87f,1,1920,0.03500000,privileged-intermediate-target,1.00000000,true
binn-hybrid-diagnostic-v2-50c8899f9bc536f0,fd0e9e11baf9e87f,1,1920,0.03500000,shuffled-label,0.00000000,true
binn-hybrid-diagnostic-v2-50c8899f9bc536f0,1bc6105b3a4e6492,1,1920,0.03500000,privileged-intermediate-target,1.00000000,true
binn-hybrid-diagnostic-v2-50c8899f9bc536f0,1bc6105b3a4e6492,1,1920,0.03500000,shuffled-label,0.00000000,true
binn-hybrid-diagnostic-v2-50c8899f9bc536f0,b9f98982bb14e0a9,1,1920,0.03500000,privileged-intermediate-target,1.00000000,true
binn-hybrid-diagnostic-v2-50c8899f9bc536f0,b9f98982bb14e0a9,1,1920,0.03500000,shuffled-label,0.00000000,true
binn-hybrid-diagnostic-v2-50c8899f9bc536f0,d6753df03e0d7c14,2,1920,0.03500000,privileged-intermediate-target,1.00000000,true
binn-hybrid-diagnostic-v2-50c8899f9bc536f0,d6753df03e0d7c14,2,1920,0.03500000,shuffled-label,0.00000000,true
binn-hybrid-diagnostic-v2-50c8899f9bc536f0,742cb73bbfd3f82b,2,1920,0.03500000,privileged-intermediate-target,1.00000000,true
binn-hybrid-diagnostic-v2-50c8899f9bc536f0,742cb73bbfd3f82b,2,1920,0.03500000,shuffled-label,0.00000000,true
binn-hybrid-diagnostic-v2-50c8899f9bc536f0,92e429653c98743e,2,1920,0.03500000,privileged-intermediate-target,1.00000000,true
binn-hybrid-diagnostic-v2-50c8899f9bc536f0,92e429653c98743e,2,1920,0.03500000,shuffled-label,0.00000000,true
binn-hybrid-diagnostic-v2-50c8899f9bc536f0,309fa2acbc6ef055,2,1920,0.03500000,privileged-intermediate-target,1.00000000,true
binn-hybrid-diagnostic-v2-50c8899f9bc536f0,309fa2acbc6ef055,2,1920,0.03500000,shuffled-label,0.00000000,true
binn-hybrid-diagnostic-v2-50c8899f9bc536f0,5f5724d63d336c68,2,1920,0.03500000,privileged-intermediate-target,1.00000000,true
binn-hybrid-diagnostic-v2-50c8899f9bc536f0,5f5724d63d336c68,2,1920,0.03500000,shuffled-label,0.00000000,true
binn-hybrid-diagnostic-v2-50c8899f9bc536f0,fd0e9e11baf9e87f,2,1920,0.03500000,privileged-intermediate-target,1.00000000,true
binn-hybrid-diagnostic-v2-50c8899f9bc536f0,fd0e9e11baf9e87f,2,1920,0.03500000,shuffled-label,0.00000000,true
binn-hybrid-diagnostic-v2-50c8899f9bc536f0,1bc6105b3a4e6492,2,1920,0.03500000,privileged-intermediate-target,1.00000000,true
binn-hybrid-diagnostic-v2-50c8899f9bc536f0,1bc6105b3a4e6492,2,1920,0.03500000,shuffled-label,0.00000000,true
binn-hybrid-diagnostic-v2-50c8899f9bc536f0,b9f98982bb14e0a9,2,1920,0.03500000,privileged-intermediate-target,1.00000000,true
binn-hybrid-diagnostic-v2-50c8899f9bc536f0,b9f98982bb14e0a9,2,1920,0.03500000,shuffled-label,0.00000000,true
binn-hybrid-diagnostic-v2-50c8899f9bc536f0,d6753df03e0d7c14,3,1920,0.03500000,privileged-intermediate-target,1.00000000,true
binn-hybrid-diagnostic-v2-50c8899f9bc536f0,d6753df03e0d7c14,3,1920,0.03500000,shuffled-label,0.11800000,true
binn-hybrid-diagnostic-v2-50c8899f9bc536f0,742cb73bbfd3f82b,3,1920,0.03500000,privileged-intermediate-target,1.00000000,true
binn-hybrid-diagnostic-v2-50c8899f9bc536f0,742cb73bbfd3f82b,3,1920,0.03500000,shuffled-label,0.06600000,true
binn-hybrid-diagnostic-v2-50c8899f9bc536f0,92e429653c98743e,3,1920,0.03500000,privileged-intermediate-target,1.00000000,true
binn-hybrid-diagnostic-v2-50c8899f9bc536f0,92e429653c98743e,3,1920,0.03500000,shuffled-label,0.09200000,true
binn-hybrid-diagnostic-v2-50c8899f9bc536f0,309fa2acbc6ef055,3,1920,0.03500000,privileged-intermediate-target,1.00000000,true
binn-hybrid-diagnostic-v2-50c8899f9bc536f0,309fa2acbc6ef055,3,1920,0.03500000,shuffled-label,0.07400000,true
binn-hybrid-diagnostic-v2-50c8899f9bc536f0,5f5724d63d336c68,3,1920,0.03500000,privileged-intermediate-target,1.00000000,true
binn-hybrid-diagnostic-v2-50c8899f9bc536f0,5f5724d63d336c68,3,1920,0.03500000,shuffled-label,0.05200000,true
binn-hybrid-diagnostic-v2-50c8899f9bc536f0,fd0e9e11baf9e87f,3,1920,0.03500000,privileged-intermediate-target,1.00000000,true
binn-hybrid-diagnostic-v2-50c8899f9bc536f0,fd0e9e11baf9e87f,3,1920,0.03500000,shuffled-label,0.06800000,true
binn-hybrid-diagnostic-v2-50c8899f9bc536f0,1bc6105b3a4e6492,3,1920,0.03500000,privileged-intermediate-target,1.00000000,true
binn-hybrid-diagnostic-v2-50c8899f9bc536f0,1bc6105b3a4e6492,3,1920,0.03500000,shuffled-label,0.02600000,true
binn-hybrid-diagnostic-v2-50c8899f9bc536f0,b9f98982bb14e0a9,3,1920,0.03500000,privileged-intermediate-target,1.00000000,true
binn-hybrid-diagnostic-v2-50c8899f9bc536f0,b9f98982bb14e0a9,3,1920,0.03500000,shuffled-label,0.14000000,true
binn-hybrid-diagnostic-v2-50c8899f9bc536f0,d6753df03e0d7c14,4,1920,0.03500000,privileged-intermediate-target,1.00000000,true
binn-hybrid-diagnostic-v2-50c8899f9bc536f0,d6753df03e0d7c14,4,1920,0.03500000,shuffled-label,0.10200000,true
binn-hybrid-diagnostic-v2-50c8899f9bc536f0,742cb73bbfd3f82b,4,1920,0.03500000,privileged-intermediate-target,1.00000000,true
binn-hybrid-diagnostic-v2-50c8899f9bc536f0,742cb73bbfd3f82b,4,1920,0.03500000,shuffled-label,0.04800000,true
binn-hybrid-diagnostic-v2-50c8899f9bc536f0,92e429653c98743e,4,1920,0.03500000,privileged-intermediate-target,1.00000000,true
binn-hybrid-diagnostic-v2-50c8899f9bc536f0,92e429653c98743e,4,1920,0.03500000,shuffled-label,0.11200000,true
binn-hybrid-diagnostic-v2-50c8899f9bc536f0,309fa2acbc6ef055,4,1920,0.03500000,privileged-intermediate-target,1.00000000,true
binn-hybrid-diagnostic-v2-50c8899f9bc536f0,309fa2acbc6ef055,4,1920,0.03500000,shuffled-label,0.06000000,true
binn-hybrid-diagnostic-v2-50c8899f9bc536f0,5f5724d63d336c68,4,1920,0.03500000,privileged-intermediate-target,1.00000000,true
binn-hybrid-diagnostic-v2-50c8899f9bc536f0,5f5724d63d336c68,4,1920,0.03500000,shuffled-label,0.05200000,true
binn-hybrid-diagnostic-v2-50c8899f9bc536f0,fd0e9e11baf9e87f,4,1920,0.03500000,privileged-intermediate-target,1.00000000,true
binn-hybrid-diagnostic-v2-50c8899f9bc536f0,fd0e9e11baf9e87f,4,1920,0.03500000,shuffled-label,0.03800000,true
binn-hybrid-diagnostic-v2-50c8899f9bc536f0,1bc6105b3a4e6492,4,1920,0.03500000,privileged-intermediate-target,1.00000000,true
binn-hybrid-diagnostic-v2-50c8899f9bc536f0,1bc6105b3a4e6492,4,1920,0.03500000,shuffled-label,0.01600000,true
binn-hybrid-diagnostic-v2-50c8899f9bc536f0,b9f98982bb14e0a9,4,1920,0.03500000,privileged-intermediate-target,1.00000000,true
binn-hybrid-diagnostic-v2-50c8899f9bc536f0,b9f98982bb14e0a9,4,1920,0.03500000,shuffled-label,0.12200000,true
binn-hybrid-diagnostic-v2-50c8899f9bc536f0,d6753df03e0d7c14,5,1920,0.03500000,privileged-intermediate-target,0.89399999,true
binn-hybrid-diagnostic-v2-50c8899f9bc536f0,d6753df03e0d7c14,5,1920,0.03500000,shuffled-label,0.18400000,true
binn-hybrid-diagnostic-v2-50c8899f9bc536f0,742cb73bbfd3f82b,5,1920,0.03500000,privileged-intermediate-target,0.87199998,true
binn-hybrid-diagnostic-v2-50c8899f9bc536f0,742cb73bbfd3f82b,5,1920,0.03500000,shuffled-label,0.10200000,true
binn-hybrid-diagnostic-v2-50c8899f9bc536f0,92e429653c98743e,5,1920,0.03500000,privileged-intermediate-target,0.87199998,true
binn-hybrid-diagnostic-v2-50c8899f9bc536f0,92e429653c98743e,5,1920,0.03500000,shuffled-label,0.08600000,true
binn-hybrid-diagnostic-v2-50c8899f9bc536f0,309fa2acbc6ef055,5,1920,0.03500000,privileged-intermediate-target,0.87599999,true
binn-hybrid-diagnostic-v2-50c8899f9bc536f0,309fa2acbc6ef055,5,1920,0.03500000,shuffled-label,0.14600000,true
binn-hybrid-diagnostic-v2-50c8899f9bc536f0,5f5724d63d336c68,5,1920,0.03500000,privileged-intermediate-target,0.87599999,true
binn-hybrid-diagnostic-v2-50c8899f9bc536f0,5f5724d63d336c68,5,1920,0.03500000,shuffled-label,0.10200000,true
binn-hybrid-diagnostic-v2-50c8899f9bc536f0,fd0e9e11baf9e87f,5,1920,0.03500000,privileged-intermediate-target,0.86799997,true
binn-hybrid-diagnostic-v2-50c8899f9bc536f0,fd0e9e11baf9e87f,5,1920,0.03500000,shuffled-label,0.12800001,true
binn-hybrid-diagnostic-v2-50c8899f9bc536f0,1bc6105b3a4e6492,5,1920,0.03500000,privileged-intermediate-target,0.88800001,true
binn-hybrid-diagnostic-v2-50c8899f9bc536f0,1bc6105b3a4e6492,5,1920,0.03500000,shuffled-label,0.09000000,true
binn-hybrid-diagnostic-v2-50c8899f9bc536f0,b9f98982bb14e0a9,5,1920,0.03500000,privileged-intermediate-target,0.86400002,true
binn-hybrid-diagnostic-v2-50c8899f9bc536f0,b9f98982bb14e0a9,5,1920,0.03500000,shuffled-label,0.21600001,true
binn-hybrid-diagnostic-v2-50c8899f9bc536f0,d6753df03e0d7c14,6,1920,0.03500000,privileged-intermediate-target,0.74599999,true
binn-hybrid-diagnostic-v2-50c8899f9bc536f0,d6753df03e0d7c14,6,1920,0.03500000,shuffled-label,0.24200000,true
binn-hybrid-diagnostic-v2-50c8899f9bc536f0,742cb73bbfd3f82b,6,1920,0.03500000,privileged-intermediate-target,0.74400002,true
binn-hybrid-diagnostic-v2-50c8899f9bc536f0,742cb73bbfd3f82b,6,1920,0.03500000,shuffled-label,0.27200001,true
binn-hybrid-diagnostic-v2-50c8899f9bc536f0,92e429653c98743e,6,1920,0.03500000,privileged-intermediate-target,0.71200001,true
binn-hybrid-diagnostic-v2-50c8899f9bc536f0,92e429653c98743e,6,1920,0.03500000,shuffled-label,0.25400001,true
binn-hybrid-diagnostic-v2-50c8899f9bc536f0,309fa2acbc6ef055,6,1920,0.03500000,privileged-intermediate-target,0.73000002,true
binn-hybrid-diagnostic-v2-50c8899f9bc536f0,309fa2acbc6ef055,6,1920,0.03500000,shuffled-label,0.20400000,true
binn-hybrid-diagnostic-v2-50c8899f9bc536f0,5f5724d63d336c68,6,1920,0.03500000,privileged-intermediate-target,0.74599999,true
binn-hybrid-diagnostic-v2-50c8899f9bc536f0,5f5724d63d336c68,6,1920,0.03500000,shuffled-label,0.15600000,true
binn-hybrid-diagnostic-v2-50c8899f9bc536f0,fd0e9e11baf9e87f,6,1920,0.03500000,privileged-intermediate-target,0.71399999,true
binn-hybrid-diagnostic-v2-50c8899f9bc536f0,fd0e9e11baf9e87f,6,1920,0.03500000,shuffled-label,0.23400000,true
binn-hybrid-diagnostic-v2-50c8899f9bc536f0,1bc6105b3a4e6492,6,1920,0.03500000,privileged-intermediate-target,0.75599998,true
binn-hybrid-diagnostic-v2-50c8899f9bc536f0,1bc6105b3a4e6492,6,1920,0.03500000,shuffled-label,0.23000000,true
binn-hybrid-diagnostic-v2-50c8899f9bc536f0,b9f98982bb14e0a9,6,1920,0.03500000,privileged-intermediate-target,0.72399998,true
binn-hybrid-diagnostic-v2-50c8899f9bc536f0,b9f98982bb14e0a9,6,1920,0.03500000,shuffled-label,0.13800000,true
binn-hybrid-diagnostic-v2-50c8899f9bc536f0,d6753df03e0d7c14,7,1920,0.03500000,privileged-intermediate-target,0.68400002,true
binn-hybrid-diagnostic-v2-50c8899f9bc536f0,d6753df03e0d7c14,7,1920,0.03500000,shuffled-label,0.27399999,true
binn-hybrid-diagnostic-v2-50c8899f9bc536f0,742cb73bbfd3f82b,7,1920,0.03500000,privileged-intermediate-target,0.69000000,true
binn-hybrid-diagnostic-v2-50c8899f9bc536f0,742cb73bbfd3f82b,7,1920,0.03500000,shuffled-label,0.23000000,true
binn-hybrid-diagnostic-v2-50c8899f9bc536f0,92e429653c98743e,7,1920,0.03500000,privileged-intermediate-target,0.69599998,true
binn-hybrid-diagnostic-v2-50c8899f9bc536f0,92e429653c98743e,7,1920,0.03500000,shuffled-label,0.20800000,true
binn-hybrid-diagnostic-v2-50c8899f9bc536f0,309fa2acbc6ef055,7,1920,0.03500000,privileged-intermediate-target,0.74599999,true
binn-hybrid-diagnostic-v2-50c8899f9bc536f0,309fa2acbc6ef055,7,1920,0.03500000,shuffled-label,0.23999999,true
binn-hybrid-diagnostic-v2-50c8899f9bc536f0,5f5724d63d336c68,7,1920,0.03500000,privileged-intermediate-target,0.70599997,true
binn-hybrid-diagnostic-v2-50c8899f9bc536f0,5f5724d63d336c68,7,1920,0.03500000,shuffled-label,0.21600001,true
binn-hybrid-diagnostic-v2-50c8899f9bc536f0,fd0e9e11baf9e87f,7,1920,0.03500000,privileged-intermediate-target,0.67000002,true
binn-hybrid-diagnostic-v2-50c8899f9bc536f0,fd0e9e11baf9e87f,7,1920,0.03500000,shuffled-label,0.21600001,true
binn-hybrid-diagnostic-v2-50c8899f9bc536f0,1bc6105b3a4e6492,7,1920,0.03500000,privileged-intermediate-target,0.69599998,true
binn-hybrid-diagnostic-v2-50c8899f9bc536f0,1bc6105b3a4e6492,7,1920,0.03500000,shuffled-label,0.22000000,true
binn-hybrid-diagnostic-v2-50c8899f9bc536f0,b9f98982bb14e0a9,7,1920,0.03500000,privileged-intermediate-target,0.74400002,true
binn-hybrid-diagnostic-v2-50c8899f9bc536f0,b9f98982bb14e0a9,7,1920,0.03500000,shuffled-label,0.18400000,true
binn-hybrid-diagnostic-v2-50c8899f9bc536f0,d6753df03e0d7c14,8,1920,0.03500000,privileged-intermediate-target,0.66399997,true
binn-hybrid-diagnostic-v2-50c8899f9bc536f0,d6753df03e0d7c14,8,1920,0.03500000,shuffled-label,0.26800001,true
binn-hybrid-diagnostic-v2-50c8899f9bc536f0,742cb73bbfd3f82b,8,1920,0.03500000,privileged-intermediate-target,0.66600001,true
binn-hybrid-diagnostic-v2-50c8899f9bc536f0,742cb73bbfd3f82b,8,1920,0.03500000,shuffled-label,0.25000000,true
binn-hybrid-diagnostic-v2-50c8899f9bc536f0,92e429653c98743e,8,1920,0.03500000,privileged-intermediate-target,0.66799998,true
binn-hybrid-diagnostic-v2-50c8899f9bc536f0,92e429653c98743e,8,1920,0.03500000,shuffled-label,0.26199999,true
binn-hybrid-diagnostic-v2-50c8899f9bc536f0,309fa2acbc6ef055,8,1920,0.03500000,privileged-intermediate-target,0.63000000,true
binn-hybrid-diagnostic-v2-50c8899f9bc536f0,309fa2acbc6ef055,8,1920,0.03500000,shuffled-label,0.23999999,true
binn-hybrid-diagnostic-v2-50c8899f9bc536f0,5f5724d63d336c68,8,1920,0.03500000,privileged-intermediate-target,0.66200000,true
binn-hybrid-diagnostic-v2-50c8899f9bc536f0,5f5724d63d336c68,8,1920,0.03500000,shuffled-label,0.27399999,true
binn-hybrid-diagnostic-v2-50c8899f9bc536f0,fd0e9e11baf9e87f,8,1920,0.03500000,privileged-intermediate-target,0.61000001,true
binn-hybrid-diagnostic-v2-50c8899f9bc536f0,fd0e9e11baf9e87f,8,1920,0.03500000,shuffled-label,0.23600000,true
binn-hybrid-diagnostic-v2-50c8899f9bc536f0,1bc6105b3a4e6492,8,1920,0.03500000,privileged-intermediate-target,0.65200001,true
binn-hybrid-diagnostic-v2-50c8899f9bc536f0,1bc6105b3a4e6492,8,1920,0.03500000,shuffled-label,0.22400001,true
binn-hybrid-diagnostic-v2-50c8899f9bc536f0,b9f98982bb14e0a9,8,1920,0.03500000,privileged-intermediate-target,0.63000000,true
binn-hybrid-diagnostic-v2-50c8899f9bc536f0,b9f98982bb14e0a9,8,1920,0.03500000,shuffled-label,0.24400000,true
