variant,n_states,connectivity,seed,depth,budget,learning_rate,temperature,arm,accuracy,measured_nnz,test_weights_unchanged
baseline-dense-d1-8-s4,4,dense,15453320347936062484,1,240,0.035000,soft,direct-terminal,0.882500,32,true
baseline-dense-d1-8-s4,4,dense,15453320347936062484,1,240,0.035000,2.0000,direct-terminal,0.882500,32,true
baseline-dense-d1-8-s4,4,dense,15453320347936062484,1,240,0.035000,1.0000,direct-terminal,0.882500,32,true
baseline-dense-d1-8-s4,4,dense,15453320347936062484,1,240,0.035000,hard,direct-terminal,0.882500,32,true
baseline-dense-d1-8-s4,4,dense,8371261729603450923,1,240,0.035000,soft,direct-terminal,0.870000,32,true
baseline-dense-d1-8-s4,4,dense,8371261729603450923,1,240,0.035000,2.0000,direct-terminal,0.870000,32,true
baseline-dense-d1-8-s4,4,dense,8371261729603450923,1,240,0.035000,1.0000,direct-terminal,0.870000,32,true
baseline-dense-d1-8-s4,4,dense,8371261729603450923,1,240,0.035000,hard,direct-terminal,0.870000,32,true
baseline-dense-d1-8-s4,4,dense,10584633876018000958,1,240,0.035000,soft,direct-terminal,0.880000,32,true
baseline-dense-d1-8-s4,4,dense,10584633876018000958,1,240,0.035000,2.0000,direct-terminal,0.880000,32,true
baseline-dense-d1-8-s4,4,dense,10584633876018000958,1,240,0.035000,1.0000,direct-terminal,0.880000,32,true
baseline-dense-d1-8-s4,4,dense,10584633876018000958,1,240,0.035000,hard,direct-terminal,0.880000,32,true
baseline-dense-d1-8-s4,4,dense,3503703373795356757,1,240,0.035000,soft,direct-terminal,1.000000,32,true
baseline-dense-d1-8-s4,4,dense,3503703373795356757,1,240,0.035000,2.0000,direct-terminal,1.000000,32,true
baseline-dense-d1-8-s4,4,dense,3503703373795356757,1,240,0.035000,1.0000,direct-terminal,1.000000,32,true
baseline-dense-d1-8-s4,4,dense,3503703373795356757,1,240,0.035000,hard,direct-terminal,1.000000,32,true
baseline-dense-d1-8-s4,4,dense,6869996990457277544,1,240,0.035000,soft,direct-terminal,0.867500,32,true
baseline-dense-d1-8-s4,4,dense,6869996990457277544,1,240,0.035000,2.0000,direct-terminal,0.867500,32,true
baseline-dense-d1-8-s4,4,dense,6869996990457277544,1,240,0.035000,1.0000,direct-terminal,0.867500,32,true
baseline-dense-d1-8-s4,4,dense,6869996990457277544,1,240,0.035000,hard,direct-terminal,0.867500,32,true
baseline-dense-d1-8-s4,4,dense,18234682480328173695,1,240,0.035000,soft,direct-terminal,0.720000,32,true
baseline-dense-d1-8-s4,4,dense,18234682480328173695,1,240,0.035000,2.0000,direct-terminal,0.720000,32,true
baseline-dense-d1-8-s4,4,dense,18234682480328173695,1,240,0.035000,1.0000,direct-terminal,0.720000,32,true
baseline-dense-d1-8-s4,4,dense,18234682480328173695,1,240,0.035000,hard,direct-terminal,0.720000,32,true
baseline-dense-d1-8-s4,4,dense,2001310518681822354,1,240,0.035000,soft,direct-terminal,0.890000,32,true
baseline-dense-d1-8-s4,4,dense,2001310518681822354,1,240,0.035000,2.0000,direct-terminal,0.890000,32,true
baseline-dense-d1-8-s4,4,dense,2001310518681822354,1,240,0.035000,1.0000,direct-terminal,0.890000,32,true
baseline-dense-d1-8-s4,4,dense,2001310518681822354,1,240,0.035000,hard,direct-terminal,0.890000,32,true
baseline-dense-d1-8-s4,4,dense,13400896689310720169,1,240,0.035000,soft,direct-terminal,1.000000,32,true
baseline-dense-d1-8-s4,4,dense,13400896689310720169,1,240,0.035000,2.0000,direct-terminal,1.000000,32,true
baseline-dense-d1-8-s4,4,dense,13400896689310720169,1,240,0.035000,1.0000,direct-terminal,1.000000,32,true
baseline-dense-d1-8-s4,4,dense,13400896689310720169,1,240,0.035000,hard,direct-terminal,1.000000,32,true
baseline-dense-d1-8-s4,4,dense,15453320347936062484,1,240,0.070000,soft,direct-terminal,1.000000,32,true
baseline-dense-d1-8-s4,4,dense,15453320347936062484,1,240,0.070000,2.0000,direct-terminal,1.000000,32,true
baseline-dense-d1-8-s4,4,dense,15453320347936062484,1,240,0.070000,1.0000,direct-terminal,1.000000,32,true
baseline-dense-d1-8-s4,4,dense,15453320347936062484,1,240,0.070000,hard,direct-terminal,1.000000,32,true
baseline-dense-d1-8-s4,4,dense,8371261729603450923,1,240,0.070000,soft,direct-terminal,1.000000,32,true
baseline-dense-d1-8-s4,4,dense,8371261729603450923,1,240,0.070000,2.0000,direct-terminal,1.000000,32,true
baseline-dense-d1-8-s4,4,dense,8371261729603450923,1,240,0.070000,1.0000,direct-terminal,1.000000,32,true
baseline-dense-d1-8-s4,4,dense,8371261729603450923,1,240,0.070000,hard,direct-terminal,1.000000,32,true
baseline-dense-d1-8-s4,4,dense,10584633876018000958,1,240,0.070000,soft,direct-terminal,1.000000,32,true
baseline-dense-d1-8-s4,4,dense,10584633876018000958,1,240,0.070000,2.0000,direct-terminal,1.000000,32,true
baseline-dense-d1-8-s4,4,dense,10584633876018000958,1,240,0.070000,1.0000,direct-terminal,1.000000,32,true
baseline-dense-d1-8-s4,4,dense,10584633876018000958,1,240,0.070000,hard,direct-terminal,1.000000,32,true
baseline-dense-d1-8-s4,4,dense,3503703373795356757,1,240,0.070000,soft,direct-terminal,1.000000,32,true
baseline-dense-d1-8-s4,4,dense,3503703373795356757,1,240,0.070000,2.0000,direct-terminal,1.000000,32,true
baseline-dense-d1-8-s4,4,dense,3503703373795356757,1,240,0.070000,1.0000,direct-terminal,1.000000,32,true
baseline-dense-d1-8-s4,4,dense,3503703373795356757,1,240,0.070000,hard,direct-terminal,1.000000,32,true
baseline-dense-d1-8-s4,4,dense,6869996990457277544,1,240,0.070000,soft,direct-terminal,1.000000,32,true
baseline-dense-d1-8-s4,4,dense,6869996990457277544,1,240,0.070000,2.0000,direct-terminal,1.000000,32,true
baseline-dense-d1-8-s4,4,dense,6869996990457277544,1,240,0.070000,1.0000,direct-terminal,1.000000,32,true
baseline-dense-d1-8-s4,4,dense,6869996990457277544,1,240,0.070000,hard,direct-terminal,1.000000,32,true
baseline-dense-d1-8-s4,4,dense,18234682480328173695,1,240,0.070000,soft,direct-terminal,1.000000,32,true
baseline-dense-d1-8-s4,4,dense,18234682480328173695,1,240,0.070000,2.0000,direct-terminal,1.000000,32,true
baseline-dense-d1-8-s4,4,dense,18234682480328173695,1,240,0.070000,1.0000,direct-terminal,1.000000,32,true
baseline-dense-d1-8-s4,4,dense,18234682480328173695,1,240,0.070000,hard,direct-terminal,1.000000,32,true
baseline-dense-d1-8-s4,4,dense,2001310518681822354,1,240,0.070000,soft,direct-terminal,1.000000,32,true
baseline-dense-d1-8-s4,4,dense,2001310518681822354,1,240,0.070000,2.0000,direct-terminal,1.000000,32,true
baseline-dense-d1-8-s4,4,dense,2001310518681822354,1,240,0.070000,1.0000,direct-terminal,1.000000,32,true
baseline-dense-d1-8-s4,4,dense,2001310518681822354,1,240,0.070000,hard,direct-terminal,1.000000,32,true
baseline-dense-d1-8-s4,4,dense,13400896689310720169,1,240,0.070000,soft,direct-terminal,1.000000,32,true
baseline-dense-d1-8-s4,4,dense,13400896689310720169,1,240,0.070000,2.0000,direct-terminal,1.000000,32,true
baseline-dense-d1-8-s4,4,dense,13400896689310720169,1,240,0.070000,1.0000,direct-terminal,1.000000,32,true
baseline-dense-d1-8-s4,4,dense,13400896689310720169,1,240,0.070000,hard,direct-terminal,1.000000,32,true
baseline-dense-d1-8-s4,4,dense,15453320347936062484,1,960,0.035000,soft,direct-terminal,1.000000,32,true
baseline-dense-d1-8-s4,4,dense,15453320347936062484,1,960,0.035000,2.0000,direct-terminal,1.000000,32,true
baseline-dense-d1-8-s4,4,dense,15453320347936062484,1,960,0.035000,1.0000,direct-terminal,1.000000,32,true
baseline-dense-d1-8-s4,4,dense,15453320347936062484,1,960,0.035000,hard,direct-terminal,1.000000,32,true
baseline-dense-d1-8-s4,4,dense,8371261729603450923,1,960,0.035000,soft,direct-terminal,1.000000,32,true
baseline-dense-d1-8-s4,4,dense,8371261729603450923,1,960,0.035000,2.0000,direct-terminal,1.000000,32,true
baseline-dense-d1-8-s4,4,dense,8371261729603450923,1,960,0.035000,1.0000,direct-terminal,1.000000,32,true
baseline-dense-d1-8-s4,4,dense,8371261729603450923,1,960,0.035000,hard,direct-terminal,1.000000,32,true
baseline-dense-d1-8-s4,4,dense,10584633876018000958,1,960,0.035000,soft,direct-terminal,1.000000,32,true
baseline-dense-d1-8-s4,4,dense,10584633876018000958,1,960,0.035000,2.0000,direct-terminal,1.000000,32,true
baseline-dense-d1-8-s4,4,dense,10584633876018000958,1,960,0.035000,1.0000,direct-terminal,1.000000,32,true
baseline-dense-d1-8-s4,4,dense,10584633876018000958,1,960,0.035000,hard,direct-terminal,1.000000,32,true
baseline-dense-d1-8-s4,4,dense,3503703373795356757,1,960,0.035000,soft,direct-terminal,1.000000,32,true
baseline-dense-d1-8-s4,4,dense,3503703373795356757,1,960,0.035000,2.0000,direct-terminal,1.000000,32,true
baseline-dense-d1-8-s4,4,dense,3503703373795356757,1,960,0.035000,1.0000,direct-terminal,1.000000,32,true
baseline-dense-d1-8-s4,4,dense,3503703373795356757,1,960,0.035000,hard,direct-terminal,1.000000,32,true
baseline-dense-d1-8-s4,4,dense,6869996990457277544,1,960,0.035000,soft,direct-terminal,1.000000,32,true
baseline-dense-d1-8-s4,4,dense,6869996990457277544,1,960,0.035000,2.0000,direct-terminal,1.000000,32,true
baseline-dense-d1-8-s4,4,dense,6869996990457277544,1,960,0.035000,1.0000,direct-terminal,1.000000,32,true
baseline-dense-d1-8-s4,4,dense,6869996990457277544,1,960,0.035000,hard,direct-terminal,1.000000,32,true
baseline-dense-d1-8-s4,4,dense,18234682480328173695,1,960,0.035000,soft,direct-terminal,1.000000,32,true
baseline-dense-d1-8-s4,4,dense,18234682480328173695,1,960,0.035000,2.0000,direct-terminal,1.000000,32,true
baseline-dense-d1-8-s4,4,dense,18234682480328173695,1,960,0.035000,1.0000,direct-terminal,1.000000,32,true
baseline-dense-d1-8-s4,4,dense,18234682480328173695,1,960,0.035000,hard,direct-terminal,1.000000,32,true
baseline-dense-d1-8-s4,4,dense,2001310518681822354,1,960,0.035000,soft,direct-terminal,1.000000,32,true
baseline-dense-d1-8-s4,4,dense,2001310518681822354,1,960,0.035000,2.0000,direct-terminal,1.000000,32,true
baseline-dense-d1-8-s4,4,dense,2001310518681822354,1,960,0.035000,1.0000,direct-terminal,1.000000,32,true
baseline-dense-d1-8-s4,4,dense,2001310518681822354,1,960,0.035000,hard,direct-terminal,1.000000,32,true
baseline-dense-d1-8-s4,4,dense,13400896689310720169,1,960,0.035000,soft,direct-terminal,1.000000,32,true
baseline-dense-d1-8-s4,4,dense,13400896689310720169,1,960,0.035000,2.0000,direct-terminal,1.000000,32,true
baseline-dense-d1-8-s4,4,dense,13400896689310720169,1,960,0.035000,1.0000,direct-terminal,1.000000,32,true
baseline-dense-d1-8-s4,4,dense,13400896689310720169,1,960,0.035000,hard,direct-terminal,1.000000,32,true
baseline-dense-d1-8-s4,4,dense,15453320347936062484,1,960,0.070000,soft,direct-terminal,1.000000,32,true
baseline-dense-d1-8-s4,4,dense,15453320347936062484,1,960,0.070000,2.0000,direct-terminal,1.000000,32,true
baseline-dense-d1-8-s4,4,dense,15453320347936062484,1,960,0.070000,1.0000,direct-terminal,1.000000,32,true
baseline-dense-d1-8-s4,4,dense,15453320347936062484,1,960,0.070000,hard,direct-terminal,1.000000,32,true
baseline-dense-d1-8-s4,4,dense,8371261729603450923,1,960,0.070000,soft,direct-terminal,1.000000,32,true
baseline-dense-d1-8-s4,4,dense,8371261729603450923,1,960,0.070000,2.0000,direct-terminal,1.000000,32,true
baseline-dense-d1-8-s4,4,dense,8371261729603450923,1,960,0.070000,1.0000,direct-terminal,1.000000,32,true
baseline-dense-d1-8-s4,4,dense,8371261729603450923,1,960,0.070000,hard,direct-terminal,1.000000,32,true
baseline-dense-d1-8-s4,4,dense,10584633876018000958,1,960,0.070000,soft,direct-terminal,1.000000,32,true
baseline-dense-d1-8-s4,4,dense,10584633876018000958,1,960,0.070000,2.0000,direct-terminal,1.000000,32,true
baseline-dense-d1-8-s4,4,dense,10584633876018000958,1,960,0.070000,1.0000,direct-terminal,1.000000,32,true
baseline-dense-d1-8-s4,4,dense,10584633876018000958,1,960,0.070000,hard,direct-terminal,1.000000,32,true
baseline-dense-d1-8-s4,4,dense,3503703373795356757,1,960,0.070000,soft,direct-terminal,1.000000,32,true
baseline-dense-d1-8-s4,4,dense,3503703373795356757,1,960,0.070000,2.0000,direct-terminal,1.000000,32,true
baseline-dense-d1-8-s4,4,dense,3503703373795356757,1,960,0.070000,1.0000,direct-terminal,1.000000,32,true
baseline-dense-d1-8-s4,4,dense,3503703373795356757,1,960,0.070000,hard,direct-terminal,1.000000,32,true
baseline-dense-d1-8-s4,4,dense,6869996990457277544,1,960,0.070000,soft,direct-terminal,1.000000,32,true
baseline-dense-d1-8-s4,4,dense,6869996990457277544,1,960,0.070000,2.0000,direct-terminal,1.000000,32,true
baseline-dense-d1-8-s4,4,dense,6869996990457277544,1,960,0.070000,1.0000,direct-terminal,1.000000,32,true
baseline-dense-d1-8-s4,4,dense,6869996990457277544,1,960,0.070000,hard,direct-terminal,1.000000,32,true
baseline-dense-d1-8-s4,4,dense,18234682480328173695,1,960,0.070000,soft,direct-terminal,1.000000,32,true
baseline-dense-d1-8-s4,4,dense,18234682480328173695,1,960,0.070000,2.0000,direct-terminal,1.000000,32,true
baseline-dense-d1-8-s4,4,dense,18234682480328173695,1,960,0.070000,1.0000,direct-terminal,1.000000,32,true
baseline-dense-d1-8-s4,4,dense,18234682480328173695,1,960,0.070000,hard,direct-terminal,1.000000,32,true
baseline-dense-d1-8-s4,4,dense,2001310518681822354,1,960,0.070000,soft,direct-terminal,1.000000,32,true
baseline-dense-d1-8-s4,4,dense,2001310518681822354,1,960,0.070000,2.0000,direct-terminal,1.000000,32,true
baseline-dense-d1-8-s4,4,dense,2001310518681822354,1,960,0.070000,1.0000,direct-terminal,1.000000,32,true
baseline-dense-d1-8-s4,4,dense,2001310518681822354,1,960,0.070000,hard,direct-terminal,1.000000,32,true
baseline-dense-d1-8-s4,4,dense,13400896689310720169,1,960,0.070000,soft,direct-terminal,1.000000,32,true
baseline-dense-d1-8-s4,4,dense,13400896689310720169,1,960,0.070000,2.0000,direct-terminal,1.000000,32,true
baseline-dense-d1-8-s4,4,dense,13400896689310720169,1,960,0.070000,1.0000,direct-terminal,1.000000,32,true
baseline-dense-d1-8-s4,4,dense,13400896689310720169,1,960,0.070000,hard,direct-terminal,1.000000,32,true
baseline-dense-d1-8-s4,4,dense,15453320347936062484,2,240,0.035000,soft,direct-terminal,0.660000,32,true
baseline-dense-d1-8-s4,4,dense,15453320347936062484,2,240,0.035000,2.0000,direct-terminal,0.610000,32,true
baseline-dense-d1-8-s4,4,dense,15453320347936062484,2,240,0.035000,1.0000,direct-terminal,0.610000,32,true
baseline-dense-d1-8-s4,4,dense,15453320347936062484,2,240,0.035000,hard,direct-terminal,0.585000,32,true
baseline-dense-d1-8-s4,4,dense,8371261729603450923,2,240,0.035000,soft,direct-terminal,0.647500,32,true
baseline-dense-d1-8-s4,4,dense,8371261729603450923,2,240,0.035000,2.0000,direct-terminal,0.647500,32,true
baseline-dense-d1-8-s4,4,dense,8371261729603450923,2,240,0.035000,1.0000,direct-terminal,0.647500,32,true
baseline-dense-d1-8-s4,4,dense,8371261729603450923,2,240,0.035000,hard,direct-terminal,0.572500,32,true
baseline-dense-d1-8-s4,4,dense,10584633876018000958,2,240,0.035000,soft,direct-terminal,0.710000,32,true
baseline-dense-d1-8-s4,4,dense,10584633876018000958,2,240,0.035000,2.0000,direct-terminal,0.637500,32,true
baseline-dense-d1-8-s4,4,dense,10584633876018000958,2,240,0.035000,1.0000,direct-terminal,0.710000,32,true
baseline-dense-d1-8-s4,4,dense,10584633876018000958,2,240,0.035000,hard,direct-terminal,0.522500,32,true
baseline-dense-d1-8-s4,4,dense,3503703373795356757,2,240,0.035000,soft,direct-terminal,0.685000,32,true
baseline-dense-d1-8-s4,4,dense,3503703373795356757,2,240,0.035000,2.0000,direct-terminal,0.640000,32,true
baseline-dense-d1-8-s4,4,dense,3503703373795356757,2,240,0.035000,1.0000,direct-terminal,0.640000,32,true
baseline-dense-d1-8-s4,4,dense,3503703373795356757,2,240,0.035000,hard,direct-terminal,0.580000,32,true
baseline-dense-d1-8-s4,4,dense,6869996990457277544,2,240,0.035000,soft,direct-terminal,0.602500,32,true
baseline-dense-d1-8-s4,4,dense,6869996990457277544,2,240,0.035000,2.0000,direct-terminal,0.685000,32,true
baseline-dense-d1-8-s4,4,dense,6869996990457277544,2,240,0.035000,1.0000,direct-terminal,0.685000,32,true
baseline-dense-d1-8-s4,4,dense,6869996990457277544,2,240,0.035000,hard,direct-terminal,0.685000,32,true
baseline-dense-d1-8-s4,4,dense,18234682480328173695,2,240,0.035000,soft,direct-terminal,0.660000,32,true
baseline-dense-d1-8-s4,4,dense,18234682480328173695,2,240,0.035000,2.0000,direct-terminal,0.665000,32,true
baseline-dense-d1-8-s4,4,dense,18234682480328173695,2,240,0.035000,1.0000,direct-terminal,0.515000,32,true
baseline-dense-d1-8-s4,4,dense,18234682480328173695,2,240,0.035000,hard,direct-terminal,0.532500,32,true
baseline-dense-d1-8-s4,4,dense,2001310518681822354,2,240,0.035000,soft,direct-terminal,0.645000,32,true
baseline-dense-d1-8-s4,4,dense,2001310518681822354,2,240,0.035000,2.0000,direct-terminal,0.662500,32,true
baseline-dense-d1-8-s4,4,dense,2001310518681822354,2,240,0.035000,1.0000,direct-terminal,0.592500,32,true
baseline-dense-d1-8-s4,4,dense,2001310518681822354,2,240,0.035000,hard,direct-terminal,0.522500,32,true
baseline-dense-d1-8-s4,4,dense,13400896689310720169,2,240,0.035000,soft,direct-terminal,0.500000,32,true
baseline-dense-d1-8-s4,4,dense,13400896689310720169,2,240,0.035000,2.0000,direct-terminal,0.652500,32,true
baseline-dense-d1-8-s4,4,dense,13400896689310720169,2,240,0.035000,1.0000,direct-terminal,0.515000,32,true
baseline-dense-d1-8-s4,4,dense,13400896689310720169,2,240,0.035000,hard,direct-terminal,0.480000,32,true
baseline-dense-d1-8-s4,4,dense,15453320347936062484,2,240,0.070000,soft,direct-terminal,0.597500,32,true
baseline-dense-d1-8-s4,4,dense,15453320347936062484,2,240,0.070000,2.0000,direct-terminal,0.615000,32,true
baseline-dense-d1-8-s4,4,dense,15453320347936062484,2,240,0.070000,1.0000,direct-terminal,0.540000,32,true
baseline-dense-d1-8-s4,4,dense,15453320347936062484,2,240,0.070000,hard,direct-terminal,0.470000,32,true
baseline-dense-d1-8-s4,4,dense,8371261729603450923,2,240,0.070000,soft,direct-terminal,0.695000,32,true
baseline-dense-d1-8-s4,4,dense,8371261729603450923,2,240,0.070000,2.0000,direct-terminal,0.662500,32,true
baseline-dense-d1-8-s4,4,dense,8371261729603450923,2,240,0.070000,1.0000,direct-terminal,0.612500,32,true
baseline-dense-d1-8-s4,4,dense,8371261729603450923,2,240,0.070000,hard,direct-terminal,0.547500,32,true
baseline-dense-d1-8-s4,4,dense,10584633876018000958,2,240,0.070000,soft,direct-terminal,0.577500,32,true
baseline-dense-d1-8-s4,4,dense,10584633876018000958,2,240,0.070000,2.0000,direct-terminal,0.637500,32,true
baseline-dense-d1-8-s4,4,dense,10584633876018000958,2,240,0.070000,1.0000,direct-terminal,0.615000,32,true
baseline-dense-d1-8-s4,4,dense,10584633876018000958,2,240,0.070000,hard,direct-terminal,0.545000,32,true
baseline-dense-d1-8-s4,4,dense,3503703373795356757,2,240,0.070000,soft,direct-terminal,0.887500,32,true
baseline-dense-d1-8-s4,4,dense,3503703373795356757,2,240,0.070000,2.0000,direct-terminal,0.775000,32,true
baseline-dense-d1-8-s4,4,dense,3503703373795356757,2,240,0.070000,1.0000,direct-terminal,0.775000,32,true
baseline-dense-d1-8-s4,4,dense,3503703373795356757,2,240,0.070000,hard,direct-terminal,0.580000,32,true
baseline-dense-d1-8-s4,4,dense,6869996990457277544,2,240,0.070000,soft,direct-terminal,0.667500,32,true
baseline-dense-d1-8-s4,4,dense,6869996990457277544,2,240,0.070000,2.0000,direct-terminal,0.667500,32,true
baseline-dense-d1-8-s4,4,dense,6869996990457277544,2,240,0.070000,1.0000,direct-terminal,0.612500,32,true
baseline-dense-d1-8-s4,4,dense,6869996990457277544,2,240,0.070000,hard,direct-terminal,0.612500,32,true
baseline-dense-d1-8-s4,4,dense,18234682480328173695,2,240,0.070000,soft,direct-terminal,0.690000,32,true
baseline-dense-d1-8-s4,4,dense,18234682480328173695,2,240,0.070000,2.0000,direct-terminal,0.622500,32,true
baseline-dense-d1-8-s4,4,dense,18234682480328173695,2,240,0.070000,1.0000,direct-terminal,0.622500,32,true
baseline-dense-d1-8-s4,4,dense,18234682480328173695,2,240,0.070000,hard,direct-terminal,0.485000,32,true
baseline-dense-d1-8-s4,4,dense,2001310518681822354,2,240,0.070000,soft,direct-terminal,0.645000,32,true
baseline-dense-d1-8-s4,4,dense,2001310518681822354,2,240,0.070000,2.0000,direct-terminal,0.662500,32,true
baseline-dense-d1-8-s4,4,dense,2001310518681822354,2,240,0.070000,1.0000,direct-terminal,0.592500,32,true
baseline-dense-d1-8-s4,4,dense,2001310518681822354,2,240,0.070000,hard,direct-terminal,0.592500,32,true
baseline-dense-d1-8-s4,4,dense,13400896689310720169,2,240,0.070000,soft,direct-terminal,0.580000,32,true
baseline-dense-d1-8-s4,4,dense,13400896689310720169,2,240,0.070000,2.0000,direct-terminal,0.517500,32,true
baseline-dense-d1-8-s4,4,dense,13400896689310720169,2,240,0.070000,1.0000,direct-terminal,0.580000,32,true
baseline-dense-d1-8-s4,4,dense,13400896689310720169,2,240,0.070000,hard,direct-terminal,0.560000,32,true
baseline-dense-d1-8-s4,4,dense,15453320347936062484,2,960,0.035000,soft,direct-terminal,1.000000,32,true
baseline-dense-d1-8-s4,4,dense,15453320347936062484,2,960,0.035000,2.0000,direct-terminal,1.000000,32,true
baseline-dense-d1-8-s4,4,dense,15453320347936062484,2,960,0.035000,1.0000,direct-terminal,1.000000,32,true
baseline-dense-d1-8-s4,4,dense,15453320347936062484,2,960,0.035000,hard,direct-terminal,0.607500,32,true
baseline-dense-d1-8-s4,4,dense,8371261729603450923,2,960,0.035000,soft,direct-terminal,1.000000,32,true
baseline-dense-d1-8-s4,4,dense,8371261729603450923,2,960,0.035000,2.0000,direct-terminal,1.000000,32,true
baseline-dense-d1-8-s4,4,dense,8371261729603450923,2,960,0.035000,1.0000,direct-terminal,1.000000,32,true
baseline-dense-d1-8-s4,4,dense,8371261729603450923,2,960,0.035000,hard,direct-terminal,0.530000,32,true
baseline-dense-d1-8-s4,4,dense,10584633876018000958,2,960,0.035000,soft,direct-terminal,1.000000,32,true
baseline-dense-d1-8-s4,4,dense,10584633876018000958,2,960,0.035000,2.0000,direct-terminal,0.937500,32,true
baseline-dense-d1-8-s4,4,dense,10584633876018000958,2,960,0.035000,1.0000,direct-terminal,0.937500,32,true
baseline-dense-d1-8-s4,4,dense,10584633876018000958,2,960,0.035000,hard,direct-terminal,0.580000,32,true
baseline-dense-d1-8-s4,4,dense,3503703373795356757,2,960,0.035000,soft,direct-terminal,1.000000,32,true
baseline-dense-d1-8-s4,4,dense,3503703373795356757,2,960,0.035000,2.0000,direct-terminal,1.000000,32,true
baseline-dense-d1-8-s4,4,dense,3503703373795356757,2,960,0.035000,1.0000,direct-terminal,1.000000,32,true
baseline-dense-d1-8-s4,4,dense,3503703373795356757,2,960,0.035000,hard,direct-terminal,0.557500,32,true
baseline-dense-d1-8-s4,4,dense,6869996990457277544,2,960,0.035000,soft,direct-terminal,1.000000,32,true
baseline-dense-d1-8-s4,4,dense,6869996990457277544,2,960,0.035000,2.0000,direct-terminal,1.000000,32,true
baseline-dense-d1-8-s4,4,dense,6869996990457277544,2,960,0.035000,1.0000,direct-terminal,1.000000,32,true
baseline-dense-d1-8-s4,4,dense,6869996990457277544,2,960,0.035000,hard,direct-terminal,0.612500,32,true
baseline-dense-d1-8-s4,4,dense,18234682480328173695,2,960,0.035000,soft,direct-terminal,1.000000,32,true
baseline-dense-d1-8-s4,4,dense,18234682480328173695,2,960,0.035000,2.0000,direct-terminal,0.737500,32,true
baseline-dense-d1-8-s4,4,dense,18234682480328173695,2,960,0.035000,1.0000,direct-terminal,0.797500,32,true
baseline-dense-d1-8-s4,4,dense,18234682480328173695,2,960,0.035000,hard,direct-terminal,0.605000,32,true
baseline-dense-d1-8-s4,4,dense,2001310518681822354,2,960,0.035000,soft,direct-terminal,0.847500,32,true
baseline-dense-d1-8-s4,4,dense,2001310518681822354,2,960,0.035000,2.0000,direct-terminal,0.662500,32,true
baseline-dense-d1-8-s4,4,dense,2001310518681822354,2,960,0.035000,1.0000,direct-terminal,0.662500,32,true
baseline-dense-d1-8-s4,4,dense,2001310518681822354,2,960,0.035000,hard,direct-terminal,0.592500,32,true
baseline-dense-d1-8-s4,4,dense,13400896689310720169,2,960,0.035000,soft,direct-terminal,1.000000,32,true
baseline-dense-d1-8-s4,4,dense,13400896689310720169,2,960,0.035000,2.0000,direct-terminal,1.000000,32,true
baseline-dense-d1-8-s4,4,dense,13400896689310720169,2,960,0.035000,1.0000,direct-terminal,1.000000,32,true
baseline-dense-d1-8-s4,4,dense,13400896689310720169,2,960,0.035000,hard,direct-terminal,0.637500,32,true
baseline-dense-d1-8-s4,4,dense,15453320347936062484,2,960,0.070000,soft,direct-terminal,1.000000,32,true
baseline-dense-d1-8-s4,4,dense,15453320347936062484,2,960,0.070000,2.0000,direct-terminal,1.000000,32,true
baseline-dense-d1-8-s4,4,dense,15453320347936062484,2,960,0.070000,1.0000,direct-terminal,1.000000,32,true
baseline-dense-d1-8-s4,4,dense,15453320347936062484,2,960,0.070000,hard,direct-terminal,0.550000,32,true
baseline-dense-d1-8-s4,4,dense,8371261729603450923,2,960,0.070000,soft,direct-terminal,1.000000,32,true
baseline-dense-d1-8-s4,4,dense,8371261729603450923,2,960,0.070000,2.0000,direct-terminal,1.000000,32,true
baseline-dense-d1-8-s4,4,dense,8371261729603450923,2,960,0.070000,1.0000,direct-terminal,1.000000,32,true
baseline-dense-d1-8-s4,4,dense,8371261729603450923,2,960,0.070000,hard,direct-terminal,0.572500,32,true
baseline-dense-d1-8-s4,4,dense,10584633876018000958,2,960,0.070000,soft,direct-terminal,1.000000,32,true
baseline-dense-d1-8-s4,4,dense,10584633876018000958,2,960,0.070000,2.0000,direct-terminal,1.000000,32,true
baseline-dense-d1-8-s4,4,dense,10584633876018000958,2,960,0.070000,1.0000,direct-terminal,1.000000,32,true
baseline-dense-d1-8-s4,4,dense,10584633876018000958,2,960,0.070000,hard,direct-terminal,0.672500,32,true
baseline-dense-d1-8-s4,4,dense,3503703373795356757,2,960,0.070000,soft,direct-terminal,1.000000,32,true
baseline-dense-d1-8-s4,4,dense,3503703373795356757,2,960,0.070000,2.0000,direct-terminal,1.000000,32,true
baseline-dense-d1-8-s4,4,dense,3503703373795356757,2,960,0.070000,1.0000,direct-terminal,1.000000,32,true
baseline-dense-d1-8-s4,4,dense,3503703373795356757,2,960,0.070000,hard,direct-terminal,0.557500,32,true
baseline-dense-d1-8-s4,4,dense,6869996990457277544,2,960,0.070000,soft,direct-terminal,1.000000,32,true
baseline-dense-d1-8-s4,4,dense,6869996990457277544,2,960,0.070000,2.0000,direct-terminal,1.000000,32,true
baseline-dense-d1-8-s4,4,dense,6869996990457277544,2,960,0.070000,1.0000,direct-terminal,1.000000,32,true
baseline-dense-d1-8-s4,4,dense,6869996990457277544,2,960,0.070000,hard,direct-terminal,0.612500,32,true
baseline-dense-d1-8-s4,4,dense,18234682480328173695,2,960,0.070000,soft,direct-terminal,1.000000,32,true
baseline-dense-d1-8-s4,4,dense,18234682480328173695,2,960,0.070000,2.0000,direct-terminal,0.932500,32,true
baseline-dense-d1-8-s4,4,dense,18234682480328173695,2,960,0.070000,1.0000,direct-terminal,0.932500,32,true
baseline-dense-d1-8-s4,4,dense,18234682480328173695,2,960,0.070000,hard,direct-terminal,0.605000,32,true
baseline-dense-d1-8-s4,4,dense,2001310518681822354,2,960,0.070000,soft,direct-terminal,1.000000,32,true
baseline-dense-d1-8-s4,4,dense,2001310518681822354,2,960,0.070000,2.0000,direct-terminal,0.472500,32,true
baseline-dense-d1-8-s4,4,dense,2001310518681822354,2,960,0.070000,1.0000,direct-terminal,0.595000,32,true
baseline-dense-d1-8-s4,4,dense,2001310518681822354,2,960,0.070000,hard,direct-terminal,0.592500,32,true
baseline-dense-d1-8-s4,4,dense,13400896689310720169,2,960,0.070000,soft,direct-terminal,1.000000,32,true
baseline-dense-d1-8-s4,4,dense,13400896689310720169,2,960,0.070000,2.0000,direct-terminal,1.000000,32,true
baseline-dense-d1-8-s4,4,dense,13400896689310720169,2,960,0.070000,1.0000,direct-terminal,1.000000,32,true
baseline-dense-d1-8-s4,4,dense,13400896689310720169,2,960,0.070000,hard,direct-terminal,0.637500,32,true
baseline-dense-d1-8-s4,4,dense,15453320347936062484,3,240,0.035000,soft,direct-terminal,0.315000,32,true
baseline-dense-d1-8-s4,4,dense,15453320347936062484,3,240,0.035000,2.0000,direct-terminal,0.235000,32,true
baseline-dense-d1-8-s4,4,dense,15453320347936062484,3,240,0.035000,1.0000,direct-terminal,0.235000,32,true
baseline-dense-d1-8-s4,4,dense,15453320347936062484,3,240,0.035000,hard,direct-terminal,0.000000,32,true
baseline-dense-d1-8-s4,4,dense,8371261729603450923,3,240,0.035000,soft,direct-terminal,0.367500,32,true
baseline-dense-d1-8-s4,4,dense,8371261729603450923,3,240,0.035000,2.0000,direct-terminal,0.302500,32,true
baseline-dense-d1-8-s4,4,dense,8371261729603450923,3,240,0.035000,1.0000,direct-terminal,0.335000,32,true
baseline-dense-d1-8-s4,4,dense,8371261729603450923,3,240,0.035000,hard,direct-terminal,0.000000,32,true
baseline-dense-d1-8-s4,4,dense,10584633876018000958,3,240,0.035000,soft,direct-terminal,0.347500,32,true
baseline-dense-d1-8-s4,4,dense,10584633876018000958,3,240,0.035000,2.0000,direct-terminal,0.270000,32,true
baseline-dense-d1-8-s4,4,dense,10584633876018000958,3,240,0.035000,1.0000,direct-terminal,0.307500,32,true
baseline-dense-d1-8-s4,4,dense,10584633876018000958,3,240,0.035000,hard,direct-terminal,0.000000,32,true
baseline-dense-d1-8-s4,4,dense,3503703373795356757,3,240,0.035000,soft,direct-terminal,0.360000,32,true
baseline-dense-d1-8-s4,4,dense,3503703373795356757,3,240,0.035000,2.0000,direct-terminal,0.272500,32,true
baseline-dense-d1-8-s4,4,dense,3503703373795356757,3,240,0.035000,1.0000,direct-terminal,0.272500,32,true
baseline-dense-d1-8-s4,4,dense,3503703373795356757,3,240,0.035000,hard,direct-terminal,0.000000,32,true
baseline-dense-d1-8-s4,4,dense,6869996990457277544,3,240,0.035000,soft,direct-terminal,0.500000,32,true
baseline-dense-d1-8-s4,4,dense,6869996990457277544,3,240,0.035000,2.0000,direct-terminal,0.297500,32,true
baseline-dense-d1-8-s4,4,dense,6869996990457277544,3,240,0.035000,1.0000,direct-terminal,0.340000,32,true
baseline-dense-d1-8-s4,4,dense,6869996990457277544,3,240,0.035000,hard,direct-terminal,0.000000,32,true
baseline-dense-d1-8-s4,4,dense,18234682480328173695,3,240,0.035000,soft,direct-terminal,0.342500,32,true
baseline-dense-d1-8-s4,4,dense,18234682480328173695,3,240,0.035000,2.0000,direct-terminal,0.245000,32,true
baseline-dense-d1-8-s4,4,dense,18234682480328173695,3,240,0.035000,1.0000,direct-terminal,0.272500,32,true
baseline-dense-d1-8-s4,4,dense,18234682480328173695,3,240,0.035000,hard,direct-terminal,0.115000,32,true
baseline-dense-d1-8-s4,4,dense,2001310518681822354,3,240,0.035000,soft,direct-terminal,0.372500,32,true
baseline-dense-d1-8-s4,4,dense,2001310518681822354,3,240,0.035000,2.0000,direct-terminal,0.277500,32,true
baseline-dense-d1-8-s4,4,dense,2001310518681822354,3,240,0.035000,1.0000,direct-terminal,0.342500,32,true
baseline-dense-d1-8-s4,4,dense,2001310518681822354,3,240,0.035000,hard,direct-terminal,0.160000,32,true
baseline-dense-d1-8-s4,4,dense,13400896689310720169,3,240,0.035000,soft,direct-terminal,0.397500,32,true
baseline-dense-d1-8-s4,4,dense,13400896689310720169,3,240,0.035000,2.0000,direct-terminal,0.260000,32,true
baseline-dense-d1-8-s4,4,dense,13400896689310720169,3,240,0.035000,1.0000,direct-terminal,0.425000,32,true
baseline-dense-d1-8-s4,4,dense,13400896689310720169,3,240,0.035000,hard,direct-terminal,0.000000,32,true
baseline-dense-d1-8-s4,4,dense,15453320347936062484,3,240,0.070000,soft,direct-terminal,0.592500,32,true
baseline-dense-d1-8-s4,4,dense,15453320347936062484,3,240,0.070000,2.0000,direct-terminal,0.237500,32,true
baseline-dense-d1-8-s4,4,dense,15453320347936062484,3,240,0.070000,1.0000,direct-terminal,0.237500,32,true
baseline-dense-d1-8-s4,4,dense,15453320347936062484,3,240,0.070000,hard,direct-terminal,0.130000,32,true
baseline-dense-d1-8-s4,4,dense,8371261729603450923,3,240,0.070000,soft,direct-terminal,0.575000,32,true
baseline-dense-d1-8-s4,4,dense,8371261729603450923,3,240,0.070000,2.0000,direct-terminal,0.275000,32,true
baseline-dense-d1-8-s4,4,dense,8371261729603450923,3,240,0.070000,1.0000,direct-terminal,0.372500,32,true
baseline-dense-d1-8-s4,4,dense,8371261729603450923,3,240,0.070000,hard,direct-terminal,0.165000,32,true
baseline-dense-d1-8-s4,4,dense,10584633876018000958,3,240,0.070000,soft,direct-terminal,0.572500,32,true
baseline-dense-d1-8-s4,4,dense,10584633876018000958,3,240,0.070000,2.0000,direct-terminal,0.307500,32,true
baseline-dense-d1-8-s4,4,dense,10584633876018000958,3,240,0.070000,1.0000,direct-terminal,0.302500,32,true
baseline-dense-d1-8-s4,4,dense,10584633876018000958,3,240,0.070000,hard,direct-terminal,0.262500,32,true
baseline-dense-d1-8-s4,4,dense,3503703373795356757,3,240,0.070000,soft,direct-terminal,0.572500,32,true
baseline-dense-d1-8-s4,4,dense,3503703373795356757,3,240,0.070000,2.0000,direct-terminal,0.265000,32,true
baseline-dense-d1-8-s4,4,dense,3503703373795356757,3,240,0.070000,1.0000,direct-terminal,0.320000,32,true
baseline-dense-d1-8-s4,4,dense,3503703373795356757,3,240,0.070000,hard,direct-terminal,0.000000,32,true
baseline-dense-d1-8-s4,4,dense,6869996990457277544,3,240,0.070000,soft,direct-terminal,0.592500,32,true
baseline-dense-d1-8-s4,4,dense,6869996990457277544,3,240,0.070000,2.0000,direct-terminal,0.297500,32,true
baseline-dense-d1-8-s4,4,dense,6869996990457277544,3,240,0.070000,1.0000,direct-terminal,0.337500,32,true
baseline-dense-d1-8-s4,4,dense,6869996990457277544,3,240,0.070000,hard,direct-terminal,0.232500,32,true
baseline-dense-d1-8-s4,4,dense,18234682480328173695,3,240,0.070000,soft,direct-terminal,0.535000,32,true
baseline-dense-d1-8-s4,4,dense,18234682480328173695,3,240,0.070000,2.0000,direct-terminal,0.322500,32,true
baseline-dense-d1-8-s4,4,dense,18234682480328173695,3,240,0.070000,1.0000,direct-terminal,0.350000,32,true
baseline-dense-d1-8-s4,4,dense,18234682480328173695,3,240,0.070000,hard,direct-terminal,0.217500,32,true
baseline-dense-d1-8-s4,4,dense,2001310518681822354,3,240,0.070000,soft,direct-terminal,0.650000,32,true
baseline-dense-d1-8-s4,4,dense,2001310518681822354,3,240,0.070000,2.0000,direct-terminal,0.320000,32,true
baseline-dense-d1-8-s4,4,dense,2001310518681822354,3,240,0.070000,1.0000,direct-terminal,0.345000,32,true
baseline-dense-d1-8-s4,4,dense,2001310518681822354,3,240,0.070000,hard,direct-terminal,0.220000,32,true
baseline-dense-d1-8-s4,4,dense,13400896689310720169,3,240,0.070000,soft,direct-terminal,0.552500,32,true
baseline-dense-d1-8-s4,4,dense,13400896689310720169,3,240,0.070000,2.0000,direct-terminal,0.332500,32,true
baseline-dense-d1-8-s4,4,dense,13400896689310720169,3,240,0.070000,1.0000,direct-terminal,0.415000,32,true
baseline-dense-d1-8-s4,4,dense,13400896689310720169,3,240,0.070000,hard,direct-terminal,0.192500,32,true
baseline-dense-d1-8-s4,4,dense,15453320347936062484,3,960,0.035000,soft,direct-terminal,0.707500,32,true
baseline-dense-d1-8-s4,4,dense,15453320347936062484,3,960,0.035000,2.0000,direct-terminal,0.267500,32,true
baseline-dense-d1-8-s4,4,dense,15453320347936062484,3,960,0.035000,1.0000,direct-terminal,0.267500,32,true
baseline-dense-d1-8-s4,4,dense,15453320347936062484,3,960,0.035000,hard,direct-terminal,0.205000,32,true
baseline-dense-d1-8-s4,4,dense,8371261729603450923,3,960,0.035000,soft,direct-terminal,0.740000,32,true
baseline-dense-d1-8-s4,4,dense,8371261729603450923,3,960,0.035000,2.0000,direct-terminal,0.257500,32,true
baseline-dense-d1-8-s4,4,dense,8371261729603450923,3,960,0.035000,1.0000,direct-terminal,0.287500,32,true
baseline-dense-d1-8-s4,4,dense,8371261729603450923,3,960,0.035000,hard,direct-terminal,0.285000,32,true
baseline-dense-d1-8-s4,4,dense,10584633876018000958,3,960,0.035000,soft,direct-terminal,0.712500,32,true
baseline-dense-d1-8-s4,4,dense,10584633876018000958,3,960,0.035000,2.0000,direct-terminal,0.255000,32,true
baseline-dense-d1-8-s4,4,dense,10584633876018000958,3,960,0.035000,1.0000,direct-terminal,0.417500,32,true
baseline-dense-d1-8-s4,4,dense,10584633876018000958,3,960,0.035000,hard,direct-terminal,0.150000,32,true
baseline-dense-d1-8-s4,4,dense,3503703373795356757,3,960,0.035000,soft,direct-terminal,0.625000,32,true
baseline-dense-d1-8-s4,4,dense,3503703373795356757,3,960,0.035000,2.0000,direct-terminal,0.282500,32,true
baseline-dense-d1-8-s4,4,dense,3503703373795356757,3,960,0.035000,1.0000,direct-terminal,0.342500,32,true
baseline-dense-d1-8-s4,4,dense,3503703373795356757,3,960,0.035000,hard,direct-terminal,0.135000,32,true
baseline-dense-d1-8-s4,4,dense,6869996990457277544,3,960,0.035000,soft,direct-terminal,0.700000,32,true
baseline-dense-d1-8-s4,4,dense,6869996990457277544,3,960,0.035000,2.0000,direct-terminal,0.297500,32,true
baseline-dense-d1-8-s4,4,dense,6869996990457277544,3,960,0.035000,1.0000,direct-terminal,0.340000,32,true
baseline-dense-d1-8-s4,4,dense,6869996990457277544,3,960,0.035000,hard,direct-terminal,0.260000,32,true
baseline-dense-d1-8-s4,4,dense,18234682480328173695,3,960,0.035000,soft,direct-terminal,0.612500,32,true
baseline-dense-d1-8-s4,4,dense,18234682480328173695,3,960,0.035000,2.0000,direct-terminal,0.275000,32,true
baseline-dense-d1-8-s4,4,dense,18234682480328173695,3,960,0.035000,1.0000,direct-terminal,0.332500,32,true
baseline-dense-d1-8-s4,4,dense,18234682480328173695,3,960,0.035000,hard,direct-terminal,0.115000,32,true
baseline-dense-d1-8-s4,4,dense,2001310518681822354,3,960,0.035000,soft,direct-terminal,1.000000,32,true
baseline-dense-d1-8-s4,4,dense,2001310518681822354,3,960,0.035000,2.0000,direct-terminal,0.405000,32,true
baseline-dense-d1-8-s4,4,dense,2001310518681822354,3,960,0.035000,1.0000,direct-terminal,0.447500,32,true
baseline-dense-d1-8-s4,4,dense,2001310518681822354,3,960,0.035000,hard,direct-terminal,0.500000,32,true
baseline-dense-d1-8-s4,4,dense,13400896689310720169,3,960,0.035000,soft,direct-terminal,0.640000,32,true
baseline-dense-d1-8-s4,4,dense,13400896689310720169,3,960,0.035000,2.0000,direct-terminal,0.367500,32,true
baseline-dense-d1-8-s4,4,dense,13400896689310720169,3,960,0.035000,1.0000,direct-terminal,0.432500,32,true
baseline-dense-d1-8-s4,4,dense,13400896689310720169,3,960,0.035000,hard,direct-terminal,0.160000,32,true
baseline-dense-d1-8-s4,4,dense,15453320347936062484,3,960,0.070000,soft,direct-terminal,0.742500,32,true
baseline-dense-d1-8-s4,4,dense,15453320347936062484,3,960,0.070000,2.0000,direct-terminal,0.267500,32,true
baseline-dense-d1-8-s4,4,dense,15453320347936062484,3,960,0.070000,1.0000,direct-terminal,0.267500,32,true
baseline-dense-d1-8-s4,4,dense,15453320347936062484,3,960,0.070000,hard,direct-terminal,0.215000,32,true
baseline-dense-d1-8-s4,4,dense,8371261729603450923,3,960,0.070000,soft,direct-terminal,1.000000,32,true
baseline-dense-d1-8-s4,4,dense,8371261729603450923,3,960,0.070000,2.0000,direct-terminal,0.257500,32,true
baseline-dense-d1-8-s4,4,dense,8371261729603450923,3,960,0.070000,1.0000,direct-terminal,0.287500,32,true
baseline-dense-d1-8-s4,4,dense,8371261729603450923,3,960,0.070000,hard,direct-terminal,0.532500,32,true
baseline-dense-d1-8-s4,4,dense,10584633876018000958,3,960,0.070000,soft,direct-terminal,1.000000,32,true
baseline-dense-d1-8-s4,4,dense,10584633876018000958,3,960,0.070000,2.0000,direct-terminal,0.270000,32,true
baseline-dense-d1-8-s4,4,dense,10584633876018000958,3,960,0.070000,1.0000,direct-terminal,0.327500,32,true
baseline-dense-d1-8-s4,4,dense,10584633876018000958,3,960,0.070000,hard,direct-terminal,0.327500,32,true
baseline-dense-d1-8-s4,4,dense,3503703373795356757,3,960,0.070000,soft,direct-terminal,1.000000,32,true
baseline-dense-d1-8-s4,4,dense,3503703373795356757,3,960,0.070000,2.0000,direct-terminal,0.300000,32,true
baseline-dense-d1-8-s4,4,dense,3503703373795356757,3,960,0.070000,1.0000,direct-terminal,0.397500,32,true
baseline-dense-d1-8-s4,4,dense,3503703373795356757,3,960,0.070000,hard,direct-terminal,0.532500,32,true
baseline-dense-d1-8-s4,4,dense,6869996990457277544,3,960,0.070000,soft,direct-terminal,0.882500,32,true
baseline-dense-d1-8-s4,4,dense,6869996990457277544,3,960,0.070000,2.0000,direct-terminal,0.260000,32,true
baseline-dense-d1-8-s4,4,dense,6869996990457277544,3,960,0.070000,1.0000,direct-terminal,0.260000,32,true
baseline-dense-d1-8-s4,4,dense,6869996990457277544,3,960,0.070000,hard,direct-terminal,0.297500,32,true
baseline-dense-d1-8-s4,4,dense,18234682480328173695,3,960,0.070000,soft,direct-terminal,0.742500,32,true
baseline-dense-d1-8-s4,4,dense,18234682480328173695,3,960,0.070000,2.0000,direct-terminal,0.232500,32,true
baseline-dense-d1-8-s4,4,dense,18234682480328173695,3,960,0.070000,1.0000,direct-terminal,0.232500,32,true
baseline-dense-d1-8-s4,4,dense,18234682480328173695,3,960,0.070000,hard,direct-terminal,0.240000,32,true
baseline-dense-d1-8-s4,4,dense,2001310518681822354,3,960,0.070000,soft,direct-terminal,1.000000,32,true
baseline-dense-d1-8-s4,4,dense,2001310518681822354,3,960,0.070000,2.0000,direct-terminal,0.405000,32,true
baseline-dense-d1-8-s4,4,dense,2001310518681822354,3,960,0.070000,1.0000,direct-terminal,0.502500,32,true
baseline-dense-d1-8-s4,4,dense,2001310518681822354,3,960,0.070000,hard,direct-terminal,0.500000,32,true
baseline-dense-d1-8-s4,4,dense,13400896689310720169,3,960,0.070000,soft,direct-terminal,0.722500,32,true
baseline-dense-d1-8-s4,4,dense,13400896689310720169,3,960,0.070000,2.0000,direct-terminal,0.290000,32,true
baseline-dense-d1-8-s4,4,dense,13400896689310720169,3,960,0.070000,1.0000,direct-terminal,0.400000,32,true
baseline-dense-d1-8-s4,4,dense,13400896689310720169,3,960,0.070000,hard,direct-terminal,0.160000,32,true
baseline-dense-d1-8-s4,4,dense,15453320347936062484,4,240,0.035000,soft,direct-terminal,0.505000,32,true
baseline-dense-d1-8-s4,4,dense,15453320347936062484,4,240,0.035000,2.0000,direct-terminal,0.270000,32,true
baseline-dense-d1-8-s4,4,dense,15453320347936062484,4,240,0.035000,1.0000,direct-terminal,0.502500,32,true
baseline-dense-d1-8-s4,4,dense,15453320347936062484,4,240,0.035000,hard,direct-terminal,0.550000,32,true
baseline-dense-d1-8-s4,4,dense,8371261729603450923,4,240,0.035000,soft,direct-terminal,0.515000,32,true
baseline-dense-d1-8-s4,4,dense,8371261729603450923,4,240,0.035000,2.0000,direct-terminal,0.355000,32,true
baseline-dense-d1-8-s4,4,dense,8371261729603450923,4,240,0.035000,1.0000,direct-terminal,0.532500,32,true
baseline-dense-d1-8-s4,4,dense,8371261729603450923,4,240,0.035000,hard,direct-terminal,0.482500,32,true
baseline-dense-d1-8-s4,4,dense,10584633876018000958,4,240,0.035000,soft,direct-terminal,0.502500,32,true
baseline-dense-d1-8-s4,4,dense,10584633876018000958,4,240,0.035000,2.0000,direct-terminal,0.267500,32,true
baseline-dense-d1-8-s4,4,dense,10584633876018000958,4,240,0.035000,1.0000,direct-terminal,0.515000,32,true
baseline-dense-d1-8-s4,4,dense,10584633876018000958,4,240,0.035000,hard,direct-terminal,0.492500,32,true
baseline-dense-d1-8-s4,4,dense,3503703373795356757,4,240,0.035000,soft,direct-terminal,0.517500,32,true
baseline-dense-d1-8-s4,4,dense,3503703373795356757,4,240,0.035000,2.0000,direct-terminal,0.232500,32,true
baseline-dense-d1-8-s4,4,dense,3503703373795356757,4,240,0.035000,1.0000,direct-terminal,0.497500,32,true
baseline-dense-d1-8-s4,4,dense,3503703373795356757,4,240,0.035000,hard,direct-terminal,0.525000,32,true
baseline-dense-d1-8-s4,4,dense,6869996990457277544,4,240,0.035000,soft,direct-terminal,0.510000,32,true
baseline-dense-d1-8-s4,4,dense,6869996990457277544,4,240,0.035000,2.0000,direct-terminal,0.232500,32,true
baseline-dense-d1-8-s4,4,dense,6869996990457277544,4,240,0.035000,1.0000,direct-terminal,0.437500,32,true
baseline-dense-d1-8-s4,4,dense,6869996990457277544,4,240,0.035000,hard,direct-terminal,0.492500,32,true
baseline-dense-d1-8-s4,4,dense,18234682480328173695,4,240,0.035000,soft,direct-terminal,0.480000,32,true
baseline-dense-d1-8-s4,4,dense,18234682480328173695,4,240,0.035000,2.0000,direct-terminal,0.252500,32,true
baseline-dense-d1-8-s4,4,dense,18234682480328173695,4,240,0.035000,1.0000,direct-terminal,0.480000,32,true
baseline-dense-d1-8-s4,4,dense,18234682480328173695,4,240,0.035000,hard,direct-terminal,0.497500,32,true
baseline-dense-d1-8-s4,4,dense,2001310518681822354,4,240,0.035000,soft,direct-terminal,0.560000,32,true
baseline-dense-d1-8-s4,4,dense,2001310518681822354,4,240,0.035000,2.0000,direct-terminal,0.240000,32,true
baseline-dense-d1-8-s4,4,dense,2001310518681822354,4,240,0.035000,1.0000,direct-terminal,0.522500,32,true
baseline-dense-d1-8-s4,4,dense,2001310518681822354,4,240,0.035000,hard,direct-terminal,0.532500,32,true
baseline-dense-d1-8-s4,4,dense,13400896689310720169,4,240,0.035000,soft,direct-terminal,0.500000,32,true
baseline-dense-d1-8-s4,4,dense,13400896689310720169,4,240,0.035000,2.0000,direct-terminal,0.287500,32,true
baseline-dense-d1-8-s4,4,dense,13400896689310720169,4,240,0.035000,1.0000,direct-terminal,0.507500,32,true
baseline-dense-d1-8-s4,4,dense,13400896689310720169,4,240,0.035000,hard,direct-terminal,0.507500,32,true
baseline-dense-d1-8-s4,4,dense,15453320347936062484,4,240,0.070000,soft,direct-terminal,0.570000,32,true
baseline-dense-d1-8-s4,4,dense,15453320347936062484,4,240,0.070000,2.0000,direct-terminal,0.270000,32,true
baseline-dense-d1-8-s4,4,dense,15453320347936062484,4,240,0.070000,1.0000,direct-terminal,0.387500,32,true
baseline-dense-d1-8-s4,4,dense,15453320347936062484,4,240,0.070000,hard,direct-terminal,0.550000,32,true
baseline-dense-d1-8-s4,4,dense,8371261729603450923,4,240,0.070000,soft,direct-terminal,0.535000,32,true
baseline-dense-d1-8-s4,4,dense,8371261729603450923,4,240,0.070000,2.0000,direct-terminal,0.297500,32,true
baseline-dense-d1-8-s4,4,dense,8371261729603450923,4,240,0.070000,1.0000,direct-terminal,0.530000,32,true
baseline-dense-d1-8-s4,4,dense,8371261729603450923,4,240,0.070000,hard,direct-terminal,0.482500,32,true
baseline-dense-d1-8-s4,4,dense,10584633876018000958,4,240,0.070000,soft,direct-terminal,0.465000,32,true
baseline-dense-d1-8-s4,4,dense,10584633876018000958,4,240,0.070000,2.0000,direct-terminal,0.267500,32,true
baseline-dense-d1-8-s4,4,dense,10584633876018000958,4,240,0.070000,1.0000,direct-terminal,0.355000,32,true
baseline-dense-d1-8-s4,4,dense,10584633876018000958,4,240,0.070000,hard,direct-terminal,0.535000,32,true
baseline-dense-d1-8-s4,4,dense,3503703373795356757,4,240,0.070000,soft,direct-terminal,0.492500,32,true
baseline-dense-d1-8-s4,4,dense,3503703373795356757,4,240,0.070000,2.0000,direct-terminal,0.252500,32,true
baseline-dense-d1-8-s4,4,dense,3503703373795356757,4,240,0.070000,1.0000,direct-terminal,0.505000,32,true
baseline-dense-d1-8-s4,4,dense,3503703373795356757,4,240,0.070000,hard,direct-terminal,0.560000,32,true
baseline-dense-d1-8-s4,4,dense,6869996990457277544,4,240,0.070000,soft,direct-terminal,0.492500,32,true
baseline-dense-d1-8-s4,4,dense,6869996990457277544,4,240,0.070000,2.0000,direct-terminal,0.270000,32,true
baseline-dense-d1-8-s4,4,dense,6869996990457277544,4,240,0.070000,1.0000,direct-terminal,0.332500,32,true
baseline-dense-d1-8-s4,4,dense,6869996990457277544,4,240,0.070000,hard,direct-terminal,0.492500,32,true
baseline-dense-d1-8-s4,4,dense,18234682480328173695,4,240,0.070000,soft,direct-terminal,0.477500,32,true
baseline-dense-d1-8-s4,4,dense,18234682480328173695,4,240,0.070000,2.0000,direct-terminal,0.287500,32,true
baseline-dense-d1-8-s4,4,dense,18234682480328173695,4,240,0.070000,1.0000,direct-terminal,0.490000,32,true
baseline-dense-d1-8-s4,4,dense,18234682480328173695,4,240,0.070000,hard,direct-terminal,0.497500,32,true
baseline-dense-d1-8-s4,4,dense,2001310518681822354,4,240,0.070000,soft,direct-terminal,0.492500,32,true
baseline-dense-d1-8-s4,4,dense,2001310518681822354,4,240,0.070000,2.0000,direct-terminal,0.270000,32,true
baseline-dense-d1-8-s4,4,dense,2001310518681822354,4,240,0.070000,1.0000,direct-terminal,0.345000,32,true
baseline-dense-d1-8-s4,4,dense,2001310518681822354,4,240,0.070000,hard,direct-terminal,0.512500,32,true
baseline-dense-d1-8-s4,4,dense,13400896689310720169,4,240,0.070000,soft,direct-terminal,0.530000,32,true
baseline-dense-d1-8-s4,4,dense,13400896689310720169,4,240,0.070000,2.0000,direct-terminal,0.242500,32,true
baseline-dense-d1-8-s4,4,dense,13400896689310720169,4,240,0.070000,1.0000,direct-terminal,0.410000,32,true
baseline-dense-d1-8-s4,4,dense,13400896689310720169,4,240,0.070000,hard,direct-terminal,0.472500,32,true
baseline-dense-d1-8-s4,4,dense,15453320347936062484,4,960,0.035000,soft,direct-terminal,0.552500,32,true
baseline-dense-d1-8-s4,4,dense,15453320347936062484,4,960,0.035000,2.0000,direct-terminal,0.270000,32,true
baseline-dense-d1-8-s4,4,dense,15453320347936062484,4,960,0.035000,1.0000,direct-terminal,0.502500,32,true
baseline-dense-d1-8-s4,4,dense,15453320347936062484,4,960,0.035000,hard,direct-terminal,0.547500,32,true
baseline-dense-d1-8-s4,4,dense,8371261729603450923,4,960,0.035000,soft,direct-terminal,1.000000,32,true
baseline-dense-d1-8-s4,4,dense,8371261729603450923,4,960,0.035000,2.0000,direct-terminal,0.297500,32,true
baseline-dense-d1-8-s4,4,dense,8371261729603450923,4,960,0.035000,1.0000,direct-terminal,0.347500,32,true
baseline-dense-d1-8-s4,4,dense,8371261729603450923,4,960,0.035000,hard,direct-terminal,0.525000,32,true
baseline-dense-d1-8-s4,4,dense,10584633876018000958,4,960,0.035000,soft,direct-terminal,1.000000,32,true
baseline-dense-d1-8-s4,4,dense,10584633876018000958,4,960,0.035000,2.0000,direct-terminal,0.222500,32,true
baseline-dense-d1-8-s4,4,dense,10584633876018000958,4,960,0.035000,1.0000,direct-terminal,0.690000,32,true
baseline-dense-d1-8-s4,4,dense,10584633876018000958,4,960,0.035000,hard,direct-terminal,0.517500,32,true
baseline-dense-d1-8-s4,4,dense,3503703373795356757,4,960,0.035000,soft,direct-terminal,0.495000,32,true
baseline-dense-d1-8-s4,4,dense,3503703373795356757,4,960,0.035000,2.0000,direct-terminal,0.407500,32,true
baseline-dense-d1-8-s4,4,dense,3503703373795356757,4,960,0.035000,1.0000,direct-terminal,0.515000,32,true
baseline-dense-d1-8-s4,4,dense,3503703373795356757,4,960,0.035000,hard,direct-terminal,0.542500,32,true
baseline-dense-d1-8-s4,4,dense,6869996990457277544,4,960,0.035000,soft,direct-terminal,0.582500,32,true
baseline-dense-d1-8-s4,4,dense,6869996990457277544,4,960,0.035000,2.0000,direct-terminal,0.235000,32,true
baseline-dense-d1-8-s4,4,dense,6869996990457277544,4,960,0.035000,1.0000,direct-terminal,0.505000,32,true
baseline-dense-d1-8-s4,4,dense,6869996990457277544,4,960,0.035000,hard,direct-terminal,0.557500,32,true
baseline-dense-d1-8-s4,4,dense,18234682480328173695,4,960,0.035000,soft,direct-terminal,0.550000,32,true
baseline-dense-d1-8-s4,4,dense,18234682480328173695,4,960,0.035000,2.0000,direct-terminal,0.535000,32,true
baseline-dense-d1-8-s4,4,dense,18234682480328173695,4,960,0.035000,1.0000,direct-terminal,0.535000,32,true
baseline-dense-d1-8-s4,4,dense,18234682480328173695,4,960,0.035000,hard,direct-terminal,0.560000,32,true
baseline-dense-d1-8-s4,4,dense,2001310518681822354,4,960,0.035000,soft,direct-terminal,0.565000,32,true
baseline-dense-d1-8-s4,4,dense,2001310518681822354,4,960,0.035000,2.0000,direct-terminal,0.297500,32,true
baseline-dense-d1-8-s4,4,dense,2001310518681822354,4,960,0.035000,1.0000,direct-terminal,0.477500,32,true
baseline-dense-d1-8-s4,4,dense,2001310518681822354,4,960,0.035000,hard,direct-terminal,0.532500,32,true
baseline-dense-d1-8-s4,4,dense,13400896689310720169,4,960,0.035000,soft,direct-terminal,1.000000,32,true
baseline-dense-d1-8-s4,4,dense,13400896689310720169,4,960,0.035000,2.0000,direct-terminal,0.227500,32,true
baseline-dense-d1-8-s4,4,dense,13400896689310720169,4,960,0.035000,1.0000,direct-terminal,0.510000,32,true
baseline-dense-d1-8-s4,4,dense,13400896689310720169,4,960,0.035000,hard,direct-terminal,0.520000,32,true
baseline-dense-d1-8-s4,4,dense,15453320347936062484,4,960,0.070000,soft,direct-terminal,1.000000,32,true
baseline-dense-d1-8-s4,4,dense,15453320347936062484,4,960,0.070000,2.0000,direct-terminal,0.282500,32,true
baseline-dense-d1-8-s4,4,dense,15453320347936062484,4,960,0.070000,1.0000,direct-terminal,0.640000,32,true
baseline-dense-d1-8-s4,4,dense,15453320347936062484,4,960,0.070000,hard,direct-terminal,0.512500,32,true
baseline-dense-d1-8-s4,4,dense,8371261729603450923,4,960,0.070000,soft,direct-terminal,1.000000,32,true
baseline-dense-d1-8-s4,4,dense,8371261729603450923,4,960,0.070000,2.0000,direct-terminal,0.372500,32,true
baseline-dense-d1-8-s4,4,dense,8371261729603450923,4,960,0.070000,1.0000,direct-terminal,0.820000,32,true
baseline-dense-d1-8-s4,4,dense,8371261729603450923,4,960,0.070000,hard,direct-terminal,0.325000,32,true
baseline-dense-d1-8-s4,4,dense,10584633876018000958,4,960,0.070000,soft,direct-terminal,1.000000,32,true
baseline-dense-d1-8-s4,4,dense,10584633876018000958,4,960,0.070000,2.0000,direct-terminal,0.245000,32,true
baseline-dense-d1-8-s4,4,dense,10584633876018000958,4,960,0.070000,1.0000,direct-terminal,0.805000,32,true
baseline-dense-d1-8-s4,4,dense,10584633876018000958,4,960,0.070000,hard,direct-terminal,0.555000,32,true
baseline-dense-d1-8-s4,4,dense,3503703373795356757,4,960,0.070000,soft,direct-terminal,1.000000,32,true
baseline-dense-d1-8-s4,4,dense,3503703373795356757,4,960,0.070000,2.0000,direct-terminal,0.270000,32,true
baseline-dense-d1-8-s4,4,dense,3503703373795356757,4,960,0.070000,1.0000,direct-terminal,0.477500,32,true
baseline-dense-d1-8-s4,4,dense,3503703373795356757,4,960,0.070000,hard,direct-terminal,0.560000,32,true
baseline-dense-d1-8-s4,4,dense,6869996990457277544,4,960,0.070000,soft,direct-terminal,1.000000,32,true
baseline-dense-d1-8-s4,4,dense,6869996990457277544,4,960,0.070000,2.0000,direct-terminal,0.260000,32,true
baseline-dense-d1-8-s4,4,dense,6869996990457277544,4,960,0.070000,1.0000,direct-terminal,0.527500,32,true
baseline-dense-d1-8-s4,4,dense,6869996990457277544,4,960,0.070000,hard,direct-terminal,0.495000,32,true
baseline-dense-d1-8-s4,4,dense,18234682480328173695,4,960,0.070000,soft,direct-terminal,0.515000,32,true
baseline-dense-d1-8-s4,4,dense,18234682480328173695,4,960,0.070000,2.0000,direct-terminal,0.317500,32,true
baseline-dense-d1-8-s4,4,dense,18234682480328173695,4,960,0.070000,1.0000,direct-terminal,0.495000,32,true
baseline-dense-d1-8-s4,4,dense,18234682480328173695,4,960,0.070000,hard,direct-terminal,0.547500,32,true
baseline-dense-d1-8-s4,4,dense,2001310518681822354,4,960,0.070000,soft,direct-terminal,0.512500,32,true
baseline-dense-d1-8-s4,4,dense,2001310518681822354,4,960,0.070000,2.0000,direct-terminal,0.297500,32,true
baseline-dense-d1-8-s4,4,dense,2001310518681822354,4,960,0.070000,1.0000,direct-terminal,0.410000,32,true
baseline-dense-d1-8-s4,4,dense,2001310518681822354,4,960,0.070000,hard,direct-terminal,0.540000,32,true
baseline-dense-d1-8-s4,4,dense,13400896689310720169,4,960,0.070000,soft,direct-terminal,1.000000,32,true
baseline-dense-d1-8-s4,4,dense,13400896689310720169,4,960,0.070000,2.0000,direct-terminal,0.510000,32,true
baseline-dense-d1-8-s4,4,dense,13400896689310720169,4,960,0.070000,1.0000,direct-terminal,0.935000,32,true
baseline-dense-d1-8-s4,4,dense,13400896689310720169,4,960,0.070000,hard,direct-terminal,0.585000,32,true
baseline-dense-d1-8-s4,4,dense,15453320347936062484,5,240,0.035000,soft,direct-terminal,0.537500,32,true
baseline-dense-d1-8-s4,4,dense,15453320347936062484,5,240,0.035000,2.0000,direct-terminal,0.257500,32,true
baseline-dense-d1-8-s4,4,dense,15453320347936062484,5,240,0.035000,1.0000,direct-terminal,0.250000,32,true
baseline-dense-d1-8-s4,4,dense,15453320347936062484,5,240,0.035000,hard,direct-terminal,0.000000,32,true
baseline-dense-d1-8-s4,4,dense,8371261729603450923,5,240,0.035000,soft,direct-terminal,0.445000,32,true
baseline-dense-d1-8-s4,4,dense,8371261729603450923,5,240,0.035000,2.0000,direct-terminal,0.262500,32,true
baseline-dense-d1-8-s4,4,dense,8371261729603450923,5,240,0.035000,1.0000,direct-terminal,0.262500,32,true
baseline-dense-d1-8-s4,4,dense,8371261729603450923,5,240,0.035000,hard,direct-terminal,0.000000,32,true
baseline-dense-d1-8-s4,4,dense,10584633876018000958,5,240,0.035000,soft,direct-terminal,0.545000,32,true
baseline-dense-d1-8-s4,4,dense,10584633876018000958,5,240,0.035000,2.0000,direct-terminal,0.232500,32,true
baseline-dense-d1-8-s4,4,dense,10584633876018000958,5,240,0.035000,1.0000,direct-terminal,0.232500,32,true
baseline-dense-d1-8-s4,4,dense,10584633876018000958,5,240,0.035000,hard,direct-terminal,0.000000,32,true
baseline-dense-d1-8-s4,4,dense,3503703373795356757,5,240,0.035000,soft,direct-terminal,0.547500,32,true
baseline-dense-d1-8-s4,4,dense,3503703373795356757,5,240,0.035000,2.0000,direct-terminal,0.255000,32,true
baseline-dense-d1-8-s4,4,dense,3503703373795356757,5,240,0.035000,1.0000,direct-terminal,0.202500,32,true
baseline-dense-d1-8-s4,4,dense,3503703373795356757,5,240,0.035000,hard,direct-terminal,0.000000,32,true
baseline-dense-d1-8-s4,4,dense,6869996990457277544,5,240,0.035000,soft,direct-terminal,0.492500,32,true
baseline-dense-d1-8-s4,4,dense,6869996990457277544,5,240,0.035000,2.0000,direct-terminal,0.280000,32,true
baseline-dense-d1-8-s4,4,dense,6869996990457277544,5,240,0.035000,1.0000,direct-terminal,0.280000,32,true
baseline-dense-d1-8-s4,4,dense,6869996990457277544,5,240,0.035000,hard,direct-terminal,0.000000,32,true
baseline-dense-d1-8-s4,4,dense,18234682480328173695,5,240,0.035000,soft,direct-terminal,0.465000,32,true
baseline-dense-d1-8-s4,4,dense,18234682480328173695,5,240,0.035000,2.0000,direct-terminal,0.282500,32,true
baseline-dense-d1-8-s4,4,dense,18234682480328173695,5,240,0.035000,1.0000,direct-terminal,0.282500,32,true
baseline-dense-d1-8-s4,4,dense,18234682480328173695,5,240,0.035000,hard,direct-terminal,0.000000,32,true
baseline-dense-d1-8-s4,4,dense,2001310518681822354,5,240,0.035000,soft,direct-terminal,0.487500,32,true
baseline-dense-d1-8-s4,4,dense,2001310518681822354,5,240,0.035000,2.0000,direct-terminal,0.260000,32,true
baseline-dense-d1-8-s4,4,dense,2001310518681822354,5,240,0.035000,1.0000,direct-terminal,0.260000,32,true
baseline-dense-d1-8-s4,4,dense,2001310518681822354,5,240,0.035000,hard,direct-terminal,0.000000,32,true
baseline-dense-d1-8-s4,4,dense,13400896689310720169,5,240,0.035000,soft,direct-terminal,0.500000,32,true
baseline-dense-d1-8-s4,4,dense,13400896689310720169,5,240,0.035000,2.0000,direct-terminal,0.280000,32,true
baseline-dense-d1-8-s4,4,dense,13400896689310720169,5,240,0.035000,1.0000,direct-terminal,0.280000,32,true
baseline-dense-d1-8-s4,4,dense,13400896689310720169,5,240,0.035000,hard,direct-terminal,0.000000,32,true
baseline-dense-d1-8-s4,4,dense,15453320347936062484,5,240,0.070000,soft,direct-terminal,0.527500,32,true
baseline-dense-d1-8-s4,4,dense,15453320347936062484,5,240,0.070000,2.0000,direct-terminal,0.272500,32,true
baseline-dense-d1-8-s4,4,dense,15453320347936062484,5,240,0.070000,1.0000,direct-terminal,0.272500,32,true
baseline-dense-d1-8-s4,4,dense,15453320347936062484,5,240,0.070000,hard,direct-terminal,0.000000,32,true
baseline-dense-d1-8-s4,4,dense,8371261729603450923,5,240,0.070000,soft,direct-terminal,0.405000,32,true
baseline-dense-d1-8-s4,4,dense,8371261729603450923,5,240,0.070000,2.0000,direct-terminal,0.245000,32,true
baseline-dense-d1-8-s4,4,dense,8371261729603450923,5,240,0.070000,1.0000,direct-terminal,0.255000,32,true
baseline-dense-d1-8-s4,4,dense,8371261729603450923,5,240,0.070000,hard,direct-terminal,0.000000,32,true
baseline-dense-d1-8-s4,4,dense,10584633876018000958,5,240,0.070000,soft,direct-terminal,0.445000,32,true
baseline-dense-d1-8-s4,4,dense,10584633876018000958,5,240,0.070000,2.0000,direct-terminal,0.232500,32,true
baseline-dense-d1-8-s4,4,dense,10584633876018000958,5,240,0.070000,1.0000,direct-terminal,0.232500,32,true
baseline-dense-d1-8-s4,4,dense,10584633876018000958,5,240,0.070000,hard,direct-terminal,0.107500,32,true
baseline-dense-d1-8-s4,4,dense,3503703373795356757,5,240,0.070000,soft,direct-terminal,0.492500,32,true
baseline-dense-d1-8-s4,4,dense,3503703373795356757,5,240,0.070000,2.0000,direct-terminal,0.247500,32,true
baseline-dense-d1-8-s4,4,dense,3503703373795356757,5,240,0.070000,1.0000,direct-terminal,0.195000,32,true
baseline-dense-d1-8-s4,4,dense,3503703373795356757,5,240,0.070000,hard,direct-terminal,0.000000,32,true
baseline-dense-d1-8-s4,4,dense,6869996990457277544,5,240,0.070000,soft,direct-terminal,0.507500,32,true
baseline-dense-d1-8-s4,4,dense,6869996990457277544,5,240,0.070000,2.0000,direct-terminal,0.280000,32,true
baseline-dense-d1-8-s4,4,dense,6869996990457277544,5,240,0.070000,1.0000,direct-terminal,0.280000,32,true
baseline-dense-d1-8-s4,4,dense,6869996990457277544,5,240,0.070000,hard,direct-terminal,0.000000,32,true
baseline-dense-d1-8-s4,4,dense,18234682480328173695,5,240,0.070000,soft,direct-terminal,0.472500,32,true
baseline-dense-d1-8-s4,4,dense,18234682480328173695,5,240,0.070000,2.0000,direct-terminal,0.255000,32,true
baseline-dense-d1-8-s4,4,dense,18234682480328173695,5,240,0.070000,1.0000,direct-terminal,0.255000,32,true
baseline-dense-d1-8-s4,4,dense,18234682480328173695,5,240,0.070000,hard,direct-terminal,0.217500,32,true
baseline-dense-d1-8-s4,4,dense,2001310518681822354,5,240,0.070000,soft,direct-terminal,0.525000,32,true
baseline-dense-d1-8-s4,4,dense,2001310518681822354,5,240,0.070000,2.0000,direct-terminal,0.260000,32,true
baseline-dense-d1-8-s4,4,dense,2001310518681822354,5,240,0.070000,1.0000,direct-terminal,0.260000,32,true
baseline-dense-d1-8-s4,4,dense,2001310518681822354,5,240,0.070000,hard,direct-terminal,0.000000,32,true
baseline-dense-d1-8-s4,4,dense,13400896689310720169,5,240,0.070000,soft,direct-terminal,0.515000,32,true
baseline-dense-d1-8-s4,4,dense,13400896689310720169,5,240,0.070000,2.0000,direct-terminal,0.260000,32,true
baseline-dense-d1-8-s4,4,dense,13400896689310720169,5,240,0.070000,1.0000,direct-terminal,0.260000,32,true
baseline-dense-d1-8-s4,4,dense,13400896689310720169,5,240,0.070000,hard,direct-terminal,0.125000,32,true
baseline-dense-d1-8-s4,4,dense,15453320347936062484,5,960,0.035000,soft,direct-terminal,0.520000,32,true
baseline-dense-d1-8-s4,4,dense,15453320347936062484,5,960,0.035000,2.0000,direct-terminal,0.270000,32,true
baseline-dense-d1-8-s4,4,dense,15453320347936062484,5,960,0.035000,1.0000,direct-terminal,0.270000,32,true
baseline-dense-d1-8-s4,4,dense,15453320347936062484,5,960,0.035000,hard,direct-terminal,0.000000,32,true
baseline-dense-d1-8-s4,4,dense,8371261729603450923,5,960,0.035000,soft,direct-terminal,0.447500,32,true
baseline-dense-d1-8-s4,4,dense,8371261729603450923,5,960,0.035000,2.0000,direct-terminal,0.262500,32,true
baseline-dense-d1-8-s4,4,dense,8371261729603450923,5,960,0.035000,1.0000,direct-terminal,0.262500,32,true
baseline-dense-d1-8-s4,4,dense,8371261729603450923,5,960,0.035000,hard,direct-terminal,0.000000,32,true
baseline-dense-d1-8-s4,4,dense,10584633876018000958,5,960,0.035000,soft,direct-terminal,0.537500,32,true
baseline-dense-d1-8-s4,4,dense,10584633876018000958,5,960,0.035000,2.0000,direct-terminal,0.232500,32,true
baseline-dense-d1-8-s4,4,dense,10584633876018000958,5,960,0.035000,1.0000,direct-terminal,0.232500,32,true
baseline-dense-d1-8-s4,4,dense,10584633876018000958,5,960,0.035000,hard,direct-terminal,0.000000,32,true
baseline-dense-d1-8-s4,4,dense,3503703373795356757,5,960,0.035000,soft,direct-terminal,0.450000,32,true
baseline-dense-d1-8-s4,4,dense,3503703373795356757,5,960,0.035000,2.0000,direct-terminal,0.195000,32,true
baseline-dense-d1-8-s4,4,dense,3503703373795356757,5,960,0.035000,1.0000,direct-terminal,0.195000,32,true
baseline-dense-d1-8-s4,4,dense,3503703373795356757,5,960,0.035000,hard,direct-terminal,0.000000,32,true
baseline-dense-d1-8-s4,4,dense,6869996990457277544,5,960,0.035000,soft,direct-terminal,0.510000,32,true
baseline-dense-d1-8-s4,4,dense,6869996990457277544,5,960,0.035000,2.0000,direct-terminal,0.277500,32,true
baseline-dense-d1-8-s4,4,dense,6869996990457277544,5,960,0.035000,1.0000,direct-terminal,0.282500,32,true
baseline-dense-d1-8-s4,4,dense,6869996990457277544,5,960,0.035000,hard,direct-terminal,0.142500,32,true
baseline-dense-d1-8-s4,4,dense,18234682480328173695,5,960,0.035000,soft,direct-terminal,0.485000,32,true
baseline-dense-d1-8-s4,4,dense,18234682480328173695,5,960,0.035000,2.0000,direct-terminal,0.255000,32,true
baseline-dense-d1-8-s4,4,dense,18234682480328173695,5,960,0.035000,1.0000,direct-terminal,0.255000,32,true
baseline-dense-d1-8-s4,4,dense,18234682480328173695,5,960,0.035000,hard,direct-terminal,0.142500,32,true
baseline-dense-d1-8-s4,4,dense,2001310518681822354,5,960,0.035000,soft,direct-terminal,0.480000,32,true
baseline-dense-d1-8-s4,4,dense,2001310518681822354,5,960,0.035000,2.0000,direct-terminal,0.260000,32,true
baseline-dense-d1-8-s4,4,dense,2001310518681822354,5,960,0.035000,1.0000,direct-terminal,0.260000,32,true
baseline-dense-d1-8-s4,4,dense,2001310518681822354,5,960,0.035000,hard,direct-terminal,0.000000,32,true
baseline-dense-d1-8-s4,4,dense,13400896689310720169,5,960,0.035000,soft,direct-terminal,0.467500,32,true
baseline-dense-d1-8-s4,4,dense,13400896689310720169,5,960,0.035000,2.0000,direct-terminal,0.260000,32,true
baseline-dense-d1-8-s4,4,dense,13400896689310720169,5,960,0.035000,1.0000,direct-terminal,0.260000,32,true
baseline-dense-d1-8-s4,4,dense,13400896689310720169,5,960,0.035000,hard,direct-terminal,0.000000,32,true
baseline-dense-d1-8-s4,4,dense,15453320347936062484,5,960,0.070000,soft,direct-terminal,0.522500,32,true
baseline-dense-d1-8-s4,4,dense,15453320347936062484,5,960,0.070000,2.0000,direct-terminal,0.260000,32,true
baseline-dense-d1-8-s4,4,dense,15453320347936062484,5,960,0.070000,1.0000,direct-terminal,0.260000,32,true
baseline-dense-d1-8-s4,4,dense,15453320347936062484,5,960,0.070000,hard,direct-terminal,0.000000,32,true
baseline-dense-d1-8-s4,4,dense,8371261729603450923,5,960,0.070000,soft,direct-terminal,0.470000,32,true
baseline-dense-d1-8-s4,4,dense,8371261729603450923,5,960,0.070000,2.0000,direct-terminal,0.245000,32,true
baseline-dense-d1-8-s4,4,dense,8371261729603450923,5,960,0.070000,1.0000,direct-terminal,0.245000,32,true
baseline-dense-d1-8-s4,4,dense,8371261729603450923,5,960,0.070000,hard,direct-terminal,0.000000,32,true
baseline-dense-d1-8-s4,4,dense,10584633876018000958,5,960,0.070000,soft,direct-terminal,0.537500,32,true
baseline-dense-d1-8-s4,4,dense,10584633876018000958,5,960,0.070000,2.0000,direct-terminal,0.267500,32,true
baseline-dense-d1-8-s4,4,dense,10584633876018000958,5,960,0.070000,1.0000,direct-terminal,0.225000,32,true
baseline-dense-d1-8-s4,4,dense,10584633876018000958,5,960,0.070000,hard,direct-terminal,0.000000,32,true
baseline-dense-d1-8-s4,4,dense,3503703373795356757,5,960,0.070000,soft,direct-terminal,0.507500,32,true
baseline-dense-d1-8-s4,4,dense,3503703373795356757,5,960,0.070000,2.0000,direct-terminal,0.195000,32,true
baseline-dense-d1-8-s4,4,dense,3503703373795356757,5,960,0.070000,1.0000,direct-terminal,0.195000,32,true
baseline-dense-d1-8-s4,4,dense,3503703373795356757,5,960,0.070000,hard,direct-terminal,0.000000,32,true
baseline-dense-d1-8-s4,4,dense,6869996990457277544,5,960,0.070000,soft,direct-terminal,0.500000,32,true
baseline-dense-d1-8-s4,4,dense,6869996990457277544,5,960,0.070000,2.0000,direct-terminal,0.277500,32,true
baseline-dense-d1-8-s4,4,dense,6869996990457277544,5,960,0.070000,1.0000,direct-terminal,0.277500,32,true
baseline-dense-d1-8-s4,4,dense,6869996990457277544,5,960,0.070000,hard,direct-terminal,0.000000,32,true
baseline-dense-d1-8-s4,4,dense,18234682480328173695,5,960,0.070000,soft,direct-terminal,0.450000,32,true
baseline-dense-d1-8-s4,4,dense,18234682480328173695,5,960,0.070000,2.0000,direct-terminal,0.255000,32,true
baseline-dense-d1-8-s4,4,dense,18234682480328173695,5,960,0.070000,1.0000,direct-terminal,0.255000,32,true
baseline-dense-d1-8-s4,4,dense,18234682480328173695,5,960,0.070000,hard,direct-terminal,0.000000,32,true
baseline-dense-d1-8-s4,4,dense,2001310518681822354,5,960,0.070000,soft,direct-terminal,0.482500,32,true
baseline-dense-d1-8-s4,4,dense,2001310518681822354,5,960,0.070000,2.0000,direct-terminal,0.262500,32,true
baseline-dense-d1-8-s4,4,dense,2001310518681822354,5,960,0.070000,1.0000,direct-terminal,0.262500,32,true
baseline-dense-d1-8-s4,4,dense,2001310518681822354,5,960,0.070000,hard,direct-terminal,0.215000,32,true
baseline-dense-d1-8-s4,4,dense,13400896689310720169,5,960,0.070000,soft,direct-terminal,0.460000,32,true
baseline-dense-d1-8-s4,4,dense,13400896689310720169,5,960,0.070000,2.0000,direct-terminal,0.260000,32,true
baseline-dense-d1-8-s4,4,dense,13400896689310720169,5,960,0.070000,1.0000,direct-terminal,0.260000,32,true
baseline-dense-d1-8-s4,4,dense,13400896689310720169,5,960,0.070000,hard,direct-terminal,0.000000,32,true
baseline-dense-d1-8-s4,4,dense,15453320347936062484,6,240,0.035000,soft,direct-terminal,0.467500,32,true
baseline-dense-d1-8-s4,4,dense,15453320347936062484,6,240,0.035000,2.0000,direct-terminal,0.245000,32,true
baseline-dense-d1-8-s4,4,dense,15453320347936062484,6,240,0.035000,1.0000,direct-terminal,0.222500,32,true
baseline-dense-d1-8-s4,4,dense,15453320347936062484,6,240,0.035000,hard,direct-terminal,0.505000,32,true
baseline-dense-d1-8-s4,4,dense,8371261729603450923,6,240,0.035000,soft,direct-terminal,0.487500,32,true
baseline-dense-d1-8-s4,4,dense,8371261729603450923,6,240,0.035000,2.0000,direct-terminal,0.235000,32,true
baseline-dense-d1-8-s4,4,dense,8371261729603450923,6,240,0.035000,1.0000,direct-terminal,0.290000,32,true
baseline-dense-d1-8-s4,4,dense,8371261729603450923,6,240,0.035000,hard,direct-terminal,0.530000,32,true
baseline-dense-d1-8-s4,4,dense,10584633876018000958,6,240,0.035000,soft,direct-terminal,0.500000,32,true
baseline-dense-d1-8-s4,4,dense,10584633876018000958,6,240,0.035000,2.0000,direct-terminal,0.250000,32,true
baseline-dense-d1-8-s4,4,dense,10584633876018000958,6,240,0.035000,1.0000,direct-terminal,0.267500,32,true
baseline-dense-d1-8-s4,4,dense,10584633876018000958,6,240,0.035000,hard,direct-terminal,0.557500,32,true
baseline-dense-d1-8-s4,4,dense,3503703373795356757,6,240,0.035000,soft,direct-terminal,0.487500,32,true
baseline-dense-d1-8-s4,4,dense,3503703373795356757,6,240,0.035000,2.0000,direct-terminal,0.257500,32,true
baseline-dense-d1-8-s4,4,dense,3503703373795356757,6,240,0.035000,1.0000,direct-terminal,0.257500,32,true
baseline-dense-d1-8-s4,4,dense,3503703373795356757,6,240,0.035000,hard,direct-terminal,0.492500,32,true
baseline-dense-d1-8-s4,4,dense,6869996990457277544,6,240,0.035000,soft,direct-terminal,0.465000,32,true
baseline-dense-d1-8-s4,4,dense,6869996990457277544,6,240,0.035000,2.0000,direct-terminal,0.237500,32,true
baseline-dense-d1-8-s4,4,dense,6869996990457277544,6,240,0.035000,1.0000,direct-terminal,0.237500,32,true
baseline-dense-d1-8-s4,4,dense,6869996990457277544,6,240,0.035000,hard,direct-terminal,0.485000,32,true
baseline-dense-d1-8-s4,4,dense,18234682480328173695,6,240,0.035000,soft,direct-terminal,0.502500,32,true
baseline-dense-d1-8-s4,4,dense,18234682480328173695,6,240,0.035000,2.0000,direct-terminal,0.227500,32,true
baseline-dense-d1-8-s4,4,dense,18234682480328173695,6,240,0.035000,1.0000,direct-terminal,0.227500,32,true
baseline-dense-d1-8-s4,4,dense,18234682480328173695,6,240,0.035000,hard,direct-terminal,0.515000,32,true
baseline-dense-d1-8-s4,4,dense,2001310518681822354,6,240,0.035000,soft,direct-terminal,0.527500,32,true
baseline-dense-d1-8-s4,4,dense,2001310518681822354,6,240,0.035000,2.0000,direct-terminal,0.225000,32,true
baseline-dense-d1-8-s4,4,dense,2001310518681822354,6,240,0.035000,1.0000,direct-terminal,0.225000,32,true
baseline-dense-d1-8-s4,4,dense,2001310518681822354,6,240,0.035000,hard,direct-terminal,0.520000,32,true
baseline-dense-d1-8-s4,4,dense,13400896689310720169,6,240,0.035000,soft,direct-terminal,0.535000,32,true
baseline-dense-d1-8-s4,4,dense,13400896689310720169,6,240,0.035000,2.0000,direct-terminal,0.277500,32,true
baseline-dense-d1-8-s4,4,dense,13400896689310720169,6,240,0.035000,1.0000,direct-terminal,0.277500,32,true
baseline-dense-d1-8-s4,4,dense,13400896689310720169,6,240,0.035000,hard,direct-terminal,0.480000,32,true
baseline-dense-d1-8-s4,4,dense,15453320347936062484,6,240,0.070000,soft,direct-terminal,0.510000,32,true
baseline-dense-d1-8-s4,4,dense,15453320347936062484,6,240,0.070000,2.0000,direct-terminal,0.245000,32,true
baseline-dense-d1-8-s4,4,dense,15453320347936062484,6,240,0.070000,1.0000,direct-terminal,0.245000,32,true
baseline-dense-d1-8-s4,4,dense,15453320347936062484,6,240,0.070000,hard,direct-terminal,0.520000,32,true
baseline-dense-d1-8-s4,4,dense,8371261729603450923,6,240,0.070000,soft,direct-terminal,0.487500,32,true
baseline-dense-d1-8-s4,4,dense,8371261729603450923,6,240,0.070000,2.0000,direct-terminal,0.255000,32,true
baseline-dense-d1-8-s4,4,dense,8371261729603450923,6,240,0.070000,1.0000,direct-terminal,0.255000,32,true
baseline-dense-d1-8-s4,4,dense,8371261729603450923,6,240,0.070000,hard,direct-terminal,0.487500,32,true
baseline-dense-d1-8-s4,4,dense,10584633876018000958,6,240,0.070000,soft,direct-terminal,0.487500,32,true
baseline-dense-d1-8-s4,4,dense,10584633876018000958,6,240,0.070000,2.0000,direct-terminal,0.232500,32,true
baseline-dense-d1-8-s4,4,dense,10584633876018000958,6,240,0.070000,1.0000,direct-terminal,0.232500,32,true
baseline-dense-d1-8-s4,4,dense,10584633876018000958,6,240,0.070000,hard,direct-terminal,0.487500,32,true
baseline-dense-d1-8-s4,4,dense,3503703373795356757,6,240,0.070000,soft,direct-terminal,0.482500,32,true
baseline-dense-d1-8-s4,4,dense,3503703373795356757,6,240,0.070000,2.0000,direct-terminal,0.217500,32,true
baseline-dense-d1-8-s4,4,dense,3503703373795356757,6,240,0.070000,1.0000,direct-terminal,0.217500,32,true
baseline-dense-d1-8-s4,4,dense,3503703373795356757,6,240,0.070000,hard,direct-terminal,0.452500,32,true
baseline-dense-d1-8-s4,4,dense,6869996990457277544,6,240,0.070000,soft,direct-terminal,0.455000,32,true
baseline-dense-d1-8-s4,4,dense,6869996990457277544,6,240,0.070000,2.0000,direct-terminal,0.200000,32,true
baseline-dense-d1-8-s4,4,dense,6869996990457277544,6,240,0.070000,1.0000,direct-terminal,0.200000,32,true
baseline-dense-d1-8-s4,4,dense,6869996990457277544,6,240,0.070000,hard,direct-terminal,0.475000,32,true
baseline-dense-d1-8-s4,4,dense,18234682480328173695,6,240,0.070000,soft,direct-terminal,0.487500,32,true
baseline-dense-d1-8-s4,4,dense,18234682480328173695,6,240,0.070000,2.0000,direct-terminal,0.220000,32,true
baseline-dense-d1-8-s4,4,dense,18234682480328173695,6,240,0.070000,1.0000,direct-terminal,0.220000,32,true
baseline-dense-d1-8-s4,4,dense,18234682480328173695,6,240,0.070000,hard,direct-terminal,0.512500,32,true
baseline-dense-d1-8-s4,4,dense,2001310518681822354,6,240,0.070000,soft,direct-terminal,0.545000,32,true
baseline-dense-d1-8-s4,4,dense,2001310518681822354,6,240,0.070000,2.0000,direct-terminal,0.225000,32,true
baseline-dense-d1-8-s4,4,dense,2001310518681822354,6,240,0.070000,1.0000,direct-terminal,0.225000,32,true
baseline-dense-d1-8-s4,4,dense,2001310518681822354,6,240,0.070000,hard,direct-terminal,0.532500,32,true
baseline-dense-d1-8-s4,4,dense,13400896689310720169,6,240,0.070000,soft,direct-terminal,0.535000,32,true
baseline-dense-d1-8-s4,4,dense,13400896689310720169,6,240,0.070000,2.0000,direct-terminal,0.250000,32,true
baseline-dense-d1-8-s4,4,dense,13400896689310720169,6,240,0.070000,1.0000,direct-terminal,0.282500,32,true
baseline-dense-d1-8-s4,4,dense,13400896689310720169,6,240,0.070000,hard,direct-terminal,0.535000,32,true
baseline-dense-d1-8-s4,4,dense,15453320347936062484,6,960,0.035000,soft,direct-terminal,0.462500,32,true
baseline-dense-d1-8-s4,4,dense,15453320347936062484,6,960,0.035000,2.0000,direct-terminal,0.257500,32,true
baseline-dense-d1-8-s4,4,dense,15453320347936062484,6,960,0.035000,1.0000,direct-terminal,0.297500,32,true
baseline-dense-d1-8-s4,4,dense,15453320347936062484,6,960,0.035000,hard,direct-terminal,0.450000,32,true
baseline-dense-d1-8-s4,4,dense,8371261729603450923,6,960,0.035000,soft,direct-terminal,0.500000,32,true
baseline-dense-d1-8-s4,4,dense,8371261729603450923,6,960,0.035000,2.0000,direct-terminal,0.262500,32,true
baseline-dense-d1-8-s4,4,dense,8371261729603450923,6,960,0.035000,1.0000,direct-terminal,0.285000,32,true
baseline-dense-d1-8-s4,4,dense,8371261729603450923,6,960,0.035000,hard,direct-terminal,0.532500,32,true
baseline-dense-d1-8-s4,4,dense,10584633876018000958,6,960,0.035000,soft,direct-terminal,0.437500,32,true
baseline-dense-d1-8-s4,4,dense,10584633876018000958,6,960,0.035000,2.0000,direct-terminal,0.235000,32,true
baseline-dense-d1-8-s4,4,dense,10584633876018000958,6,960,0.035000,1.0000,direct-terminal,0.235000,32,true
baseline-dense-d1-8-s4,4,dense,10584633876018000958,6,960,0.035000,hard,direct-terminal,0.435000,32,true
baseline-dense-d1-8-s4,4,dense,3503703373795356757,6,960,0.035000,soft,direct-terminal,0.485000,32,true
baseline-dense-d1-8-s4,4,dense,3503703373795356757,6,960,0.035000,2.0000,direct-terminal,0.257500,32,true
baseline-dense-d1-8-s4,4,dense,3503703373795356757,6,960,0.035000,1.0000,direct-terminal,0.280000,32,true
baseline-dense-d1-8-s4,4,dense,3503703373795356757,6,960,0.035000,hard,direct-terminal,0.462500,32,true
baseline-dense-d1-8-s4,4,dense,6869996990457277544,6,960,0.035000,soft,direct-terminal,0.457500,32,true
baseline-dense-d1-8-s4,4,dense,6869996990457277544,6,960,0.035000,2.0000,direct-terminal,0.275000,32,true
baseline-dense-d1-8-s4,4,dense,6869996990457277544,6,960,0.035000,1.0000,direct-terminal,0.275000,32,true
baseline-dense-d1-8-s4,4,dense,6869996990457277544,6,960,0.035000,hard,direct-terminal,0.505000,32,true
baseline-dense-d1-8-s4,4,dense,18234682480328173695,6,960,0.035000,soft,direct-terminal,0.502500,32,true
baseline-dense-d1-8-s4,4,dense,18234682480328173695,6,960,0.035000,2.0000,direct-terminal,0.247500,32,true
baseline-dense-d1-8-s4,4,dense,18234682480328173695,6,960,0.035000,1.0000,direct-terminal,0.247500,32,true
baseline-dense-d1-8-s4,4,dense,18234682480328173695,6,960,0.035000,hard,direct-terminal,0.465000,32,true
baseline-dense-d1-8-s4,4,dense,2001310518681822354,6,960,0.035000,soft,direct-terminal,0.497500,32,true
baseline-dense-d1-8-s4,4,dense,2001310518681822354,6,960,0.035000,2.0000,direct-terminal,0.225000,32,true
baseline-dense-d1-8-s4,4,dense,2001310518681822354,6,960,0.035000,1.0000,direct-terminal,0.237500,32,true
baseline-dense-d1-8-s4,4,dense,2001310518681822354,6,960,0.035000,hard,direct-terminal,0.540000,32,true
baseline-dense-d1-8-s4,4,dense,13400896689310720169,6,960,0.035000,soft,direct-terminal,0.497500,32,true
baseline-dense-d1-8-s4,4,dense,13400896689310720169,6,960,0.035000,2.0000,direct-terminal,0.277500,32,true
baseline-dense-d1-8-s4,4,dense,13400896689310720169,6,960,0.035000,1.0000,direct-terminal,0.277500,32,true
baseline-dense-d1-8-s4,4,dense,13400896689310720169,6,960,0.035000,hard,direct-terminal,0.475000,32,true
baseline-dense-d1-8-s4,4,dense,15453320347936062484,6,960,0.070000,soft,direct-terminal,0.460000,32,true
baseline-dense-d1-8-s4,4,dense,15453320347936062484,6,960,0.070000,2.0000,direct-terminal,0.217500,32,true
baseline-dense-d1-8-s4,4,dense,15453320347936062484,6,960,0.070000,1.0000,direct-terminal,0.235000,32,true
baseline-dense-d1-8-s4,4,dense,15453320347936062484,6,960,0.070000,hard,direct-terminal,0.457500,32,true
baseline-dense-d1-8-s4,4,dense,8371261729603450923,6,960,0.070000,soft,direct-terminal,0.487500,32,true
baseline-dense-d1-8-s4,4,dense,8371261729603450923,6,960,0.070000,2.0000,direct-terminal,0.262500,32,true
baseline-dense-d1-8-s4,4,dense,8371261729603450923,6,960,0.070000,1.0000,direct-terminal,0.310000,32,true
baseline-dense-d1-8-s4,4,dense,8371261729603450923,6,960,0.070000,hard,direct-terminal,0.520000,32,true
baseline-dense-d1-8-s4,4,dense,10584633876018000958,6,960,0.070000,soft,direct-terminal,0.452500,32,true
baseline-dense-d1-8-s4,4,dense,10584633876018000958,6,960,0.070000,2.0000,direct-terminal,0.235000,32,true
baseline-dense-d1-8-s4,4,dense,10584633876018000958,6,960,0.070000,1.0000,direct-terminal,0.235000,32,true
baseline-dense-d1-8-s4,4,dense,10584633876018000958,6,960,0.070000,hard,direct-terminal,0.535000,32,true
baseline-dense-d1-8-s4,4,dense,3503703373795356757,6,960,0.070000,soft,direct-terminal,0.467500,32,true
baseline-dense-d1-8-s4,4,dense,3503703373795356757,6,960,0.070000,2.0000,direct-terminal,0.265000,32,true
baseline-dense-d1-8-s4,4,dense,3503703373795356757,6,960,0.070000,1.0000,direct-terminal,0.265000,32,true
baseline-dense-d1-8-s4,4,dense,3503703373795356757,6,960,0.070000,hard,direct-terminal,0.492500,32,true
baseline-dense-d1-8-s4,4,dense,6869996990457277544,6,960,0.070000,soft,direct-terminal,0.457500,32,true
baseline-dense-d1-8-s4,4,dense,6869996990457277544,6,960,0.070000,2.0000,direct-terminal,0.270000,32,true
baseline-dense-d1-8-s4,4,dense,6869996990457277544,6,960,0.070000,1.0000,direct-terminal,0.270000,32,true
baseline-dense-d1-8-s4,4,dense,6869996990457277544,6,960,0.070000,hard,direct-terminal,0.485000,32,true
baseline-dense-d1-8-s4,4,dense,18234682480328173695,6,960,0.070000,soft,direct-terminal,0.520000,32,true
baseline-dense-d1-8-s4,4,dense,18234682480328173695,6,960,0.070000,2.0000,direct-terminal,0.265000,32,true
baseline-dense-d1-8-s4,4,dense,18234682480328173695,6,960,0.070000,1.0000,direct-terminal,0.265000,32,true
baseline-dense-d1-8-s4,4,dense,18234682480328173695,6,960,0.070000,hard,direct-terminal,0.490000,32,true
baseline-dense-d1-8-s4,4,dense,2001310518681822354,6,960,0.070000,soft,direct-terminal,0.535000,32,true
baseline-dense-d1-8-s4,4,dense,2001310518681822354,6,960,0.070000,2.0000,direct-terminal,0.225000,32,true
baseline-dense-d1-8-s4,4,dense,2001310518681822354,6,960,0.070000,1.0000,direct-terminal,0.225000,32,true
baseline-dense-d1-8-s4,4,dense,2001310518681822354,6,960,0.070000,hard,direct-terminal,0.532500,32,true
baseline-dense-d1-8-s4,4,dense,13400896689310720169,6,960,0.070000,soft,direct-terminal,0.497500,32,true
baseline-dense-d1-8-s4,4,dense,13400896689310720169,6,960,0.070000,2.0000,direct-terminal,0.250000,32,true
baseline-dense-d1-8-s4,4,dense,13400896689310720169,6,960,0.070000,1.0000,direct-terminal,0.230000,32,true
baseline-dense-d1-8-s4,4,dense,13400896689310720169,6,960,0.070000,hard,direct-terminal,0.490000,32,true
baseline-dense-d1-8-s4,4,dense,15453320347936062484,7,240,0.035000,soft,direct-terminal,0.522500,32,true
baseline-dense-d1-8-s4,4,dense,15453320347936062484,7,240,0.035000,2.0000,direct-terminal,0.227500,32,true
baseline-dense-d1-8-s4,4,dense,15453320347936062484,7,240,0.035000,1.0000,direct-terminal,0.227500,32,true
baseline-dense-d1-8-s4,4,dense,15453320347936062484,7,240,0.035000,hard,direct-terminal,0.000000,32,true
baseline-dense-d1-8-s4,4,dense,8371261729603450923,7,240,0.035000,soft,direct-terminal,0.530000,32,true
baseline-dense-d1-8-s4,4,dense,8371261729603450923,7,240,0.035000,2.0000,direct-terminal,0.217500,32,true
baseline-dense-d1-8-s4,4,dense,8371261729603450923,7,240,0.035000,1.0000,direct-terminal,0.217500,32,true
baseline-dense-d1-8-s4,4,dense,8371261729603450923,7,240,0.035000,hard,direct-terminal,0.000000,32,true
baseline-dense-d1-8-s4,4,dense,10584633876018000958,7,240,0.035000,soft,direct-terminal,0.537500,32,true
baseline-dense-d1-8-s4,4,dense,10584633876018000958,7,240,0.035000,2.0000,direct-terminal,0.252500,32,true
baseline-dense-d1-8-s4,4,dense,10584633876018000958,7,240,0.035000,1.0000,direct-terminal,0.252500,32,true
baseline-dense-d1-8-s4,4,dense,10584633876018000958,7,240,0.035000,hard,direct-terminal,0.000000,32,true
baseline-dense-d1-8-s4,4,dense,3503703373795356757,7,240,0.035000,soft,direct-terminal,0.457500,32,true
baseline-dense-d1-8-s4,4,dense,3503703373795356757,7,240,0.035000,2.0000,direct-terminal,0.255000,32,true
baseline-dense-d1-8-s4,4,dense,3503703373795356757,7,240,0.035000,1.0000,direct-terminal,0.235000,32,true
baseline-dense-d1-8-s4,4,dense,3503703373795356757,7,240,0.035000,hard,direct-terminal,0.000000,32,true
baseline-dense-d1-8-s4,4,dense,6869996990457277544,7,240,0.035000,soft,direct-terminal,0.487500,32,true
baseline-dense-d1-8-s4,4,dense,6869996990457277544,7,240,0.035000,2.0000,direct-terminal,0.282500,32,true
baseline-dense-d1-8-s4,4,dense,6869996990457277544,7,240,0.035000,1.0000,direct-terminal,0.282500,32,true
baseline-dense-d1-8-s4,4,dense,6869996990457277544,7,240,0.035000,hard,direct-terminal,0.000000,32,true
baseline-dense-d1-8-s4,4,dense,18234682480328173695,7,240,0.035000,soft,direct-terminal,0.517500,32,true
baseline-dense-d1-8-s4,4,dense,18234682480328173695,7,240,0.035000,2.0000,direct-terminal,0.267500,32,true
baseline-dense-d1-8-s4,4,dense,18234682480328173695,7,240,0.035000,1.0000,direct-terminal,0.267500,32,true
baseline-dense-d1-8-s4,4,dense,18234682480328173695,7,240,0.035000,hard,direct-terminal,0.000000,32,true
baseline-dense-d1-8-s4,4,dense,2001310518681822354,7,240,0.035000,soft,direct-terminal,0.445000,32,true
baseline-dense-d1-8-s4,4,dense,2001310518681822354,7,240,0.035000,2.0000,direct-terminal,0.242500,32,true
baseline-dense-d1-8-s4,4,dense,2001310518681822354,7,240,0.035000,1.0000,direct-terminal,0.242500,32,true
baseline-dense-d1-8-s4,4,dense,2001310518681822354,7,240,0.035000,hard,direct-terminal,0.000000,32,true
baseline-dense-d1-8-s4,4,dense,13400896689310720169,7,240,0.035000,soft,direct-terminal,0.515000,32,true
baseline-dense-d1-8-s4,4,dense,13400896689310720169,7,240,0.035000,2.0000,direct-terminal,0.225000,32,true
baseline-dense-d1-8-s4,4,dense,13400896689310720169,7,240,0.035000,1.0000,direct-terminal,0.225000,32,true
baseline-dense-d1-8-s4,4,dense,13400896689310720169,7,240,0.035000,hard,direct-terminal,0.000000,32,true
baseline-dense-d1-8-s4,4,dense,15453320347936062484,7,240,0.070000,soft,direct-terminal,0.327500,32,true
baseline-dense-d1-8-s4,4,dense,15453320347936062484,7,240,0.070000,2.0000,direct-terminal,0.265000,32,true
baseline-dense-d1-8-s4,4,dense,15453320347936062484,7,240,0.070000,1.0000,direct-terminal,0.265000,32,true
baseline-dense-d1-8-s4,4,dense,15453320347936062484,7,240,0.070000,hard,direct-terminal,0.140000,32,true
baseline-dense-d1-8-s4,4,dense,8371261729603450923,7,240,0.070000,soft,direct-terminal,0.310000,32,true
baseline-dense-d1-8-s4,4,dense,8371261729603450923,7,240,0.070000,2.0000,direct-terminal,0.217500,32,true
baseline-dense-d1-8-s4,4,dense,8371261729603450923,7,240,0.070000,1.0000,direct-terminal,0.217500,32,true
baseline-dense-d1-8-s4,4,dense,8371261729603450923,7,240,0.070000,hard,direct-terminal,0.250000,32,true
baseline-dense-d1-8-s4,4,dense,10584633876018000958,7,240,0.070000,soft,direct-terminal,0.535000,32,true
baseline-dense-d1-8-s4,4,dense,10584633876018000958,7,240,0.070000,2.0000,direct-terminal,0.252500,32,true
baseline-dense-d1-8-s4,4,dense,10584633876018000958,7,240,0.070000,1.0000,direct-terminal,0.250000,32,true
baseline-dense-d1-8-s4,4,dense,10584633876018000958,7,240,0.070000,hard,direct-terminal,0.000000,32,true
baseline-dense-d1-8-s4,4,dense,3503703373795356757,7,240,0.070000,soft,direct-terminal,0.215000,32,true
baseline-dense-d1-8-s4,4,dense,3503703373795356757,7,240,0.070000,2.0000,direct-terminal,0.215000,32,true
baseline-dense-d1-8-s4,4,dense,3503703373795356757,7,240,0.070000,1.0000,direct-terminal,0.215000,32,true
baseline-dense-d1-8-s4,4,dense,3503703373795356757,7,240,0.070000,hard,direct-terminal,0.215000,32,true
baseline-dense-d1-8-s4,4,dense,6869996990457277544,7,240,0.070000,soft,direct-terminal,0.320000,32,true
baseline-dense-d1-8-s4,4,dense,6869996990457277544,7,240,0.070000,2.0000,direct-terminal,0.242500,32,true
baseline-dense-d1-8-s4,4,dense,6869996990457277544,7,240,0.070000,1.0000,direct-terminal,0.242500,32,true
baseline-dense-d1-8-s4,4,dense,6869996990457277544,7,240,0.070000,hard,direct-terminal,0.257500,32,true
baseline-dense-d1-8-s4,4,dense,18234682480328173695,7,240,0.070000,soft,direct-terminal,0.350000,32,true
baseline-dense-d1-8-s4,4,dense,18234682480328173695,7,240,0.070000,2.0000,direct-terminal,0.267500,32,true
baseline-dense-d1-8-s4,4,dense,18234682480328173695,7,240,0.070000,1.0000,direct-terminal,0.265000,32,true
baseline-dense-d1-8-s4,4,dense,18234682480328173695,7,240,0.070000,hard,direct-terminal,0.257500,32,true
baseline-dense-d1-8-s4,4,dense,2001310518681822354,7,240,0.070000,soft,direct-terminal,0.387500,32,true
baseline-dense-d1-8-s4,4,dense,2001310518681822354,7,240,0.070000,2.0000,direct-terminal,0.260000,32,true
baseline-dense-d1-8-s4,4,dense,2001310518681822354,7,240,0.070000,1.0000,direct-terminal,0.260000,32,true
baseline-dense-d1-8-s4,4,dense,2001310518681822354,7,240,0.070000,hard,direct-terminal,0.000000,32,true
baseline-dense-d1-8-s4,4,dense,13400896689310720169,7,240,0.070000,soft,direct-terminal,0.422500,32,true
baseline-dense-d1-8-s4,4,dense,13400896689310720169,7,240,0.070000,2.0000,direct-terminal,0.232500,32,true
baseline-dense-d1-8-s4,4,dense,13400896689310720169,7,240,0.070000,1.0000,direct-terminal,0.232500,32,true
baseline-dense-d1-8-s4,4,dense,13400896689310720169,7,240,0.070000,hard,direct-terminal,0.000000,32,true
baseline-dense-d1-8-s4,4,dense,15453320347936062484,7,960,0.035000,soft,direct-terminal,0.510000,32,true
baseline-dense-d1-8-s4,4,dense,15453320347936062484,7,960,0.035000,2.0000,direct-terminal,0.225000,32,true
baseline-dense-d1-8-s4,4,dense,15453320347936062484,7,960,0.035000,1.0000,direct-terminal,0.225000,32,true
baseline-dense-d1-8-s4,4,dense,15453320347936062484,7,960,0.035000,hard,direct-terminal,0.000000,32,true
baseline-dense-d1-8-s4,4,dense,8371261729603450923,7,960,0.035000,soft,direct-terminal,0.490000,32,true
baseline-dense-d1-8-s4,4,dense,8371261729603450923,7,960,0.035000,2.0000,direct-terminal,0.217500,32,true
baseline-dense-d1-8-s4,4,dense,8371261729603450923,7,960,0.035000,1.0000,direct-terminal,0.217500,32,true
baseline-dense-d1-8-s4,4,dense,8371261729603450923,7,960,0.035000,hard,direct-terminal,0.000000,32,true
baseline-dense-d1-8-s4,4,dense,10584633876018000958,7,960,0.035000,soft,direct-terminal,0.505000,32,true
baseline-dense-d1-8-s4,4,dense,10584633876018000958,7,960,0.035000,2.0000,direct-terminal,0.222500,32,true
baseline-dense-d1-8-s4,4,dense,10584633876018000958,7,960,0.035000,1.0000,direct-terminal,0.222500,32,true
baseline-dense-d1-8-s4,4,dense,10584633876018000958,7,960,0.035000,hard,direct-terminal,0.000000,32,true
baseline-dense-d1-8-s4,4,dense,3503703373795356757,7,960,0.035000,soft,direct-terminal,0.530000,32,true
baseline-dense-d1-8-s4,4,dense,3503703373795356757,7,960,0.035000,2.0000,direct-terminal,0.242500,32,true
baseline-dense-d1-8-s4,4,dense,3503703373795356757,7,960,0.035000,1.0000,direct-terminal,0.242500,32,true
baseline-dense-d1-8-s4,4,dense,3503703373795356757,7,960,0.035000,hard,direct-terminal,0.000000,32,true
baseline-dense-d1-8-s4,4,dense,6869996990457277544,7,960,0.035000,soft,direct-terminal,0.470000,32,true
baseline-dense-d1-8-s4,4,dense,6869996990457277544,7,960,0.035000,2.0000,direct-terminal,0.250000,32,true
baseline-dense-d1-8-s4,4,dense,6869996990457277544,7,960,0.035000,1.0000,direct-terminal,0.207500,32,true
baseline-dense-d1-8-s4,4,dense,6869996990457277544,7,960,0.035000,hard,direct-terminal,0.000000,32,true
baseline-dense-d1-8-s4,4,dense,18234682480328173695,7,960,0.035000,soft,direct-terminal,0.507500,32,true
baseline-dense-d1-8-s4,4,dense,18234682480328173695,7,960,0.035000,2.0000,direct-terminal,0.257500,32,true
baseline-dense-d1-8-s4,4,dense,18234682480328173695,7,960,0.035000,1.0000,direct-terminal,0.257500,32,true
baseline-dense-d1-8-s4,4,dense,18234682480328173695,7,960,0.035000,hard,direct-terminal,0.000000,32,true
baseline-dense-d1-8-s4,4,dense,2001310518681822354,7,960,0.035000,soft,direct-terminal,0.505000,32,true
baseline-dense-d1-8-s4,4,dense,2001310518681822354,7,960,0.035000,2.0000,direct-terminal,0.242500,32,true
baseline-dense-d1-8-s4,4,dense,2001310518681822354,7,960,0.035000,1.0000,direct-terminal,0.242500,32,true
baseline-dense-d1-8-s4,4,dense,2001310518681822354,7,960,0.035000,hard,direct-terminal,0.000000,32,true
baseline-dense-d1-8-s4,4,dense,13400896689310720169,7,960,0.035000,soft,direct-terminal,0.527500,32,true
baseline-dense-d1-8-s4,4,dense,13400896689310720169,7,960,0.035000,2.0000,direct-terminal,0.225000,32,true
baseline-dense-d1-8-s4,4,dense,13400896689310720169,7,960,0.035000,1.0000,direct-terminal,0.225000,32,true
baseline-dense-d1-8-s4,4,dense,13400896689310720169,7,960,0.035000,hard,direct-terminal,0.000000,32,true
baseline-dense-d1-8-s4,4,dense,15453320347936062484,7,960,0.070000,soft,direct-terminal,0.517500,32,true
baseline-dense-d1-8-s4,4,dense,15453320347936062484,7,960,0.070000,2.0000,direct-terminal,0.230000,32,true
baseline-dense-d1-8-s4,4,dense,15453320347936062484,7,960,0.070000,1.0000,direct-terminal,0.230000,32,true
baseline-dense-d1-8-s4,4,dense,15453320347936062484,7,960,0.070000,hard,direct-terminal,0.285000,32,true
baseline-dense-d1-8-s4,4,dense,8371261729603450923,7,960,0.070000,soft,direct-terminal,0.355000,32,true
baseline-dense-d1-8-s4,4,dense,8371261729603450923,7,960,0.070000,2.0000,direct-terminal,0.232500,32,true
baseline-dense-d1-8-s4,4,dense,8371261729603450923,7,960,0.070000,1.0000,direct-terminal,0.232500,32,true
baseline-dense-d1-8-s4,4,dense,8371261729603450923,7,960,0.070000,hard,direct-terminal,0.242500,32,true
baseline-dense-d1-8-s4,4,dense,10584633876018000958,7,960,0.070000,soft,direct-terminal,0.267500,32,true
baseline-dense-d1-8-s4,4,dense,10584633876018000958,7,960,0.070000,2.0000,direct-terminal,0.230000,32,true
baseline-dense-d1-8-s4,4,dense,10584633876018000958,7,960,0.070000,1.0000,direct-terminal,0.230000,32,true
baseline-dense-d1-8-s4,4,dense,10584633876018000958,7,960,0.070000,hard,direct-terminal,0.292500,32,true
baseline-dense-d1-8-s4,4,dense,3503703373795356757,7,960,0.070000,soft,direct-terminal,0.215000,32,true
baseline-dense-d1-8-s4,4,dense,3503703373795356757,7,960,0.070000,2.0000,direct-terminal,0.215000,32,true
baseline-dense-d1-8-s4,4,dense,3503703373795356757,7,960,0.070000,1.0000,direct-terminal,0.215000,32,true
baseline-dense-d1-8-s4,4,dense,3503703373795356757,7,960,0.070000,hard,direct-terminal,0.215000,32,true
baseline-dense-d1-8-s4,4,dense,6869996990457277544,7,960,0.070000,soft,direct-terminal,0.230000,32,true
baseline-dense-d1-8-s4,4,dense,6869996990457277544,7,960,0.070000,2.0000,direct-terminal,0.210000,32,true
baseline-dense-d1-8-s4,4,dense,6869996990457277544,7,960,0.070000,1.0000,direct-terminal,0.210000,32,true
baseline-dense-d1-8-s4,4,dense,6869996990457277544,7,960,0.070000,hard,direct-terminal,0.180000,32,true
baseline-dense-d1-8-s4,4,dense,18234682480328173695,7,960,0.070000,soft,direct-terminal,0.302500,32,true
baseline-dense-d1-8-s4,4,dense,18234682480328173695,7,960,0.070000,2.0000,direct-terminal,0.237500,32,true
baseline-dense-d1-8-s4,4,dense,18234682480328173695,7,960,0.070000,1.0000,direct-terminal,0.237500,32,true
baseline-dense-d1-8-s4,4,dense,18234682480328173695,7,960,0.070000,hard,direct-terminal,0.265000,32,true
baseline-dense-d1-8-s4,4,dense,2001310518681822354,7,960,0.070000,soft,direct-terminal,0.385000,32,true
baseline-dense-d1-8-s4,4,dense,2001310518681822354,7,960,0.070000,2.0000,direct-terminal,0.250000,32,true
baseline-dense-d1-8-s4,4,dense,2001310518681822354,7,960,0.070000,1.0000,direct-terminal,0.250000,32,true
baseline-dense-d1-8-s4,4,dense,2001310518681822354,7,960,0.070000,hard,direct-terminal,0.270000,32,true
baseline-dense-d1-8-s4,4,dense,13400896689310720169,7,960,0.070000,soft,direct-terminal,0.225000,32,true
baseline-dense-d1-8-s4,4,dense,13400896689310720169,7,960,0.070000,2.0000,direct-terminal,0.225000,32,true
baseline-dense-d1-8-s4,4,dense,13400896689310720169,7,960,0.070000,1.0000,direct-terminal,0.225000,32,true
baseline-dense-d1-8-s4,4,dense,13400896689310720169,7,960,0.070000,hard,direct-terminal,0.225000,32,true
baseline-dense-d1-8-s4,4,dense,15453320347936062484,8,240,0.035000,soft,direct-terminal,0.490000,32,true
baseline-dense-d1-8-s4,4,dense,15453320347936062484,8,240,0.035000,2.0000,direct-terminal,0.240000,32,true
baseline-dense-d1-8-s4,4,dense,15453320347936062484,8,240,0.035000,1.0000,direct-terminal,0.240000,32,true
baseline-dense-d1-8-s4,4,dense,15453320347936062484,8,240,0.035000,hard,direct-terminal,0.547500,32,true
baseline-dense-d1-8-s4,4,dense,8371261729603450923,8,240,0.035000,soft,direct-terminal,0.537500,32,true
baseline-dense-d1-8-s4,4,dense,8371261729603450923,8,240,0.035000,2.0000,direct-terminal,0.265000,32,true
baseline-dense-d1-8-s4,4,dense,8371261729603450923,8,240,0.035000,1.0000,direct-terminal,0.265000,32,true
baseline-dense-d1-8-s4,4,dense,8371261729603450923,8,240,0.035000,hard,direct-terminal,0.457500,32,true
baseline-dense-d1-8-s4,4,dense,10584633876018000958,8,240,0.035000,soft,direct-terminal,0.535000,32,true
baseline-dense-d1-8-s4,4,dense,10584633876018000958,8,240,0.035000,2.0000,direct-terminal,0.255000,32,true
baseline-dense-d1-8-s4,4,dense,10584633876018000958,8,240,0.035000,1.0000,direct-terminal,0.255000,32,true
baseline-dense-d1-8-s4,4,dense,10584633876018000958,8,240,0.035000,hard,direct-terminal,0.462500,32,true
baseline-dense-d1-8-s4,4,dense,3503703373795356757,8,240,0.035000,soft,direct-terminal,0.497500,32,true
baseline-dense-d1-8-s4,4,dense,3503703373795356757,8,240,0.035000,2.0000,direct-terminal,0.227500,32,true
baseline-dense-d1-8-s4,4,dense,3503703373795356757,8,240,0.035000,1.0000,direct-terminal,0.220000,32,true
baseline-dense-d1-8-s4,4,dense,3503703373795356757,8,240,0.035000,hard,direct-terminal,0.510000,32,true
baseline-dense-d1-8-s4,4,dense,6869996990457277544,8,240,0.035000,soft,direct-terminal,0.512500,32,true
baseline-dense-d1-8-s4,4,dense,6869996990457277544,8,240,0.035000,2.0000,direct-terminal,0.257500,32,true
baseline-dense-d1-8-s4,4,dense,6869996990457277544,8,240,0.035000,1.0000,direct-terminal,0.250000,32,true
baseline-dense-d1-8-s4,4,dense,6869996990457277544,8,240,0.035000,hard,direct-terminal,0.470000,32,true
baseline-dense-d1-8-s4,4,dense,18234682480328173695,8,240,0.035000,soft,direct-terminal,0.505000,32,true
baseline-dense-d1-8-s4,4,dense,18234682480328173695,8,240,0.035000,2.0000,direct-terminal,0.235000,32,true
baseline-dense-d1-8-s4,4,dense,18234682480328173695,8,240,0.035000,1.0000,direct-terminal,0.235000,32,true
baseline-dense-d1-8-s4,4,dense,18234682480328173695,8,240,0.035000,hard,direct-terminal,0.470000,32,true
baseline-dense-d1-8-s4,4,dense,2001310518681822354,8,240,0.035000,soft,direct-terminal,0.500000,32,true
baseline-dense-d1-8-s4,4,dense,2001310518681822354,8,240,0.035000,2.0000,direct-terminal,0.247500,32,true
baseline-dense-d1-8-s4,4,dense,2001310518681822354,8,240,0.035000,1.0000,direct-terminal,0.247500,32,true
baseline-dense-d1-8-s4,4,dense,2001310518681822354,8,240,0.035000,hard,direct-terminal,0.527500,32,true
baseline-dense-d1-8-s4,4,dense,13400896689310720169,8,240,0.035000,soft,direct-terminal,0.505000,32,true
baseline-dense-d1-8-s4,4,dense,13400896689310720169,8,240,0.035000,2.0000,direct-terminal,0.230000,32,true
baseline-dense-d1-8-s4,4,dense,13400896689310720169,8,240,0.035000,1.0000,direct-terminal,0.230000,32,true
baseline-dense-d1-8-s4,4,dense,13400896689310720169,8,240,0.035000,hard,direct-terminal,0.530000,32,true
baseline-dense-d1-8-s4,4,dense,15453320347936062484,8,240,0.070000,soft,direct-terminal,0.287500,32,true
baseline-dense-d1-8-s4,4,dense,15453320347936062484,8,240,0.070000,2.0000,direct-terminal,0.287500,32,true
baseline-dense-d1-8-s4,4,dense,15453320347936062484,8,240,0.070000,1.0000,direct-terminal,0.287500,32,true
baseline-dense-d1-8-s4,4,dense,15453320347936062484,8,240,0.070000,hard,direct-terminal,0.287500,32,true
baseline-dense-d1-8-s4,4,dense,8371261729603450923,8,240,0.070000,soft,direct-terminal,0.247500,32,true
baseline-dense-d1-8-s4,4,dense,8371261729603450923,8,240,0.070000,2.0000,direct-terminal,0.257500,32,true
baseline-dense-d1-8-s4,4,dense,8371261729603450923,8,240,0.070000,1.0000,direct-terminal,0.257500,32,true
baseline-dense-d1-8-s4,4,dense,8371261729603450923,8,240,0.070000,hard,direct-terminal,0.235000,32,true
baseline-dense-d1-8-s4,4,dense,10584633876018000958,8,240,0.070000,soft,direct-terminal,0.250000,32,true
baseline-dense-d1-8-s4,4,dense,10584633876018000958,8,240,0.070000,2.0000,direct-terminal,0.222500,32,true
baseline-dense-d1-8-s4,4,dense,10584633876018000958,8,240,0.070000,1.0000,direct-terminal,0.222500,32,true
baseline-dense-d1-8-s4,4,dense,10584633876018000958,8,240,0.070000,hard,direct-terminal,0.230000,32,true
baseline-dense-d1-8-s4,4,dense,3503703373795356757,8,240,0.070000,soft,direct-terminal,0.455000,32,true
baseline-dense-d1-8-s4,4,dense,3503703373795356757,8,240,0.070000,2.0000,direct-terminal,0.220000,32,true
baseline-dense-d1-8-s4,4,dense,3503703373795356757,8,240,0.070000,1.0000,direct-terminal,0.220000,32,true
baseline-dense-d1-8-s4,4,dense,3503703373795356757,8,240,0.070000,hard,direct-terminal,0.227500,32,true
baseline-dense-d1-8-s4,4,dense,6869996990457277544,8,240,0.070000,soft,direct-terminal,0.310000,32,true
baseline-dense-d1-8-s4,4,dense,6869996990457277544,8,240,0.070000,2.0000,direct-terminal,0.272500,32,true
baseline-dense-d1-8-s4,4,dense,6869996990457277544,8,240,0.070000,1.0000,direct-terminal,0.272500,32,true
baseline-dense-d1-8-s4,4,dense,6869996990457277544,8,240,0.070000,hard,direct-terminal,0.267500,32,true
baseline-dense-d1-8-s4,4,dense,18234682480328173695,8,240,0.070000,soft,direct-terminal,0.342500,32,true
baseline-dense-d1-8-s4,4,dense,18234682480328173695,8,240,0.070000,2.0000,direct-terminal,0.200000,32,true
baseline-dense-d1-8-s4,4,dense,18234682480328173695,8,240,0.070000,1.0000,direct-terminal,0.200000,32,true
baseline-dense-d1-8-s4,4,dense,18234682480328173695,8,240,0.070000,hard,direct-terminal,0.242500,32,true
baseline-dense-d1-8-s4,4,dense,2001310518681822354,8,240,0.070000,soft,direct-terminal,0.202500,32,true
baseline-dense-d1-8-s4,4,dense,2001310518681822354,8,240,0.070000,2.0000,direct-terminal,0.237500,32,true
baseline-dense-d1-8-s4,4,dense,2001310518681822354,8,240,0.070000,1.0000,direct-terminal,0.237500,32,true
baseline-dense-d1-8-s4,4,dense,2001310518681822354,8,240,0.070000,hard,direct-terminal,0.280000,32,true
baseline-dense-d1-8-s4,4,dense,13400896689310720169,8,240,0.070000,soft,direct-terminal,0.230000,32,true
baseline-dense-d1-8-s4,4,dense,13400896689310720169,8,240,0.070000,2.0000,direct-terminal,0.270000,32,true
baseline-dense-d1-8-s4,4,dense,13400896689310720169,8,240,0.070000,1.0000,direct-terminal,0.270000,32,true
baseline-dense-d1-8-s4,4,dense,13400896689310720169,8,240,0.070000,hard,direct-terminal,0.285000,32,true
baseline-dense-d1-8-s4,4,dense,15453320347936062484,8,960,0.035000,soft,direct-terminal,0.452500,32,true
baseline-dense-d1-8-s4,4,dense,15453320347936062484,8,960,0.035000,2.0000,direct-terminal,0.270000,32,true
baseline-dense-d1-8-s4,4,dense,15453320347936062484,8,960,0.035000,1.0000,direct-terminal,0.270000,32,true
baseline-dense-d1-8-s4,4,dense,15453320347936062484,8,960,0.035000,hard,direct-terminal,0.487500,32,true
baseline-dense-d1-8-s4,4,dense,8371261729603450923,8,960,0.035000,soft,direct-terminal,0.442500,32,true
baseline-dense-d1-8-s4,4,dense,8371261729603450923,8,960,0.035000,2.0000,direct-terminal,0.197500,32,true
baseline-dense-d1-8-s4,4,dense,8371261729603450923,8,960,0.035000,1.0000,direct-terminal,0.197500,32,true
baseline-dense-d1-8-s4,4,dense,8371261729603450923,8,960,0.035000,hard,direct-terminal,0.465000,32,true
baseline-dense-d1-8-s4,4,dense,10584633876018000958,8,960,0.035000,soft,direct-terminal,0.465000,32,true
baseline-dense-d1-8-s4,4,dense,10584633876018000958,8,960,0.035000,2.0000,direct-terminal,0.270000,32,true
baseline-dense-d1-8-s4,4,dense,10584633876018000958,8,960,0.035000,1.0000,direct-terminal,0.270000,32,true
baseline-dense-d1-8-s4,4,dense,10584633876018000958,8,960,0.035000,hard,direct-terminal,0.485000,32,true
baseline-dense-d1-8-s4,4,dense,3503703373795356757,8,960,0.035000,soft,direct-terminal,0.487500,32,true
baseline-dense-d1-8-s4,4,dense,3503703373795356757,8,960,0.035000,2.0000,direct-terminal,0.245000,32,true
baseline-dense-d1-8-s4,4,dense,3503703373795356757,8,960,0.035000,1.0000,direct-terminal,0.245000,32,true
baseline-dense-d1-8-s4,4,dense,3503703373795356757,8,960,0.035000,hard,direct-terminal,0.532500,32,true
baseline-dense-d1-8-s4,4,dense,6869996990457277544,8,960,0.035000,soft,direct-terminal,0.515000,32,true
baseline-dense-d1-8-s4,4,dense,6869996990457277544,8,960,0.035000,2.0000,direct-terminal,0.257500,32,true
baseline-dense-d1-8-s4,4,dense,6869996990457277544,8,960,0.035000,1.0000,direct-terminal,0.257500,32,true
baseline-dense-d1-8-s4,4,dense,6869996990457277544,8,960,0.035000,hard,direct-terminal,0.507500,32,true
baseline-dense-d1-8-s4,4,dense,18234682480328173695,8,960,0.035000,soft,direct-terminal,0.465000,32,true
baseline-dense-d1-8-s4,4,dense,18234682480328173695,8,960,0.035000,2.0000,direct-terminal,0.260000,32,true
baseline-dense-d1-8-s4,4,dense,18234682480328173695,8,960,0.035000,1.0000,direct-terminal,0.260000,32,true
baseline-dense-d1-8-s4,4,dense,18234682480328173695,8,960,0.035000,hard,direct-terminal,0.460000,32,true
baseline-dense-d1-8-s4,4,dense,2001310518681822354,8,960,0.035000,soft,direct-terminal,0.517500,32,true
baseline-dense-d1-8-s4,4,dense,2001310518681822354,8,960,0.035000,2.0000,direct-terminal,0.272500,32,true
baseline-dense-d1-8-s4,4,dense,2001310518681822354,8,960,0.035000,1.0000,direct-terminal,0.272500,32,true
baseline-dense-d1-8-s4,4,dense,2001310518681822354,8,960,0.035000,hard,direct-terminal,0.495000,32,true
baseline-dense-d1-8-s4,4,dense,13400896689310720169,8,960,0.035000,soft,direct-terminal,0.490000,32,true
baseline-dense-d1-8-s4,4,dense,13400896689310720169,8,960,0.035000,2.0000,direct-terminal,0.235000,32,true
baseline-dense-d1-8-s4,4,dense,13400896689310720169,8,960,0.035000,1.0000,direct-terminal,0.235000,32,true
baseline-dense-d1-8-s4,4,dense,13400896689310720169,8,960,0.035000,hard,direct-terminal,0.495000,32,true
baseline-dense-d1-8-s4,4,dense,15453320347936062484,8,960,0.070000,soft,direct-terminal,0.287500,32,true
baseline-dense-d1-8-s4,4,dense,15453320347936062484,8,960,0.070000,2.0000,direct-terminal,0.287500,32,true
baseline-dense-d1-8-s4,4,dense,15453320347936062484,8,960,0.070000,1.0000,direct-terminal,0.287500,32,true
baseline-dense-d1-8-s4,4,dense,15453320347936062484,8,960,0.070000,hard,direct-terminal,0.287500,32,true
baseline-dense-d1-8-s4,4,dense,8371261729603450923,8,960,0.070000,soft,direct-terminal,0.282500,32,true
baseline-dense-d1-8-s4,4,dense,8371261729603450923,8,960,0.070000,2.0000,direct-terminal,0.257500,32,true
baseline-dense-d1-8-s4,4,dense,8371261729603450923,8,960,0.070000,1.0000,direct-terminal,0.257500,32,true
baseline-dense-d1-8-s4,4,dense,8371261729603450923,8,960,0.070000,hard,direct-terminal,0.235000,32,true
baseline-dense-d1-8-s4,4,dense,10584633876018000958,8,960,0.070000,soft,direct-terminal,0.230000,32,true
baseline-dense-d1-8-s4,4,dense,10584633876018000958,8,960,0.070000,2.0000,direct-terminal,0.222500,32,true
baseline-dense-d1-8-s4,4,dense,10584633876018000958,8,960,0.070000,1.0000,direct-terminal,0.222500,32,true
baseline-dense-d1-8-s4,4,dense,10584633876018000958,8,960,0.070000,hard,direct-terminal,0.245000,32,true
baseline-dense-d1-8-s4,4,dense,3503703373795356757,8,960,0.070000,soft,direct-terminal,0.272500,32,true
baseline-dense-d1-8-s4,4,dense,3503703373795356757,8,960,0.070000,2.0000,direct-terminal,0.272500,32,true
baseline-dense-d1-8-s4,4,dense,3503703373795356757,8,960,0.070000,1.0000,direct-terminal,0.272500,32,true
baseline-dense-d1-8-s4,4,dense,3503703373795356757,8,960,0.070000,hard,direct-terminal,0.272500,32,true
baseline-dense-d1-8-s4,4,dense,6869996990457277544,8,960,0.070000,soft,direct-terminal,0.360000,32,true
baseline-dense-d1-8-s4,4,dense,6869996990457277544,8,960,0.070000,2.0000,direct-terminal,0.272500,32,true
baseline-dense-d1-8-s4,4,dense,6869996990457277544,8,960,0.070000,1.0000,direct-terminal,0.272500,32,true
baseline-dense-d1-8-s4,4,dense,6869996990457277544,8,960,0.070000,hard,direct-terminal,0.277500,32,true
baseline-dense-d1-8-s4,4,dense,18234682480328173695,8,960,0.070000,soft,direct-terminal,0.245000,32,true
baseline-dense-d1-8-s4,4,dense,18234682480328173695,8,960,0.070000,2.0000,direct-terminal,0.235000,32,true
baseline-dense-d1-8-s4,4,dense,18234682480328173695,8,960,0.070000,1.0000,direct-terminal,0.235000,32,true
baseline-dense-d1-8-s4,4,dense,18234682480328173695,8,960,0.070000,hard,direct-terminal,0.207500,32,true
baseline-dense-d1-8-s4,4,dense,2001310518681822354,8,960,0.070000,soft,direct-terminal,0.267500,32,true
baseline-dense-d1-8-s4,4,dense,2001310518681822354,8,960,0.070000,2.0000,direct-terminal,0.237500,32,true
baseline-dense-d1-8-s4,4,dense,2001310518681822354,8,960,0.070000,1.0000,direct-terminal,0.237500,32,true
baseline-dense-d1-8-s4,4,dense,2001310518681822354,8,960,0.070000,hard,direct-terminal,0.270000,32,true
baseline-dense-d1-8-s4,4,dense,13400896689310720169,8,960,0.070000,soft,direct-terminal,0.255000,32,true
baseline-dense-d1-8-s4,4,dense,13400896689310720169,8,960,0.070000,2.0000,direct-terminal,0.255000,32,true
baseline-dense-d1-8-s4,4,dense,13400896689310720169,8,960,0.070000,1.0000,direct-terminal,0.255000,32,true
baseline-dense-d1-8-s4,4,dense,13400896689310720169,8,960,0.070000,hard,direct-terminal,0.255000,32,true
baseline-dense-d1-8-s4,4,dense,15453320347936062484,1,960,0.035000,soft,privileged-intermediate-target,1.000000,32,true
baseline-dense-d1-8-s4,4,dense,15453320347936062484,1,960,0.035000,2.0000,privileged-intermediate-target,1.000000,32,true
baseline-dense-d1-8-s4,4,dense,15453320347936062484,1,960,0.035000,1.0000,privileged-intermediate-target,1.000000,32,true
baseline-dense-d1-8-s4,4,dense,15453320347936062484,1,960,0.035000,hard,privileged-intermediate-target,1.000000,32,true
baseline-dense-d1-8-s4,4,dense,15453320347936062484,1,960,0.035000,soft,shuffled-label,0.000000,32,true
baseline-dense-d1-8-s4,4,dense,15453320347936062484,1,960,0.035000,2.0000,shuffled-label,0.000000,32,true
baseline-dense-d1-8-s4,4,dense,15453320347936062484,1,960,0.035000,1.0000,shuffled-label,0.000000,32,true
baseline-dense-d1-8-s4,4,dense,15453320347936062484,1,960,0.035000,hard,shuffled-label,0.000000,32,true
baseline-dense-d1-8-s4,4,dense,8371261729603450923,1,960,0.035000,soft,privileged-intermediate-target,1.000000,32,true
baseline-dense-d1-8-s4,4,dense,8371261729603450923,1,960,0.035000,2.0000,privileged-intermediate-target,1.000000,32,true
baseline-dense-d1-8-s4,4,dense,8371261729603450923,1,960,0.035000,1.0000,privileged-intermediate-target,1.000000,32,true
baseline-dense-d1-8-s4,4,dense,8371261729603450923,1,960,0.035000,hard,privileged-intermediate-target,1.000000,32,true
baseline-dense-d1-8-s4,4,dense,8371261729603450923,1,960,0.035000,soft,shuffled-label,0.000000,32,true
baseline-dense-d1-8-s4,4,dense,8371261729603450923,1,960,0.035000,2.0000,shuffled-label,0.000000,32,true
baseline-dense-d1-8-s4,4,dense,8371261729603450923,1,960,0.035000,1.0000,shuffled-label,0.000000,32,true
baseline-dense-d1-8-s4,4,dense,8371261729603450923,1,960,0.035000,hard,shuffled-label,0.000000,32,true
baseline-dense-d1-8-s4,4,dense,10584633876018000958,1,960,0.035000,soft,privileged-intermediate-target,1.000000,32,true
baseline-dense-d1-8-s4,4,dense,10584633876018000958,1,960,0.035000,2.0000,privileged-intermediate-target,1.000000,32,true
baseline-dense-d1-8-s4,4,dense,10584633876018000958,1,960,0.035000,1.0000,privileged-intermediate-target,1.000000,32,true
baseline-dense-d1-8-s4,4,dense,10584633876018000958,1,960,0.035000,hard,privileged-intermediate-target,1.000000,32,true
baseline-dense-d1-8-s4,4,dense,10584633876018000958,1,960,0.035000,soft,shuffled-label,0.000000,32,true
baseline-dense-d1-8-s4,4,dense,10584633876018000958,1,960,0.035000,2.0000,shuffled-label,0.000000,32,true
baseline-dense-d1-8-s4,4,dense,10584633876018000958,1,960,0.035000,1.0000,shuffled-label,0.000000,32,true
baseline-dense-d1-8-s4,4,dense,10584633876018000958,1,960,0.035000,hard,shuffled-label,0.000000,32,true
baseline-dense-d1-8-s4,4,dense,3503703373795356757,1,960,0.035000,soft,privileged-intermediate-target,1.000000,32,true
baseline-dense-d1-8-s4,4,dense,3503703373795356757,1,960,0.035000,2.0000,privileged-intermediate-target,1.000000,32,true
baseline-dense-d1-8-s4,4,dense,3503703373795356757,1,960,0.035000,1.0000,privileged-intermediate-target,1.000000,32,true
baseline-dense-d1-8-s4,4,dense,3503703373795356757,1,960,0.035000,hard,privileged-intermediate-target,1.000000,32,true
baseline-dense-d1-8-s4,4,dense,3503703373795356757,1,960,0.035000,soft,shuffled-label,0.000000,32,true
baseline-dense-d1-8-s4,4,dense,3503703373795356757,1,960,0.035000,2.0000,shuffled-label,0.000000,32,true
baseline-dense-d1-8-s4,4,dense,3503703373795356757,1,960,0.035000,1.0000,shuffled-label,0.000000,32,true
baseline-dense-d1-8-s4,4,dense,3503703373795356757,1,960,0.035000,hard,shuffled-label,0.000000,32,true
baseline-dense-d1-8-s4,4,dense,6869996990457277544,1,960,0.035000,soft,privileged-intermediate-target,1.000000,32,true
baseline-dense-d1-8-s4,4,dense,6869996990457277544,1,960,0.035000,2.0000,privileged-intermediate-target,1.000000,32,true
baseline-dense-d1-8-s4,4,dense,6869996990457277544,1,960,0.035000,1.0000,privileged-intermediate-target,1.000000,32,true
baseline-dense-d1-8-s4,4,dense,6869996990457277544,1,960,0.035000,hard,privileged-intermediate-target,1.000000,32,true
baseline-dense-d1-8-s4,4,dense,6869996990457277544,1,960,0.035000,soft,shuffled-label,0.000000,32,true
baseline-dense-d1-8-s4,4,dense,6869996990457277544,1,960,0.035000,2.0000,shuffled-label,0.000000,32,true
baseline-dense-d1-8-s4,4,dense,6869996990457277544,1,960,0.035000,1.0000,shuffled-label,0.000000,32,true
baseline-dense-d1-8-s4,4,dense,6869996990457277544,1,960,0.035000,hard,shuffled-label,0.000000,32,true
baseline-dense-d1-8-s4,4,dense,18234682480328173695,1,960,0.035000,soft,privileged-intermediate-target,1.000000,32,true
baseline-dense-d1-8-s4,4,dense,18234682480328173695,1,960,0.035000,2.0000,privileged-intermediate-target,1.000000,32,true
baseline-dense-d1-8-s4,4,dense,18234682480328173695,1,960,0.035000,1.0000,privileged-intermediate-target,1.000000,32,true
baseline-dense-d1-8-s4,4,dense,18234682480328173695,1,960,0.035000,hard,privileged-intermediate-target,1.000000,32,true
baseline-dense-d1-8-s4,4,dense,18234682480328173695,1,960,0.035000,soft,shuffled-label,0.000000,32,true
baseline-dense-d1-8-s4,4,dense,18234682480328173695,1,960,0.035000,2.0000,shuffled-label,0.000000,32,true
baseline-dense-d1-8-s4,4,dense,18234682480328173695,1,960,0.035000,1.0000,shuffled-label,0.000000,32,true
baseline-dense-d1-8-s4,4,dense,18234682480328173695,1,960,0.035000,hard,shuffled-label,0.000000,32,true
baseline-dense-d1-8-s4,4,dense,2001310518681822354,1,960,0.035000,soft,privileged-intermediate-target,1.000000,32,true
baseline-dense-d1-8-s4,4,dense,2001310518681822354,1,960,0.035000,2.0000,privileged-intermediate-target,1.000000,32,true
baseline-dense-d1-8-s4,4,dense,2001310518681822354,1,960,0.035000,1.0000,privileged-intermediate-target,1.000000,32,true
baseline-dense-d1-8-s4,4,dense,2001310518681822354,1,960,0.035000,hard,privileged-intermediate-target,1.000000,32,true
baseline-dense-d1-8-s4,4,dense,2001310518681822354,1,960,0.035000,soft,shuffled-label,0.000000,32,true
baseline-dense-d1-8-s4,4,dense,2001310518681822354,1,960,0.035000,2.0000,shuffled-label,0.000000,32,true
baseline-dense-d1-8-s4,4,dense,2001310518681822354,1,960,0.035000,1.0000,shuffled-label,0.000000,32,true
baseline-dense-d1-8-s4,4,dense,2001310518681822354,1,960,0.035000,hard,shuffled-label,0.000000,32,true
baseline-dense-d1-8-s4,4,dense,13400896689310720169,1,960,0.035000,soft,privileged-intermediate-target,1.000000,32,true
baseline-dense-d1-8-s4,4,dense,13400896689310720169,1,960,0.035000,2.0000,privileged-intermediate-target,1.000000,32,true
baseline-dense-d1-8-s4,4,dense,13400896689310720169,1,960,0.035000,1.0000,privileged-intermediate-target,1.000000,32,true
baseline-dense-d1-8-s4,4,dense,13400896689310720169,1,960,0.035000,hard,privileged-intermediate-target,1.000000,32,true
baseline-dense-d1-8-s4,4,dense,13400896689310720169,1,960,0.035000,soft,shuffled-label,0.000000,32,true
baseline-dense-d1-8-s4,4,dense,13400896689310720169,1,960,0.035000,2.0000,shuffled-label,0.000000,32,true
baseline-dense-d1-8-s4,4,dense,13400896689310720169,1,960,0.035000,1.0000,shuffled-label,0.000000,32,true
baseline-dense-d1-8-s4,4,dense,13400896689310720169,1,960,0.035000,hard,shuffled-label,0.000000,32,true
baseline-dense-d1-8-s4,4,dense,15453320347936062484,1,960,0.070000,soft,privileged-intermediate-target,1.000000,32,true
baseline-dense-d1-8-s4,4,dense,15453320347936062484,1,960,0.070000,2.0000,privileged-intermediate-target,1.000000,32,true
baseline-dense-d1-8-s4,4,dense,15453320347936062484,1,960,0.070000,1.0000,privileged-intermediate-target,1.000000,32,true
baseline-dense-d1-8-s4,4,dense,15453320347936062484,1,960,0.070000,hard,privileged-intermediate-target,1.000000,32,true
baseline-dense-d1-8-s4,4,dense,15453320347936062484,1,960,0.070000,soft,shuffled-label,0.000000,32,true
baseline-dense-d1-8-s4,4,dense,15453320347936062484,1,960,0.070000,2.0000,shuffled-label,0.000000,32,true
baseline-dense-d1-8-s4,4,dense,15453320347936062484,1,960,0.070000,1.0000,shuffled-label,0.000000,32,true
baseline-dense-d1-8-s4,4,dense,15453320347936062484,1,960,0.070000,hard,shuffled-label,0.000000,32,true
baseline-dense-d1-8-s4,4,dense,8371261729603450923,1,960,0.070000,soft,privileged-intermediate-target,1.000000,32,true
baseline-dense-d1-8-s4,4,dense,8371261729603450923,1,960,0.070000,2.0000,privileged-intermediate-target,1.000000,32,true
baseline-dense-d1-8-s4,4,dense,8371261729603450923,1,960,0.070000,1.0000,privileged-intermediate-target,1.000000,32,true
baseline-dense-d1-8-s4,4,dense,8371261729603450923,1,960,0.070000,hard,privileged-intermediate-target,1.000000,32,true
baseline-dense-d1-8-s4,4,dense,8371261729603450923,1,960,0.070000,soft,shuffled-label,0.000000,32,true
baseline-dense-d1-8-s4,4,dense,8371261729603450923,1,960,0.070000,2.0000,shuffled-label,0.000000,32,true
baseline-dense-d1-8-s4,4,dense,8371261729603450923,1,960,0.070000,1.0000,shuffled-label,0.000000,32,true
baseline-dense-d1-8-s4,4,dense,8371261729603450923,1,960,0.070000,hard,shuffled-label,0.000000,32,true
baseline-dense-d1-8-s4,4,dense,10584633876018000958,1,960,0.070000,soft,privileged-intermediate-target,1.000000,32,true
baseline-dense-d1-8-s4,4,dense,10584633876018000958,1,960,0.070000,2.0000,privileged-intermediate-target,1.000000,32,true
baseline-dense-d1-8-s4,4,dense,10584633876018000958,1,960,0.070000,1.0000,privileged-intermediate-target,1.000000,32,true
baseline-dense-d1-8-s4,4,dense,10584633876018000958,1,960,0.070000,hard,privileged-intermediate-target,1.000000,32,true
baseline-dense-d1-8-s4,4,dense,10584633876018000958,1,960,0.070000,soft,shuffled-label,0.000000,32,true
baseline-dense-d1-8-s4,4,dense,10584633876018000958,1,960,0.070000,2.0000,shuffled-label,0.000000,32,true
baseline-dense-d1-8-s4,4,dense,10584633876018000958,1,960,0.070000,1.0000,shuffled-label,0.000000,32,true
baseline-dense-d1-8-s4,4,dense,10584633876018000958,1,960,0.070000,hard,shuffled-label,0.000000,32,true
baseline-dense-d1-8-s4,4,dense,3503703373795356757,1,960,0.070000,soft,privileged-intermediate-target,1.000000,32,true
baseline-dense-d1-8-s4,4,dense,3503703373795356757,1,960,0.070000,2.0000,privileged-intermediate-target,1.000000,32,true
baseline-dense-d1-8-s4,4,dense,3503703373795356757,1,960,0.070000,1.0000,privileged-intermediate-target,1.000000,32,true
baseline-dense-d1-8-s4,4,dense,3503703373795356757,1,960,0.070000,hard,privileged-intermediate-target,1.000000,32,true
baseline-dense-d1-8-s4,4,dense,3503703373795356757,1,960,0.070000,soft,shuffled-label,0.000000,32,true
baseline-dense-d1-8-s4,4,dense,3503703373795356757,1,960,0.070000,2.0000,shuffled-label,0.000000,32,true
baseline-dense-d1-8-s4,4,dense,3503703373795356757,1,960,0.070000,1.0000,shuffled-label,0.000000,32,true
baseline-dense-d1-8-s4,4,dense,3503703373795356757,1,960,0.070000,hard,shuffled-label,0.000000,32,true
baseline-dense-d1-8-s4,4,dense,6869996990457277544,1,960,0.070000,soft,privileged-intermediate-target,1.000000,32,true
baseline-dense-d1-8-s4,4,dense,6869996990457277544,1,960,0.070000,2.0000,privileged-intermediate-target,1.000000,32,true
baseline-dense-d1-8-s4,4,dense,6869996990457277544,1,960,0.070000,1.0000,privileged-intermediate-target,1.000000,32,true
baseline-dense-d1-8-s4,4,dense,6869996990457277544,1,960,0.070000,hard,privileged-intermediate-target,1.000000,32,true
baseline-dense-d1-8-s4,4,dense,6869996990457277544,1,960,0.070000,soft,shuffled-label,0.000000,32,true
baseline-dense-d1-8-s4,4,dense,6869996990457277544,1,960,0.070000,2.0000,shuffled-label,0.000000,32,true
baseline-dense-d1-8-s4,4,dense,6869996990457277544,1,960,0.070000,1.0000,shuffled-label,0.000000,32,true
baseline-dense-d1-8-s4,4,dense,6869996990457277544,1,960,0.070000,hard,shuffled-label,0.000000,32,true
baseline-dense-d1-8-s4,4,dense,18234682480328173695,1,960,0.070000,soft,privileged-intermediate-target,1.000000,32,true
baseline-dense-d1-8-s4,4,dense,18234682480328173695,1,960,0.070000,2.0000,privileged-intermediate-target,1.000000,32,true
baseline-dense-d1-8-s4,4,dense,18234682480328173695,1,960,0.070000,1.0000,privileged-intermediate-target,1.000000,32,true
baseline-dense-d1-8-s4,4,dense,18234682480328173695,1,960,0.070000,hard,privileged-intermediate-target,1.000000,32,true
baseline-dense-d1-8-s4,4,dense,18234682480328173695,1,960,0.070000,soft,shuffled-label,0.000000,32,true
baseline-dense-d1-8-s4,4,dense,18234682480328173695,1,960,0.070000,2.0000,shuffled-label,0.000000,32,true
baseline-dense-d1-8-s4,4,dense,18234682480328173695,1,960,0.070000,1.0000,shuffled-label,0.000000,32,true
baseline-dense-d1-8-s4,4,dense,18234682480328173695,1,960,0.070000,hard,shuffled-label,0.000000,32,true
baseline-dense-d1-8-s4,4,dense,2001310518681822354,1,960,0.070000,soft,privileged-intermediate-target,1.000000,32,true
baseline-dense-d1-8-s4,4,dense,2001310518681822354,1,960,0.070000,2.0000,privileged-intermediate-target,1.000000,32,true
baseline-dense-d1-8-s4,4,dense,2001310518681822354,1,960,0.070000,1.0000,privileged-intermediate-target,1.000000,32,true
baseline-dense-d1-8-s4,4,dense,2001310518681822354,1,960,0.070000,hard,privileged-intermediate-target,1.000000,32,true
baseline-dense-d1-8-s4,4,dense,2001310518681822354,1,960,0.070000,soft,shuffled-label,0.000000,32,true
baseline-dense-d1-8-s4,4,dense,2001310518681822354,1,960,0.070000,2.0000,shuffled-label,0.000000,32,true
baseline-dense-d1-8-s4,4,dense,2001310518681822354,1,960,0.070000,1.0000,shuffled-label,0.000000,32,true
baseline-dense-d1-8-s4,4,dense,2001310518681822354,1,960,0.070000,hard,shuffled-label,0.000000,32,true
baseline-dense-d1-8-s4,4,dense,13400896689310720169,1,960,0.070000,soft,privileged-intermediate-target,1.000000,32,true
baseline-dense-d1-8-s4,4,dense,13400896689310720169,1,960,0.070000,2.0000,privileged-intermediate-target,1.000000,32,true
baseline-dense-d1-8-s4,4,dense,13400896689310720169,1,960,0.070000,1.0000,privileged-intermediate-target,1.000000,32,true
baseline-dense-d1-8-s4,4,dense,13400896689310720169,1,960,0.070000,hard,privileged-intermediate-target,1.000000,32,true
baseline-dense-d1-8-s4,4,dense,13400896689310720169,1,960,0.070000,soft,shuffled-label,0.000000,32,true
baseline-dense-d1-8-s4,4,dense,13400896689310720169,1,960,0.070000,2.0000,shuffled-label,0.000000,32,true
baseline-dense-d1-8-s4,4,dense,13400896689310720169,1,960,0.070000,1.0000,shuffled-label,0.000000,32,true
baseline-dense-d1-8-s4,4,dense,13400896689310720169,1,960,0.070000,hard,shuffled-label,0.000000,32,true
baseline-dense-d1-8-s4,4,dense,15453320347936062484,2,960,0.035000,soft,privileged-intermediate-target,1.000000,32,true
baseline-dense-d1-8-s4,4,dense,15453320347936062484,2,960,0.035000,2.0000,privileged-intermediate-target,1.000000,32,true
baseline-dense-d1-8-s4,4,dense,15453320347936062484,2,960,0.035000,1.0000,privileged-intermediate-target,1.000000,32,true
baseline-dense-d1-8-s4,4,dense,15453320347936062484,2,960,0.035000,hard,privileged-intermediate-target,1.000000,32,true
baseline-dense-d1-8-s4,4,dense,15453320347936062484,2,960,0.035000,soft,shuffled-label,0.060000,32,true
baseline-dense-d1-8-s4,4,dense,15453320347936062484,2,960,0.035000,2.0000,shuffled-label,0.122500,32,true
baseline-dense-d1-8-s4,4,dense,15453320347936062484,2,960,0.035000,1.0000,shuffled-label,0.122500,32,true
baseline-dense-d1-8-s4,4,dense,15453320347936062484,2,960,0.035000,hard,shuffled-label,0.122500,32,true
baseline-dense-d1-8-s4,4,dense,8371261729603450923,2,960,0.035000,soft,privileged-intermediate-target,1.000000,32,true
baseline-dense-d1-8-s4,4,dense,8371261729603450923,2,960,0.035000,2.0000,privileged-intermediate-target,1.000000,32,true
baseline-dense-d1-8-s4,4,dense,8371261729603450923,2,960,0.035000,1.0000,privileged-intermediate-target,1.000000,32,true
baseline-dense-d1-8-s4,4,dense,8371261729603450923,2,960,0.035000,hard,privileged-intermediate-target,1.000000,32,true
baseline-dense-d1-8-s4,4,dense,8371261729603450923,2,960,0.035000,soft,shuffled-label,0.082500,32,true
baseline-dense-d1-8-s4,4,dense,8371261729603450923,2,960,0.035000,2.0000,shuffled-label,0.192500,32,true
baseline-dense-d1-8-s4,4,dense,8371261729603450923,2,960,0.035000,1.0000,shuffled-label,0.192500,32,true
baseline-dense-d1-8-s4,4,dense,8371261729603450923,2,960,0.035000,hard,shuffled-label,0.110000,32,true
baseline-dense-d1-8-s4,4,dense,10584633876018000958,2,960,0.035000,soft,privileged-intermediate-target,1.000000,32,true
baseline-dense-d1-8-s4,4,dense,10584633876018000958,2,960,0.035000,2.0000,privileged-intermediate-target,1.000000,32,true
baseline-dense-d1-8-s4,4,dense,10584633876018000958,2,960,0.035000,1.0000,privileged-intermediate-target,1.000000,32,true
baseline-dense-d1-8-s4,4,dense,10584633876018000958,2,960,0.035000,hard,privileged-intermediate-target,1.000000,32,true
baseline-dense-d1-8-s4,4,dense,10584633876018000958,2,960,0.035000,soft,shuffled-label,0.052500,32,true
baseline-dense-d1-8-s4,4,dense,10584633876018000958,2,960,0.035000,2.0000,shuffled-label,0.292500,32,true
baseline-dense-d1-8-s4,4,dense,10584633876018000958,2,960,0.035000,1.0000,shuffled-label,0.292500,32,true
baseline-dense-d1-8-s4,4,dense,10584633876018000958,2,960,0.035000,hard,shuffled-label,0.152500,32,true
baseline-dense-d1-8-s4,4,dense,3503703373795356757,2,960,0.035000,soft,privileged-intermediate-target,1.000000,32,true
baseline-dense-d1-8-s4,4,dense,3503703373795356757,2,960,0.035000,2.0000,privileged-intermediate-target,1.000000,32,true
baseline-dense-d1-8-s4,4,dense,3503703373795356757,2,960,0.035000,1.0000,privileged-intermediate-target,1.000000,32,true
baseline-dense-d1-8-s4,4,dense,3503703373795356757,2,960,0.035000,hard,privileged-intermediate-target,1.000000,32,true
baseline-dense-d1-8-s4,4,dense,3503703373795356757,2,960,0.035000,soft,shuffled-label,0.000000,32,true
baseline-dense-d1-8-s4,4,dense,3503703373795356757,2,960,0.035000,2.0000,shuffled-label,0.270000,32,true
baseline-dense-d1-8-s4,4,dense,3503703373795356757,2,960,0.035000,1.0000,shuffled-label,0.212500,32,true
baseline-dense-d1-8-s4,4,dense,3503703373795356757,2,960,0.035000,hard,shuffled-label,0.252500,32,true
baseline-dense-d1-8-s4,4,dense,6869996990457277544,2,960,0.035000,soft,privileged-intermediate-target,1.000000,32,true
baseline-dense-d1-8-s4,4,dense,6869996990457277544,2,960,0.035000,2.0000,privileged-intermediate-target,1.000000,32,true
baseline-dense-d1-8-s4,4,dense,6869996990457277544,2,960,0.035000,1.0000,privileged-intermediate-target,1.000000,32,true
baseline-dense-d1-8-s4,4,dense,6869996990457277544,2,960,0.035000,hard,privileged-intermediate-target,1.000000,32,true
baseline-dense-d1-8-s4,4,dense,6869996990457277544,2,960,0.035000,soft,shuffled-label,0.055000,32,true
baseline-dense-d1-8-s4,4,dense,6869996990457277544,2,960,0.035000,2.0000,shuffled-label,0.055000,32,true
baseline-dense-d1-8-s4,4,dense,6869996990457277544,2,960,0.035000,1.0000,shuffled-label,0.110000,32,true
baseline-dense-d1-8-s4,4,dense,6869996990457277544,2,960,0.035000,hard,shuffled-label,0.127500,32,true
baseline-dense-d1-8-s4,4,dense,18234682480328173695,2,960,0.035000,soft,privileged-intermediate-target,1.000000,32,true
baseline-dense-d1-8-s4,4,dense,18234682480328173695,2,960,0.035000,2.0000,privileged-intermediate-target,1.000000,32,true
baseline-dense-d1-8-s4,4,dense,18234682480328173695,2,960,0.035000,1.0000,privileged-intermediate-target,1.000000,32,true
baseline-dense-d1-8-s4,4,dense,18234682480328173695,2,960,0.035000,hard,privileged-intermediate-target,1.000000,32,true
baseline-dense-d1-8-s4,4,dense,18234682480328173695,2,960,0.035000,soft,shuffled-label,0.000000,32,true
baseline-dense-d1-8-s4,4,dense,18234682480328173695,2,960,0.035000,2.0000,shuffled-label,0.315000,32,true
baseline-dense-d1-8-s4,4,dense,18234682480328173695,2,960,0.035000,1.0000,shuffled-label,0.315000,32,true
baseline-dense-d1-8-s4,4,dense,18234682480328173695,2,960,0.035000,hard,shuffled-label,0.162500,32,true
baseline-dense-d1-8-s4,4,dense,2001310518681822354,2,960,0.035000,soft,privileged-intermediate-target,1.000000,32,true
baseline-dense-d1-8-s4,4,dense,2001310518681822354,2,960,0.035000,2.0000,privileged-intermediate-target,1.000000,32,true
baseline-dense-d1-8-s4,4,dense,2001310518681822354,2,960,0.035000,1.0000,privileged-intermediate-target,1.000000,32,true
baseline-dense-d1-8-s4,4,dense,2001310518681822354,2,960,0.035000,hard,privileged-intermediate-target,1.000000,32,true
baseline-dense-d1-8-s4,4,dense,2001310518681822354,2,960,0.035000,soft,shuffled-label,0.077500,32,true
baseline-dense-d1-8-s4,4,dense,2001310518681822354,2,960,0.035000,2.0000,shuffled-label,0.212500,32,true
baseline-dense-d1-8-s4,4,dense,2001310518681822354,2,960,0.035000,1.0000,shuffled-label,0.212500,32,true
baseline-dense-d1-8-s4,4,dense,2001310518681822354,2,960,0.035000,hard,shuffled-label,0.112500,32,true
baseline-dense-d1-8-s4,4,dense,13400896689310720169,2,960,0.035000,soft,privileged-intermediate-target,1.000000,32,true
baseline-dense-d1-8-s4,4,dense,13400896689310720169,2,960,0.035000,2.0000,privileged-intermediate-target,1.000000,32,true
baseline-dense-d1-8-s4,4,dense,13400896689310720169,2,960,0.035000,1.0000,privileged-intermediate-target,1.000000,32,true
baseline-dense-d1-8-s4,4,dense,13400896689310720169,2,960,0.035000,hard,privileged-intermediate-target,1.000000,32,true
baseline-dense-d1-8-s4,4,dense,13400896689310720169,2,960,0.035000,soft,shuffled-label,0.000000,32,true
baseline-dense-d1-8-s4,4,dense,13400896689310720169,2,960,0.035000,2.0000,shuffled-label,0.287500,32,true
baseline-dense-d1-8-s4,4,dense,13400896689310720169,2,960,0.035000,1.0000,shuffled-label,0.077500,32,true
baseline-dense-d1-8-s4,4,dense,13400896689310720169,2,960,0.035000,hard,shuffled-label,0.312500,32,true
baseline-dense-d1-8-s4,4,dense,15453320347936062484,2,960,0.070000,soft,privileged-intermediate-target,1.000000,32,true
baseline-dense-d1-8-s4,4,dense,15453320347936062484,2,960,0.070000,2.0000,privileged-intermediate-target,1.000000,32,true
baseline-dense-d1-8-s4,4,dense,15453320347936062484,2,960,0.070000,1.0000,privileged-intermediate-target,1.000000,32,true
baseline-dense-d1-8-s4,4,dense,15453320347936062484,2,960,0.070000,hard,privileged-intermediate-target,1.000000,32,true
baseline-dense-d1-8-s4,4,dense,15453320347936062484,2,960,0.070000,soft,shuffled-label,0.000000,32,true
baseline-dense-d1-8-s4,4,dense,15453320347936062484,2,960,0.070000,2.0000,shuffled-label,0.182500,32,true
baseline-dense-d1-8-s4,4,dense,15453320347936062484,2,960,0.070000,1.0000,shuffled-label,0.312500,32,true
baseline-dense-d1-8-s4,4,dense,15453320347936062484,2,960,0.070000,hard,shuffled-label,0.252500,32,true
baseline-dense-d1-8-s4,4,dense,8371261729603450923,2,960,0.070000,soft,privileged-intermediate-target,1.000000,32,true
baseline-dense-d1-8-s4,4,dense,8371261729603450923,2,960,0.070000,2.0000,privileged-intermediate-target,1.000000,32,true
baseline-dense-d1-8-s4,4,dense,8371261729603450923,2,960,0.070000,1.0000,privileged-intermediate-target,1.000000,32,true
baseline-dense-d1-8-s4,4,dense,8371261729603450923,2,960,0.070000,hard,privileged-intermediate-target,1.000000,32,true
baseline-dense-d1-8-s4,4,dense,8371261729603450923,2,960,0.070000,soft,shuffled-label,0.000000,32,true
baseline-dense-d1-8-s4,4,dense,8371261729603450923,2,960,0.070000,2.0000,shuffled-label,0.245000,32,true
baseline-dense-d1-8-s4,4,dense,8371261729603450923,2,960,0.070000,1.0000,shuffled-label,0.257500,32,true
baseline-dense-d1-8-s4,4,dense,8371261729603450923,2,960,0.070000,hard,shuffled-label,0.252500,32,true
baseline-dense-d1-8-s4,4,dense,10584633876018000958,2,960,0.070000,soft,privileged-intermediate-target,1.000000,32,true
baseline-dense-d1-8-s4,4,dense,10584633876018000958,2,960,0.070000,2.0000,privileged-intermediate-target,1.000000,32,true
baseline-dense-d1-8-s4,4,dense,10584633876018000958,2,960,0.070000,1.0000,privileged-intermediate-target,1.000000,32,true
baseline-dense-d1-8-s4,4,dense,10584633876018000958,2,960,0.070000,hard,privileged-intermediate-target,1.000000,32,true
baseline-dense-d1-8-s4,4,dense,10584633876018000958,2,960,0.070000,soft,shuffled-label,0.052500,32,true
baseline-dense-d1-8-s4,4,dense,10584633876018000958,2,960,0.070000,2.0000,shuffled-label,0.292500,32,true
baseline-dense-d1-8-s4,4,dense,10584633876018000958,2,960,0.070000,1.0000,shuffled-label,0.197500,32,true
baseline-dense-d1-8-s4,4,dense,10584633876018000958,2,960,0.070000,hard,shuffled-label,0.032500,32,true
baseline-dense-d1-8-s4,4,dense,3503703373795356757,2,960,0.070000,soft,privileged-intermediate-target,1.000000,32,true
baseline-dense-d1-8-s4,4,dense,3503703373795356757,2,960,0.070000,2.0000,privileged-intermediate-target,1.000000,32,true
baseline-dense-d1-8-s4,4,dense,3503703373795356757,2,960,0.070000,1.0000,privileged-intermediate-target,1.000000,32,true
baseline-dense-d1-8-s4,4,dense,3503703373795356757,2,960,0.070000,hard,privileged-intermediate-target,1.000000,32,true
baseline-dense-d1-8-s4,4,dense,3503703373795356757,2,960,0.070000,soft,shuffled-label,0.000000,32,true
baseline-dense-d1-8-s4,4,dense,3503703373795356757,2,960,0.070000,2.0000,shuffled-label,0.232500,32,true
baseline-dense-d1-8-s4,4,dense,3503703373795356757,2,960,0.070000,1.0000,shuffled-label,0.252500,32,true
baseline-dense-d1-8-s4,4,dense,3503703373795356757,2,960,0.070000,hard,shuffled-label,0.252500,32,true
baseline-dense-d1-8-s4,4,dense,6869996990457277544,2,960,0.070000,soft,privileged-intermediate-target,1.000000,32,true
baseline-dense-d1-8-s4,4,dense,6869996990457277544,2,960,0.070000,2.0000,privileged-intermediate-target,1.000000,32,true
baseline-dense-d1-8-s4,4,dense,6869996990457277544,2,960,0.070000,1.0000,privileged-intermediate-target,1.000000,32,true
baseline-dense-d1-8-s4,4,dense,6869996990457277544,2,960,0.070000,hard,privileged-intermediate-target,1.000000,32,true
baseline-dense-d1-8-s4,4,dense,6869996990457277544,2,960,0.070000,soft,shuffled-label,0.000000,32,true
baseline-dense-d1-8-s4,4,dense,6869996990457277544,2,960,0.070000,2.0000,shuffled-label,0.280000,32,true
baseline-dense-d1-8-s4,4,dense,6869996990457277544,2,960,0.070000,1.0000,shuffled-label,0.150000,32,true
baseline-dense-d1-8-s4,4,dense,6869996990457277544,2,960,0.070000,hard,shuffled-label,0.222500,32,true
baseline-dense-d1-8-s4,4,dense,18234682480328173695,2,960,0.070000,soft,privileged-intermediate-target,1.000000,32,true
baseline-dense-d1-8-s4,4,dense,18234682480328173695,2,960,0.070000,2.0000,privileged-intermediate-target,1.000000,32,true
baseline-dense-d1-8-s4,4,dense,18234682480328173695,2,960,0.070000,1.0000,privileged-intermediate-target,1.000000,32,true
baseline-dense-d1-8-s4,4,dense,18234682480328173695,2,960,0.070000,hard,privileged-intermediate-target,1.000000,32,true
baseline-dense-d1-8-s4,4,dense,18234682480328173695,2,960,0.070000,soft,shuffled-label,0.000000,32,true
baseline-dense-d1-8-s4,4,dense,18234682480328173695,2,960,0.070000,2.0000,shuffled-label,0.185000,32,true
baseline-dense-d1-8-s4,4,dense,18234682480328173695,2,960,0.070000,1.0000,shuffled-label,0.185000,32,true
baseline-dense-d1-8-s4,4,dense,18234682480328173695,2,960,0.070000,hard,shuffled-label,0.162500,32,true
baseline-dense-d1-8-s4,4,dense,2001310518681822354,2,960,0.070000,soft,privileged-intermediate-target,1.000000,32,true
baseline-dense-d1-8-s4,4,dense,2001310518681822354,2,960,0.070000,2.0000,privileged-intermediate-target,1.000000,32,true
baseline-dense-d1-8-s4,4,dense,2001310518681822354,2,960,0.070000,1.0000,privileged-intermediate-target,1.000000,32,true
baseline-dense-d1-8-s4,4,dense,2001310518681822354,2,960,0.070000,hard,privileged-intermediate-target,1.000000,32,true
baseline-dense-d1-8-s4,4,dense,2001310518681822354,2,960,0.070000,soft,shuffled-label,0.000000,32,true
baseline-dense-d1-8-s4,4,dense,2001310518681822354,2,960,0.070000,2.0000,shuffled-label,0.275000,32,true
baseline-dense-d1-8-s4,4,dense,2001310518681822354,2,960,0.070000,1.0000,shuffled-label,0.212500,32,true
baseline-dense-d1-8-s4,4,dense,2001310518681822354,2,960,0.070000,hard,shuffled-label,0.130000,32,true
baseline-dense-d1-8-s4,4,dense,13400896689310720169,2,960,0.070000,soft,privileged-intermediate-target,1.000000,32,true
baseline-dense-d1-8-s4,4,dense,13400896689310720169,2,960,0.070000,2.0000,privileged-intermediate-target,1.000000,32,true
baseline-dense-d1-8-s4,4,dense,13400896689310720169,2,960,0.070000,1.0000,privileged-intermediate-target,1.000000,32,true
baseline-dense-d1-8-s4,4,dense,13400896689310720169,2,960,0.070000,hard,privileged-intermediate-target,1.000000,32,true
baseline-dense-d1-8-s4,4,dense,13400896689310720169,2,960,0.070000,soft,shuffled-label,0.000000,32,true
baseline-dense-d1-8-s4,4,dense,13400896689310720169,2,960,0.070000,2.0000,shuffled-label,0.227500,32,true
baseline-dense-d1-8-s4,4,dense,13400896689310720169,2,960,0.070000,1.0000,shuffled-label,0.155000,32,true
baseline-dense-d1-8-s4,4,dense,13400896689310720169,2,960,0.070000,hard,shuffled-label,0.130000,32,true
baseline-dense-d1-8-s4,4,dense,15453320347936062484,3,960,0.035000,soft,privileged-intermediate-target,1.000000,32,true
baseline-dense-d1-8-s4,4,dense,15453320347936062484,3,960,0.035000,2.0000,privileged-intermediate-target,1.000000,32,true
baseline-dense-d1-8-s4,4,dense,15453320347936062484,3,960,0.035000,1.0000,privileged-intermediate-target,1.000000,32,true
baseline-dense-d1-8-s4,4,dense,15453320347936062484,3,960,0.035000,hard,privileged-intermediate-target,1.000000,32,true
baseline-dense-d1-8-s4,4,dense,15453320347936062484,3,960,0.035000,soft,shuffled-label,0.000000,32,true
baseline-dense-d1-8-s4,4,dense,15453320347936062484,3,960,0.035000,2.0000,shuffled-label,0.245000,32,true
baseline-dense-d1-8-s4,4,dense,15453320347936062484,3,960,0.035000,1.0000,shuffled-label,0.000000,32,true
baseline-dense-d1-8-s4,4,dense,15453320347936062484,3,960,0.035000,hard,shuffled-label,0.000000,32,true
baseline-dense-d1-8-s4,4,dense,8371261729603450923,3,960,0.035000,soft,privileged-intermediate-target,1.000000,32,true
baseline-dense-d1-8-s4,4,dense,8371261729603450923,3,960,0.035000,2.0000,privileged-intermediate-target,1.000000,32,true
baseline-dense-d1-8-s4,4,dense,8371261729603450923,3,960,0.035000,1.0000,privileged-intermediate-target,1.000000,32,true
baseline-dense-d1-8-s4,4,dense,8371261729603450923,3,960,0.035000,hard,privileged-intermediate-target,1.000000,32,true
baseline-dense-d1-8-s4,4,dense,8371261729603450923,3,960,0.035000,soft,shuffled-label,0.000000,32,true
baseline-dense-d1-8-s4,4,dense,8371261729603450923,3,960,0.035000,2.0000,shuffled-label,0.085000,32,true
baseline-dense-d1-8-s4,4,dense,8371261729603450923,3,960,0.035000,1.0000,shuffled-label,0.000000,32,true
baseline-dense-d1-8-s4,4,dense,8371261729603450923,3,960,0.035000,hard,shuffled-label,0.000000,32,true
baseline-dense-d1-8-s4,4,dense,10584633876018000958,3,960,0.035000,soft,privileged-intermediate-target,1.000000,32,true
baseline-dense-d1-8-s4,4,dense,10584633876018000958,3,960,0.035000,2.0000,privileged-intermediate-target,1.000000,32,true
baseline-dense-d1-8-s4,4,dense,10584633876018000958,3,960,0.035000,1.0000,privileged-intermediate-target,1.000000,32,true
baseline-dense-d1-8-s4,4,dense,10584633876018000958,3,960,0.035000,hard,privileged-intermediate-target,1.000000,32,true
baseline-dense-d1-8-s4,4,dense,10584633876018000958,3,960,0.035000,soft,shuffled-label,0.000000,32,true
baseline-dense-d1-8-s4,4,dense,10584633876018000958,3,960,0.035000,2.0000,shuffled-label,0.000000,32,true
baseline-dense-d1-8-s4,4,dense,10584633876018000958,3,960,0.035000,1.0000,shuffled-label,0.000000,32,true
baseline-dense-d1-8-s4,4,dense,10584633876018000958,3,960,0.035000,hard,shuffled-label,0.000000,32,true
baseline-dense-d1-8-s4,4,dense,3503703373795356757,3,960,0.035000,soft,privileged-intermediate-target,1.000000,32,true
baseline-dense-d1-8-s4,4,dense,3503703373795356757,3,960,0.035000,2.0000,privileged-intermediate-target,1.000000,32,true
baseline-dense-d1-8-s4,4,dense,3503703373795356757,3,960,0.035000,1.0000,privileged-intermediate-target,1.000000,32,true
baseline-dense-d1-8-s4,4,dense,3503703373795356757,3,960,0.035000,hard,privileged-intermediate-target,1.000000,32,true
baseline-dense-d1-8-s4,4,dense,3503703373795356757,3,960,0.035000,soft,shuffled-label,0.000000,32,true
baseline-dense-d1-8-s4,4,dense,3503703373795356757,3,960,0.035000,2.0000,shuffled-label,0.122500,32,true
baseline-dense-d1-8-s4,4,dense,3503703373795356757,3,960,0.035000,1.0000,shuffled-label,0.000000,32,true
baseline-dense-d1-8-s4,4,dense,3503703373795356757,3,960,0.035000,hard,shuffled-label,0.000000,32,true
baseline-dense-d1-8-s4,4,dense,6869996990457277544,3,960,0.035000,soft,privileged-intermediate-target,1.000000,32,true
baseline-dense-d1-8-s4,4,dense,6869996990457277544,3,960,0.035000,2.0000,privileged-intermediate-target,1.000000,32,true
baseline-dense-d1-8-s4,4,dense,6869996990457277544,3,960,0.035000,1.0000,privileged-intermediate-target,1.000000,32,true
baseline-dense-d1-8-s4,4,dense,6869996990457277544,3,960,0.035000,hard,privileged-intermediate-target,1.000000,32,true
baseline-dense-d1-8-s4,4,dense,6869996990457277544,3,960,0.035000,soft,shuffled-label,0.000000,32,true
baseline-dense-d1-8-s4,4,dense,6869996990457277544,3,960,0.035000,2.0000,shuffled-label,0.272500,32,true
baseline-dense-d1-8-s4,4,dense,6869996990457277544,3,960,0.035000,1.0000,shuffled-label,0.052500,32,true
baseline-dense-d1-8-s4,4,dense,6869996990457277544,3,960,0.035000,hard,shuffled-label,0.000000,32,true
baseline-dense-d1-8-s4,4,dense,18234682480328173695,3,960,0.035000,soft,privileged-intermediate-target,1.000000,32,true
baseline-dense-d1-8-s4,4,dense,18234682480328173695,3,960,0.035000,2.0000,privileged-intermediate-target,1.000000,32,true
baseline-dense-d1-8-s4,4,dense,18234682480328173695,3,960,0.035000,1.0000,privileged-intermediate-target,1.000000,32,true
baseline-dense-d1-8-s4,4,dense,18234682480328173695,3,960,0.035000,hard,privileged-intermediate-target,1.000000,32,true
baseline-dense-d1-8-s4,4,dense,18234682480328173695,3,960,0.035000,soft,shuffled-label,0.000000,32,true
baseline-dense-d1-8-s4,4,dense,18234682480328173695,3,960,0.035000,2.0000,shuffled-label,0.217500,32,true
baseline-dense-d1-8-s4,4,dense,18234682480328173695,3,960,0.035000,1.0000,shuffled-label,0.062500,32,true
baseline-dense-d1-8-s4,4,dense,18234682480328173695,3,960,0.035000,hard,shuffled-label,0.000000,32,true
baseline-dense-d1-8-s4,4,dense,2001310518681822354,3,960,0.035000,soft,privileged-intermediate-target,1.000000,32,true
baseline-dense-d1-8-s4,4,dense,2001310518681822354,3,960,0.035000,2.0000,privileged-intermediate-target,1.000000,32,true
baseline-dense-d1-8-s4,4,dense,2001310518681822354,3,960,0.035000,1.0000,privileged-intermediate-target,1.000000,32,true
baseline-dense-d1-8-s4,4,dense,2001310518681822354,3,960,0.035000,hard,privileged-intermediate-target,1.000000,32,true
baseline-dense-d1-8-s4,4,dense,2001310518681822354,3,960,0.035000,soft,shuffled-label,0.000000,32,true
baseline-dense-d1-8-s4,4,dense,2001310518681822354,3,960,0.035000,2.0000,shuffled-label,0.185000,32,true
baseline-dense-d1-8-s4,4,dense,2001310518681822354,3,960,0.035000,1.0000,shuffled-label,0.000000,32,true
baseline-dense-d1-8-s4,4,dense,2001310518681822354,3,960,0.035000,hard,shuffled-label,0.000000,32,true
baseline-dense-d1-8-s4,4,dense,13400896689310720169,3,960,0.035000,soft,privileged-intermediate-target,1.000000,32,true
baseline-dense-d1-8-s4,4,dense,13400896689310720169,3,960,0.035000,2.0000,privileged-intermediate-target,1.000000,32,true
baseline-dense-d1-8-s4,4,dense,13400896689310720169,3,960,0.035000,1.0000,privileged-intermediate-target,1.000000,32,true
baseline-dense-d1-8-s4,4,dense,13400896689310720169,3,960,0.035000,hard,privileged-intermediate-target,1.000000,32,true
baseline-dense-d1-8-s4,4,dense,13400896689310720169,3,960,0.035000,soft,shuffled-label,0.000000,32,true
baseline-dense-d1-8-s4,4,dense,13400896689310720169,3,960,0.035000,2.0000,shuffled-label,0.185000,32,true
baseline-dense-d1-8-s4,4,dense,13400896689310720169,3,960,0.035000,1.0000,shuffled-label,0.000000,32,true
baseline-dense-d1-8-s4,4,dense,13400896689310720169,3,960,0.035000,hard,shuffled-label,0.000000,32,true
baseline-dense-d1-8-s4,4,dense,15453320347936062484,3,960,0.070000,soft,privileged-intermediate-target,1.000000,32,true
baseline-dense-d1-8-s4,4,dense,15453320347936062484,3,960,0.070000,2.0000,privileged-intermediate-target,1.000000,32,true
baseline-dense-d1-8-s4,4,dense,15453320347936062484,3,960,0.070000,1.0000,privileged-intermediate-target,1.000000,32,true
baseline-dense-d1-8-s4,4,dense,15453320347936062484,3,960,0.070000,hard,privileged-intermediate-target,1.000000,32,true
baseline-dense-d1-8-s4,4,dense,15453320347936062484,3,960,0.070000,soft,shuffled-label,0.000000,32,true
baseline-dense-d1-8-s4,4,dense,15453320347936062484,3,960,0.070000,2.0000,shuffled-label,0.240000,32,true
baseline-dense-d1-8-s4,4,dense,15453320347936062484,3,960,0.070000,1.0000,shuffled-label,0.115000,32,true
baseline-dense-d1-8-s4,4,dense,15453320347936062484,3,960,0.070000,hard,shuffled-label,0.000000,32,true
baseline-dense-d1-8-s4,4,dense,8371261729603450923,3,960,0.070000,soft,privileged-intermediate-target,1.000000,32,true
baseline-dense-d1-8-s4,4,dense,8371261729603450923,3,960,0.070000,2.0000,privileged-intermediate-target,1.000000,32,true
baseline-dense-d1-8-s4,4,dense,8371261729603450923,3,960,0.070000,1.0000,privileged-intermediate-target,1.000000,32,true
baseline-dense-d1-8-s4,4,dense,8371261729603450923,3,960,0.070000,hard,privileged-intermediate-target,1.000000,32,true
baseline-dense-d1-8-s4,4,dense,8371261729603450923,3,960,0.070000,soft,shuffled-label,0.000000,32,true
baseline-dense-d1-8-s4,4,dense,8371261729603450923,3,960,0.070000,2.0000,shuffled-label,0.257500,32,true
baseline-dense-d1-8-s4,4,dense,8371261729603450923,3,960,0.070000,1.0000,shuffled-label,0.220000,32,true
baseline-dense-d1-8-s4,4,dense,8371261729603450923,3,960,0.070000,hard,shuffled-label,0.000000,32,true
baseline-dense-d1-8-s4,4,dense,10584633876018000958,3,960,0.070000,soft,privileged-intermediate-target,1.000000,32,true
baseline-dense-d1-8-s4,4,dense,10584633876018000958,3,960,0.070000,2.0000,privileged-intermediate-target,1.000000,32,true
baseline-dense-d1-8-s4,4,dense,10584633876018000958,3,960,0.070000,1.0000,privileged-intermediate-target,1.000000,32,true
baseline-dense-d1-8-s4,4,dense,10584633876018000958,3,960,0.070000,hard,privileged-intermediate-target,1.000000,32,true
baseline-dense-d1-8-s4,4,dense,10584633876018000958,3,960,0.070000,soft,shuffled-label,0.000000,32,true
baseline-dense-d1-8-s4,4,dense,10584633876018000958,3,960,0.070000,2.0000,shuffled-label,0.170000,32,true
baseline-dense-d1-8-s4,4,dense,10584633876018000958,3,960,0.070000,1.0000,shuffled-label,0.000000,32,true
baseline-dense-d1-8-s4,4,dense,10584633876018000958,3,960,0.070000,hard,shuffled-label,0.000000,32,true
baseline-dense-d1-8-s4,4,dense,3503703373795356757,3,960,0.070000,soft,privileged-intermediate-target,1.000000,32,true
baseline-dense-d1-8-s4,4,dense,3503703373795356757,3,960,0.070000,2.0000,privileged-intermediate-target,1.000000,32,true
baseline-dense-d1-8-s4,4,dense,3503703373795356757,3,960,0.070000,1.0000,privileged-intermediate-target,1.000000,32,true
baseline-dense-d1-8-s4,4,dense,3503703373795356757,3,960,0.070000,hard,privileged-intermediate-target,1.000000,32,true
baseline-dense-d1-8-s4,4,dense,3503703373795356757,3,960,0.070000,soft,shuffled-label,0.000000,32,true
baseline-dense-d1-8-s4,4,dense,3503703373795356757,3,960,0.070000,2.0000,shuffled-label,0.122500,32,true
baseline-dense-d1-8-s4,4,dense,3503703373795356757,3,960,0.070000,1.0000,shuffled-label,0.065000,32,true
baseline-dense-d1-8-s4,4,dense,3503703373795356757,3,960,0.070000,hard,shuffled-label,0.000000,32,true
baseline-dense-d1-8-s4,4,dense,6869996990457277544,3,960,0.070000,soft,privileged-intermediate-target,1.000000,32,true
baseline-dense-d1-8-s4,4,dense,6869996990457277544,3,960,0.070000,2.0000,privileged-intermediate-target,1.000000,32,true
baseline-dense-d1-8-s4,4,dense,6869996990457277544,3,960,0.070000,1.0000,privileged-intermediate-target,1.000000,32,true
baseline-dense-d1-8-s4,4,dense,6869996990457277544,3,960,0.070000,hard,privileged-intermediate-target,1.000000,32,true
baseline-dense-d1-8-s4,4,dense,6869996990457277544,3,960,0.070000,soft,shuffled-label,0.000000,32,true
baseline-dense-d1-8-s4,4,dense,6869996990457277544,3,960,0.070000,2.0000,shuffled-label,0.097500,32,true
baseline-dense-d1-8-s4,4,dense,6869996990457277544,3,960,0.070000,1.0000,shuffled-label,0.070000,32,true
baseline-dense-d1-8-s4,4,dense,6869996990457277544,3,960,0.070000,hard,shuffled-label,0.000000,32,true
baseline-dense-d1-8-s4,4,dense,18234682480328173695,3,960,0.070000,soft,privileged-intermediate-target,1.000000,32,true
baseline-dense-d1-8-s4,4,dense,18234682480328173695,3,960,0.070000,2.0000,privileged-intermediate-target,1.000000,32,true
baseline-dense-d1-8-s4,4,dense,18234682480328173695,3,960,0.070000,1.0000,privileged-intermediate-target,1.000000,32,true
baseline-dense-d1-8-s4,4,dense,18234682480328173695,3,960,0.070000,hard,privileged-intermediate-target,1.000000,32,true
baseline-dense-d1-8-s4,4,dense,18234682480328173695,3,960,0.070000,soft,shuffled-label,0.000000,32,true
baseline-dense-d1-8-s4,4,dense,18234682480328173695,3,960,0.070000,2.0000,shuffled-label,0.165000,32,true
baseline-dense-d1-8-s4,4,dense,18234682480328173695,3,960,0.070000,1.0000,shuffled-label,0.142500,32,true
baseline-dense-d1-8-s4,4,dense,18234682480328173695,3,960,0.070000,hard,shuffled-label,0.000000,32,true
baseline-dense-d1-8-s4,4,dense,2001310518681822354,3,960,0.070000,soft,privileged-intermediate-target,1.000000,32,true
baseline-dense-d1-8-s4,4,dense,2001310518681822354,3,960,0.070000,2.0000,privileged-intermediate-target,1.000000,32,true
baseline-dense-d1-8-s4,4,dense,2001310518681822354,3,960,0.070000,1.0000,privileged-intermediate-target,1.000000,32,true
baseline-dense-d1-8-s4,4,dense,2001310518681822354,3,960,0.070000,hard,privileged-intermediate-target,1.000000,32,true
baseline-dense-d1-8-s4,4,dense,2001310518681822354,3,960,0.070000,soft,shuffled-label,0.000000,32,true
baseline-dense-d1-8-s4,4,dense,2001310518681822354,3,960,0.070000,2.0000,shuffled-label,0.262500,32,true
baseline-dense-d1-8-s4,4,dense,2001310518681822354,3,960,0.070000,1.0000,shuffled-label,0.165000,32,true
baseline-dense-d1-8-s4,4,dense,2001310518681822354,3,960,0.070000,hard,shuffled-label,0.000000,32,true
baseline-dense-d1-8-s4,4,dense,13400896689310720169,3,960,0.070000,soft,privileged-intermediate-target,1.000000,32,true
baseline-dense-d1-8-s4,4,dense,13400896689310720169,3,960,0.070000,2.0000,privileged-intermediate-target,1.000000,32,true
baseline-dense-d1-8-s4,4,dense,13400896689310720169,3,960,0.070000,1.0000,privileged-intermediate-target,1.000000,32,true
baseline-dense-d1-8-s4,4,dense,13400896689310720169,3,960,0.070000,hard,privileged-intermediate-target,1.000000,32,true
baseline-dense-d1-8-s4,4,dense,13400896689310720169,3,960,0.070000,soft,shuffled-label,0.000000,32,true
baseline-dense-d1-8-s4,4,dense,13400896689310720169,3,960,0.070000,2.0000,shuffled-label,0.062500,32,true
baseline-dense-d1-8-s4,4,dense,13400896689310720169,3,960,0.070000,1.0000,shuffled-label,0.062500,32,true
baseline-dense-d1-8-s4,4,dense,13400896689310720169,3,960,0.070000,hard,shuffled-label,0.000000,32,true
baseline-dense-d1-8-s4,4,dense,15453320347936062484,4,960,0.035000,soft,privileged-intermediate-target,1.000000,32,true
baseline-dense-d1-8-s4,4,dense,15453320347936062484,4,960,0.035000,2.0000,privileged-intermediate-target,1.000000,32,true
baseline-dense-d1-8-s4,4,dense,15453320347936062484,4,960,0.035000,1.0000,privileged-intermediate-target,1.000000,32,true
baseline-dense-d1-8-s4,4,dense,15453320347936062484,4,960,0.035000,hard,privileged-intermediate-target,1.000000,32,true
baseline-dense-d1-8-s4,4,dense,15453320347936062484,4,960,0.035000,soft,shuffled-label,0.000000,32,true
baseline-dense-d1-8-s4,4,dense,15453320347936062484,4,960,0.035000,2.0000,shuffled-label,0.247500,32,true
baseline-dense-d1-8-s4,4,dense,15453320347936062484,4,960,0.035000,1.0000,shuffled-label,0.247500,32,true
baseline-dense-d1-8-s4,4,dense,15453320347936062484,4,960,0.035000,hard,shuffled-label,0.302500,32,true
baseline-dense-d1-8-s4,4,dense,8371261729603450923,4,960,0.035000,soft,privileged-intermediate-target,1.000000,32,true
baseline-dense-d1-8-s4,4,dense,8371261729603450923,4,960,0.035000,2.0000,privileged-intermediate-target,1.000000,32,true
baseline-dense-d1-8-s4,4,dense,8371261729603450923,4,960,0.035000,1.0000,privileged-intermediate-target,1.000000,32,true
baseline-dense-d1-8-s4,4,dense,8371261729603450923,4,960,0.035000,hard,privileged-intermediate-target,1.000000,32,true
baseline-dense-d1-8-s4,4,dense,8371261729603450923,4,960,0.035000,soft,shuffled-label,0.015000,32,true
baseline-dense-d1-8-s4,4,dense,8371261729603450923,4,960,0.035000,2.0000,shuffled-label,0.252500,32,true
baseline-dense-d1-8-s4,4,dense,8371261729603450923,4,960,0.035000,1.0000,shuffled-label,0.252500,32,true
baseline-dense-d1-8-s4,4,dense,8371261729603450923,4,960,0.035000,hard,shuffled-label,0.320000,32,true
baseline-dense-d1-8-s4,4,dense,10584633876018000958,4,960,0.035000,soft,privileged-intermediate-target,1.000000,32,true
baseline-dense-d1-8-s4,4,dense,10584633876018000958,4,960,0.035000,2.0000,privileged-intermediate-target,1.000000,32,true
baseline-dense-d1-8-s4,4,dense,10584633876018000958,4,960,0.035000,1.0000,privileged-intermediate-target,1.000000,32,true
baseline-dense-d1-8-s4,4,dense,10584633876018000958,4,960,0.035000,hard,privileged-intermediate-target,1.000000,32,true
baseline-dense-d1-8-s4,4,dense,10584633876018000958,4,960,0.035000,soft,shuffled-label,0.000000,32,true
baseline-dense-d1-8-s4,4,dense,10584633876018000958,4,960,0.035000,2.0000,shuffled-label,0.240000,32,true
baseline-dense-d1-8-s4,4,dense,10584633876018000958,4,960,0.035000,1.0000,shuffled-label,0.240000,32,true
baseline-dense-d1-8-s4,4,dense,10584633876018000958,4,960,0.035000,hard,shuffled-label,0.295000,32,true
baseline-dense-d1-8-s4,4,dense,3503703373795356757,4,960,0.035000,soft,privileged-intermediate-target,1.000000,32,true
baseline-dense-d1-8-s4,4,dense,3503703373795356757,4,960,0.035000,2.0000,privileged-intermediate-target,1.000000,32,true
baseline-dense-d1-8-s4,4,dense,3503703373795356757,4,960,0.035000,1.0000,privileged-intermediate-target,1.000000,32,true
baseline-dense-d1-8-s4,4,dense,3503703373795356757,4,960,0.035000,hard,privileged-intermediate-target,1.000000,32,true
baseline-dense-d1-8-s4,4,dense,3503703373795356757,4,960,0.035000,soft,shuffled-label,0.000000,32,true
baseline-dense-d1-8-s4,4,dense,3503703373795356757,4,960,0.035000,2.0000,shuffled-label,0.237500,32,true
baseline-dense-d1-8-s4,4,dense,3503703373795356757,4,960,0.035000,1.0000,shuffled-label,0.237500,32,true
baseline-dense-d1-8-s4,4,dense,3503703373795356757,4,960,0.035000,hard,shuffled-label,0.417500,32,true
baseline-dense-d1-8-s4,4,dense,6869996990457277544,4,960,0.035000,soft,privileged-intermediate-target,1.000000,32,true
baseline-dense-d1-8-s4,4,dense,6869996990457277544,4,960,0.035000,2.0000,privileged-intermediate-target,1.000000,32,true
baseline-dense-d1-8-s4,4,dense,6869996990457277544,4,960,0.035000,1.0000,privileged-intermediate-target,1.000000,32,true
baseline-dense-d1-8-s4,4,dense,6869996990457277544,4,960,0.035000,hard,privileged-intermediate-target,1.000000,32,true
baseline-dense-d1-8-s4,4,dense,6869996990457277544,4,960,0.035000,soft,shuffled-label,0.000000,32,true
baseline-dense-d1-8-s4,4,dense,6869996990457277544,4,960,0.035000,2.0000,shuffled-label,0.277500,32,true
baseline-dense-d1-8-s4,4,dense,6869996990457277544,4,960,0.035000,1.0000,shuffled-label,0.277500,32,true
baseline-dense-d1-8-s4,4,dense,6869996990457277544,4,960,0.035000,hard,shuffled-label,0.375000,32,true
baseline-dense-d1-8-s4,4,dense,18234682480328173695,4,960,0.035000,soft,privileged-intermediate-target,1.000000,32,true
baseline-dense-d1-8-s4,4,dense,18234682480328173695,4,960,0.035000,2.0000,privileged-intermediate-target,1.000000,32,true
baseline-dense-d1-8-s4,4,dense,18234682480328173695,4,960,0.035000,1.0000,privileged-intermediate-target,1.000000,32,true
baseline-dense-d1-8-s4,4,dense,18234682480328173695,4,960,0.035000,hard,privileged-intermediate-target,1.000000,32,true
baseline-dense-d1-8-s4,4,dense,18234682480328173695,4,960,0.035000,soft,shuffled-label,0.000000,32,true
baseline-dense-d1-8-s4,4,dense,18234682480328173695,4,960,0.035000,2.0000,shuffled-label,0.245000,32,true
baseline-dense-d1-8-s4,4,dense,18234682480328173695,4,960,0.035000,1.0000,shuffled-label,0.245000,32,true
baseline-dense-d1-8-s4,4,dense,18234682480328173695,4,960,0.035000,hard,shuffled-label,0.452500,32,true
baseline-dense-d1-8-s4,4,dense,2001310518681822354,4,960,0.035000,soft,privileged-intermediate-target,1.000000,32,true
baseline-dense-d1-8-s4,4,dense,2001310518681822354,4,960,0.035000,2.0000,privileged-intermediate-target,1.000000,32,true
baseline-dense-d1-8-s4,4,dense,2001310518681822354,4,960,0.035000,1.0000,privileged-intermediate-target,1.000000,32,true
baseline-dense-d1-8-s4,4,dense,2001310518681822354,4,960,0.035000,hard,privileged-intermediate-target,1.000000,32,true
baseline-dense-d1-8-s4,4,dense,2001310518681822354,4,960,0.035000,soft,shuffled-label,0.000000,32,true
baseline-dense-d1-8-s4,4,dense,2001310518681822354,4,960,0.035000,2.0000,shuffled-label,0.297500,32,true
baseline-dense-d1-8-s4,4,dense,2001310518681822354,4,960,0.035000,1.0000,shuffled-label,0.297500,32,true
baseline-dense-d1-8-s4,4,dense,2001310518681822354,4,960,0.035000,hard,shuffled-label,0.405000,32,true
baseline-dense-d1-8-s4,4,dense,13400896689310720169,4,960,0.035000,soft,privileged-intermediate-target,1.000000,32,true
baseline-dense-d1-8-s4,4,dense,13400896689310720169,4,960,0.035000,2.0000,privileged-intermediate-target,1.000000,32,true
baseline-dense-d1-8-s4,4,dense,13400896689310720169,4,960,0.035000,1.0000,privileged-intermediate-target,1.000000,32,true
baseline-dense-d1-8-s4,4,dense,13400896689310720169,4,960,0.035000,hard,privileged-intermediate-target,1.000000,32,true
baseline-dense-d1-8-s4,4,dense,13400896689310720169,4,960,0.035000,soft,shuffled-label,0.000000,32,true
baseline-dense-d1-8-s4,4,dense,13400896689310720169,4,960,0.035000,2.0000,shuffled-label,0.202500,32,true
baseline-dense-d1-8-s4,4,dense,13400896689310720169,4,960,0.035000,1.0000,shuffled-label,0.202500,32,true
baseline-dense-d1-8-s4,4,dense,13400896689310720169,4,960,0.035000,hard,shuffled-label,0.257500,32,true
baseline-dense-d1-8-s4,4,dense,15453320347936062484,4,960,0.070000,soft,privileged-intermediate-target,1.000000,32,true
baseline-dense-d1-8-s4,4,dense,15453320347936062484,4,960,0.070000,2.0000,privileged-intermediate-target,1.000000,32,true
baseline-dense-d1-8-s4,4,dense,15453320347936062484,4,960,0.070000,1.0000,privileged-intermediate-target,1.000000,32,true
baseline-dense-d1-8-s4,4,dense,15453320347936062484,4,960,0.070000,hard,privileged-intermediate-target,1.000000,32,true
baseline-dense-d1-8-s4,4,dense,15453320347936062484,4,960,0.070000,soft,shuffled-label,0.000000,32,true
baseline-dense-d1-8-s4,4,dense,15453320347936062484,4,960,0.070000,2.0000,shuffled-label,0.212500,32,true
baseline-dense-d1-8-s4,4,dense,15453320347936062484,4,960,0.070000,1.0000,shuffled-label,0.247500,32,true
baseline-dense-d1-8-s4,4,dense,15453320347936062484,4,960,0.070000,hard,shuffled-label,0.300000,32,true
baseline-dense-d1-8-s4,4,dense,8371261729603450923,4,960,0.070000,soft,privileged-intermediate-target,1.000000,32,true
baseline-dense-d1-8-s4,4,dense,8371261729603450923,4,960,0.070000,2.0000,privileged-intermediate-target,1.000000,32,true
baseline-dense-d1-8-s4,4,dense,8371261729603450923,4,960,0.070000,1.0000,privileged-intermediate-target,1.000000,32,true
baseline-dense-d1-8-s4,4,dense,8371261729603450923,4,960,0.070000,hard,privileged-intermediate-target,1.000000,32,true
baseline-dense-d1-8-s4,4,dense,8371261729603450923,4,960,0.070000,soft,shuffled-label,0.067500,32,true
baseline-dense-d1-8-s4,4,dense,8371261729603450923,4,960,0.070000,2.0000,shuffled-label,0.252500,32,true
baseline-dense-d1-8-s4,4,dense,8371261729603450923,4,960,0.070000,1.0000,shuffled-label,0.225000,32,true
baseline-dense-d1-8-s4,4,dense,8371261729603450923,4,960,0.070000,hard,shuffled-label,0.500000,32,true
baseline-dense-d1-8-s4,4,dense,10584633876018000958,4,960,0.070000,soft,privileged-intermediate-target,1.000000,32,true
baseline-dense-d1-8-s4,4,dense,10584633876018000958,4,960,0.070000,2.0000,privileged-intermediate-target,1.000000,32,true
baseline-dense-d1-8-s4,4,dense,10584633876018000958,4,960,0.070000,1.0000,privileged-intermediate-target,1.000000,32,true
baseline-dense-d1-8-s4,4,dense,10584633876018000958,4,960,0.070000,hard,privileged-intermediate-target,1.000000,32,true
baseline-dense-d1-8-s4,4,dense,10584633876018000958,4,960,0.070000,soft,shuffled-label,0.057500,32,true
baseline-dense-d1-8-s4,4,dense,10584633876018000958,4,960,0.070000,2.0000,shuffled-label,0.217500,32,true
baseline-dense-d1-8-s4,4,dense,10584633876018000958,4,960,0.070000,1.0000,shuffled-label,0.315000,32,true
baseline-dense-d1-8-s4,4,dense,10584633876018000958,4,960,0.070000,hard,shuffled-label,0.292500,32,true
baseline-dense-d1-8-s4,4,dense,3503703373795356757,4,960,0.070000,soft,privileged-intermediate-target,1.000000,32,true
baseline-dense-d1-8-s4,4,dense,3503703373795356757,4,960,0.070000,2.0000,privileged-intermediate-target,1.000000,32,true
baseline-dense-d1-8-s4,4,dense,3503703373795356757,4,960,0.070000,1.0000,privileged-intermediate-target,1.000000,32,true
baseline-dense-d1-8-s4,4,dense,3503703373795356757,4,960,0.070000,hard,privileged-intermediate-target,1.000000,32,true
baseline-dense-d1-8-s4,4,dense,3503703373795356757,4,960,0.070000,soft,shuffled-label,0.052500,32,true
baseline-dense-d1-8-s4,4,dense,3503703373795356757,4,960,0.070000,2.0000,shuffled-label,0.247500,32,true
baseline-dense-d1-8-s4,4,dense,3503703373795356757,4,960,0.070000,1.0000,shuffled-label,0.267500,32,true
baseline-dense-d1-8-s4,4,dense,3503703373795356757,4,960,0.070000,hard,shuffled-label,0.325000,32,true
baseline-dense-d1-8-s4,4,dense,6869996990457277544,4,960,0.070000,soft,privileged-intermediate-target,1.000000,32,true
baseline-dense-d1-8-s4,4,dense,6869996990457277544,4,960,0.070000,2.0000,privileged-intermediate-target,1.000000,32,true
baseline-dense-d1-8-s4,4,dense,6869996990457277544,4,960,0.070000,1.0000,privileged-intermediate-target,1.000000,32,true
baseline-dense-d1-8-s4,4,dense,6869996990457277544,4,960,0.070000,hard,privileged-intermediate-target,1.000000,32,true
baseline-dense-d1-8-s4,4,dense,6869996990457277544,4,960,0.070000,soft,shuffled-label,0.000000,32,true
baseline-dense-d1-8-s4,4,dense,6869996990457277544,4,960,0.070000,2.0000,shuffled-label,0.235000,32,true
baseline-dense-d1-8-s4,4,dense,6869996990457277544,4,960,0.070000,1.0000,shuffled-label,0.285000,32,true
baseline-dense-d1-8-s4,4,dense,6869996990457277544,4,960,0.070000,hard,shuffled-label,0.217500,32,true
baseline-dense-d1-8-s4,4,dense,18234682480328173695,4,960,0.070000,soft,privileged-intermediate-target,1.000000,32,true
baseline-dense-d1-8-s4,4,dense,18234682480328173695,4,960,0.070000,2.0000,privileged-intermediate-target,1.000000,32,true
baseline-dense-d1-8-s4,4,dense,18234682480328173695,4,960,0.070000,1.0000,privileged-intermediate-target,1.000000,32,true
baseline-dense-d1-8-s4,4,dense,18234682480328173695,4,960,0.070000,hard,privileged-intermediate-target,1.000000,32,true
baseline-dense-d1-8-s4,4,dense,18234682480328173695,4,960,0.070000,soft,shuffled-label,0.000000,32,true
baseline-dense-d1-8-s4,4,dense,18234682480328173695,4,960,0.070000,2.0000,shuffled-label,0.267500,32,true
baseline-dense-d1-8-s4,4,dense,18234682480328173695,4,960,0.070000,1.0000,shuffled-label,0.265000,32,true
baseline-dense-d1-8-s4,4,dense,18234682480328173695,4,960,0.070000,hard,shuffled-label,0.287500,32,true
baseline-dense-d1-8-s4,4,dense,2001310518681822354,4,960,0.070000,soft,privileged-intermediate-target,1.000000,32,true
baseline-dense-d1-8-s4,4,dense,2001310518681822354,4,960,0.070000,2.0000,privileged-intermediate-target,1.000000,32,true
baseline-dense-d1-8-s4,4,dense,2001310518681822354,4,960,0.070000,1.0000,privileged-intermediate-target,1.000000,32,true
baseline-dense-d1-8-s4,4,dense,2001310518681822354,4,960,0.070000,hard,privileged-intermediate-target,1.000000,32,true
baseline-dense-d1-8-s4,4,dense,2001310518681822354,4,960,0.070000,soft,shuffled-label,0.000000,32,true
baseline-dense-d1-8-s4,4,dense,2001310518681822354,4,960,0.070000,2.0000,shuffled-label,0.252500,32,true
baseline-dense-d1-8-s4,4,dense,2001310518681822354,4,960,0.070000,1.0000,shuffled-label,0.252500,32,true
baseline-dense-d1-8-s4,4,dense,2001310518681822354,4,960,0.070000,hard,shuffled-label,0.297500,32,true
baseline-dense-d1-8-s4,4,dense,13400896689310720169,4,960,0.070000,soft,privileged-intermediate-target,1.000000,32,true
baseline-dense-d1-8-s4,4,dense,13400896689310720169,4,960,0.070000,2.0000,privileged-intermediate-target,1.000000,32,true
baseline-dense-d1-8-s4,4,dense,13400896689310720169,4,960,0.070000,1.0000,privileged-intermediate-target,1.000000,32,true
baseline-dense-d1-8-s4,4,dense,13400896689310720169,4,960,0.070000,hard,privileged-intermediate-target,1.000000,32,true
baseline-dense-d1-8-s4,4,dense,13400896689310720169,4,960,0.070000,soft,shuffled-label,0.000000,32,true
baseline-dense-d1-8-s4,4,dense,13400896689310720169,4,960,0.070000,2.0000,shuffled-label,0.217500,32,true
baseline-dense-d1-8-s4,4,dense,13400896689310720169,4,960,0.070000,1.0000,shuffled-label,0.202500,32,true
baseline-dense-d1-8-s4,4,dense,13400896689310720169,4,960,0.070000,hard,shuffled-label,0.245000,32,true
baseline-dense-d1-8-s4,4,dense,15453320347936062484,5,960,0.035000,soft,privileged-intermediate-target,1.000000,32,true
baseline-dense-d1-8-s4,4,dense,15453320347936062484,5,960,0.035000,2.0000,privileged-intermediate-target,1.000000,32,true
baseline-dense-d1-8-s4,4,dense,15453320347936062484,5,960,0.035000,1.0000,privileged-intermediate-target,1.000000,32,true
baseline-dense-d1-8-s4,4,dense,15453320347936062484,5,960,0.035000,hard,privileged-intermediate-target,1.000000,32,true
baseline-dense-d1-8-s4,4,dense,15453320347936062484,5,960,0.035000,soft,shuffled-label,0.000000,32,true
baseline-dense-d1-8-s4,4,dense,15453320347936062484,5,960,0.035000,2.0000,shuffled-label,0.235000,32,true
baseline-dense-d1-8-s4,4,dense,15453320347936062484,5,960,0.035000,1.0000,shuffled-label,0.140000,32,true
baseline-dense-d1-8-s4,4,dense,15453320347936062484,5,960,0.035000,hard,shuffled-label,0.000000,32,true
baseline-dense-d1-8-s4,4,dense,8371261729603450923,5,960,0.035000,soft,privileged-intermediate-target,1.000000,32,true
baseline-dense-d1-8-s4,4,dense,8371261729603450923,5,960,0.035000,2.0000,privileged-intermediate-target,1.000000,32,true
baseline-dense-d1-8-s4,4,dense,8371261729603450923,5,960,0.035000,1.0000,privileged-intermediate-target,1.000000,32,true
baseline-dense-d1-8-s4,4,dense,8371261729603450923,5,960,0.035000,hard,privileged-intermediate-target,1.000000,32,true
baseline-dense-d1-8-s4,4,dense,8371261729603450923,5,960,0.035000,soft,shuffled-label,0.000000,32,true
baseline-dense-d1-8-s4,4,dense,8371261729603450923,5,960,0.035000,2.0000,shuffled-label,0.235000,32,true
baseline-dense-d1-8-s4,4,dense,8371261729603450923,5,960,0.035000,1.0000,shuffled-label,0.187500,32,true
baseline-dense-d1-8-s4,4,dense,8371261729603450923,5,960,0.035000,hard,shuffled-label,0.000000,32,true
baseline-dense-d1-8-s4,4,dense,10584633876018000958,5,960,0.035000,soft,privileged-intermediate-target,1.000000,32,true
baseline-dense-d1-8-s4,4,dense,10584633876018000958,5,960,0.035000,2.0000,privileged-intermediate-target,1.000000,32,true
baseline-dense-d1-8-s4,4,dense,10584633876018000958,5,960,0.035000,1.0000,privileged-intermediate-target,1.000000,32,true
baseline-dense-d1-8-s4,4,dense,10584633876018000958,5,960,0.035000,hard,privileged-intermediate-target,1.000000,32,true
baseline-dense-d1-8-s4,4,dense,10584633876018000958,5,960,0.035000,soft,shuffled-label,0.000000,32,true
baseline-dense-d1-8-s4,4,dense,10584633876018000958,5,960,0.035000,2.0000,shuffled-label,0.267500,32,true
baseline-dense-d1-8-s4,4,dense,10584633876018000958,5,960,0.035000,1.0000,shuffled-label,0.167500,32,true
baseline-dense-d1-8-s4,4,dense,10584633876018000958,5,960,0.035000,hard,shuffled-label,0.000000,32,true
baseline-dense-d1-8-s4,4,dense,3503703373795356757,5,960,0.035000,soft,privileged-intermediate-target,1.000000,32,true
baseline-dense-d1-8-s4,4,dense,3503703373795356757,5,960,0.035000,2.0000,privileged-intermediate-target,1.000000,32,true
baseline-dense-d1-8-s4,4,dense,3503703373795356757,5,960,0.035000,1.0000,privileged-intermediate-target,1.000000,32,true
baseline-dense-d1-8-s4,4,dense,3503703373795356757,5,960,0.035000,hard,privileged-intermediate-target,1.000000,32,true
baseline-dense-d1-8-s4,4,dense,3503703373795356757,5,960,0.035000,soft,shuffled-label,0.000000,32,true
baseline-dense-d1-8-s4,4,dense,3503703373795356757,5,960,0.035000,2.0000,shuffled-label,0.222500,32,true
baseline-dense-d1-8-s4,4,dense,3503703373795356757,5,960,0.035000,1.0000,shuffled-label,0.130000,32,true
baseline-dense-d1-8-s4,4,dense,3503703373795356757,5,960,0.035000,hard,shuffled-label,0.000000,32,true
baseline-dense-d1-8-s4,4,dense,6869996990457277544,5,960,0.035000,soft,privileged-intermediate-target,1.000000,32,true
baseline-dense-d1-8-s4,4,dense,6869996990457277544,5,960,0.035000,2.0000,privileged-intermediate-target,1.000000,32,true
baseline-dense-d1-8-s4,4,dense,6869996990457277544,5,960,0.035000,1.0000,privileged-intermediate-target,1.000000,32,true
baseline-dense-d1-8-s4,4,dense,6869996990457277544,5,960,0.035000,hard,privileged-intermediate-target,1.000000,32,true
baseline-dense-d1-8-s4,4,dense,6869996990457277544,5,960,0.035000,soft,shuffled-label,0.000000,32,true
baseline-dense-d1-8-s4,4,dense,6869996990457277544,5,960,0.035000,2.0000,shuffled-label,0.212500,32,true
baseline-dense-d1-8-s4,4,dense,6869996990457277544,5,960,0.035000,1.0000,shuffled-label,0.000000,32,true
baseline-dense-d1-8-s4,4,dense,6869996990457277544,5,960,0.035000,hard,shuffled-label,0.000000,32,true
baseline-dense-d1-8-s4,4,dense,18234682480328173695,5,960,0.035000,soft,privileged-intermediate-target,1.000000,32,true
baseline-dense-d1-8-s4,4,dense,18234682480328173695,5,960,0.035000,2.0000,privileged-intermediate-target,1.000000,32,true
baseline-dense-d1-8-s4,4,dense,18234682480328173695,5,960,0.035000,1.0000,privileged-intermediate-target,1.000000,32,true
baseline-dense-d1-8-s4,4,dense,18234682480328173695,5,960,0.035000,hard,privileged-intermediate-target,1.000000,32,true
baseline-dense-d1-8-s4,4,dense,18234682480328173695,5,960,0.035000,soft,shuffled-label,0.000000,32,true
baseline-dense-d1-8-s4,4,dense,18234682480328173695,5,960,0.035000,2.0000,shuffled-label,0.205000,32,true
baseline-dense-d1-8-s4,4,dense,18234682480328173695,5,960,0.035000,1.0000,shuffled-label,0.157500,32,true
baseline-dense-d1-8-s4,4,dense,18234682480328173695,5,960,0.035000,hard,shuffled-label,0.000000,32,true
baseline-dense-d1-8-s4,4,dense,2001310518681822354,5,960,0.035000,soft,privileged-intermediate-target,1.000000,32,true
baseline-dense-d1-8-s4,4,dense,2001310518681822354,5,960,0.035000,2.0000,privileged-intermediate-target,1.000000,32,true
baseline-dense-d1-8-s4,4,dense,2001310518681822354,5,960,0.035000,1.0000,privileged-intermediate-target,1.000000,32,true
baseline-dense-d1-8-s4,4,dense,2001310518681822354,5,960,0.035000,hard,privileged-intermediate-target,1.000000,32,true
baseline-dense-d1-8-s4,4,dense,2001310518681822354,5,960,0.035000,soft,shuffled-label,0.000000,32,true
baseline-dense-d1-8-s4,4,dense,2001310518681822354,5,960,0.035000,2.0000,shuffled-label,0.242500,32,true
baseline-dense-d1-8-s4,4,dense,2001310518681822354,5,960,0.035000,1.0000,shuffled-label,0.242500,32,true
baseline-dense-d1-8-s4,4,dense,2001310518681822354,5,960,0.035000,hard,shuffled-label,0.000000,32,true
baseline-dense-d1-8-s4,4,dense,13400896689310720169,5,960,0.035000,soft,privileged-intermediate-target,1.000000,32,true
baseline-dense-d1-8-s4,4,dense,13400896689310720169,5,960,0.035000,2.0000,privileged-intermediate-target,1.000000,32,true
baseline-dense-d1-8-s4,4,dense,13400896689310720169,5,960,0.035000,1.0000,privileged-intermediate-target,1.000000,32,true
baseline-dense-d1-8-s4,4,dense,13400896689310720169,5,960,0.035000,hard,privileged-intermediate-target,1.000000,32,true
baseline-dense-d1-8-s4,4,dense,13400896689310720169,5,960,0.035000,soft,shuffled-label,0.000000,32,true
baseline-dense-d1-8-s4,4,dense,13400896689310720169,5,960,0.035000,2.0000,shuffled-label,0.222500,32,true
baseline-dense-d1-8-s4,4,dense,13400896689310720169,5,960,0.035000,1.0000,shuffled-label,0.200000,32,true
baseline-dense-d1-8-s4,4,dense,13400896689310720169,5,960,0.035000,hard,shuffled-label,0.000000,32,true
baseline-dense-d1-8-s4,4,dense,15453320347936062484,5,960,0.070000,soft,privileged-intermediate-target,1.000000,32,true
baseline-dense-d1-8-s4,4,dense,15453320347936062484,5,960,0.070000,2.0000,privileged-intermediate-target,1.000000,32,true
baseline-dense-d1-8-s4,4,dense,15453320347936062484,5,960,0.070000,1.0000,privileged-intermediate-target,1.000000,32,true
baseline-dense-d1-8-s4,4,dense,15453320347936062484,5,960,0.070000,hard,privileged-intermediate-target,1.000000,32,true
baseline-dense-d1-8-s4,4,dense,15453320347936062484,5,960,0.070000,soft,shuffled-label,0.000000,32,true
baseline-dense-d1-8-s4,4,dense,15453320347936062484,5,960,0.070000,2.0000,shuffled-label,0.227500,32,true
baseline-dense-d1-8-s4,4,dense,15453320347936062484,5,960,0.070000,1.0000,shuffled-label,0.212500,32,true
baseline-dense-d1-8-s4,4,dense,15453320347936062484,5,960,0.070000,hard,shuffled-label,0.000000,32,true
baseline-dense-d1-8-s4,4,dense,8371261729603450923,5,960,0.070000,soft,privileged-intermediate-target,1.000000,32,true
baseline-dense-d1-8-s4,4,dense,8371261729603450923,5,960,0.070000,2.0000,privileged-intermediate-target,1.000000,32,true
baseline-dense-d1-8-s4,4,dense,8371261729603450923,5,960,0.070000,1.0000,privileged-intermediate-target,1.000000,32,true
baseline-dense-d1-8-s4,4,dense,8371261729603450923,5,960,0.070000,hard,privileged-intermediate-target,1.000000,32,true
baseline-dense-d1-8-s4,4,dense,8371261729603450923,5,960,0.070000,soft,shuffled-label,0.000000,32,true
baseline-dense-d1-8-s4,4,dense,8371261729603450923,5,960,0.070000,2.0000,shuffled-label,0.252500,32,true
baseline-dense-d1-8-s4,4,dense,8371261729603450923,5,960,0.070000,1.0000,shuffled-label,0.237500,32,true
baseline-dense-d1-8-s4,4,dense,8371261729603450923,5,960,0.070000,hard,shuffled-label,0.000000,32,true
baseline-dense-d1-8-s4,4,dense,10584633876018000958,5,960,0.070000,soft,privileged-intermediate-target,1.000000,32,true
baseline-dense-d1-8-s4,4,dense,10584633876018000958,5,960,0.070000,2.0000,privileged-intermediate-target,1.000000,32,true
baseline-dense-d1-8-s4,4,dense,10584633876018000958,5,960,0.070000,1.0000,privileged-intermediate-target,1.000000,32,true
baseline-dense-d1-8-s4,4,dense,10584633876018000958,5,960,0.070000,hard,privileged-intermediate-target,1.000000,32,true
baseline-dense-d1-8-s4,4,dense,10584633876018000958,5,960,0.070000,soft,shuffled-label,0.000000,32,true
baseline-dense-d1-8-s4,4,dense,10584633876018000958,5,960,0.070000,2.0000,shuffled-label,0.225000,32,true
baseline-dense-d1-8-s4,4,dense,10584633876018000958,5,960,0.070000,1.0000,shuffled-label,0.225000,32,true
baseline-dense-d1-8-s4,4,dense,10584633876018000958,5,960,0.070000,hard,shuffled-label,0.000000,32,true
baseline-dense-d1-8-s4,4,dense,3503703373795356757,5,960,0.070000,soft,privileged-intermediate-target,1.000000,32,true
baseline-dense-d1-8-s4,4,dense,3503703373795356757,5,960,0.070000,2.0000,privileged-intermediate-target,1.000000,32,true
baseline-dense-d1-8-s4,4,dense,3503703373795356757,5,960,0.070000,1.0000,privileged-intermediate-target,1.000000,32,true
baseline-dense-d1-8-s4,4,dense,3503703373795356757,5,960,0.070000,hard,privileged-intermediate-target,1.000000,32,true
baseline-dense-d1-8-s4,4,dense,3503703373795356757,5,960,0.070000,soft,shuffled-label,0.000000,32,true
baseline-dense-d1-8-s4,4,dense,3503703373795356757,5,960,0.070000,2.0000,shuffled-label,0.260000,32,true
baseline-dense-d1-8-s4,4,dense,3503703373795356757,5,960,0.070000,1.0000,shuffled-label,0.222500,32,true
baseline-dense-d1-8-s4,4,dense,3503703373795356757,5,960,0.070000,hard,shuffled-label,0.000000,32,true
baseline-dense-d1-8-s4,4,dense,6869996990457277544,5,960,0.070000,soft,privileged-intermediate-target,1.000000,32,true
baseline-dense-d1-8-s4,4,dense,6869996990457277544,5,960,0.070000,2.0000,privileged-intermediate-target,1.000000,32,true
baseline-dense-d1-8-s4,4,dense,6869996990457277544,5,960,0.070000,1.0000,privileged-intermediate-target,1.000000,32,true
baseline-dense-d1-8-s4,4,dense,6869996990457277544,5,960,0.070000,hard,privileged-intermediate-target,1.000000,32,true
baseline-dense-d1-8-s4,4,dense,6869996990457277544,5,960,0.070000,soft,shuffled-label,0.000000,32,true
baseline-dense-d1-8-s4,4,dense,6869996990457277544,5,960,0.070000,2.0000,shuffled-label,0.227500,32,true
baseline-dense-d1-8-s4,4,dense,6869996990457277544,5,960,0.070000,1.0000,shuffled-label,0.190000,32,true
baseline-dense-d1-8-s4,4,dense,6869996990457277544,5,960,0.070000,hard,shuffled-label,0.000000,32,true
baseline-dense-d1-8-s4,4,dense,18234682480328173695,5,960,0.070000,soft,privileged-intermediate-target,1.000000,32,true
baseline-dense-d1-8-s4,4,dense,18234682480328173695,5,960,0.070000,2.0000,privileged-intermediate-target,1.000000,32,true
baseline-dense-d1-8-s4,4,dense,18234682480328173695,5,960,0.070000,1.0000,privileged-intermediate-target,1.000000,32,true
baseline-dense-d1-8-s4,4,dense,18234682480328173695,5,960,0.070000,hard,privileged-intermediate-target,1.000000,32,true
baseline-dense-d1-8-s4,4,dense,18234682480328173695,5,960,0.070000,soft,shuffled-label,0.000000,32,true
baseline-dense-d1-8-s4,4,dense,18234682480328173695,5,960,0.070000,2.0000,shuffled-label,0.272500,32,true
baseline-dense-d1-8-s4,4,dense,18234682480328173695,5,960,0.070000,1.0000,shuffled-label,0.267500,32,true
baseline-dense-d1-8-s4,4,dense,18234682480328173695,5,960,0.070000,hard,shuffled-label,0.000000,32,true
baseline-dense-d1-8-s4,4,dense,2001310518681822354,5,960,0.070000,soft,privileged-intermediate-target,1.000000,32,true
baseline-dense-d1-8-s4,4,dense,2001310518681822354,5,960,0.070000,2.0000,privileged-intermediate-target,1.000000,32,true
baseline-dense-d1-8-s4,4,dense,2001310518681822354,5,960,0.070000,1.0000,privileged-intermediate-target,1.000000,32,true
baseline-dense-d1-8-s4,4,dense,2001310518681822354,5,960,0.070000,hard,privileged-intermediate-target,1.000000,32,true
baseline-dense-d1-8-s4,4,dense,2001310518681822354,5,960,0.070000,soft,shuffled-label,0.000000,32,true
baseline-dense-d1-8-s4,4,dense,2001310518681822354,5,960,0.070000,2.0000,shuffled-label,0.242500,32,true
baseline-dense-d1-8-s4,4,dense,2001310518681822354,5,960,0.070000,1.0000,shuffled-label,0.197500,32,true
baseline-dense-d1-8-s4,4,dense,2001310518681822354,5,960,0.070000,hard,shuffled-label,0.000000,32,true
baseline-dense-d1-8-s4,4,dense,13400896689310720169,5,960,0.070000,soft,privileged-intermediate-target,1.000000,32,true
baseline-dense-d1-8-s4,4,dense,13400896689310720169,5,960,0.070000,2.0000,privileged-intermediate-target,1.000000,32,true
baseline-dense-d1-8-s4,4,dense,13400896689310720169,5,960,0.070000,1.0000,privileged-intermediate-target,1.000000,32,true
baseline-dense-d1-8-s4,4,dense,13400896689310720169,5,960,0.070000,hard,privileged-intermediate-target,1.000000,32,true
baseline-dense-d1-8-s4,4,dense,13400896689310720169,5,960,0.070000,soft,shuffled-label,0.000000,32,true
baseline-dense-d1-8-s4,4,dense,13400896689310720169,5,960,0.070000,2.0000,shuffled-label,0.247500,32,true
baseline-dense-d1-8-s4,4,dense,13400896689310720169,5,960,0.070000,1.0000,shuffled-label,0.190000,32,true
baseline-dense-d1-8-s4,4,dense,13400896689310720169,5,960,0.070000,hard,shuffled-label,0.000000,32,true
baseline-dense-d1-8-s4,4,dense,15453320347936062484,6,960,0.035000,soft,privileged-intermediate-target,1.000000,32,true
baseline-dense-d1-8-s4,4,dense,15453320347936062484,6,960,0.035000,2.0000,privileged-intermediate-target,1.000000,32,true
baseline-dense-d1-8-s4,4,dense,15453320347936062484,6,960,0.035000,1.0000,privileged-intermediate-target,1.000000,32,true
baseline-dense-d1-8-s4,4,dense,15453320347936062484,6,960,0.035000,hard,privileged-intermediate-target,1.000000,32,true
baseline-dense-d1-8-s4,4,dense,15453320347936062484,6,960,0.035000,soft,shuffled-label,0.000000,32,true
baseline-dense-d1-8-s4,4,dense,15453320347936062484,6,960,0.035000,2.0000,shuffled-label,0.240000,32,true
baseline-dense-d1-8-s4,4,dense,15453320347936062484,6,960,0.035000,1.0000,shuffled-label,0.240000,32,true
baseline-dense-d1-8-s4,4,dense,15453320347936062484,6,960,0.035000,hard,shuffled-label,0.525000,32,true
baseline-dense-d1-8-s4,4,dense,8371261729603450923,6,960,0.035000,soft,privileged-intermediate-target,1.000000,32,true
baseline-dense-d1-8-s4,4,dense,8371261729603450923,6,960,0.035000,2.0000,privileged-intermediate-target,1.000000,32,true
baseline-dense-d1-8-s4,4,dense,8371261729603450923,6,960,0.035000,1.0000,privileged-intermediate-target,1.000000,32,true
baseline-dense-d1-8-s4,4,dense,8371261729603450923,6,960,0.035000,hard,privileged-intermediate-target,1.000000,32,true
baseline-dense-d1-8-s4,4,dense,8371261729603450923,6,960,0.035000,soft,shuffled-label,0.000000,32,true
baseline-dense-d1-8-s4,4,dense,8371261729603450923,6,960,0.035000,2.0000,shuffled-label,0.272500,32,true
baseline-dense-d1-8-s4,4,dense,8371261729603450923,6,960,0.035000,1.0000,shuffled-label,0.272500,32,true
baseline-dense-d1-8-s4,4,dense,8371261729603450923,6,960,0.035000,hard,shuffled-label,0.510000,32,true
baseline-dense-d1-8-s4,4,dense,10584633876018000958,6,960,0.035000,soft,privileged-intermediate-target,1.000000,32,true
baseline-dense-d1-8-s4,4,dense,10584633876018000958,6,960,0.035000,2.0000,privileged-intermediate-target,1.000000,32,true
baseline-dense-d1-8-s4,4,dense,10584633876018000958,6,960,0.035000,1.0000,privileged-intermediate-target,1.000000,32,true
baseline-dense-d1-8-s4,4,dense,10584633876018000958,6,960,0.035000,hard,privileged-intermediate-target,1.000000,32,true
baseline-dense-d1-8-s4,4,dense,10584633876018000958,6,960,0.035000,soft,shuffled-label,0.000000,32,true
baseline-dense-d1-8-s4,4,dense,10584633876018000958,6,960,0.035000,2.0000,shuffled-label,0.225000,32,true
baseline-dense-d1-8-s4,4,dense,10584633876018000958,6,960,0.035000,1.0000,shuffled-label,0.225000,32,true
baseline-dense-d1-8-s4,4,dense,10584633876018000958,6,960,0.035000,hard,shuffled-label,0.432500,32,true
baseline-dense-d1-8-s4,4,dense,3503703373795356757,6,960,0.035000,soft,privileged-intermediate-target,1.000000,32,true
baseline-dense-d1-8-s4,4,dense,3503703373795356757,6,960,0.035000,2.0000,privileged-intermediate-target,1.000000,32,true
baseline-dense-d1-8-s4,4,dense,3503703373795356757,6,960,0.035000,1.0000,privileged-intermediate-target,1.000000,32,true
baseline-dense-d1-8-s4,4,dense,3503703373795356757,6,960,0.035000,hard,privileged-intermediate-target,1.000000,32,true
baseline-dense-d1-8-s4,4,dense,3503703373795356757,6,960,0.035000,soft,shuffled-label,0.000000,32,true
baseline-dense-d1-8-s4,4,dense,3503703373795356757,6,960,0.035000,2.0000,shuffled-label,0.257500,32,true
baseline-dense-d1-8-s4,4,dense,3503703373795356757,6,960,0.035000,1.0000,shuffled-label,0.257500,32,true
baseline-dense-d1-8-s4,4,dense,3503703373795356757,6,960,0.035000,hard,shuffled-label,0.452500,32,true
baseline-dense-d1-8-s4,4,dense,6869996990457277544,6,960,0.035000,soft,privileged-intermediate-target,1.000000,32,true
baseline-dense-d1-8-s4,4,dense,6869996990457277544,6,960,0.035000,2.0000,privileged-intermediate-target,1.000000,32,true
baseline-dense-d1-8-s4,4,dense,6869996990457277544,6,960,0.035000,1.0000,privileged-intermediate-target,1.000000,32,true
baseline-dense-d1-8-s4,4,dense,6869996990457277544,6,960,0.035000,hard,privileged-intermediate-target,1.000000,32,true
baseline-dense-d1-8-s4,4,dense,6869996990457277544,6,960,0.035000,soft,shuffled-label,0.000000,32,true
baseline-dense-d1-8-s4,4,dense,6869996990457277544,6,960,0.035000,2.0000,shuffled-label,0.232500,32,true
baseline-dense-d1-8-s4,4,dense,6869996990457277544,6,960,0.035000,1.0000,shuffled-label,0.232500,32,true
baseline-dense-d1-8-s4,4,dense,6869996990457277544,6,960,0.035000,hard,shuffled-label,0.452500,32,true
baseline-dense-d1-8-s4,4,dense,18234682480328173695,6,960,0.035000,soft,privileged-intermediate-target,1.000000,32,true
baseline-dense-d1-8-s4,4,dense,18234682480328173695,6,960,0.035000,2.0000,privileged-intermediate-target,1.000000,32,true
baseline-dense-d1-8-s4,4,dense,18234682480328173695,6,960,0.035000,1.0000,privileged-intermediate-target,1.000000,32,true
baseline-dense-d1-8-s4,4,dense,18234682480328173695,6,960,0.035000,hard,privileged-intermediate-target,1.000000,32,true
baseline-dense-d1-8-s4,4,dense,18234682480328173695,6,960,0.035000,soft,shuffled-label,0.000000,32,true
baseline-dense-d1-8-s4,4,dense,18234682480328173695,6,960,0.035000,2.0000,shuffled-label,0.272500,32,true
baseline-dense-d1-8-s4,4,dense,18234682480328173695,6,960,0.035000,1.0000,shuffled-label,0.272500,32,true
baseline-dense-d1-8-s4,4,dense,18234682480328173695,6,960,0.035000,hard,shuffled-label,0.507500,32,true
baseline-dense-d1-8-s4,4,dense,2001310518681822354,6,960,0.035000,soft,privileged-intermediate-target,1.000000,32,true
baseline-dense-d1-8-s4,4,dense,2001310518681822354,6,960,0.035000,2.0000,privileged-intermediate-target,1.000000,32,true
baseline-dense-d1-8-s4,4,dense,2001310518681822354,6,960,0.035000,1.0000,privileged-intermediate-target,1.000000,32,true
baseline-dense-d1-8-s4,4,dense,2001310518681822354,6,960,0.035000,hard,privileged-intermediate-target,1.000000,32,true
baseline-dense-d1-8-s4,4,dense,2001310518681822354,6,960,0.035000,soft,shuffled-label,0.000000,32,true
baseline-dense-d1-8-s4,4,dense,2001310518681822354,6,960,0.035000,2.0000,shuffled-label,0.295000,32,true
baseline-dense-d1-8-s4,4,dense,2001310518681822354,6,960,0.035000,1.0000,shuffled-label,0.295000,32,true
baseline-dense-d1-8-s4,4,dense,2001310518681822354,6,960,0.035000,hard,shuffled-label,0.510000,32,true
baseline-dense-d1-8-s4,4,dense,13400896689310720169,6,960,0.035000,soft,privileged-intermediate-target,1.000000,32,true
baseline-dense-d1-8-s4,4,dense,13400896689310720169,6,960,0.035000,2.0000,privileged-intermediate-target,1.000000,32,true
baseline-dense-d1-8-s4,4,dense,13400896689310720169,6,960,0.035000,1.0000,privileged-intermediate-target,1.000000,32,true
baseline-dense-d1-8-s4,4,dense,13400896689310720169,6,960,0.035000,hard,privileged-intermediate-target,1.000000,32,true
baseline-dense-d1-8-s4,4,dense,13400896689310720169,6,960,0.035000,soft,shuffled-label,0.000000,32,true
baseline-dense-d1-8-s4,4,dense,13400896689310720169,6,960,0.035000,2.0000,shuffled-label,0.282500,32,true
baseline-dense-d1-8-s4,4,dense,13400896689310720169,6,960,0.035000,1.0000,shuffled-label,0.282500,32,true
baseline-dense-d1-8-s4,4,dense,13400896689310720169,6,960,0.035000,hard,shuffled-label,0.485000,32,true
baseline-dense-d1-8-s4,4,dense,15453320347936062484,6,960,0.070000,soft,privileged-intermediate-target,1.000000,32,true
baseline-dense-d1-8-s4,4,dense,15453320347936062484,6,960,0.070000,2.0000,privileged-intermediate-target,1.000000,32,true
baseline-dense-d1-8-s4,4,dense,15453320347936062484,6,960,0.070000,1.0000,privileged-intermediate-target,1.000000,32,true
baseline-dense-d1-8-s4,4,dense,15453320347936062484,6,960,0.070000,hard,privileged-intermediate-target,1.000000,32,true
baseline-dense-d1-8-s4,4,dense,15453320347936062484,6,960,0.070000,soft,shuffled-label,0.000000,32,true
baseline-dense-d1-8-s4,4,dense,15453320347936062484,6,960,0.070000,2.0000,shuffled-label,0.245000,32,true
baseline-dense-d1-8-s4,4,dense,15453320347936062484,6,960,0.070000,1.0000,shuffled-label,0.245000,32,true
baseline-dense-d1-8-s4,4,dense,15453320347936062484,6,960,0.070000,hard,shuffled-label,0.485000,32,true
baseline-dense-d1-8-s4,4,dense,8371261729603450923,6,960,0.070000,soft,privileged-intermediate-target,1.000000,32,true
baseline-dense-d1-8-s4,4,dense,8371261729603450923,6,960,0.070000,2.0000,privileged-intermediate-target,1.000000,32,true
baseline-dense-d1-8-s4,4,dense,8371261729603450923,6,960,0.070000,1.0000,privileged-intermediate-target,1.000000,32,true
baseline-dense-d1-8-s4,4,dense,8371261729603450923,6,960,0.070000,hard,privileged-intermediate-target,1.000000,32,true
baseline-dense-d1-8-s4,4,dense,8371261729603450923,6,960,0.070000,soft,shuffled-label,0.000000,32,true
baseline-dense-d1-8-s4,4,dense,8371261729603450923,6,960,0.070000,2.0000,shuffled-label,0.242500,32,true
baseline-dense-d1-8-s4,4,dense,8371261729603450923,6,960,0.070000,1.0000,shuffled-label,0.255000,32,true
baseline-dense-d1-8-s4,4,dense,8371261729603450923,6,960,0.070000,hard,shuffled-label,0.530000,32,true
baseline-dense-d1-8-s4,4,dense,10584633876018000958,6,960,0.070000,soft,privileged-intermediate-target,1.000000,32,true
baseline-dense-d1-8-s4,4,dense,10584633876018000958,6,960,0.070000,2.0000,privileged-intermediate-target,1.000000,32,true
baseline-dense-d1-8-s4,4,dense,10584633876018000958,6,960,0.070000,1.0000,privileged-intermediate-target,1.000000,32,true
baseline-dense-d1-8-s4,4,dense,10584633876018000958,6,960,0.070000,hard,privileged-intermediate-target,1.000000,32,true
baseline-dense-d1-8-s4,4,dense,10584633876018000958,6,960,0.070000,soft,shuffled-label,0.167500,32,true
baseline-dense-d1-8-s4,4,dense,10584633876018000958,6,960,0.070000,2.0000,shuffled-label,0.225000,32,true
baseline-dense-d1-8-s4,4,dense,10584633876018000958,6,960,0.070000,1.0000,shuffled-label,0.225000,32,true
baseline-dense-d1-8-s4,4,dense,10584633876018000958,6,960,0.070000,hard,shuffled-label,0.265000,32,true
baseline-dense-d1-8-s4,4,dense,3503703373795356757,6,960,0.070000,soft,privileged-intermediate-target,1.000000,32,true
baseline-dense-d1-8-s4,4,dense,3503703373795356757,6,960,0.070000,2.0000,privileged-intermediate-target,1.000000,32,true
baseline-dense-d1-8-s4,4,dense,3503703373795356757,6,960,0.070000,1.0000,privileged-intermediate-target,1.000000,32,true
baseline-dense-d1-8-s4,4,dense,3503703373795356757,6,960,0.070000,hard,privileged-intermediate-target,1.000000,32,true
baseline-dense-d1-8-s4,4,dense,3503703373795356757,6,960,0.070000,soft,shuffled-label,0.000000,32,true
baseline-dense-d1-8-s4,4,dense,3503703373795356757,6,960,0.070000,2.0000,shuffled-label,0.257500,32,true
baseline-dense-d1-8-s4,4,dense,3503703373795356757,6,960,0.070000,1.0000,shuffled-label,0.257500,32,true
baseline-dense-d1-8-s4,4,dense,3503703373795356757,6,960,0.070000,hard,shuffled-label,0.492500,32,true
baseline-dense-d1-8-s4,4,dense,6869996990457277544,6,960,0.070000,soft,privileged-intermediate-target,1.000000,32,true
baseline-dense-d1-8-s4,4,dense,6869996990457277544,6,960,0.070000,2.0000,privileged-intermediate-target,1.000000,32,true
baseline-dense-d1-8-s4,4,dense,6869996990457277544,6,960,0.070000,1.0000,privileged-intermediate-target,1.000000,32,true
baseline-dense-d1-8-s4,4,dense,6869996990457277544,6,960,0.070000,hard,privileged-intermediate-target,1.000000,32,true
baseline-dense-d1-8-s4,4,dense,6869996990457277544,6,960,0.070000,soft,shuffled-label,0.000000,32,true
baseline-dense-d1-8-s4,4,dense,6869996990457277544,6,960,0.070000,2.0000,shuffled-label,0.287500,32,true
baseline-dense-d1-8-s4,4,dense,6869996990457277544,6,960,0.070000,1.0000,shuffled-label,0.287500,32,true
baseline-dense-d1-8-s4,4,dense,6869996990457277544,6,960,0.070000,hard,shuffled-label,0.485000,32,true
baseline-dense-d1-8-s4,4,dense,18234682480328173695,6,960,0.070000,soft,privileged-intermediate-target,1.000000,32,true
baseline-dense-d1-8-s4,4,dense,18234682480328173695,6,960,0.070000,2.0000,privileged-intermediate-target,1.000000,32,true
baseline-dense-d1-8-s4,4,dense,18234682480328173695,6,960,0.070000,1.0000,privileged-intermediate-target,1.000000,32,true
baseline-dense-d1-8-s4,4,dense,18234682480328173695,6,960,0.070000,hard,privileged-intermediate-target,1.000000,32,true
baseline-dense-d1-8-s4,4,dense,18234682480328173695,6,960,0.070000,soft,shuffled-label,0.000000,32,true
baseline-dense-d1-8-s4,4,dense,18234682480328173695,6,960,0.070000,2.0000,shuffled-label,0.260000,32,true
baseline-dense-d1-8-s4,4,dense,18234682480328173695,6,960,0.070000,1.0000,shuffled-label,0.262500,32,true
baseline-dense-d1-8-s4,4,dense,18234682480328173695,6,960,0.070000,hard,shuffled-label,0.517500,32,true
baseline-dense-d1-8-s4,4,dense,2001310518681822354,6,960,0.070000,soft,privileged-intermediate-target,1.000000,32,true
baseline-dense-d1-8-s4,4,dense,2001310518681822354,6,960,0.070000,2.0000,privileged-intermediate-target,1.000000,32,true
baseline-dense-d1-8-s4,4,dense,2001310518681822354,6,960,0.070000,1.0000,privileged-intermediate-target,1.000000,32,true
baseline-dense-d1-8-s4,4,dense,2001310518681822354,6,960,0.070000,hard,privileged-intermediate-target,1.000000,32,true
baseline-dense-d1-8-s4,4,dense,2001310518681822354,6,960,0.070000,soft,shuffled-label,0.000000,32,true
baseline-dense-d1-8-s4,4,dense,2001310518681822354,6,960,0.070000,2.0000,shuffled-label,0.227500,32,true
baseline-dense-d1-8-s4,4,dense,2001310518681822354,6,960,0.070000,1.0000,shuffled-label,0.295000,32,true
baseline-dense-d1-8-s4,4,dense,2001310518681822354,6,960,0.070000,hard,shuffled-label,0.532500,32,true
baseline-dense-d1-8-s4,4,dense,13400896689310720169,6,960,0.070000,soft,privileged-intermediate-target,1.000000,32,true
baseline-dense-d1-8-s4,4,dense,13400896689310720169,6,960,0.070000,2.0000,privileged-intermediate-target,1.000000,32,true
baseline-dense-d1-8-s4,4,dense,13400896689310720169,6,960,0.070000,1.0000,privileged-intermediate-target,1.000000,32,true
baseline-dense-d1-8-s4,4,dense,13400896689310720169,6,960,0.070000,hard,privileged-intermediate-target,1.000000,32,true
baseline-dense-d1-8-s4,4,dense,13400896689310720169,6,960,0.070000,soft,shuffled-label,0.000000,32,true
baseline-dense-d1-8-s4,4,dense,13400896689310720169,6,960,0.070000,2.0000,shuffled-label,0.245000,32,true
baseline-dense-d1-8-s4,4,dense,13400896689310720169,6,960,0.070000,1.0000,shuffled-label,0.250000,32,true
baseline-dense-d1-8-s4,4,dense,13400896689310720169,6,960,0.070000,hard,shuffled-label,0.480000,32,true
baseline-dense-d1-8-s4,4,dense,15453320347936062484,7,960,0.035000,soft,privileged-intermediate-target,1.000000,32,true
baseline-dense-d1-8-s4,4,dense,15453320347936062484,7,960,0.035000,2.0000,privileged-intermediate-target,1.000000,32,true
baseline-dense-d1-8-s4,4,dense,15453320347936062484,7,960,0.035000,1.0000,privileged-intermediate-target,1.000000,32,true
baseline-dense-d1-8-s4,4,dense,15453320347936062484,7,960,0.035000,hard,privileged-intermediate-target,1.000000,32,true
baseline-dense-d1-8-s4,4,dense,15453320347936062484,7,960,0.035000,soft,shuffled-label,0.000000,32,true
baseline-dense-d1-8-s4,4,dense,15453320347936062484,7,960,0.035000,2.0000,shuffled-label,0.225000,32,true
baseline-dense-d1-8-s4,4,dense,15453320347936062484,7,960,0.035000,1.0000,shuffled-label,0.225000,32,true
baseline-dense-d1-8-s4,4,dense,15453320347936062484,7,960,0.035000,hard,shuffled-label,0.000000,32,true
baseline-dense-d1-8-s4,4,dense,8371261729603450923,7,960,0.035000,soft,privileged-intermediate-target,1.000000,32,true
baseline-dense-d1-8-s4,4,dense,8371261729603450923,7,960,0.035000,2.0000,privileged-intermediate-target,1.000000,32,true
baseline-dense-d1-8-s4,4,dense,8371261729603450923,7,960,0.035000,1.0000,privileged-intermediate-target,1.000000,32,true
baseline-dense-d1-8-s4,4,dense,8371261729603450923,7,960,0.035000,hard,privileged-intermediate-target,1.000000,32,true
baseline-dense-d1-8-s4,4,dense,8371261729603450923,7,960,0.035000,soft,shuffled-label,0.000000,32,true
baseline-dense-d1-8-s4,4,dense,8371261729603450923,7,960,0.035000,2.0000,shuffled-label,0.257500,32,true
baseline-dense-d1-8-s4,4,dense,8371261729603450923,7,960,0.035000,1.0000,shuffled-label,0.257500,32,true
baseline-dense-d1-8-s4,4,dense,8371261729603450923,7,960,0.035000,hard,shuffled-label,0.000000,32,true
baseline-dense-d1-8-s4,4,dense,10584633876018000958,7,960,0.035000,soft,privileged-intermediate-target,1.000000,32,true
baseline-dense-d1-8-s4,4,dense,10584633876018000958,7,960,0.035000,2.0000,privileged-intermediate-target,1.000000,32,true
baseline-dense-d1-8-s4,4,dense,10584633876018000958,7,960,0.035000,1.0000,privileged-intermediate-target,1.000000,32,true
baseline-dense-d1-8-s4,4,dense,10584633876018000958,7,960,0.035000,hard,privileged-intermediate-target,1.000000,32,true
baseline-dense-d1-8-s4,4,dense,10584633876018000958,7,960,0.035000,soft,shuffled-label,0.000000,32,true
baseline-dense-d1-8-s4,4,dense,10584633876018000958,7,960,0.035000,2.0000,shuffled-label,0.260000,32,true
baseline-dense-d1-8-s4,4,dense,10584633876018000958,7,960,0.035000,1.0000,shuffled-label,0.260000,32,true
baseline-dense-d1-8-s4,4,dense,10584633876018000958,7,960,0.035000,hard,shuffled-label,0.000000,32,true
baseline-dense-d1-8-s4,4,dense,3503703373795356757,7,960,0.035000,soft,privileged-intermediate-target,1.000000,32,true
baseline-dense-d1-8-s4,4,dense,3503703373795356757,7,960,0.035000,2.0000,privileged-intermediate-target,1.000000,32,true
baseline-dense-d1-8-s4,4,dense,3503703373795356757,7,960,0.035000,1.0000,privileged-intermediate-target,1.000000,32,true
baseline-dense-d1-8-s4,4,dense,3503703373795356757,7,960,0.035000,hard,privileged-intermediate-target,1.000000,32,true
baseline-dense-d1-8-s4,4,dense,3503703373795356757,7,960,0.035000,soft,shuffled-label,0.000000,32,true
baseline-dense-d1-8-s4,4,dense,3503703373795356757,7,960,0.035000,2.0000,shuffled-label,0.232500,32,true
baseline-dense-d1-8-s4,4,dense,3503703373795356757,7,960,0.035000,1.0000,shuffled-label,0.232500,32,true
baseline-dense-d1-8-s4,4,dense,3503703373795356757,7,960,0.035000,hard,shuffled-label,0.000000,32,true
baseline-dense-d1-8-s4,4,dense,6869996990457277544,7,960,0.035000,soft,privileged-intermediate-target,1.000000,32,true
baseline-dense-d1-8-s4,4,dense,6869996990457277544,7,960,0.035000,2.0000,privileged-intermediate-target,1.000000,32,true
baseline-dense-d1-8-s4,4,dense,6869996990457277544,7,960,0.035000,1.0000,privileged-intermediate-target,1.000000,32,true
baseline-dense-d1-8-s4,4,dense,6869996990457277544,7,960,0.035000,hard,privileged-intermediate-target,1.000000,32,true
baseline-dense-d1-8-s4,4,dense,6869996990457277544,7,960,0.035000,soft,shuffled-label,0.000000,32,true
baseline-dense-d1-8-s4,4,dense,6869996990457277544,7,960,0.035000,2.0000,shuffled-label,0.270000,32,true
baseline-dense-d1-8-s4,4,dense,6869996990457277544,7,960,0.035000,1.0000,shuffled-label,0.265000,32,true
baseline-dense-d1-8-s4,4,dense,6869996990457277544,7,960,0.035000,hard,shuffled-label,0.000000,32,true
baseline-dense-d1-8-s4,4,dense,18234682480328173695,7,960,0.035000,soft,privileged-intermediate-target,1.000000,32,true
baseline-dense-d1-8-s4,4,dense,18234682480328173695,7,960,0.035000,2.0000,privileged-intermediate-target,1.000000,32,true
baseline-dense-d1-8-s4,4,dense,18234682480328173695,7,960,0.035000,1.0000,privileged-intermediate-target,1.000000,32,true
baseline-dense-d1-8-s4,4,dense,18234682480328173695,7,960,0.035000,hard,privileged-intermediate-target,1.000000,32,true
baseline-dense-d1-8-s4,4,dense,18234682480328173695,7,960,0.035000,soft,shuffled-label,0.000000,32,true
baseline-dense-d1-8-s4,4,dense,18234682480328173695,7,960,0.035000,2.0000,shuffled-label,0.232500,32,true
baseline-dense-d1-8-s4,4,dense,18234682480328173695,7,960,0.035000,1.0000,shuffled-label,0.232500,32,true
baseline-dense-d1-8-s4,4,dense,18234682480328173695,7,960,0.035000,hard,shuffled-label,0.000000,32,true
baseline-dense-d1-8-s4,4,dense,2001310518681822354,7,960,0.035000,soft,privileged-intermediate-target,1.000000,32,true
baseline-dense-d1-8-s4,4,dense,2001310518681822354,7,960,0.035000,2.0000,privileged-intermediate-target,1.000000,32,true
baseline-dense-d1-8-s4,4,dense,2001310518681822354,7,960,0.035000,1.0000,privileged-intermediate-target,1.000000,32,true
baseline-dense-d1-8-s4,4,dense,2001310518681822354,7,960,0.035000,hard,privileged-intermediate-target,1.000000,32,true
baseline-dense-d1-8-s4,4,dense,2001310518681822354,7,960,0.035000,soft,shuffled-label,0.000000,32,true
baseline-dense-d1-8-s4,4,dense,2001310518681822354,7,960,0.035000,2.0000,shuffled-label,0.260000,32,true
baseline-dense-d1-8-s4,4,dense,2001310518681822354,7,960,0.035000,1.0000,shuffled-label,0.260000,32,true
baseline-dense-d1-8-s4,4,dense,2001310518681822354,7,960,0.035000,hard,shuffled-label,0.000000,32,true
baseline-dense-d1-8-s4,4,dense,13400896689310720169,7,960,0.035000,soft,privileged-intermediate-target,1.000000,32,true
baseline-dense-d1-8-s4,4,dense,13400896689310720169,7,960,0.035000,2.0000,privileged-intermediate-target,1.000000,32,true
baseline-dense-d1-8-s4,4,dense,13400896689310720169,7,960,0.035000,1.0000,privileged-intermediate-target,1.000000,32,true
baseline-dense-d1-8-s4,4,dense,13400896689310720169,7,960,0.035000,hard,privileged-intermediate-target,1.000000,32,true
baseline-dense-d1-8-s4,4,dense,13400896689310720169,7,960,0.035000,soft,shuffled-label,0.000000,32,true
baseline-dense-d1-8-s4,4,dense,13400896689310720169,7,960,0.035000,2.0000,shuffled-label,0.260000,32,true
baseline-dense-d1-8-s4,4,dense,13400896689310720169,7,960,0.035000,1.0000,shuffled-label,0.260000,32,true
baseline-dense-d1-8-s4,4,dense,13400896689310720169,7,960,0.035000,hard,shuffled-label,0.000000,32,true
baseline-dense-d1-8-s4,4,dense,15453320347936062484,7,960,0.070000,soft,privileged-intermediate-target,1.000000,32,true
baseline-dense-d1-8-s4,4,dense,15453320347936062484,7,960,0.070000,2.0000,privileged-intermediate-target,1.000000,32,true
baseline-dense-d1-8-s4,4,dense,15453320347936062484,7,960,0.070000,1.0000,privileged-intermediate-target,1.000000,32,true
baseline-dense-d1-8-s4,4,dense,15453320347936062484,7,960,0.070000,hard,privileged-intermediate-target,1.000000,32,true
baseline-dense-d1-8-s4,4,dense,15453320347936062484,7,960,0.070000,soft,shuffled-label,0.000000,32,true
baseline-dense-d1-8-s4,4,dense,15453320347936062484,7,960,0.070000,2.0000,shuffled-label,0.222500,32,true
baseline-dense-d1-8-s4,4,dense,15453320347936062484,7,960,0.070000,1.0000,shuffled-label,0.222500,32,true
baseline-dense-d1-8-s4,4,dense,15453320347936062484,7,960,0.070000,hard,shuffled-label,0.000000,32,true
baseline-dense-d1-8-s4,4,dense,8371261729603450923,7,960,0.070000,soft,privileged-intermediate-target,1.000000,32,true
baseline-dense-d1-8-s4,4,dense,8371261729603450923,7,960,0.070000,2.0000,privileged-intermediate-target,1.000000,32,true
baseline-dense-d1-8-s4,4,dense,8371261729603450923,7,960,0.070000,1.0000,privileged-intermediate-target,1.000000,32,true
baseline-dense-d1-8-s4,4,dense,8371261729603450923,7,960,0.070000,hard,privileged-intermediate-target,1.000000,32,true
baseline-dense-d1-8-s4,4,dense,8371261729603450923,7,960,0.070000,soft,shuffled-label,0.000000,32,true
baseline-dense-d1-8-s4,4,dense,8371261729603450923,7,960,0.070000,2.0000,shuffled-label,0.287500,32,true
baseline-dense-d1-8-s4,4,dense,8371261729603450923,7,960,0.070000,1.0000,shuffled-label,0.287500,32,true
baseline-dense-d1-8-s4,4,dense,8371261729603450923,7,960,0.070000,hard,shuffled-label,0.000000,32,true
baseline-dense-d1-8-s4,4,dense,10584633876018000958,7,960,0.070000,soft,privileged-intermediate-target,1.000000,32,true
baseline-dense-d1-8-s4,4,dense,10584633876018000958,7,960,0.070000,2.0000,privileged-intermediate-target,1.000000,32,true
baseline-dense-d1-8-s4,4,dense,10584633876018000958,7,960,0.070000,1.0000,privileged-intermediate-target,1.000000,32,true
baseline-dense-d1-8-s4,4,dense,10584633876018000958,7,960,0.070000,hard,privileged-intermediate-target,1.000000,32,true
baseline-dense-d1-8-s4,4,dense,10584633876018000958,7,960,0.070000,soft,shuffled-label,0.010000,32,true
baseline-dense-d1-8-s4,4,dense,10584633876018000958,7,960,0.070000,2.0000,shuffled-label,0.232500,32,true
baseline-dense-d1-8-s4,4,dense,10584633876018000958,7,960,0.070000,1.0000,shuffled-label,0.242500,32,true
baseline-dense-d1-8-s4,4,dense,10584633876018000958,7,960,0.070000,hard,shuffled-label,0.000000,32,true
baseline-dense-d1-8-s4,4,dense,3503703373795356757,7,960,0.070000,soft,privileged-intermediate-target,1.000000,32,true
baseline-dense-d1-8-s4,4,dense,3503703373795356757,7,960,0.070000,2.0000,privileged-intermediate-target,1.000000,32,true
baseline-dense-d1-8-s4,4,dense,3503703373795356757,7,960,0.070000,1.0000,privileged-intermediate-target,1.000000,32,true
baseline-dense-d1-8-s4,4,dense,3503703373795356757,7,960,0.070000,hard,privileged-intermediate-target,1.000000,32,true
baseline-dense-d1-8-s4,4,dense,3503703373795356757,7,960,0.070000,soft,shuffled-label,0.000000,32,true
baseline-dense-d1-8-s4,4,dense,3503703373795356757,7,960,0.070000,2.0000,shuffled-label,0.245000,32,true
baseline-dense-d1-8-s4,4,dense,3503703373795356757,7,960,0.070000,1.0000,shuffled-label,0.245000,32,true
baseline-dense-d1-8-s4,4,dense,3503703373795356757,7,960,0.070000,hard,shuffled-label,0.000000,32,true
baseline-dense-d1-8-s4,4,dense,6869996990457277544,7,960,0.070000,soft,privileged-intermediate-target,1.000000,32,true
baseline-dense-d1-8-s4,4,dense,6869996990457277544,7,960,0.070000,2.0000,privileged-intermediate-target,1.000000,32,true
baseline-dense-d1-8-s4,4,dense,6869996990457277544,7,960,0.070000,1.0000,privileged-intermediate-target,1.000000,32,true
baseline-dense-d1-8-s4,4,dense,6869996990457277544,7,960,0.070000,hard,privileged-intermediate-target,1.000000,32,true
baseline-dense-d1-8-s4,4,dense,6869996990457277544,7,960,0.070000,soft,shuffled-label,0.000000,32,true
baseline-dense-d1-8-s4,4,dense,6869996990457277544,7,960,0.070000,2.0000,shuffled-label,0.227500,32,true
baseline-dense-d1-8-s4,4,dense,6869996990457277544,7,960,0.070000,1.0000,shuffled-label,0.240000,32,true
baseline-dense-d1-8-s4,4,dense,6869996990457277544,7,960,0.070000,hard,shuffled-label,0.000000,32,true
baseline-dense-d1-8-s4,4,dense,18234682480328173695,7,960,0.070000,soft,privileged-intermediate-target,1.000000,32,true
baseline-dense-d1-8-s4,4,dense,18234682480328173695,7,960,0.070000,2.0000,privileged-intermediate-target,1.000000,32,true
baseline-dense-d1-8-s4,4,dense,18234682480328173695,7,960,0.070000,1.0000,privileged-intermediate-target,1.000000,32,true
baseline-dense-d1-8-s4,4,dense,18234682480328173695,7,960,0.070000,hard,privileged-intermediate-target,1.000000,32,true
baseline-dense-d1-8-s4,4,dense,18234682480328173695,7,960,0.070000,soft,shuffled-label,0.002500,32,true
baseline-dense-d1-8-s4,4,dense,18234682480328173695,7,960,0.070000,2.0000,shuffled-label,0.257500,32,true
baseline-dense-d1-8-s4,4,dense,18234682480328173695,7,960,0.070000,1.0000,shuffled-label,0.257500,32,true
baseline-dense-d1-8-s4,4,dense,18234682480328173695,7,960,0.070000,hard,shuffled-label,0.265000,32,true
baseline-dense-d1-8-s4,4,dense,2001310518681822354,7,960,0.070000,soft,privileged-intermediate-target,1.000000,32,true
baseline-dense-d1-8-s4,4,dense,2001310518681822354,7,960,0.070000,2.0000,privileged-intermediate-target,1.000000,32,true
baseline-dense-d1-8-s4,4,dense,2001310518681822354,7,960,0.070000,1.0000,privileged-intermediate-target,1.000000,32,true
baseline-dense-d1-8-s4,4,dense,2001310518681822354,7,960,0.070000,hard,privileged-intermediate-target,1.000000,32,true
baseline-dense-d1-8-s4,4,dense,2001310518681822354,7,960,0.070000,soft,shuffled-label,0.000000,32,true
baseline-dense-d1-8-s4,4,dense,2001310518681822354,7,960,0.070000,2.0000,shuffled-label,0.260000,32,true
baseline-dense-d1-8-s4,4,dense,2001310518681822354,7,960,0.070000,1.0000,shuffled-label,0.257500,32,true
baseline-dense-d1-8-s4,4,dense,2001310518681822354,7,960,0.070000,hard,shuffled-label,0.000000,32,true
baseline-dense-d1-8-s4,4,dense,13400896689310720169,7,960,0.070000,soft,privileged-intermediate-target,1.000000,32,true
baseline-dense-d1-8-s4,4,dense,13400896689310720169,7,960,0.070000,2.0000,privileged-intermediate-target,1.000000,32,true
baseline-dense-d1-8-s4,4,dense,13400896689310720169,7,960,0.070000,1.0000,privileged-intermediate-target,1.000000,32,true
baseline-dense-d1-8-s4,4,dense,13400896689310720169,7,960,0.070000,hard,privileged-intermediate-target,1.000000,32,true
baseline-dense-d1-8-s4,4,dense,13400896689310720169,7,960,0.070000,soft,shuffled-label,0.225000,32,true
baseline-dense-d1-8-s4,4,dense,13400896689310720169,7,960,0.070000,2.0000,shuffled-label,0.225000,32,true
baseline-dense-d1-8-s4,4,dense,13400896689310720169,7,960,0.070000,1.0000,shuffled-label,0.225000,32,true
baseline-dense-d1-8-s4,4,dense,13400896689310720169,7,960,0.070000,hard,shuffled-label,0.225000,32,true
baseline-dense-d1-8-s4,4,dense,15453320347936062484,8,960,0.035000,soft,privileged-intermediate-target,1.000000,32,true
baseline-dense-d1-8-s4,4,dense,15453320347936062484,8,960,0.035000,2.0000,privileged-intermediate-target,1.000000,32,true
baseline-dense-d1-8-s4,4,dense,15453320347936062484,8,960,0.035000,1.0000,privileged-intermediate-target,1.000000,32,true
baseline-dense-d1-8-s4,4,dense,15453320347936062484,8,960,0.035000,hard,privileged-intermediate-target,1.000000,32,true
baseline-dense-d1-8-s4,4,dense,15453320347936062484,8,960,0.035000,soft,shuffled-label,0.120000,32,true
baseline-dense-d1-8-s4,4,dense,15453320347936062484,8,960,0.035000,2.0000,shuffled-label,0.270000,32,true
baseline-dense-d1-8-s4,4,dense,15453320347936062484,8,960,0.035000,1.0000,shuffled-label,0.270000,32,true
baseline-dense-d1-8-s4,4,dense,15453320347936062484,8,960,0.035000,hard,shuffled-label,0.497500,32,true
baseline-dense-d1-8-s4,4,dense,8371261729603450923,8,960,0.035000,soft,privileged-intermediate-target,1.000000,32,true
baseline-dense-d1-8-s4,4,dense,8371261729603450923,8,960,0.035000,2.0000,privileged-intermediate-target,1.000000,32,true
baseline-dense-d1-8-s4,4,dense,8371261729603450923,8,960,0.035000,1.0000,privileged-intermediate-target,1.000000,32,true
baseline-dense-d1-8-s4,4,dense,8371261729603450923,8,960,0.035000,hard,privileged-intermediate-target,1.000000,32,true
baseline-dense-d1-8-s4,4,dense,8371261729603450923,8,960,0.035000,soft,shuffled-label,0.000000,32,true
baseline-dense-d1-8-s4,4,dense,8371261729603450923,8,960,0.035000,2.0000,shuffled-label,0.265000,32,true
baseline-dense-d1-8-s4,4,dense,8371261729603450923,8,960,0.035000,1.0000,shuffled-label,0.265000,32,true
baseline-dense-d1-8-s4,4,dense,8371261729603450923,8,960,0.035000,hard,shuffled-label,0.467500,32,true
baseline-dense-d1-8-s4,4,dense,10584633876018000958,8,960,0.035000,soft,privileged-intermediate-target,1.000000,32,true
baseline-dense-d1-8-s4,4,dense,10584633876018000958,8,960,0.035000,2.0000,privileged-intermediate-target,1.000000,32,true
baseline-dense-d1-8-s4,4,dense,10584633876018000958,8,960,0.035000,1.0000,privileged-intermediate-target,1.000000,32,true
baseline-dense-d1-8-s4,4,dense,10584633876018000958,8,960,0.035000,hard,privileged-intermediate-target,1.000000,32,true
baseline-dense-d1-8-s4,4,dense,10584633876018000958,8,960,0.035000,soft,shuffled-label,0.000000,32,true
baseline-dense-d1-8-s4,4,dense,10584633876018000958,8,960,0.035000,2.0000,shuffled-label,0.242500,32,true
baseline-dense-d1-8-s4,4,dense,10584633876018000958,8,960,0.035000,1.0000,shuffled-label,0.242500,32,true
baseline-dense-d1-8-s4,4,dense,10584633876018000958,8,960,0.035000,hard,shuffled-label,0.500000,32,true
baseline-dense-d1-8-s4,4,dense,3503703373795356757,8,960,0.035000,soft,privileged-intermediate-target,1.000000,32,true
baseline-dense-d1-8-s4,4,dense,3503703373795356757,8,960,0.035000,2.0000,privileged-intermediate-target,1.000000,32,true
baseline-dense-d1-8-s4,4,dense,3503703373795356757,8,960,0.035000,1.0000,privileged-intermediate-target,1.000000,32,true
baseline-dense-d1-8-s4,4,dense,3503703373795356757,8,960,0.035000,hard,privileged-intermediate-target,1.000000,32,true
baseline-dense-d1-8-s4,4,dense,3503703373795356757,8,960,0.035000,soft,shuffled-label,0.000000,32,true
baseline-dense-d1-8-s4,4,dense,3503703373795356757,8,960,0.035000,2.0000,shuffled-label,0.250000,32,true
baseline-dense-d1-8-s4,4,dense,3503703373795356757,8,960,0.035000,1.0000,shuffled-label,0.250000,32,true
baseline-dense-d1-8-s4,4,dense,3503703373795356757,8,960,0.035000,hard,shuffled-label,0.492500,32,true
baseline-dense-d1-8-s4,4,dense,6869996990457277544,8,960,0.035000,soft,privileged-intermediate-target,1.000000,32,true
baseline-dense-d1-8-s4,4,dense,6869996990457277544,8,960,0.035000,2.0000,privileged-intermediate-target,1.000000,32,true
baseline-dense-d1-8-s4,4,dense,6869996990457277544,8,960,0.035000,1.0000,privileged-intermediate-target,1.000000,32,true
baseline-dense-d1-8-s4,4,dense,6869996990457277544,8,960,0.035000,hard,privileged-intermediate-target,1.000000,32,true
baseline-dense-d1-8-s4,4,dense,6869996990457277544,8,960,0.035000,soft,shuffled-label,0.000000,32,true
baseline-dense-d1-8-s4,4,dense,6869996990457277544,8,960,0.035000,2.0000,shuffled-label,0.250000,32,true
baseline-dense-d1-8-s4,4,dense,6869996990457277544,8,960,0.035000,1.0000,shuffled-label,0.250000,32,true
baseline-dense-d1-8-s4,4,dense,6869996990457277544,8,960,0.035000,hard,shuffled-label,0.522500,32,true
baseline-dense-d1-8-s4,4,dense,18234682480328173695,8,960,0.035000,soft,privileged-intermediate-target,1.000000,32,true
baseline-dense-d1-8-s4,4,dense,18234682480328173695,8,960,0.035000,2.0000,privileged-intermediate-target,1.000000,32,true
baseline-dense-d1-8-s4,4,dense,18234682480328173695,8,960,0.035000,1.0000,privileged-intermediate-target,1.000000,32,true
baseline-dense-d1-8-s4,4,dense,18234682480328173695,8,960,0.035000,hard,privileged-intermediate-target,1.000000,32,true
baseline-dense-d1-8-s4,4,dense,18234682480328173695,8,960,0.035000,soft,shuffled-label,0.000000,32,true
baseline-dense-d1-8-s4,4,dense,18234682480328173695,8,960,0.035000,2.0000,shuffled-label,0.265000,32,true
baseline-dense-d1-8-s4,4,dense,18234682480328173695,8,960,0.035000,1.0000,shuffled-label,0.310000,32,true
baseline-dense-d1-8-s4,4,dense,18234682480328173695,8,960,0.035000,hard,shuffled-label,0.470000,32,true
baseline-dense-d1-8-s4,4,dense,2001310518681822354,8,960,0.035000,soft,privileged-intermediate-target,1.000000,32,true
baseline-dense-d1-8-s4,4,dense,2001310518681822354,8,960,0.035000,2.0000,privileged-intermediate-target,1.000000,32,true
baseline-dense-d1-8-s4,4,dense,2001310518681822354,8,960,0.035000,1.0000,privileged-intermediate-target,1.000000,32,true
baseline-dense-d1-8-s4,4,dense,2001310518681822354,8,960,0.035000,hard,privileged-intermediate-target,1.000000,32,true
baseline-dense-d1-8-s4,4,dense,2001310518681822354,8,960,0.035000,soft,shuffled-label,0.000000,32,true
baseline-dense-d1-8-s4,4,dense,2001310518681822354,8,960,0.035000,2.0000,shuffled-label,0.262500,32,true
baseline-dense-d1-8-s4,4,dense,2001310518681822354,8,960,0.035000,1.0000,shuffled-label,0.262500,32,true
baseline-dense-d1-8-s4,4,dense,2001310518681822354,8,960,0.035000,hard,shuffled-label,0.527500,32,true
baseline-dense-d1-8-s4,4,dense,13400896689310720169,8,960,0.035000,soft,privileged-intermediate-target,1.000000,32,true
baseline-dense-d1-8-s4,4,dense,13400896689310720169,8,960,0.035000,2.0000,privileged-intermediate-target,1.000000,32,true
baseline-dense-d1-8-s4,4,dense,13400896689310720169,8,960,0.035000,1.0000,privileged-intermediate-target,1.000000,32,true
baseline-dense-d1-8-s4,4,dense,13400896689310720169,8,960,0.035000,hard,privileged-intermediate-target,1.000000,32,true
baseline-dense-d1-8-s4,4,dense,13400896689310720169,8,960,0.035000,soft,shuffled-label,0.000000,32,true
baseline-dense-d1-8-s4,4,dense,13400896689310720169,8,960,0.035000,2.0000,shuffled-label,0.255000,32,true
baseline-dense-d1-8-s4,4,dense,13400896689310720169,8,960,0.035000,1.0000,shuffled-label,0.255000,32,true
baseline-dense-d1-8-s4,4,dense,13400896689310720169,8,960,0.035000,hard,shuffled-label,0.462500,32,true
baseline-dense-d1-8-s4,4,dense,15453320347936062484,8,960,0.070000,soft,privileged-intermediate-target,1.000000,32,true
baseline-dense-d1-8-s4,4,dense,15453320347936062484,8,960,0.070000,2.0000,privileged-intermediate-target,1.000000,32,true
baseline-dense-d1-8-s4,4,dense,15453320347936062484,8,960,0.070000,1.0000,privileged-intermediate-target,1.000000,32,true
baseline-dense-d1-8-s4,4,dense,15453320347936062484,8,960,0.070000,hard,privileged-intermediate-target,1.000000,32,true
baseline-dense-d1-8-s4,4,dense,15453320347936062484,8,960,0.070000,soft,shuffled-label,0.105000,32,true
baseline-dense-d1-8-s4,4,dense,15453320347936062484,8,960,0.070000,2.0000,shuffled-label,0.255000,32,true
baseline-dense-d1-8-s4,4,dense,15453320347936062484,8,960,0.070000,1.0000,shuffled-label,0.255000,32,true
baseline-dense-d1-8-s4,4,dense,15453320347936062484,8,960,0.070000,hard,shuffled-label,0.302500,32,true
baseline-dense-d1-8-s4,4,dense,8371261729603450923,8,960,0.070000,soft,privileged-intermediate-target,1.000000,32,true
baseline-dense-d1-8-s4,4,dense,8371261729603450923,8,960,0.070000,2.0000,privileged-intermediate-target,1.000000,32,true
baseline-dense-d1-8-s4,4,dense,8371261729603450923,8,960,0.070000,1.0000,privileged-intermediate-target,1.000000,32,true
baseline-dense-d1-8-s4,4,dense,8371261729603450923,8,960,0.070000,hard,privileged-intermediate-target,1.000000,32,true
baseline-dense-d1-8-s4,4,dense,8371261729603450923,8,960,0.070000,soft,shuffled-label,0.307500,32,true
baseline-dense-d1-8-s4,4,dense,8371261729603450923,8,960,0.070000,2.0000,shuffled-label,0.240000,32,true
baseline-dense-d1-8-s4,4,dense,8371261729603450923,8,960,0.070000,1.0000,shuffled-label,0.240000,32,true
baseline-dense-d1-8-s4,4,dense,8371261729603450923,8,960,0.070000,hard,shuffled-label,0.265000,32,true
baseline-dense-d1-8-s4,4,dense,10584633876018000958,8,960,0.070000,soft,privileged-intermediate-target,1.000000,32,true
baseline-dense-d1-8-s4,4,dense,10584633876018000958,8,960,0.070000,2.0000,privileged-intermediate-target,1.000000,32,true
baseline-dense-d1-8-s4,4,dense,10584633876018000958,8,960,0.070000,1.0000,privileged-intermediate-target,1.000000,32,true
baseline-dense-d1-8-s4,4,dense,10584633876018000958,8,960,0.070000,hard,privileged-intermediate-target,1.000000,32,true
baseline-dense-d1-8-s4,4,dense,10584633876018000958,8,960,0.070000,soft,shuffled-label,0.100000,32,true
baseline-dense-d1-8-s4,4,dense,10584633876018000958,8,960,0.070000,2.0000,shuffled-label,0.252500,32,true
baseline-dense-d1-8-s4,4,dense,10584633876018000958,8,960,0.070000,1.0000,shuffled-label,0.252500,32,true
baseline-dense-d1-8-s4,4,dense,10584633876018000958,8,960,0.070000,hard,shuffled-label,0.325000,32,true
baseline-dense-d1-8-s4,4,dense,3503703373795356757,8,960,0.070000,soft,privileged-intermediate-target,1.000000,32,true
baseline-dense-d1-8-s4,4,dense,3503703373795356757,8,960,0.070000,2.0000,privileged-intermediate-target,1.000000,32,true
baseline-dense-d1-8-s4,4,dense,3503703373795356757,8,960,0.070000,1.0000,privileged-intermediate-target,1.000000,32,true
baseline-dense-d1-8-s4,4,dense,3503703373795356757,8,960,0.070000,hard,privileged-intermediate-target,1.000000,32,true
baseline-dense-d1-8-s4,4,dense,3503703373795356757,8,960,0.070000,soft,shuffled-label,0.222500,32,true
baseline-dense-d1-8-s4,4,dense,3503703373795356757,8,960,0.070000,2.0000,shuffled-label,0.237500,32,true
baseline-dense-d1-8-s4,4,dense,3503703373795356757,8,960,0.070000,1.0000,shuffled-label,0.237500,32,true
baseline-dense-d1-8-s4,4,dense,3503703373795356757,8,960,0.070000,hard,shuffled-label,0.267500,32,true
baseline-dense-d1-8-s4,4,dense,6869996990457277544,8,960,0.070000,soft,privileged-intermediate-target,1.000000,32,true
baseline-dense-d1-8-s4,4,dense,6869996990457277544,8,960,0.070000,2.0000,privileged-intermediate-target,1.000000,32,true
baseline-dense-d1-8-s4,4,dense,6869996990457277544,8,960,0.070000,1.0000,privileged-intermediate-target,1.000000,32,true
baseline-dense-d1-8-s4,4,dense,6869996990457277544,8,960,0.070000,hard,privileged-intermediate-target,1.000000,32,true
baseline-dense-d1-8-s4,4,dense,6869996990457277544,8,960,0.070000,soft,shuffled-label,0.152500,32,true
baseline-dense-d1-8-s4,4,dense,6869996990457277544,8,960,0.070000,2.0000,shuffled-label,0.257500,32,true
baseline-dense-d1-8-s4,4,dense,6869996990457277544,8,960,0.070000,1.0000,shuffled-label,0.257500,32,true
baseline-dense-d1-8-s4,4,dense,6869996990457277544,8,960,0.070000,hard,shuffled-label,0.285000,32,true
baseline-dense-d1-8-s4,4,dense,18234682480328173695,8,960,0.070000,soft,privileged-intermediate-target,1.000000,32,true
baseline-dense-d1-8-s4,4,dense,18234682480328173695,8,960,0.070000,2.0000,privileged-intermediate-target,1.000000,32,true
baseline-dense-d1-8-s4,4,dense,18234682480328173695,8,960,0.070000,1.0000,privileged-intermediate-target,1.000000,32,true
baseline-dense-d1-8-s4,4,dense,18234682480328173695,8,960,0.070000,hard,privileged-intermediate-target,1.000000,32,true
baseline-dense-d1-8-s4,4,dense,18234682480328173695,8,960,0.070000,soft,shuffled-label,0.340000,32,true
baseline-dense-d1-8-s4,4,dense,18234682480328173695,8,960,0.070000,2.0000,shuffled-label,0.220000,32,true
baseline-dense-d1-8-s4,4,dense,18234682480328173695,8,960,0.070000,1.0000,shuffled-label,0.220000,32,true
baseline-dense-d1-8-s4,4,dense,18234682480328173695,8,960,0.070000,hard,shuffled-label,0.242500,32,true
baseline-dense-d1-8-s4,4,dense,2001310518681822354,8,960,0.070000,soft,privileged-intermediate-target,1.000000,32,true
baseline-dense-d1-8-s4,4,dense,2001310518681822354,8,960,0.070000,2.0000,privileged-intermediate-target,1.000000,32,true
baseline-dense-d1-8-s4,4,dense,2001310518681822354,8,960,0.070000,1.0000,privileged-intermediate-target,1.000000,32,true
baseline-dense-d1-8-s4,4,dense,2001310518681822354,8,960,0.070000,hard,privileged-intermediate-target,1.000000,32,true
baseline-dense-d1-8-s4,4,dense,2001310518681822354,8,960,0.070000,soft,shuffled-label,0.272500,32,true
baseline-dense-d1-8-s4,4,dense,2001310518681822354,8,960,0.070000,2.0000,shuffled-label,0.272500,32,true
baseline-dense-d1-8-s4,4,dense,2001310518681822354,8,960,0.070000,1.0000,shuffled-label,0.272500,32,true
baseline-dense-d1-8-s4,4,dense,2001310518681822354,8,960,0.070000,hard,shuffled-label,0.272500,32,true
baseline-dense-d1-8-s4,4,dense,13400896689310720169,8,960,0.070000,soft,privileged-intermediate-target,1.000000,32,true
baseline-dense-d1-8-s4,4,dense,13400896689310720169,8,960,0.070000,2.0000,privileged-intermediate-target,1.000000,32,true
baseline-dense-d1-8-s4,4,dense,13400896689310720169,8,960,0.070000,1.0000,privileged-intermediate-target,1.000000,32,true
baseline-dense-d1-8-s4,4,dense,13400896689310720169,8,960,0.070000,hard,privileged-intermediate-target,1.000000,32,true
baseline-dense-d1-8-s4,4,dense,13400896689310720169,8,960,0.070000,soft,shuffled-label,0.187500,32,true
baseline-dense-d1-8-s4,4,dense,13400896689310720169,8,960,0.070000,2.0000,shuffled-label,0.252500,32,true
baseline-dense-d1-8-s4,4,dense,13400896689310720169,8,960,0.070000,1.0000,shuffled-label,0.252500,32,true
baseline-dense-d1-8-s4,4,dense,13400896689310720169,8,960,0.070000,hard,shuffled-label,0.245000,32,true
width-s8-dense-d1-8,8,dense,15453320347936062484,1,240,0.035000,soft,direct-terminal,0.000000,128,true
width-s8-dense-d1-8,8,dense,15453320347936062484,1,240,0.035000,2.0000,direct-terminal,0.000000,128,true
width-s8-dense-d1-8,8,dense,15453320347936062484,1,240,0.035000,1.0000,direct-terminal,0.000000,128,true
width-s8-dense-d1-8,8,dense,15453320347936062484,1,240,0.035000,hard,direct-terminal,0.000000,128,true
width-s8-dense-d1-8,8,dense,8371261729603450923,1,240,0.035000,soft,direct-terminal,0.000000,128,true
width-s8-dense-d1-8,8,dense,8371261729603450923,1,240,0.035000,2.0000,direct-terminal,0.000000,128,true
width-s8-dense-d1-8,8,dense,8371261729603450923,1,240,0.035000,1.0000,direct-terminal,0.000000,128,true
width-s8-dense-d1-8,8,dense,8371261729603450923,1,240,0.035000,hard,direct-terminal,0.000000,128,true
width-s8-dense-d1-8,8,dense,10584633876018000958,1,240,0.035000,soft,direct-terminal,0.000000,128,true
width-s8-dense-d1-8,8,dense,10584633876018000958,1,240,0.035000,2.0000,direct-terminal,0.000000,128,true
width-s8-dense-d1-8,8,dense,10584633876018000958,1,240,0.035000,1.0000,direct-terminal,0.000000,128,true
width-s8-dense-d1-8,8,dense,10584633876018000958,1,240,0.035000,hard,direct-terminal,0.000000,128,true
width-s8-dense-d1-8,8,dense,3503703373795356757,1,240,0.035000,soft,direct-terminal,0.000000,128,true
width-s8-dense-d1-8,8,dense,3503703373795356757,1,240,0.035000,2.0000,direct-terminal,0.000000,128,true
width-s8-dense-d1-8,8,dense,3503703373795356757,1,240,0.035000,1.0000,direct-terminal,0.000000,128,true
width-s8-dense-d1-8,8,dense,3503703373795356757,1,240,0.035000,hard,direct-terminal,0.000000,128,true
width-s8-dense-d1-8,8,dense,6869996990457277544,1,240,0.035000,soft,direct-terminal,0.000000,128,true
width-s8-dense-d1-8,8,dense,6869996990457277544,1,240,0.035000,2.0000,direct-terminal,0.000000,128,true
width-s8-dense-d1-8,8,dense,6869996990457277544,1,240,0.035000,1.0000,direct-terminal,0.000000,128,true
width-s8-dense-d1-8,8,dense,6869996990457277544,1,240,0.035000,hard,direct-terminal,0.000000,128,true
width-s8-dense-d1-8,8,dense,18234682480328173695,1,240,0.035000,soft,direct-terminal,0.000000,128,true
width-s8-dense-d1-8,8,dense,18234682480328173695,1,240,0.035000,2.0000,direct-terminal,0.000000,128,true
width-s8-dense-d1-8,8,dense,18234682480328173695,1,240,0.035000,1.0000,direct-terminal,0.000000,128,true
width-s8-dense-d1-8,8,dense,18234682480328173695,1,240,0.035000,hard,direct-terminal,0.000000,128,true
width-s8-dense-d1-8,8,dense,2001310518681822354,1,240,0.035000,soft,direct-terminal,0.000000,128,true
width-s8-dense-d1-8,8,dense,2001310518681822354,1,240,0.035000,2.0000,direct-terminal,0.000000,128,true
width-s8-dense-d1-8,8,dense,2001310518681822354,1,240,0.035000,1.0000,direct-terminal,0.000000,128,true
width-s8-dense-d1-8,8,dense,2001310518681822354,1,240,0.035000,hard,direct-terminal,0.000000,128,true
width-s8-dense-d1-8,8,dense,13400896689310720169,1,240,0.035000,soft,direct-terminal,0.000000,128,true
width-s8-dense-d1-8,8,dense,13400896689310720169,1,240,0.035000,2.0000,direct-terminal,0.000000,128,true
width-s8-dense-d1-8,8,dense,13400896689310720169,1,240,0.035000,1.0000,direct-terminal,0.000000,128,true
width-s8-dense-d1-8,8,dense,13400896689310720169,1,240,0.035000,hard,direct-terminal,0.000000,128,true
width-s8-dense-d1-8,8,dense,15453320347936062484,1,240,0.070000,soft,direct-terminal,0.760000,128,true
width-s8-dense-d1-8,8,dense,15453320347936062484,1,240,0.070000,2.0000,direct-terminal,0.760000,128,true
width-s8-dense-d1-8,8,dense,15453320347936062484,1,240,0.070000,1.0000,direct-terminal,0.760000,128,true
width-s8-dense-d1-8,8,dense,15453320347936062484,1,240,0.070000,hard,direct-terminal,0.760000,128,true
width-s8-dense-d1-8,8,dense,8371261729603450923,1,240,0.070000,soft,direct-terminal,0.695000,128,true
width-s8-dense-d1-8,8,dense,8371261729603450923,1,240,0.070000,2.0000,direct-terminal,0.695000,128,true
width-s8-dense-d1-8,8,dense,8371261729603450923,1,240,0.070000,1.0000,direct-terminal,0.695000,128,true
width-s8-dense-d1-8,8,dense,8371261729603450923,1,240,0.070000,hard,direct-terminal,0.695000,128,true
width-s8-dense-d1-8,8,dense,10584633876018000958,1,240,0.070000,soft,direct-terminal,0.805000,128,true
width-s8-dense-d1-8,8,dense,10584633876018000958,1,240,0.070000,2.0000,direct-terminal,0.805000,128,true
width-s8-dense-d1-8,8,dense,10584633876018000958,1,240,0.070000,1.0000,direct-terminal,0.805000,128,true
width-s8-dense-d1-8,8,dense,10584633876018000958,1,240,0.070000,hard,direct-terminal,0.805000,128,true
width-s8-dense-d1-8,8,dense,3503703373795356757,1,240,0.070000,soft,direct-terminal,0.817500,128,true
width-s8-dense-d1-8,8,dense,3503703373795356757,1,240,0.070000,2.0000,direct-terminal,0.817500,128,true
width-s8-dense-d1-8,8,dense,3503703373795356757,1,240,0.070000,1.0000,direct-terminal,0.817500,128,true
width-s8-dense-d1-8,8,dense,3503703373795356757,1,240,0.070000,hard,direct-terminal,0.817500,128,true
width-s8-dense-d1-8,8,dense,6869996990457277544,1,240,0.070000,soft,direct-terminal,0.712500,128,true
width-s8-dense-d1-8,8,dense,6869996990457277544,1,240,0.070000,2.0000,direct-terminal,0.712500,128,true
width-s8-dense-d1-8,8,dense,6869996990457277544,1,240,0.070000,1.0000,direct-terminal,0.712500,128,true
width-s8-dense-d1-8,8,dense,6869996990457277544,1,240,0.070000,hard,direct-terminal,0.712500,128,true
width-s8-dense-d1-8,8,dense,18234682480328173695,1,240,0.070000,soft,direct-terminal,0.792500,128,true
width-s8-dense-d1-8,8,dense,18234682480328173695,1,240,0.070000,2.0000,direct-terminal,0.792500,128,true
width-s8-dense-d1-8,8,dense,18234682480328173695,1,240,0.070000,1.0000,direct-terminal,0.792500,128,true
width-s8-dense-d1-8,8,dense,18234682480328173695,1,240,0.070000,hard,direct-terminal,0.792500,128,true
width-s8-dense-d1-8,8,dense,2001310518681822354,1,240,0.070000,soft,direct-terminal,0.670000,128,true
width-s8-dense-d1-8,8,dense,2001310518681822354,1,240,0.070000,2.0000,direct-terminal,0.670000,128,true
width-s8-dense-d1-8,8,dense,2001310518681822354,1,240,0.070000,1.0000,direct-terminal,0.670000,128,true
width-s8-dense-d1-8,8,dense,2001310518681822354,1,240,0.070000,hard,direct-terminal,0.670000,128,true
width-s8-dense-d1-8,8,dense,13400896689310720169,1,240,0.070000,soft,direct-terminal,0.677500,128,true
width-s8-dense-d1-8,8,dense,13400896689310720169,1,240,0.070000,2.0000,direct-terminal,0.677500,128,true
width-s8-dense-d1-8,8,dense,13400896689310720169,1,240,0.070000,1.0000,direct-terminal,0.677500,128,true
width-s8-dense-d1-8,8,dense,13400896689310720169,1,240,0.070000,hard,direct-terminal,0.677500,128,true
width-s8-dense-d1-8,8,dense,15453320347936062484,1,960,0.035000,soft,direct-terminal,1.000000,128,true
width-s8-dense-d1-8,8,dense,15453320347936062484,1,960,0.035000,2.0000,direct-terminal,1.000000,128,true
width-s8-dense-d1-8,8,dense,15453320347936062484,1,960,0.035000,1.0000,direct-terminal,1.000000,128,true
width-s8-dense-d1-8,8,dense,15453320347936062484,1,960,0.035000,hard,direct-terminal,1.000000,128,true
width-s8-dense-d1-8,8,dense,8371261729603450923,1,960,0.035000,soft,direct-terminal,1.000000,128,true
width-s8-dense-d1-8,8,dense,8371261729603450923,1,960,0.035000,2.0000,direct-terminal,1.000000,128,true
width-s8-dense-d1-8,8,dense,8371261729603450923,1,960,0.035000,1.0000,direct-terminal,1.000000,128,true
width-s8-dense-d1-8,8,dense,8371261729603450923,1,960,0.035000,hard,direct-terminal,1.000000,128,true
width-s8-dense-d1-8,8,dense,10584633876018000958,1,960,0.035000,soft,direct-terminal,1.000000,128,true
width-s8-dense-d1-8,8,dense,10584633876018000958,1,960,0.035000,2.0000,direct-terminal,1.000000,128,true
width-s8-dense-d1-8,8,dense,10584633876018000958,1,960,0.035000,1.0000,direct-terminal,1.000000,128,true
width-s8-dense-d1-8,8,dense,10584633876018000958,1,960,0.035000,hard,direct-terminal,1.000000,128,true
width-s8-dense-d1-8,8,dense,3503703373795356757,1,960,0.035000,soft,direct-terminal,1.000000,128,true
width-s8-dense-d1-8,8,dense,3503703373795356757,1,960,0.035000,2.0000,direct-terminal,1.000000,128,true
width-s8-dense-d1-8,8,dense,3503703373795356757,1,960,0.035000,1.0000,direct-terminal,1.000000,128,true
width-s8-dense-d1-8,8,dense,3503703373795356757,1,960,0.035000,hard,direct-terminal,1.000000,128,true
width-s8-dense-d1-8,8,dense,6869996990457277544,1,960,0.035000,soft,direct-terminal,1.000000,128,true
width-s8-dense-d1-8,8,dense,6869996990457277544,1,960,0.035000,2.0000,direct-terminal,1.000000,128,true
width-s8-dense-d1-8,8,dense,6869996990457277544,1,960,0.035000,1.0000,direct-terminal,1.000000,128,true
width-s8-dense-d1-8,8,dense,6869996990457277544,1,960,0.035000,hard,direct-terminal,1.000000,128,true
width-s8-dense-d1-8,8,dense,18234682480328173695,1,960,0.035000,soft,direct-terminal,1.000000,128,true
width-s8-dense-d1-8,8,dense,18234682480328173695,1,960,0.035000,2.0000,direct-terminal,1.000000,128,true
width-s8-dense-d1-8,8,dense,18234682480328173695,1,960,0.035000,1.0000,direct-terminal,1.000000,128,true
width-s8-dense-d1-8,8,dense,18234682480328173695,1,960,0.035000,hard,direct-terminal,1.000000,128,true
width-s8-dense-d1-8,8,dense,2001310518681822354,1,960,0.035000,soft,direct-terminal,1.000000,128,true
width-s8-dense-d1-8,8,dense,2001310518681822354,1,960,0.035000,2.0000,direct-terminal,1.000000,128,true
width-s8-dense-d1-8,8,dense,2001310518681822354,1,960,0.035000,1.0000,direct-terminal,1.000000,128,true
width-s8-dense-d1-8,8,dense,2001310518681822354,1,960,0.035000,hard,direct-terminal,1.000000,128,true
width-s8-dense-d1-8,8,dense,13400896689310720169,1,960,0.035000,soft,direct-terminal,1.000000,128,true
width-s8-dense-d1-8,8,dense,13400896689310720169,1,960,0.035000,2.0000,direct-terminal,1.000000,128,true
width-s8-dense-d1-8,8,dense,13400896689310720169,1,960,0.035000,1.0000,direct-terminal,1.000000,128,true
width-s8-dense-d1-8,8,dense,13400896689310720169,1,960,0.035000,hard,direct-terminal,1.000000,128,true
width-s8-dense-d1-8,8,dense,15453320347936062484,1,960,0.070000,soft,direct-terminal,1.000000,128,true
width-s8-dense-d1-8,8,dense,15453320347936062484,1,960,0.070000,2.0000,direct-terminal,1.000000,128,true
width-s8-dense-d1-8,8,dense,15453320347936062484,1,960,0.070000,1.0000,direct-terminal,1.000000,128,true
width-s8-dense-d1-8,8,dense,15453320347936062484,1,960,0.070000,hard,direct-terminal,1.000000,128,true
width-s8-dense-d1-8,8,dense,8371261729603450923,1,960,0.070000,soft,direct-terminal,1.000000,128,true
width-s8-dense-d1-8,8,dense,8371261729603450923,1,960,0.070000,2.0000,direct-terminal,1.000000,128,true
width-s8-dense-d1-8,8,dense,8371261729603450923,1,960,0.070000,1.0000,direct-terminal,1.000000,128,true
width-s8-dense-d1-8,8,dense,8371261729603450923,1,960,0.070000,hard,direct-terminal,1.000000,128,true
width-s8-dense-d1-8,8,dense,10584633876018000958,1,960,0.070000,soft,direct-terminal,1.000000,128,true
width-s8-dense-d1-8,8,dense,10584633876018000958,1,960,0.070000,2.0000,direct-terminal,1.000000,128,true
width-s8-dense-d1-8,8,dense,10584633876018000958,1,960,0.070000,1.0000,direct-terminal,1.000000,128,true
width-s8-dense-d1-8,8,dense,10584633876018000958,1,960,0.070000,hard,direct-terminal,1.000000,128,true
width-s8-dense-d1-8,8,dense,3503703373795356757,1,960,0.070000,soft,direct-terminal,1.000000,128,true
width-s8-dense-d1-8,8,dense,3503703373795356757,1,960,0.070000,2.0000,direct-terminal,1.000000,128,true
width-s8-dense-d1-8,8,dense,3503703373795356757,1,960,0.070000,1.0000,direct-terminal,1.000000,128,true
width-s8-dense-d1-8,8,dense,3503703373795356757,1,960,0.070000,hard,direct-terminal,1.000000,128,true
width-s8-dense-d1-8,8,dense,6869996990457277544,1,960,0.070000,soft,direct-terminal,1.000000,128,true
width-s8-dense-d1-8,8,dense,6869996990457277544,1,960,0.070000,2.0000,direct-terminal,1.000000,128,true
width-s8-dense-d1-8,8,dense,6869996990457277544,1,960,0.070000,1.0000,direct-terminal,1.000000,128,true
width-s8-dense-d1-8,8,dense,6869996990457277544,1,960,0.070000,hard,direct-terminal,1.000000,128,true
width-s8-dense-d1-8,8,dense,18234682480328173695,1,960,0.070000,soft,direct-terminal,1.000000,128,true
width-s8-dense-d1-8,8,dense,18234682480328173695,1,960,0.070000,2.0000,direct-terminal,1.000000,128,true
width-s8-dense-d1-8,8,dense,18234682480328173695,1,960,0.070000,1.0000,direct-terminal,1.000000,128,true
width-s8-dense-d1-8,8,dense,18234682480328173695,1,960,0.070000,hard,direct-terminal,1.000000,128,true
width-s8-dense-d1-8,8,dense,2001310518681822354,1,960,0.070000,soft,direct-terminal,1.000000,128,true
width-s8-dense-d1-8,8,dense,2001310518681822354,1,960,0.070000,2.0000,direct-terminal,1.000000,128,true
width-s8-dense-d1-8,8,dense,2001310518681822354,1,960,0.070000,1.0000,direct-terminal,1.000000,128,true
width-s8-dense-d1-8,8,dense,2001310518681822354,1,960,0.070000,hard,direct-terminal,1.000000,128,true
width-s8-dense-d1-8,8,dense,13400896689310720169,1,960,0.070000,soft,direct-terminal,1.000000,128,true
width-s8-dense-d1-8,8,dense,13400896689310720169,1,960,0.070000,2.0000,direct-terminal,1.000000,128,true
width-s8-dense-d1-8,8,dense,13400896689310720169,1,960,0.070000,1.0000,direct-terminal,1.000000,128,true
width-s8-dense-d1-8,8,dense,13400896689310720169,1,960,0.070000,hard,direct-terminal,1.000000,128,true
width-s8-dense-d1-8,8,dense,15453320347936062484,2,240,0.035000,soft,direct-terminal,0.415000,128,true
width-s8-dense-d1-8,8,dense,15453320347936062484,2,240,0.035000,2.0000,direct-terminal,0.347500,128,true
width-s8-dense-d1-8,8,dense,15453320347936062484,2,240,0.035000,1.0000,direct-terminal,0.337500,128,true
width-s8-dense-d1-8,8,dense,15453320347936062484,2,240,0.035000,hard,direct-terminal,0.127500,128,true
width-s8-dense-d1-8,8,dense,8371261729603450923,2,240,0.035000,soft,direct-terminal,0.210000,128,true
width-s8-dense-d1-8,8,dense,8371261729603450923,2,240,0.035000,2.0000,direct-terminal,0.235000,128,true
width-s8-dense-d1-8,8,dense,8371261729603450923,2,240,0.035000,1.0000,direct-terminal,0.200000,128,true
width-s8-dense-d1-8,8,dense,8371261729603450923,2,240,0.035000,hard,direct-terminal,0.122500,128,true
width-s8-dense-d1-8,8,dense,10584633876018000958,2,240,0.035000,soft,direct-terminal,0.302500,128,true
width-s8-dense-d1-8,8,dense,10584633876018000958,2,240,0.035000,2.0000,direct-terminal,0.350000,128,true
width-s8-dense-d1-8,8,dense,10584633876018000958,2,240,0.035000,1.0000,direct-terminal,0.217500,128,true
width-s8-dense-d1-8,8,dense,10584633876018000958,2,240,0.035000,hard,direct-terminal,0.120000,128,true
width-s8-dense-d1-8,8,dense,3503703373795356757,2,240,0.035000,soft,direct-terminal,0.190000,128,true
width-s8-dense-d1-8,8,dense,3503703373795356757,2,240,0.035000,2.0000,direct-terminal,0.325000,128,true
width-s8-dense-d1-8,8,dense,3503703373795356757,2,240,0.035000,1.0000,direct-terminal,0.292500,128,true
width-s8-dense-d1-8,8,dense,3503703373795356757,2,240,0.035000,hard,direct-terminal,0.112500,128,true
width-s8-dense-d1-8,8,dense,6869996990457277544,2,240,0.035000,soft,direct-terminal,0.347500,128,true
width-s8-dense-d1-8,8,dense,6869996990457277544,2,240,0.035000,2.0000,direct-terminal,0.410000,128,true
width-s8-dense-d1-8,8,dense,6869996990457277544,2,240,0.035000,1.0000,direct-terminal,0.415000,128,true
width-s8-dense-d1-8,8,dense,6869996990457277544,2,240,0.035000,hard,direct-terminal,0.125000,128,true
width-s8-dense-d1-8,8,dense,18234682480328173695,2,240,0.035000,soft,direct-terminal,0.282500,128,true
width-s8-dense-d1-8,8,dense,18234682480328173695,2,240,0.035000,2.0000,direct-terminal,0.325000,128,true
width-s8-dense-d1-8,8,dense,18234682480328173695,2,240,0.035000,1.0000,direct-terminal,0.282500,128,true
width-s8-dense-d1-8,8,dense,18234682480328173695,2,240,0.035000,hard,direct-terminal,0.190000,128,true
width-s8-dense-d1-8,8,dense,2001310518681822354,2,240,0.035000,soft,direct-terminal,0.297500,128,true
width-s8-dense-d1-8,8,dense,2001310518681822354,2,240,0.035000,2.0000,direct-terminal,0.380000,128,true
width-s8-dense-d1-8,8,dense,2001310518681822354,2,240,0.035000,1.0000,direct-terminal,0.292500,128,true
width-s8-dense-d1-8,8,dense,2001310518681822354,2,240,0.035000,hard,direct-terminal,0.107500,128,true
width-s8-dense-d1-8,8,dense,13400896689310720169,2,240,0.035000,soft,direct-terminal,0.262500,128,true
width-s8-dense-d1-8,8,dense,13400896689310720169,2,240,0.035000,2.0000,direct-terminal,0.255000,128,true
width-s8-dense-d1-8,8,dense,13400896689310720169,2,240,0.035000,1.0000,direct-terminal,0.262500,128,true
width-s8-dense-d1-8,8,dense,13400896689310720169,2,240,0.035000,hard,direct-terminal,0.135000,128,true
width-s8-dense-d1-8,8,dense,15453320347936062484,2,240,0.070000,soft,direct-terminal,0.537500,128,true
width-s8-dense-d1-8,8,dense,15453320347936062484,2,240,0.070000,2.0000,direct-terminal,0.425000,128,true
width-s8-dense-d1-8,8,dense,15453320347936062484,2,240,0.070000,1.0000,direct-terminal,0.447500,128,true
width-s8-dense-d1-8,8,dense,15453320347936062484,2,240,0.070000,hard,direct-terminal,0.197500,128,true
width-s8-dense-d1-8,8,dense,8371261729603450923,2,240,0.070000,soft,direct-terminal,0.407500,128,true
width-s8-dense-d1-8,8,dense,8371261729603450923,2,240,0.070000,2.0000,direct-terminal,0.480000,128,true
width-s8-dense-d1-8,8,dense,8371261729603450923,2,240,0.070000,1.0000,direct-terminal,0.400000,128,true
width-s8-dense-d1-8,8,dense,8371261729603450923,2,240,0.070000,hard,direct-terminal,0.127500,128,true
width-s8-dense-d1-8,8,dense,10584633876018000958,2,240,0.070000,soft,direct-terminal,0.452500,128,true
width-s8-dense-d1-8,8,dense,10584633876018000958,2,240,0.070000,2.0000,direct-terminal,0.470000,128,true
width-s8-dense-d1-8,8,dense,10584633876018000958,2,240,0.070000,1.0000,direct-terminal,0.522500,128,true
width-s8-dense-d1-8,8,dense,10584633876018000958,2,240,0.070000,hard,direct-terminal,0.222500,128,true
width-s8-dense-d1-8,8,dense,3503703373795356757,2,240,0.070000,soft,direct-terminal,0.522500,128,true
width-s8-dense-d1-8,8,dense,3503703373795356757,2,240,0.070000,2.0000,direct-terminal,0.450000,128,true
width-s8-dense-d1-8,8,dense,3503703373795356757,2,240,0.070000,1.0000,direct-terminal,0.482500,128,true
width-s8-dense-d1-8,8,dense,3503703373795356757,2,240,0.070000,hard,direct-terminal,0.172500,128,true
width-s8-dense-d1-8,8,dense,6869996990457277544,2,240,0.070000,soft,direct-terminal,0.490000,128,true
width-s8-dense-d1-8,8,dense,6869996990457277544,2,240,0.070000,2.0000,direct-terminal,0.382500,128,true
width-s8-dense-d1-8,8,dense,6869996990457277544,2,240,0.070000,1.0000,direct-terminal,0.427500,128,true
width-s8-dense-d1-8,8,dense,6869996990457277544,2,240,0.070000,hard,direct-terminal,0.250000,128,true
width-s8-dense-d1-8,8,dense,18234682480328173695,2,240,0.070000,soft,direct-terminal,0.475000,128,true
width-s8-dense-d1-8,8,dense,18234682480328173695,2,240,0.070000,2.0000,direct-terminal,0.465000,128,true
width-s8-dense-d1-8,8,dense,18234682480328173695,2,240,0.070000,1.0000,direct-terminal,0.412500,128,true
width-s8-dense-d1-8,8,dense,18234682480328173695,2,240,0.070000,hard,direct-terminal,0.252500,128,true
width-s8-dense-d1-8,8,dense,2001310518681822354,2,240,0.070000,soft,direct-terminal,0.452500,128,true
width-s8-dense-d1-8,8,dense,2001310518681822354,2,240,0.070000,2.0000,direct-terminal,0.435000,128,true
width-s8-dense-d1-8,8,dense,2001310518681822354,2,240,0.070000,1.0000,direct-terminal,0.485000,128,true
width-s8-dense-d1-8,8,dense,2001310518681822354,2,240,0.070000,hard,direct-terminal,0.232500,128,true
width-s8-dense-d1-8,8,dense,13400896689310720169,2,240,0.070000,soft,direct-terminal,0.532500,128,true
width-s8-dense-d1-8,8,dense,13400896689310720169,2,240,0.070000,2.0000,direct-terminal,0.422500,128,true
width-s8-dense-d1-8,8,dense,13400896689310720169,2,240,0.070000,1.0000,direct-terminal,0.490000,128,true
width-s8-dense-d1-8,8,dense,13400896689310720169,2,240,0.070000,hard,direct-terminal,0.282500,128,true
width-s8-dense-d1-8,8,dense,15453320347936062484,2,960,0.035000,soft,direct-terminal,0.665000,128,true
width-s8-dense-d1-8,8,dense,15453320347936062484,2,960,0.035000,2.0000,direct-terminal,0.490000,128,true
width-s8-dense-d1-8,8,dense,15453320347936062484,2,960,0.035000,1.0000,direct-terminal,0.517500,128,true
width-s8-dense-d1-8,8,dense,15453320347936062484,2,960,0.035000,hard,direct-terminal,0.312500,128,true
width-s8-dense-d1-8,8,dense,8371261729603450923,2,960,0.035000,soft,direct-terminal,0.612500,128,true
width-s8-dense-d1-8,8,dense,8371261729603450923,2,960,0.035000,2.0000,direct-terminal,0.620000,128,true
width-s8-dense-d1-8,8,dense,8371261729603450923,2,960,0.035000,1.0000,direct-terminal,0.525000,128,true
width-s8-dense-d1-8,8,dense,8371261729603450923,2,960,0.035000,hard,direct-terminal,0.275000,128,true
width-s8-dense-d1-8,8,dense,10584633876018000958,2,960,0.035000,soft,direct-terminal,0.640000,128,true
width-s8-dense-d1-8,8,dense,10584633876018000958,2,960,0.035000,2.0000,direct-terminal,0.515000,128,true
width-s8-dense-d1-8,8,dense,10584633876018000958,2,960,0.035000,1.0000,direct-terminal,0.617500,128,true
width-s8-dense-d1-8,8,dense,10584633876018000958,2,960,0.035000,hard,direct-terminal,0.275000,128,true
width-s8-dense-d1-8,8,dense,3503703373795356757,2,960,0.035000,soft,direct-terminal,0.722500,128,true
width-s8-dense-d1-8,8,dense,3503703373795356757,2,960,0.035000,2.0000,direct-terminal,0.552500,128,true
width-s8-dense-d1-8,8,dense,3503703373795356757,2,960,0.035000,1.0000,direct-terminal,0.585000,128,true
width-s8-dense-d1-8,8,dense,3503703373795356757,2,960,0.035000,hard,direct-terminal,0.290000,128,true
width-s8-dense-d1-8,8,dense,6869996990457277544,2,960,0.035000,soft,direct-terminal,0.750000,128,true
width-s8-dense-d1-8,8,dense,6869996990457277544,2,960,0.035000,2.0000,direct-terminal,0.682500,128,true
width-s8-dense-d1-8,8,dense,6869996990457277544,2,960,0.035000,1.0000,direct-terminal,0.670000,128,true
width-s8-dense-d1-8,8,dense,6869996990457277544,2,960,0.035000,hard,direct-terminal,0.320000,128,true
width-s8-dense-d1-8,8,dense,18234682480328173695,2,960,0.035000,soft,direct-terminal,0.640000,128,true
width-s8-dense-d1-8,8,dense,18234682480328173695,2,960,0.035000,2.0000,direct-terminal,0.605000,128,true
width-s8-dense-d1-8,8,dense,18234682480328173695,2,960,0.035000,1.0000,direct-terminal,0.587500,128,true
width-s8-dense-d1-8,8,dense,18234682480328173695,2,960,0.035000,hard,direct-terminal,0.352500,128,true
width-s8-dense-d1-8,8,dense,2001310518681822354,2,960,0.035000,soft,direct-terminal,0.752500,128,true
width-s8-dense-d1-8,8,dense,2001310518681822354,2,960,0.035000,2.0000,direct-terminal,0.542500,128,true
width-s8-dense-d1-8,8,dense,2001310518681822354,2,960,0.035000,1.0000,direct-terminal,0.585000,128,true
width-s8-dense-d1-8,8,dense,2001310518681822354,2,960,0.035000,hard,direct-terminal,0.355000,128,true
width-s8-dense-d1-8,8,dense,13400896689310720169,2,960,0.035000,soft,direct-terminal,0.757500,128,true
width-s8-dense-d1-8,8,dense,13400896689310720169,2,960,0.035000,2.0000,direct-terminal,0.557500,128,true
width-s8-dense-d1-8,8,dense,13400896689310720169,2,960,0.035000,1.0000,direct-terminal,0.647500,128,true
width-s8-dense-d1-8,8,dense,13400896689310720169,2,960,0.035000,hard,direct-terminal,0.285000,128,true
width-s8-dense-d1-8,8,dense,15453320347936062484,2,960,0.070000,soft,direct-terminal,0.877500,128,true
width-s8-dense-d1-8,8,dense,15453320347936062484,2,960,0.070000,2.0000,direct-terminal,0.455000,128,true
width-s8-dense-d1-8,8,dense,15453320347936062484,2,960,0.070000,1.0000,direct-terminal,0.517500,128,true
width-s8-dense-d1-8,8,dense,15453320347936062484,2,960,0.070000,hard,direct-terminal,0.275000,128,true
width-s8-dense-d1-8,8,dense,8371261729603450923,2,960,0.070000,soft,direct-terminal,0.972500,128,true
width-s8-dense-d1-8,8,dense,8371261729603450923,2,960,0.070000,2.0000,direct-terminal,0.572500,128,true
width-s8-dense-d1-8,8,dense,8371261729603450923,2,960,0.070000,1.0000,direct-terminal,0.640000,128,true
width-s8-dense-d1-8,8,dense,8371261729603450923,2,960,0.070000,hard,direct-terminal,0.325000,128,true
width-s8-dense-d1-8,8,dense,10584633876018000958,2,960,0.070000,soft,direct-terminal,0.917500,128,true
width-s8-dense-d1-8,8,dense,10584633876018000958,2,960,0.070000,2.0000,direct-terminal,0.687500,128,true
width-s8-dense-d1-8,8,dense,10584633876018000958,2,960,0.070000,1.0000,direct-terminal,0.715000,128,true
width-s8-dense-d1-8,8,dense,10584633876018000958,2,960,0.070000,hard,direct-terminal,0.275000,128,true
width-s8-dense-d1-8,8,dense,3503703373795356757,2,960,0.070000,soft,direct-terminal,0.970000,128,true
width-s8-dense-d1-8,8,dense,3503703373795356757,2,960,0.070000,2.0000,direct-terminal,0.712500,128,true
width-s8-dense-d1-8,8,dense,3503703373795356757,2,960,0.070000,1.0000,direct-terminal,0.762500,128,true
width-s8-dense-d1-8,8,dense,3503703373795356757,2,960,0.070000,hard,direct-terminal,0.297500,128,true
width-s8-dense-d1-8,8,dense,6869996990457277544,2,960,0.070000,soft,direct-terminal,0.927500,128,true
width-s8-dense-d1-8,8,dense,6869996990457277544,2,960,0.070000,2.0000,direct-terminal,0.695000,128,true
width-s8-dense-d1-8,8,dense,6869996990457277544,2,960,0.070000,1.0000,direct-terminal,0.655000,128,true
width-s8-dense-d1-8,8,dense,6869996990457277544,2,960,0.070000,hard,direct-terminal,0.265000,128,true
width-s8-dense-d1-8,8,dense,18234682480328173695,2,960,0.070000,soft,direct-terminal,1.000000,128,true
width-s8-dense-d1-8,8,dense,18234682480328173695,2,960,0.070000,2.0000,direct-terminal,0.867500,128,true
width-s8-dense-d1-8,8,dense,18234682480328173695,2,960,0.070000,1.0000,direct-terminal,0.857500,128,true
width-s8-dense-d1-8,8,dense,18234682480328173695,2,960,0.070000,hard,direct-terminal,0.352500,128,true
width-s8-dense-d1-8,8,dense,2001310518681822354,2,960,0.070000,soft,direct-terminal,1.000000,128,true
width-s8-dense-d1-8,8,dense,2001310518681822354,2,960,0.070000,2.0000,direct-terminal,0.817500,128,true
width-s8-dense-d1-8,8,dense,2001310518681822354,2,960,0.070000,1.0000,direct-terminal,0.742500,128,true
width-s8-dense-d1-8,8,dense,2001310518681822354,2,960,0.070000,hard,direct-terminal,0.347500,128,true
width-s8-dense-d1-8,8,dense,13400896689310720169,2,960,0.070000,soft,direct-terminal,1.000000,128,true
width-s8-dense-d1-8,8,dense,13400896689310720169,2,960,0.070000,2.0000,direct-terminal,0.955000,128,true
width-s8-dense-d1-8,8,dense,13400896689310720169,2,960,0.070000,1.0000,direct-terminal,0.957500,128,true
width-s8-dense-d1-8,8,dense,13400896689310720169,2,960,0.070000,hard,direct-terminal,0.342500,128,true
width-s8-dense-d1-8,8,dense,15453320347936062484,3,240,0.035000,soft,direct-terminal,0.415000,128,true
width-s8-dense-d1-8,8,dense,15453320347936062484,3,240,0.035000,2.0000,direct-terminal,0.142500,128,true
width-s8-dense-d1-8,8,dense,15453320347936062484,3,240,0.035000,1.0000,direct-terminal,0.152500,128,true
width-s8-dense-d1-8,8,dense,15453320347936062484,3,240,0.035000,hard,direct-terminal,0.000000,128,true
width-s8-dense-d1-8,8,dense,8371261729603450923,3,240,0.035000,soft,direct-terminal,0.435000,128,true
width-s8-dense-d1-8,8,dense,8371261729603450923,3,240,0.035000,2.0000,direct-terminal,0.107500,128,true
width-s8-dense-d1-8,8,dense,8371261729603450923,3,240,0.035000,1.0000,direct-terminal,0.140000,128,true
width-s8-dense-d1-8,8,dense,8371261729603450923,3,240,0.035000,hard,direct-terminal,0.000000,128,true
width-s8-dense-d1-8,8,dense,10584633876018000958,3,240,0.035000,soft,direct-terminal,0.390000,128,true
width-s8-dense-d1-8,8,dense,10584633876018000958,3,240,0.035000,2.0000,direct-terminal,0.087500,128,true
width-s8-dense-d1-8,8,dense,10584633876018000958,3,240,0.035000,1.0000,direct-terminal,0.215000,128,true
width-s8-dense-d1-8,8,dense,10584633876018000958,3,240,0.035000,hard,direct-terminal,0.000000,128,true
width-s8-dense-d1-8,8,dense,3503703373795356757,3,240,0.035000,soft,direct-terminal,0.467500,128,true
width-s8-dense-d1-8,8,dense,3503703373795356757,3,240,0.035000,2.0000,direct-terminal,0.152500,128,true
width-s8-dense-d1-8,8,dense,3503703373795356757,3,240,0.035000,1.0000,direct-terminal,0.210000,128,true
width-s8-dense-d1-8,8,dense,3503703373795356757,3,240,0.035000,hard,direct-terminal,0.000000,128,true
width-s8-dense-d1-8,8,dense,6869996990457277544,3,240,0.035000,soft,direct-terminal,0.417500,128,true
width-s8-dense-d1-8,8,dense,6869996990457277544,3,240,0.035000,2.0000,direct-terminal,0.147500,128,true
width-s8-dense-d1-8,8,dense,6869996990457277544,3,240,0.035000,1.0000,direct-terminal,0.200000,128,true
width-s8-dense-d1-8,8,dense,6869996990457277544,3,240,0.035000,hard,direct-terminal,0.000000,128,true
width-s8-dense-d1-8,8,dense,18234682480328173695,3,240,0.035000,soft,direct-terminal,0.425000,128,true
width-s8-dense-d1-8,8,dense,18234682480328173695,3,240,0.035000,2.0000,direct-terminal,0.122500,128,true
width-s8-dense-d1-8,8,dense,18234682480328173695,3,240,0.035000,1.0000,direct-terminal,0.165000,128,true
width-s8-dense-d1-8,8,dense,18234682480328173695,3,240,0.035000,hard,direct-terminal,0.000000,128,true
width-s8-dense-d1-8,8,dense,2001310518681822354,3,240,0.035000,soft,direct-terminal,0.432500,128,true
width-s8-dense-d1-8,8,dense,2001310518681822354,3,240,0.035000,2.0000,direct-terminal,0.145000,128,true
width-s8-dense-d1-8,8,dense,2001310518681822354,3,240,0.035000,1.0000,direct-terminal,0.147500,128,true
width-s8-dense-d1-8,8,dense,2001310518681822354,3,240,0.035000,hard,direct-terminal,0.000000,128,true
width-s8-dense-d1-8,8,dense,13400896689310720169,3,240,0.035000,soft,direct-terminal,0.465000,128,true
width-s8-dense-d1-8,8,dense,13400896689310720169,3,240,0.035000,2.0000,direct-terminal,0.115000,128,true
width-s8-dense-d1-8,8,dense,13400896689310720169,3,240,0.035000,1.0000,direct-terminal,0.167500,128,true
width-s8-dense-d1-8,8,dense,13400896689310720169,3,240,0.035000,hard,direct-terminal,0.000000,128,true
width-s8-dense-d1-8,8,dense,15453320347936062484,3,240,0.070000,soft,direct-terminal,0.540000,128,true
width-s8-dense-d1-8,8,dense,15453320347936062484,3,240,0.070000,2.0000,direct-terminal,0.142500,128,true
width-s8-dense-d1-8,8,dense,15453320347936062484,3,240,0.070000,1.0000,direct-terminal,0.142500,128,true
width-s8-dense-d1-8,8,dense,15453320347936062484,3,240,0.070000,hard,direct-terminal,0.000000,128,true
width-s8-dense-d1-8,8,dense,8371261729603450923,3,240,0.070000,soft,direct-terminal,0.667500,128,true
width-s8-dense-d1-8,8,dense,8371261729603450923,3,240,0.070000,2.0000,direct-terminal,0.135000,128,true
width-s8-dense-d1-8,8,dense,8371261729603450923,3,240,0.070000,1.0000,direct-terminal,0.215000,128,true
width-s8-dense-d1-8,8,dense,8371261729603450923,3,240,0.070000,hard,direct-terminal,0.022500,128,true
width-s8-dense-d1-8,8,dense,10584633876018000958,3,240,0.070000,soft,direct-terminal,0.567500,128,true
width-s8-dense-d1-8,8,dense,10584633876018000958,3,240,0.070000,2.0000,direct-terminal,0.150000,128,true
width-s8-dense-d1-8,8,dense,10584633876018000958,3,240,0.070000,1.0000,direct-terminal,0.245000,128,true
width-s8-dense-d1-8,8,dense,10584633876018000958,3,240,0.070000,hard,direct-terminal,0.030000,128,true
width-s8-dense-d1-8,8,dense,3503703373795356757,3,240,0.070000,soft,direct-terminal,0.747500,128,true
width-s8-dense-d1-8,8,dense,3503703373795356757,3,240,0.070000,2.0000,direct-terminal,0.225000,128,true
width-s8-dense-d1-8,8,dense,3503703373795356757,3,240,0.070000,1.0000,direct-terminal,0.252500,128,true
width-s8-dense-d1-8,8,dense,3503703373795356757,3,240,0.070000,hard,direct-terminal,0.055000,128,true
width-s8-dense-d1-8,8,dense,6869996990457277544,3,240,0.070000,soft,direct-terminal,0.760000,128,true
width-s8-dense-d1-8,8,dense,6869996990457277544,3,240,0.070000,2.0000,direct-terminal,0.175000,128,true
width-s8-dense-d1-8,8,dense,6869996990457277544,3,240,0.070000,1.0000,direct-terminal,0.217500,128,true
width-s8-dense-d1-8,8,dense,6869996990457277544,3,240,0.070000,hard,direct-terminal,0.067500,128,true
width-s8-dense-d1-8,8,dense,18234682480328173695,3,240,0.070000,soft,direct-terminal,0.665000,128,true
width-s8-dense-d1-8,8,dense,18234682480328173695,3,240,0.070000,2.0000,direct-terminal,0.125000,128,true
width-s8-dense-d1-8,8,dense,18234682480328173695,3,240,0.070000,1.0000,direct-terminal,0.337500,128,true
width-s8-dense-d1-8,8,dense,18234682480328173695,3,240,0.070000,hard,direct-terminal,0.042500,128,true
width-s8-dense-d1-8,8,dense,2001310518681822354,3,240,0.070000,soft,direct-terminal,0.657500,128,true
width-s8-dense-d1-8,8,dense,2001310518681822354,3,240,0.070000,2.0000,direct-terminal,0.302500,128,true
width-s8-dense-d1-8,8,dense,2001310518681822354,3,240,0.070000,1.0000,direct-terminal,0.355000,128,true
width-s8-dense-d1-8,8,dense,2001310518681822354,3,240,0.070000,hard,direct-terminal,0.080000,128,true
width-s8-dense-d1-8,8,dense,13400896689310720169,3,240,0.070000,soft,direct-terminal,0.670000,128,true
width-s8-dense-d1-8,8,dense,13400896689310720169,3,240,0.070000,2.0000,direct-terminal,0.195000,128,true
width-s8-dense-d1-8,8,dense,13400896689310720169,3,240,0.070000,1.0000,direct-terminal,0.242500,128,true
width-s8-dense-d1-8,8,dense,13400896689310720169,3,240,0.070000,hard,direct-terminal,0.047500,128,true
width-s8-dense-d1-8,8,dense,15453320347936062484,3,960,0.035000,soft,direct-terminal,1.000000,128,true
width-s8-dense-d1-8,8,dense,15453320347936062484,3,960,0.035000,2.0000,direct-terminal,0.265000,128,true
width-s8-dense-d1-8,8,dense,15453320347936062484,3,960,0.035000,1.0000,direct-terminal,0.307500,128,true
width-s8-dense-d1-8,8,dense,15453320347936062484,3,960,0.035000,hard,direct-terminal,0.087500,128,true
width-s8-dense-d1-8,8,dense,8371261729603450923,3,960,0.035000,soft,direct-terminal,1.000000,128,true
width-s8-dense-d1-8,8,dense,8371261729603450923,3,960,0.035000,2.0000,direct-terminal,0.252500,128,true
width-s8-dense-d1-8,8,dense,8371261729603450923,3,960,0.035000,1.0000,direct-terminal,0.445000,128,true
width-s8-dense-d1-8,8,dense,8371261729603450923,3,960,0.035000,hard,direct-terminal,0.070000,128,true
width-s8-dense-d1-8,8,dense,10584633876018000958,3,960,0.035000,soft,direct-terminal,1.000000,128,true
width-s8-dense-d1-8,8,dense,10584633876018000958,3,960,0.035000,2.0000,direct-terminal,0.297500,128,true
width-s8-dense-d1-8,8,dense,10584633876018000958,3,960,0.035000,1.0000,direct-terminal,0.580000,128,true
width-s8-dense-d1-8,8,dense,10584633876018000958,3,960,0.035000,hard,direct-terminal,0.120000,128,true
width-s8-dense-d1-8,8,dense,3503703373795356757,3,960,0.035000,soft,direct-terminal,1.000000,128,true
width-s8-dense-d1-8,8,dense,3503703373795356757,3,960,0.035000,2.0000,direct-terminal,0.175000,128,true
width-s8-dense-d1-8,8,dense,3503703373795356757,3,960,0.035000,1.0000,direct-terminal,0.422500,128,true
width-s8-dense-d1-8,8,dense,3503703373795356757,3,960,0.035000,hard,direct-terminal,0.085000,128,true
width-s8-dense-d1-8,8,dense,6869996990457277544,3,960,0.035000,soft,direct-terminal,1.000000,128,true
width-s8-dense-d1-8,8,dense,6869996990457277544,3,960,0.035000,2.0000,direct-terminal,0.135000,128,true
width-s8-dense-d1-8,8,dense,6869996990457277544,3,960,0.035000,1.0000,direct-terminal,0.420000,128,true
width-s8-dense-d1-8,8,dense,6869996990457277544,3,960,0.035000,hard,direct-terminal,0.112500,128,true
width-s8-dense-d1-8,8,dense,18234682480328173695,3,960,0.035000,soft,direct-terminal,1.000000,128,true
width-s8-dense-d1-8,8,dense,18234682480328173695,3,960,0.035000,2.0000,direct-terminal,0.345000,128,true
width-s8-dense-d1-8,8,dense,18234682480328173695,3,960,0.035000,1.0000,direct-terminal,0.695000,128,true
width-s8-dense-d1-8,8,dense,18234682480328173695,3,960,0.035000,hard,direct-terminal,0.115000,128,true
width-s8-dense-d1-8,8,dense,2001310518681822354,3,960,0.035000,soft,direct-terminal,1.000000,128,true
width-s8-dense-d1-8,8,dense,2001310518681822354,3,960,0.035000,2.0000,direct-terminal,0.240000,128,true
width-s8-dense-d1-8,8,dense,2001310518681822354,3,960,0.035000,1.0000,direct-terminal,0.505000,128,true
width-s8-dense-d1-8,8,dense,2001310518681822354,3,960,0.035000,hard,direct-terminal,0.000000,128,true
width-s8-dense-d1-8,8,dense,13400896689310720169,3,960,0.035000,soft,direct-terminal,1.000000,128,true
width-s8-dense-d1-8,8,dense,13400896689310720169,3,960,0.035000,2.0000,direct-terminal,0.225000,128,true
width-s8-dense-d1-8,8,dense,13400896689310720169,3,960,0.035000,1.0000,direct-terminal,0.415000,128,true
width-s8-dense-d1-8,8,dense,13400896689310720169,3,960,0.035000,hard,direct-terminal,0.085000,128,true
width-s8-dense-d1-8,8,dense,15453320347936062484,3,960,0.070000,soft,direct-terminal,1.000000,128,true
width-s8-dense-d1-8,8,dense,15453320347936062484,3,960,0.070000,2.0000,direct-terminal,0.200000,128,true
width-s8-dense-d1-8,8,dense,15453320347936062484,3,960,0.070000,1.0000,direct-terminal,0.340000,128,true
width-s8-dense-d1-8,8,dense,15453320347936062484,3,960,0.070000,hard,direct-terminal,0.067500,128,true
width-s8-dense-d1-8,8,dense,8371261729603450923,3,960,0.070000,soft,direct-terminal,1.000000,128,true
width-s8-dense-d1-8,8,dense,8371261729603450923,3,960,0.070000,2.0000,direct-terminal,0.112500,128,true
width-s8-dense-d1-8,8,dense,8371261729603450923,3,960,0.070000,1.0000,direct-terminal,0.342500,128,true
width-s8-dense-d1-8,8,dense,8371261729603450923,3,960,0.070000,hard,direct-terminal,0.097500,128,true
width-s8-dense-d1-8,8,dense,10584633876018000958,3,960,0.070000,soft,direct-terminal,1.000000,128,true
width-s8-dense-d1-8,8,dense,10584633876018000958,3,960,0.070000,2.0000,direct-terminal,0.150000,128,true
width-s8-dense-d1-8,8,dense,10584633876018000958,3,960,0.070000,1.0000,direct-terminal,0.625000,128,true
width-s8-dense-d1-8,8,dense,10584633876018000958,3,960,0.070000,hard,direct-terminal,0.120000,128,true
width-s8-dense-d1-8,8,dense,3503703373795356757,3,960,0.070000,soft,direct-terminal,1.000000,128,true
width-s8-dense-d1-8,8,dense,3503703373795356757,3,960,0.070000,2.0000,direct-terminal,0.220000,128,true
width-s8-dense-d1-8,8,dense,3503703373795356757,3,960,0.070000,1.0000,direct-terminal,0.577500,128,true
width-s8-dense-d1-8,8,dense,3503703373795356757,3,960,0.070000,hard,direct-terminal,0.085000,128,true
width-s8-dense-d1-8,8,dense,6869996990457277544,3,960,0.070000,soft,direct-terminal,1.000000,128,true
width-s8-dense-d1-8,8,dense,6869996990457277544,3,960,0.070000,2.0000,direct-terminal,0.135000,128,true
width-s8-dense-d1-8,8,dense,6869996990457277544,3,960,0.070000,1.0000,direct-terminal,0.490000,128,true
width-s8-dense-d1-8,8,dense,6869996990457277544,3,960,0.070000,hard,direct-terminal,0.160000,128,true
width-s8-dense-d1-8,8,dense,18234682480328173695,3,960,0.070000,soft,direct-terminal,1.000000,128,true
width-s8-dense-d1-8,8,dense,18234682480328173695,3,960,0.070000,2.0000,direct-terminal,0.185000,128,true
width-s8-dense-d1-8,8,dense,18234682480328173695,3,960,0.070000,1.0000,direct-terminal,0.697500,128,true
width-s8-dense-d1-8,8,dense,18234682480328173695,3,960,0.070000,hard,direct-terminal,0.110000,128,true
width-s8-dense-d1-8,8,dense,2001310518681822354,3,960,0.070000,soft,direct-terminal,1.000000,128,true
width-s8-dense-d1-8,8,dense,2001310518681822354,3,960,0.070000,2.0000,direct-terminal,0.352500,128,true
width-s8-dense-d1-8,8,dense,2001310518681822354,3,960,0.070000,1.0000,direct-terminal,0.645000,128,true
width-s8-dense-d1-8,8,dense,2001310518681822354,3,960,0.070000,hard,direct-terminal,0.097500,128,true
width-s8-dense-d1-8,8,dense,13400896689310720169,3,960,0.070000,soft,direct-terminal,1.000000,128,true
width-s8-dense-d1-8,8,dense,13400896689310720169,3,960,0.070000,2.0000,direct-terminal,0.247500,128,true
width-s8-dense-d1-8,8,dense,13400896689310720169,3,960,0.070000,1.0000,direct-terminal,0.672500,128,true
width-s8-dense-d1-8,8,dense,13400896689310720169,3,960,0.070000,hard,direct-terminal,0.085000,128,true
width-s8-dense-d1-8,8,dense,15453320347936062484,4,240,0.035000,soft,direct-terminal,0.367500,128,true
width-s8-dense-d1-8,8,dense,15453320347936062484,4,240,0.035000,2.0000,direct-terminal,0.112500,128,true
width-s8-dense-d1-8,8,dense,15453320347936062484,4,240,0.035000,1.0000,direct-terminal,0.157500,128,true
width-s8-dense-d1-8,8,dense,15453320347936062484,4,240,0.035000,hard,direct-terminal,0.327500,128,true
width-s8-dense-d1-8,8,dense,8371261729603450923,4,240,0.035000,soft,direct-terminal,0.440000,128,true
width-s8-dense-d1-8,8,dense,8371261729603450923,4,240,0.035000,2.0000,direct-terminal,0.140000,128,true
width-s8-dense-d1-8,8,dense,8371261729603450923,4,240,0.035000,1.0000,direct-terminal,0.267500,128,true
width-s8-dense-d1-8,8,dense,8371261729603450923,4,240,0.035000,hard,direct-terminal,0.340000,128,true
width-s8-dense-d1-8,8,dense,10584633876018000958,4,240,0.035000,soft,direct-terminal,0.407500,128,true
width-s8-dense-d1-8,8,dense,10584633876018000958,4,240,0.035000,2.0000,direct-terminal,0.120000,128,true
width-s8-dense-d1-8,8,dense,10584633876018000958,4,240,0.035000,1.0000,direct-terminal,0.127500,128,true
width-s8-dense-d1-8,8,dense,10584633876018000958,4,240,0.035000,hard,direct-terminal,0.300000,128,true
width-s8-dense-d1-8,8,dense,3503703373795356757,4,240,0.035000,soft,direct-terminal,0.332500,128,true
width-s8-dense-d1-8,8,dense,3503703373795356757,4,240,0.035000,2.0000,direct-terminal,0.167500,128,true
width-s8-dense-d1-8,8,dense,3503703373795356757,4,240,0.035000,1.0000,direct-terminal,0.175000,128,true
width-s8-dense-d1-8,8,dense,3503703373795356757,4,240,0.035000,hard,direct-terminal,0.332500,128,true
width-s8-dense-d1-8,8,dense,6869996990457277544,4,240,0.035000,soft,direct-terminal,0.447500,128,true
width-s8-dense-d1-8,8,dense,6869996990457277544,4,240,0.035000,2.0000,direct-terminal,0.180000,128,true
width-s8-dense-d1-8,8,dense,6869996990457277544,4,240,0.035000,1.0000,direct-terminal,0.230000,128,true
width-s8-dense-d1-8,8,dense,6869996990457277544,4,240,0.035000,hard,direct-terminal,0.332500,128,true
width-s8-dense-d1-8,8,dense,18234682480328173695,4,240,0.035000,soft,direct-terminal,0.360000,128,true
width-s8-dense-d1-8,8,dense,18234682480328173695,4,240,0.035000,2.0000,direct-terminal,0.132500,128,true
width-s8-dense-d1-8,8,dense,18234682480328173695,4,240,0.035000,1.0000,direct-terminal,0.265000,128,true
width-s8-dense-d1-8,8,dense,18234682480328173695,4,240,0.035000,hard,direct-terminal,0.287500,128,true
width-s8-dense-d1-8,8,dense,2001310518681822354,4,240,0.035000,soft,direct-terminal,0.430000,128,true
width-s8-dense-d1-8,8,dense,2001310518681822354,4,240,0.035000,2.0000,direct-terminal,0.180000,128,true
width-s8-dense-d1-8,8,dense,2001310518681822354,4,240,0.035000,1.0000,direct-terminal,0.312500,128,true
width-s8-dense-d1-8,8,dense,2001310518681822354,4,240,0.035000,hard,direct-terminal,0.305000,128,true
width-s8-dense-d1-8,8,dense,13400896689310720169,4,240,0.035000,soft,direct-terminal,0.337500,128,true
width-s8-dense-d1-8,8,dense,13400896689310720169,4,240,0.035000,2.0000,direct-terminal,0.120000,128,true
width-s8-dense-d1-8,8,dense,13400896689310720169,4,240,0.035000,1.0000,direct-terminal,0.182500,128,true
width-s8-dense-d1-8,8,dense,13400896689310720169,4,240,0.035000,hard,direct-terminal,0.342500,128,true
width-s8-dense-d1-8,8,dense,15453320347936062484,4,240,0.070000,soft,direct-terminal,0.752500,128,true
width-s8-dense-d1-8,8,dense,15453320347936062484,4,240,0.070000,2.0000,direct-terminal,0.125000,128,true
width-s8-dense-d1-8,8,dense,15453320347936062484,4,240,0.070000,1.0000,direct-terminal,0.155000,128,true
width-s8-dense-d1-8,8,dense,15453320347936062484,4,240,0.070000,hard,direct-terminal,0.420000,128,true
width-s8-dense-d1-8,8,dense,8371261729603450923,4,240,0.070000,soft,direct-terminal,0.665000,128,true
width-s8-dense-d1-8,8,dense,8371261729603450923,4,240,0.070000,2.0000,direct-terminal,0.160000,128,true
width-s8-dense-d1-8,8,dense,8371261729603450923,4,240,0.070000,1.0000,direct-terminal,0.230000,128,true
width-s8-dense-d1-8,8,dense,8371261729603450923,4,240,0.070000,hard,direct-terminal,0.367500,128,true
width-s8-dense-d1-8,8,dense,10584633876018000958,4,240,0.070000,soft,direct-terminal,0.655000,128,true
width-s8-dense-d1-8,8,dense,10584633876018000958,4,240,0.070000,2.0000,direct-terminal,0.122500,128,true
width-s8-dense-d1-8,8,dense,10584633876018000958,4,240,0.070000,1.0000,direct-terminal,0.122500,128,true
width-s8-dense-d1-8,8,dense,10584633876018000958,4,240,0.070000,hard,direct-terminal,0.320000,128,true
width-s8-dense-d1-8,8,dense,3503703373795356757,4,240,0.070000,soft,direct-terminal,0.470000,128,true
width-s8-dense-d1-8,8,dense,3503703373795356757,4,240,0.070000,2.0000,direct-terminal,0.127500,128,true
width-s8-dense-d1-8,8,dense,3503703373795356757,4,240,0.070000,1.0000,direct-terminal,0.130000,128,true
width-s8-dense-d1-8,8,dense,3503703373795356757,4,240,0.070000,hard,direct-terminal,0.337500,128,true
width-s8-dense-d1-8,8,dense,6869996990457277544,4,240,0.070000,soft,direct-terminal,0.960000,128,true
width-s8-dense-d1-8,8,dense,6869996990457277544,4,240,0.070000,2.0000,direct-terminal,0.135000,128,true
width-s8-dense-d1-8,8,dense,6869996990457277544,4,240,0.070000,1.0000,direct-terminal,0.247500,128,true
width-s8-dense-d1-8,8,dense,6869996990457277544,4,240,0.070000,hard,direct-terminal,0.387500,128,true
width-s8-dense-d1-8,8,dense,18234682480328173695,4,240,0.070000,soft,direct-terminal,0.392500,128,true
width-s8-dense-d1-8,8,dense,18234682480328173695,4,240,0.070000,2.0000,direct-terminal,0.130000,128,true
width-s8-dense-d1-8,8,dense,18234682480328173695,4,240,0.070000,1.0000,direct-terminal,0.130000,128,true
width-s8-dense-d1-8,8,dense,18234682480328173695,4,240,0.070000,hard,direct-terminal,0.287500,128,true
width-s8-dense-d1-8,8,dense,2001310518681822354,4,240,0.070000,soft,direct-terminal,0.622500,128,true
width-s8-dense-d1-8,8,dense,2001310518681822354,4,240,0.070000,2.0000,direct-terminal,0.115000,128,true
width-s8-dense-d1-8,8,dense,2001310518681822354,4,240,0.070000,1.0000,direct-terminal,0.135000,128,true
width-s8-dense-d1-8,8,dense,2001310518681822354,4,240,0.070000,hard,direct-terminal,0.335000,128,true
width-s8-dense-d1-8,8,dense,13400896689310720169,4,240,0.070000,soft,direct-terminal,0.670000,128,true
width-s8-dense-d1-8,8,dense,13400896689310720169,4,240,0.070000,2.0000,direct-terminal,0.152500,128,true
width-s8-dense-d1-8,8,dense,13400896689310720169,4,240,0.070000,1.0000,direct-terminal,0.195000,128,true
width-s8-dense-d1-8,8,dense,13400896689310720169,4,240,0.070000,hard,direct-terminal,0.417500,128,true
width-s8-dense-d1-8,8,dense,15453320347936062484,4,960,0.035000,soft,direct-terminal,1.000000,128,true
width-s8-dense-d1-8,8,dense,15453320347936062484,4,960,0.035000,2.0000,direct-terminal,0.145000,128,true
width-s8-dense-d1-8,8,dense,15453320347936062484,4,960,0.035000,1.0000,direct-terminal,0.262500,128,true
width-s8-dense-d1-8,8,dense,15453320347936062484,4,960,0.035000,hard,direct-terminal,0.380000,128,true
width-s8-dense-d1-8,8,dense,8371261729603450923,4,960,0.035000,soft,direct-terminal,1.000000,128,true
width-s8-dense-d1-8,8,dense,8371261729603450923,4,960,0.035000,2.0000,direct-terminal,0.167500,128,true
width-s8-dense-d1-8,8,dense,8371261729603450923,4,960,0.035000,1.0000,direct-terminal,0.292500,128,true
width-s8-dense-d1-8,8,dense,8371261729603450923,4,960,0.035000,hard,direct-terminal,0.392500,128,true
width-s8-dense-d1-8,8,dense,10584633876018000958,4,960,0.035000,soft,direct-terminal,1.000000,128,true
width-s8-dense-d1-8,8,dense,10584633876018000958,4,960,0.035000,2.0000,direct-terminal,0.125000,128,true
width-s8-dense-d1-8,8,dense,10584633876018000958,4,960,0.035000,1.0000,direct-terminal,0.452500,128,true
width-s8-dense-d1-8,8,dense,10584633876018000958,4,960,0.035000,hard,direct-terminal,0.355000,128,true
width-s8-dense-d1-8,8,dense,3503703373795356757,4,960,0.035000,soft,direct-terminal,1.000000,128,true
width-s8-dense-d1-8,8,dense,3503703373795356757,4,960,0.035000,2.0000,direct-terminal,0.105000,128,true
width-s8-dense-d1-8,8,dense,3503703373795356757,4,960,0.035000,1.0000,direct-terminal,0.275000,128,true
width-s8-dense-d1-8,8,dense,3503703373795356757,4,960,0.035000,hard,direct-terminal,0.370000,128,true
width-s8-dense-d1-8,8,dense,6869996990457277544,4,960,0.035000,soft,direct-terminal,1.000000,128,true
width-s8-dense-d1-8,8,dense,6869996990457277544,4,960,0.035000,2.0000,direct-terminal,0.207500,128,true
width-s8-dense-d1-8,8,dense,6869996990457277544,4,960,0.035000,1.0000,direct-terminal,0.407500,128,true
width-s8-dense-d1-8,8,dense,6869996990457277544,4,960,0.035000,hard,direct-terminal,0.372500,128,true
width-s8-dense-d1-8,8,dense,18234682480328173695,4,960,0.035000,soft,direct-terminal,1.000000,128,true
width-s8-dense-d1-8,8,dense,18234682480328173695,4,960,0.035000,2.0000,direct-terminal,0.177500,128,true
width-s8-dense-d1-8,8,dense,18234682480328173695,4,960,0.035000,1.0000,direct-terminal,0.392500,128,true
width-s8-dense-d1-8,8,dense,18234682480328173695,4,960,0.035000,hard,direct-terminal,0.345000,128,true
width-s8-dense-d1-8,8,dense,2001310518681822354,4,960,0.035000,soft,direct-terminal,1.000000,128,true
width-s8-dense-d1-8,8,dense,2001310518681822354,4,960,0.035000,2.0000,direct-terminal,0.115000,128,true
width-s8-dense-d1-8,8,dense,2001310518681822354,4,960,0.035000,1.0000,direct-terminal,0.342500,128,true
width-s8-dense-d1-8,8,dense,2001310518681822354,4,960,0.035000,hard,direct-terminal,0.335000,128,true
width-s8-dense-d1-8,8,dense,13400896689310720169,4,960,0.035000,soft,direct-terminal,1.000000,128,true
width-s8-dense-d1-8,8,dense,13400896689310720169,4,960,0.035000,2.0000,direct-terminal,0.150000,128,true
width-s8-dense-d1-8,8,dense,13400896689310720169,4,960,0.035000,1.0000,direct-terminal,0.450000,128,true
width-s8-dense-d1-8,8,dense,13400896689310720169,4,960,0.035000,hard,direct-terminal,0.385000,128,true
width-s8-dense-d1-8,8,dense,15453320347936062484,4,960,0.070000,soft,direct-terminal,1.000000,128,true
width-s8-dense-d1-8,8,dense,15453320347936062484,4,960,0.070000,2.0000,direct-terminal,0.112500,128,true
width-s8-dense-d1-8,8,dense,15453320347936062484,4,960,0.070000,1.0000,direct-terminal,0.207500,128,true
width-s8-dense-d1-8,8,dense,15453320347936062484,4,960,0.070000,hard,direct-terminal,0.340000,128,true
width-s8-dense-d1-8,8,dense,8371261729603450923,4,960,0.070000,soft,direct-terminal,1.000000,128,true
width-s8-dense-d1-8,8,dense,8371261729603450923,4,960,0.070000,2.0000,direct-terminal,0.130000,128,true
width-s8-dense-d1-8,8,dense,8371261729603450923,4,960,0.070000,1.0000,direct-terminal,0.385000,128,true
width-s8-dense-d1-8,8,dense,8371261729603450923,4,960,0.070000,hard,direct-terminal,0.392500,128,true
width-s8-dense-d1-8,8,dense,10584633876018000958,4,960,0.070000,soft,direct-terminal,1.000000,128,true
width-s8-dense-d1-8,8,dense,10584633876018000958,4,960,0.070000,2.0000,direct-terminal,0.112500,128,true
width-s8-dense-d1-8,8,dense,10584633876018000958,4,960,0.070000,1.0000,direct-terminal,0.325000,128,true
width-s8-dense-d1-8,8,dense,10584633876018000958,4,960,0.070000,hard,direct-terminal,0.385000,128,true
width-s8-dense-d1-8,8,dense,3503703373795356757,4,960,0.070000,soft,direct-terminal,1.000000,128,true
width-s8-dense-d1-8,8,dense,3503703373795356757,4,960,0.070000,2.0000,direct-terminal,0.120000,128,true
width-s8-dense-d1-8,8,dense,3503703373795356757,4,960,0.070000,1.0000,direct-terminal,0.230000,128,true
width-s8-dense-d1-8,8,dense,3503703373795356757,4,960,0.070000,hard,direct-terminal,0.397500,128,true
width-s8-dense-d1-8,8,dense,6869996990457277544,4,960,0.070000,soft,direct-terminal,1.000000,128,true
width-s8-dense-d1-8,8,dense,6869996990457277544,4,960,0.070000,2.0000,direct-terminal,0.135000,128,true
width-s8-dense-d1-8,8,dense,6869996990457277544,4,960,0.070000,1.0000,direct-terminal,0.322500,128,true
width-s8-dense-d1-8,8,dense,6869996990457277544,4,960,0.070000,hard,direct-terminal,0.397500,128,true
width-s8-dense-d1-8,8,dense,18234682480328173695,4,960,0.070000,soft,direct-terminal,1.000000,128,true
width-s8-dense-d1-8,8,dense,18234682480328173695,4,960,0.070000,2.0000,direct-terminal,0.120000,128,true
width-s8-dense-d1-8,8,dense,18234682480328173695,4,960,0.070000,1.0000,direct-terminal,0.207500,128,true
width-s8-dense-d1-8,8,dense,18234682480328173695,4,960,0.070000,hard,direct-terminal,0.350000,128,true
width-s8-dense-d1-8,8,dense,2001310518681822354,4,960,0.070000,soft,direct-terminal,1.000000,128,true
width-s8-dense-d1-8,8,dense,2001310518681822354,4,960,0.070000,2.0000,direct-terminal,0.112500,128,true
width-s8-dense-d1-8,8,dense,2001310518681822354,4,960,0.070000,1.0000,direct-terminal,0.242500,128,true
width-s8-dense-d1-8,8,dense,2001310518681822354,4,960,0.070000,hard,direct-terminal,0.360000,128,true
width-s8-dense-d1-8,8,dense,13400896689310720169,4,960,0.070000,soft,direct-terminal,1.000000,128,true
width-s8-dense-d1-8,8,dense,13400896689310720169,4,960,0.070000,2.0000,direct-terminal,0.117500,128,true
width-s8-dense-d1-8,8,dense,13400896689310720169,4,960,0.070000,1.0000,direct-terminal,0.200000,128,true
width-s8-dense-d1-8,8,dense,13400896689310720169,4,960,0.070000,hard,direct-terminal,0.422500,128,true
width-s8-dense-d1-8,8,dense,15453320347936062484,5,240,0.035000,soft,direct-terminal,0.335000,128,true
width-s8-dense-d1-8,8,dense,15453320347936062484,5,240,0.035000,2.0000,direct-terminal,0.132500,128,true
width-s8-dense-d1-8,8,dense,15453320347936062484,5,240,0.035000,1.0000,direct-terminal,0.132500,128,true
width-s8-dense-d1-8,8,dense,15453320347936062484,5,240,0.035000,hard,direct-terminal,0.000000,128,true
width-s8-dense-d1-8,8,dense,8371261729603450923,5,240,0.035000,soft,direct-terminal,0.270000,128,true
width-s8-dense-d1-8,8,dense,8371261729603450923,5,240,0.035000,2.0000,direct-terminal,0.132500,128,true
width-s8-dense-d1-8,8,dense,8371261729603450923,5,240,0.035000,1.0000,direct-terminal,0.132500,128,true
width-s8-dense-d1-8,8,dense,8371261729603450923,5,240,0.035000,hard,direct-terminal,0.000000,128,true
width-s8-dense-d1-8,8,dense,10584633876018000958,5,240,0.035000,soft,direct-terminal,0.247500,128,true
width-s8-dense-d1-8,8,dense,10584633876018000958,5,240,0.035000,2.0000,direct-terminal,0.095000,128,true
width-s8-dense-d1-8,8,dense,10584633876018000958,5,240,0.035000,1.0000,direct-terminal,0.095000,128,true
width-s8-dense-d1-8,8,dense,10584633876018000958,5,240,0.035000,hard,direct-terminal,0.000000,128,true
width-s8-dense-d1-8,8,dense,3503703373795356757,5,240,0.035000,soft,direct-terminal,0.307500,128,true
width-s8-dense-d1-8,8,dense,3503703373795356757,5,240,0.035000,2.0000,direct-terminal,0.105000,128,true
width-s8-dense-d1-8,8,dense,3503703373795356757,5,240,0.035000,1.0000,direct-terminal,0.105000,128,true
width-s8-dense-d1-8,8,dense,3503703373795356757,5,240,0.035000,hard,direct-terminal,0.000000,128,true
width-s8-dense-d1-8,8,dense,6869996990457277544,5,240,0.035000,soft,direct-terminal,0.332500,128,true
width-s8-dense-d1-8,8,dense,6869996990457277544,5,240,0.035000,2.0000,direct-terminal,0.152500,128,true
width-s8-dense-d1-8,8,dense,6869996990457277544,5,240,0.035000,1.0000,direct-terminal,0.152500,128,true
width-s8-dense-d1-8,8,dense,6869996990457277544,5,240,0.035000,hard,direct-terminal,0.000000,128,true
width-s8-dense-d1-8,8,dense,18234682480328173695,5,240,0.035000,soft,direct-terminal,0.260000,128,true
width-s8-dense-d1-8,8,dense,18234682480328173695,5,240,0.035000,2.0000,direct-terminal,0.132500,128,true
width-s8-dense-d1-8,8,dense,18234682480328173695,5,240,0.035000,1.0000,direct-terminal,0.132500,128,true
width-s8-dense-d1-8,8,dense,18234682480328173695,5,240,0.035000,hard,direct-terminal,0.000000,128,true
width-s8-dense-d1-8,8,dense,2001310518681822354,5,240,0.035000,soft,direct-terminal,0.352500,128,true
width-s8-dense-d1-8,8,dense,2001310518681822354,5,240,0.035000,2.0000,direct-terminal,0.100000,128,true
width-s8-dense-d1-8,8,dense,2001310518681822354,5,240,0.035000,1.0000,direct-terminal,0.107500,128,true
width-s8-dense-d1-8,8,dense,2001310518681822354,5,240,0.035000,hard,direct-terminal,0.000000,128,true
width-s8-dense-d1-8,8,dense,13400896689310720169,5,240,0.035000,soft,direct-terminal,0.312500,128,true
width-s8-dense-d1-8,8,dense,13400896689310720169,5,240,0.035000,2.0000,direct-terminal,0.140000,128,true
width-s8-dense-d1-8,8,dense,13400896689310720169,5,240,0.035000,1.0000,direct-terminal,0.140000,128,true
width-s8-dense-d1-8,8,dense,13400896689310720169,5,240,0.035000,hard,direct-terminal,0.000000,128,true
width-s8-dense-d1-8,8,dense,15453320347936062484,5,240,0.070000,soft,direct-terminal,0.430000,128,true
width-s8-dense-d1-8,8,dense,15453320347936062484,5,240,0.070000,2.0000,direct-terminal,0.132500,128,true
width-s8-dense-d1-8,8,dense,15453320347936062484,5,240,0.070000,1.0000,direct-terminal,0.132500,128,true
width-s8-dense-d1-8,8,dense,15453320347936062484,5,240,0.070000,hard,direct-terminal,0.000000,128,true
width-s8-dense-d1-8,8,dense,8371261729603450923,5,240,0.070000,soft,direct-terminal,0.287500,128,true
width-s8-dense-d1-8,8,dense,8371261729603450923,5,240,0.070000,2.0000,direct-terminal,0.132500,128,true
width-s8-dense-d1-8,8,dense,8371261729603450923,5,240,0.070000,1.0000,direct-terminal,0.132500,128,true
width-s8-dense-d1-8,8,dense,8371261729603450923,5,240,0.070000,hard,direct-terminal,0.000000,128,true
width-s8-dense-d1-8,8,dense,10584633876018000958,5,240,0.070000,soft,direct-terminal,0.237500,128,true
width-s8-dense-d1-8,8,dense,10584633876018000958,5,240,0.070000,2.0000,direct-terminal,0.112500,128,true
width-s8-dense-d1-8,8,dense,10584633876018000958,5,240,0.070000,1.0000,direct-terminal,0.112500,128,true
width-s8-dense-d1-8,8,dense,10584633876018000958,5,240,0.070000,hard,direct-terminal,0.000000,128,true
width-s8-dense-d1-8,8,dense,3503703373795356757,5,240,0.070000,soft,direct-terminal,0.445000,128,true
width-s8-dense-d1-8,8,dense,3503703373795356757,5,240,0.070000,2.0000,direct-terminal,0.105000,128,true
width-s8-dense-d1-8,8,dense,3503703373795356757,5,240,0.070000,1.0000,direct-terminal,0.105000,128,true
width-s8-dense-d1-8,8,dense,3503703373795356757,5,240,0.070000,hard,direct-terminal,0.000000,128,true
width-s8-dense-d1-8,8,dense,6869996990457277544,5,240,0.070000,soft,direct-terminal,0.295000,128,true
width-s8-dense-d1-8,8,dense,6869996990457277544,5,240,0.070000,2.0000,direct-terminal,0.127500,128,true
width-s8-dense-d1-8,8,dense,6869996990457277544,5,240,0.070000,1.0000,direct-terminal,0.120000,128,true
width-s8-dense-d1-8,8,dense,6869996990457277544,5,240,0.070000,hard,direct-terminal,0.032500,128,true
width-s8-dense-d1-8,8,dense,18234682480328173695,5,240,0.070000,soft,direct-terminal,0.205000,128,true
width-s8-dense-d1-8,8,dense,18234682480328173695,5,240,0.070000,2.0000,direct-terminal,0.120000,128,true
width-s8-dense-d1-8,8,dense,18234682480328173695,5,240,0.070000,1.0000,direct-terminal,0.120000,128,true
width-s8-dense-d1-8,8,dense,18234682480328173695,5,240,0.070000,hard,direct-terminal,0.000000,128,true
width-s8-dense-d1-8,8,dense,2001310518681822354,5,240,0.070000,soft,direct-terminal,0.272500,128,true
width-s8-dense-d1-8,8,dense,2001310518681822354,5,240,0.070000,2.0000,direct-terminal,0.090000,128,true
width-s8-dense-d1-8,8,dense,2001310518681822354,5,240,0.070000,1.0000,direct-terminal,0.090000,128,true
width-s8-dense-d1-8,8,dense,2001310518681822354,5,240,0.070000,hard,direct-terminal,0.000000,128,true
width-s8-dense-d1-8,8,dense,13400896689310720169,5,240,0.070000,soft,direct-terminal,0.352500,128,true
width-s8-dense-d1-8,8,dense,13400896689310720169,5,240,0.070000,2.0000,direct-terminal,0.147500,128,true
width-s8-dense-d1-8,8,dense,13400896689310720169,5,240,0.070000,1.0000,direct-terminal,0.147500,128,true
width-s8-dense-d1-8,8,dense,13400896689310720169,5,240,0.070000,hard,direct-terminal,0.047500,128,true
width-s8-dense-d1-8,8,dense,15453320347936062484,5,960,0.035000,soft,direct-terminal,1.000000,128,true
width-s8-dense-d1-8,8,dense,15453320347936062484,5,960,0.035000,2.0000,direct-terminal,0.112500,128,true
width-s8-dense-d1-8,8,dense,15453320347936062484,5,960,0.035000,1.0000,direct-terminal,0.112500,128,true
width-s8-dense-d1-8,8,dense,15453320347936062484,5,960,0.035000,hard,direct-terminal,0.000000,128,true
width-s8-dense-d1-8,8,dense,8371261729603450923,5,960,0.035000,soft,direct-terminal,1.000000,128,true
width-s8-dense-d1-8,8,dense,8371261729603450923,5,960,0.035000,2.0000,direct-terminal,0.112500,128,true
width-s8-dense-d1-8,8,dense,8371261729603450923,5,960,0.035000,1.0000,direct-terminal,0.112500,128,true
width-s8-dense-d1-8,8,dense,8371261729603450923,5,960,0.035000,hard,direct-terminal,0.000000,128,true
width-s8-dense-d1-8,8,dense,10584633876018000958,5,960,0.035000,soft,direct-terminal,1.000000,128,true
width-s8-dense-d1-8,8,dense,10584633876018000958,5,960,0.035000,2.0000,direct-terminal,0.127500,128,true
width-s8-dense-d1-8,8,dense,10584633876018000958,5,960,0.035000,1.0000,direct-terminal,0.127500,128,true
width-s8-dense-d1-8,8,dense,10584633876018000958,5,960,0.035000,hard,direct-terminal,0.000000,128,true
width-s8-dense-d1-8,8,dense,3503703373795356757,5,960,0.035000,soft,direct-terminal,1.000000,128,true
width-s8-dense-d1-8,8,dense,3503703373795356757,5,960,0.035000,2.0000,direct-terminal,0.132500,128,true
width-s8-dense-d1-8,8,dense,3503703373795356757,5,960,0.035000,1.0000,direct-terminal,0.152500,128,true
width-s8-dense-d1-8,8,dense,3503703373795356757,5,960,0.035000,hard,direct-terminal,0.052500,128,true
width-s8-dense-d1-8,8,dense,6869996990457277544,5,960,0.035000,soft,direct-terminal,1.000000,128,true
width-s8-dense-d1-8,8,dense,6869996990457277544,5,960,0.035000,2.0000,direct-terminal,0.152500,128,true
width-s8-dense-d1-8,8,dense,6869996990457277544,5,960,0.035000,1.0000,direct-terminal,0.152500,128,true
width-s8-dense-d1-8,8,dense,6869996990457277544,5,960,0.035000,hard,direct-terminal,0.000000,128,true
width-s8-dense-d1-8,8,dense,18234682480328173695,5,960,0.035000,soft,direct-terminal,1.000000,128,true
width-s8-dense-d1-8,8,dense,18234682480328173695,5,960,0.035000,2.0000,direct-terminal,0.132500,128,true
width-s8-dense-d1-8,8,dense,18234682480328173695,5,960,0.035000,1.0000,direct-terminal,0.112500,128,true
width-s8-dense-d1-8,8,dense,18234682480328173695,5,960,0.035000,hard,direct-terminal,0.000000,128,true
width-s8-dense-d1-8,8,dense,2001310518681822354,5,960,0.035000,soft,direct-terminal,1.000000,128,true
width-s8-dense-d1-8,8,dense,2001310518681822354,5,960,0.035000,2.0000,direct-terminal,0.125000,128,true
width-s8-dense-d1-8,8,dense,2001310518681822354,5,960,0.035000,1.0000,direct-terminal,0.125000,128,true
width-s8-dense-d1-8,8,dense,2001310518681822354,5,960,0.035000,hard,direct-terminal,0.092500,128,true
width-s8-dense-d1-8,8,dense,13400896689310720169,5,960,0.035000,soft,direct-terminal,1.000000,128,true
width-s8-dense-d1-8,8,dense,13400896689310720169,5,960,0.035000,2.0000,direct-terminal,0.125000,128,true
width-s8-dense-d1-8,8,dense,13400896689310720169,5,960,0.035000,1.0000,direct-terminal,0.180000,128,true
width-s8-dense-d1-8,8,dense,13400896689310720169,5,960,0.035000,hard,direct-terminal,0.000000,128,true
width-s8-dense-d1-8,8,dense,15453320347936062484,5,960,0.070000,soft,direct-terminal,0.115000,128,true
width-s8-dense-d1-8,8,dense,15453320347936062484,5,960,0.070000,2.0000,direct-terminal,0.115000,128,true
width-s8-dense-d1-8,8,dense,15453320347936062484,5,960,0.070000,1.0000,direct-terminal,0.115000,128,true
width-s8-dense-d1-8,8,dense,15453320347936062484,5,960,0.070000,hard,direct-terminal,0.115000,128,true
width-s8-dense-d1-8,8,dense,8371261729603450923,5,960,0.070000,soft,direct-terminal,0.137500,128,true
width-s8-dense-d1-8,8,dense,8371261729603450923,5,960,0.070000,2.0000,direct-terminal,0.137500,128,true
width-s8-dense-d1-8,8,dense,8371261729603450923,5,960,0.070000,1.0000,direct-terminal,0.137500,128,true
width-s8-dense-d1-8,8,dense,8371261729603450923,5,960,0.070000,hard,direct-terminal,0.137500,128,true
width-s8-dense-d1-8,8,dense,10584633876018000958,5,960,0.070000,soft,direct-terminal,0.117500,128,true
width-s8-dense-d1-8,8,dense,10584633876018000958,5,960,0.070000,2.0000,direct-terminal,0.117500,128,true
width-s8-dense-d1-8,8,dense,10584633876018000958,5,960,0.070000,1.0000,direct-terminal,0.117500,128,true
width-s8-dense-d1-8,8,dense,10584633876018000958,5,960,0.070000,hard,direct-terminal,0.117500,128,true
width-s8-dense-d1-8,8,dense,3503703373795356757,5,960,0.070000,soft,direct-terminal,0.115000,128,true
width-s8-dense-d1-8,8,dense,3503703373795356757,5,960,0.070000,2.0000,direct-terminal,0.115000,128,true
width-s8-dense-d1-8,8,dense,3503703373795356757,5,960,0.070000,1.0000,direct-terminal,0.115000,128,true
width-s8-dense-d1-8,8,dense,3503703373795356757,5,960,0.070000,hard,direct-terminal,0.115000,128,true
width-s8-dense-d1-8,8,dense,6869996990457277544,5,960,0.070000,soft,direct-terminal,0.107500,128,true
width-s8-dense-d1-8,8,dense,6869996990457277544,5,960,0.070000,2.0000,direct-terminal,0.107500,128,true
width-s8-dense-d1-8,8,dense,6869996990457277544,5,960,0.070000,1.0000,direct-terminal,0.107500,128,true
width-s8-dense-d1-8,8,dense,6869996990457277544,5,960,0.070000,hard,direct-terminal,0.107500,128,true
width-s8-dense-d1-8,8,dense,18234682480328173695,5,960,0.070000,soft,direct-terminal,0.125000,128,true
width-s8-dense-d1-8,8,dense,18234682480328173695,5,960,0.070000,2.0000,direct-terminal,0.125000,128,true
width-s8-dense-d1-8,8,dense,18234682480328173695,5,960,0.070000,1.0000,direct-terminal,0.125000,128,true
width-s8-dense-d1-8,8,dense,18234682480328173695,5,960,0.070000,hard,direct-terminal,0.125000,128,true
width-s8-dense-d1-8,8,dense,2001310518681822354,5,960,0.070000,soft,direct-terminal,0.152500,128,true
width-s8-dense-d1-8,8,dense,2001310518681822354,5,960,0.070000,2.0000,direct-terminal,0.152500,128,true
width-s8-dense-d1-8,8,dense,2001310518681822354,5,960,0.070000,1.0000,direct-terminal,0.152500,128,true
width-s8-dense-d1-8,8,dense,2001310518681822354,5,960,0.070000,hard,direct-terminal,0.152500,128,true
width-s8-dense-d1-8,8,dense,13400896689310720169,5,960,0.070000,soft,direct-terminal,0.110000,128,true
width-s8-dense-d1-8,8,dense,13400896689310720169,5,960,0.070000,2.0000,direct-terminal,0.110000,128,true
width-s8-dense-d1-8,8,dense,13400896689310720169,5,960,0.070000,1.0000,direct-terminal,0.110000,128,true
width-s8-dense-d1-8,8,dense,13400896689310720169,5,960,0.070000,hard,direct-terminal,0.110000,128,true
width-s8-dense-d1-8,8,dense,15453320347936062484,6,240,0.035000,soft,direct-terminal,0.245000,128,true
width-s8-dense-d1-8,8,dense,15453320347936062484,6,240,0.035000,2.0000,direct-terminal,0.112500,128,true
width-s8-dense-d1-8,8,dense,15453320347936062484,6,240,0.035000,1.0000,direct-terminal,0.112500,128,true
width-s8-dense-d1-8,8,dense,15453320347936062484,6,240,0.035000,hard,direct-terminal,0.267500,128,true
width-s8-dense-d1-8,8,dense,8371261729603450923,6,240,0.035000,soft,direct-terminal,0.257500,128,true
width-s8-dense-d1-8,8,dense,8371261729603450923,6,240,0.035000,2.0000,direct-terminal,0.140000,128,true
width-s8-dense-d1-8,8,dense,8371261729603450923,6,240,0.035000,1.0000,direct-terminal,0.140000,128,true
width-s8-dense-d1-8,8,dense,8371261729603450923,6,240,0.035000,hard,direct-terminal,0.232500,128,true
width-s8-dense-d1-8,8,dense,10584633876018000958,6,240,0.035000,soft,direct-terminal,0.260000,128,true
width-s8-dense-d1-8,8,dense,10584633876018000958,6,240,0.035000,2.0000,direct-terminal,0.137500,128,true
width-s8-dense-d1-8,8,dense,10584633876018000958,6,240,0.035000,1.0000,direct-terminal,0.137500,128,true
width-s8-dense-d1-8,8,dense,10584633876018000958,6,240,0.035000,hard,direct-terminal,0.215000,128,true
width-s8-dense-d1-8,8,dense,3503703373795356757,6,240,0.035000,soft,direct-terminal,0.232500,128,true
width-s8-dense-d1-8,8,dense,3503703373795356757,6,240,0.035000,2.0000,direct-terminal,0.120000,128,true
width-s8-dense-d1-8,8,dense,3503703373795356757,6,240,0.035000,1.0000,direct-terminal,0.120000,128,true
width-s8-dense-d1-8,8,dense,3503703373795356757,6,240,0.035000,hard,direct-terminal,0.222500,128,true
width-s8-dense-d1-8,8,dense,6869996990457277544,6,240,0.035000,soft,direct-terminal,0.260000,128,true
width-s8-dense-d1-8,8,dense,6869996990457277544,6,240,0.035000,2.0000,direct-terminal,0.132500,128,true
width-s8-dense-d1-8,8,dense,6869996990457277544,6,240,0.035000,1.0000,direct-terminal,0.132500,128,true
width-s8-dense-d1-8,8,dense,6869996990457277544,6,240,0.035000,hard,direct-terminal,0.207500,128,true
width-s8-dense-d1-8,8,dense,18234682480328173695,6,240,0.035000,soft,direct-terminal,0.230000,128,true
width-s8-dense-d1-8,8,dense,18234682480328173695,6,240,0.035000,2.0000,direct-terminal,0.135000,128,true
width-s8-dense-d1-8,8,dense,18234682480328173695,6,240,0.035000,1.0000,direct-terminal,0.135000,128,true
width-s8-dense-d1-8,8,dense,18234682480328173695,6,240,0.035000,hard,direct-terminal,0.237500,128,true
width-s8-dense-d1-8,8,dense,2001310518681822354,6,240,0.035000,soft,direct-terminal,0.257500,128,true
width-s8-dense-d1-8,8,dense,2001310518681822354,6,240,0.035000,2.0000,direct-terminal,0.117500,128,true
width-s8-dense-d1-8,8,dense,2001310518681822354,6,240,0.035000,1.0000,direct-terminal,0.117500,128,true
width-s8-dense-d1-8,8,dense,2001310518681822354,6,240,0.035000,hard,direct-terminal,0.220000,128,true
width-s8-dense-d1-8,8,dense,13400896689310720169,6,240,0.035000,soft,direct-terminal,0.215000,128,true
width-s8-dense-d1-8,8,dense,13400896689310720169,6,240,0.035000,2.0000,direct-terminal,0.152500,128,true
width-s8-dense-d1-8,8,dense,13400896689310720169,6,240,0.035000,1.0000,direct-terminal,0.152500,128,true
width-s8-dense-d1-8,8,dense,13400896689310720169,6,240,0.035000,hard,direct-terminal,0.212500,128,true
width-s8-dense-d1-8,8,dense,15453320347936062484,6,240,0.070000,soft,direct-terminal,0.217500,128,true
width-s8-dense-d1-8,8,dense,15453320347936062484,6,240,0.070000,2.0000,direct-terminal,0.155000,128,true
width-s8-dense-d1-8,8,dense,15453320347936062484,6,240,0.070000,1.0000,direct-terminal,0.155000,128,true
width-s8-dense-d1-8,8,dense,15453320347936062484,6,240,0.070000,hard,direct-terminal,0.237500,128,true
width-s8-dense-d1-8,8,dense,8371261729603450923,6,240,0.070000,soft,direct-terminal,0.232500,128,true
width-s8-dense-d1-8,8,dense,8371261729603450923,6,240,0.070000,2.0000,direct-terminal,0.150000,128,true
width-s8-dense-d1-8,8,dense,8371261729603450923,6,240,0.070000,1.0000,direct-terminal,0.150000,128,true
width-s8-dense-d1-8,8,dense,8371261729603450923,6,240,0.070000,hard,direct-terminal,0.242500,128,true
width-s8-dense-d1-8,8,dense,10584633876018000958,6,240,0.070000,soft,direct-terminal,0.272500,128,true
width-s8-dense-d1-8,8,dense,10584633876018000958,6,240,0.070000,2.0000,direct-terminal,0.117500,128,true
width-s8-dense-d1-8,8,dense,10584633876018000958,6,240,0.070000,1.0000,direct-terminal,0.117500,128,true
width-s8-dense-d1-8,8,dense,10584633876018000958,6,240,0.070000,hard,direct-terminal,0.222500,128,true
width-s8-dense-d1-8,8,dense,3503703373795356757,6,240,0.070000,soft,direct-terminal,0.237500,128,true
width-s8-dense-d1-8,8,dense,3503703373795356757,6,240,0.070000,2.0000,direct-terminal,0.090000,128,true
width-s8-dense-d1-8,8,dense,3503703373795356757,6,240,0.070000,1.0000,direct-terminal,0.090000,128,true
width-s8-dense-d1-8,8,dense,3503703373795356757,6,240,0.070000,hard,direct-terminal,0.220000,128,true
width-s8-dense-d1-8,8,dense,6869996990457277544,6,240,0.070000,soft,direct-terminal,0.245000,128,true
width-s8-dense-d1-8,8,dense,6869996990457277544,6,240,0.070000,2.0000,direct-terminal,0.135000,128,true
width-s8-dense-d1-8,8,dense,6869996990457277544,6,240,0.070000,1.0000,direct-terminal,0.135000,128,true
width-s8-dense-d1-8,8,dense,6869996990457277544,6,240,0.070000,hard,direct-terminal,0.247500,128,true
width-s8-dense-d1-8,8,dense,18234682480328173695,6,240,0.070000,soft,direct-terminal,0.220000,128,true
width-s8-dense-d1-8,8,dense,18234682480328173695,6,240,0.070000,2.0000,direct-terminal,0.130000,128,true
width-s8-dense-d1-8,8,dense,18234682480328173695,6,240,0.070000,1.0000,direct-terminal,0.130000,128,true
width-s8-dense-d1-8,8,dense,18234682480328173695,6,240,0.070000,hard,direct-terminal,0.250000,128,true
width-s8-dense-d1-8,8,dense,2001310518681822354,6,240,0.070000,soft,direct-terminal,0.242500,128,true
width-s8-dense-d1-8,8,dense,2001310518681822354,6,240,0.070000,2.0000,direct-terminal,0.117500,128,true
width-s8-dense-d1-8,8,dense,2001310518681822354,6,240,0.070000,1.0000,direct-terminal,0.117500,128,true
width-s8-dense-d1-8,8,dense,2001310518681822354,6,240,0.070000,hard,direct-terminal,0.210000,128,true
width-s8-dense-d1-8,8,dense,13400896689310720169,6,240,0.070000,soft,direct-terminal,0.157500,128,true
width-s8-dense-d1-8,8,dense,13400896689310720169,6,240,0.070000,2.0000,direct-terminal,0.137500,128,true
width-s8-dense-d1-8,8,dense,13400896689310720169,6,240,0.070000,1.0000,direct-terminal,0.122500,128,true
width-s8-dense-d1-8,8,dense,13400896689310720169,6,240,0.070000,hard,direct-terminal,0.195000,128,true
width-s8-dense-d1-8,8,dense,15453320347936062484,6,960,0.035000,soft,direct-terminal,0.237500,128,true
width-s8-dense-d1-8,8,dense,15453320347936062484,6,960,0.035000,2.0000,direct-terminal,0.090000,128,true
width-s8-dense-d1-8,8,dense,15453320347936062484,6,960,0.035000,1.0000,direct-terminal,0.090000,128,true
width-s8-dense-d1-8,8,dense,15453320347936062484,6,960,0.035000,hard,direct-terminal,0.272500,128,true
width-s8-dense-d1-8,8,dense,8371261729603450923,6,960,0.035000,soft,direct-terminal,0.217500,128,true
width-s8-dense-d1-8,8,dense,8371261729603450923,6,960,0.035000,2.0000,direct-terminal,0.150000,128,true
width-s8-dense-d1-8,8,dense,8371261729603450923,6,960,0.035000,1.0000,direct-terminal,0.150000,128,true
width-s8-dense-d1-8,8,dense,8371261729603450923,6,960,0.035000,hard,direct-terminal,0.227500,128,true
width-s8-dense-d1-8,8,dense,10584633876018000958,6,960,0.035000,soft,direct-terminal,0.257500,128,true
width-s8-dense-d1-8,8,dense,10584633876018000958,6,960,0.035000,2.0000,direct-terminal,0.117500,128,true
width-s8-dense-d1-8,8,dense,10584633876018000958,6,960,0.035000,1.0000,direct-terminal,0.117500,128,true
width-s8-dense-d1-8,8,dense,10584633876018000958,6,960,0.035000,hard,direct-terminal,0.225000,128,true
width-s8-dense-d1-8,8,dense,3503703373795356757,6,960,0.035000,soft,direct-terminal,0.235000,128,true
width-s8-dense-d1-8,8,dense,3503703373795356757,6,960,0.035000,2.0000,direct-terminal,0.090000,128,true
width-s8-dense-d1-8,8,dense,3503703373795356757,6,960,0.035000,1.0000,direct-terminal,0.090000,128,true
width-s8-dense-d1-8,8,dense,3503703373795356757,6,960,0.035000,hard,direct-terminal,0.220000,128,true
width-s8-dense-d1-8,8,dense,6869996990457277544,6,960,0.035000,soft,direct-terminal,0.210000,128,true
width-s8-dense-d1-8,8,dense,6869996990457277544,6,960,0.035000,2.0000,direct-terminal,0.122500,128,true
width-s8-dense-d1-8,8,dense,6869996990457277544,6,960,0.035000,1.0000,direct-terminal,0.122500,128,true
width-s8-dense-d1-8,8,dense,6869996990457277544,6,960,0.035000,hard,direct-terminal,0.202500,128,true
width-s8-dense-d1-8,8,dense,18234682480328173695,6,960,0.035000,soft,direct-terminal,0.237500,128,true
width-s8-dense-d1-8,8,dense,18234682480328173695,6,960,0.035000,2.0000,direct-terminal,0.135000,128,true
width-s8-dense-d1-8,8,dense,18234682480328173695,6,960,0.035000,1.0000,direct-terminal,0.135000,128,true
width-s8-dense-d1-8,8,dense,18234682480328173695,6,960,0.035000,hard,direct-terminal,0.215000,128,true
width-s8-dense-d1-8,8,dense,2001310518681822354,6,960,0.035000,soft,direct-terminal,0.277500,128,true
width-s8-dense-d1-8,8,dense,2001310518681822354,6,960,0.035000,2.0000,direct-terminal,0.117500,128,true
width-s8-dense-d1-8,8,dense,2001310518681822354,6,960,0.035000,1.0000,direct-terminal,0.117500,128,true
width-s8-dense-d1-8,8,dense,2001310518681822354,6,960,0.035000,hard,direct-terminal,0.220000,128,true
width-s8-dense-d1-8,8,dense,13400896689310720169,6,960,0.035000,soft,direct-terminal,0.260000,128,true
width-s8-dense-d1-8,8,dense,13400896689310720169,6,960,0.035000,2.0000,direct-terminal,0.160000,128,true
width-s8-dense-d1-8,8,dense,13400896689310720169,6,960,0.035000,1.0000,direct-terminal,0.160000,128,true
width-s8-dense-d1-8,8,dense,13400896689310720169,6,960,0.035000,hard,direct-terminal,0.265000,128,true
width-s8-dense-d1-8,8,dense,15453320347936062484,6,960,0.070000,soft,direct-terminal,0.257500,128,true
width-s8-dense-d1-8,8,dense,15453320347936062484,6,960,0.070000,2.0000,direct-terminal,0.092500,128,true
width-s8-dense-d1-8,8,dense,15453320347936062484,6,960,0.070000,1.0000,direct-terminal,0.092500,128,true
width-s8-dense-d1-8,8,dense,15453320347936062484,6,960,0.070000,hard,direct-terminal,0.265000,128,true
width-s8-dense-d1-8,8,dense,8371261729603450923,6,960,0.070000,soft,direct-terminal,0.270000,128,true
width-s8-dense-d1-8,8,dense,8371261729603450923,6,960,0.070000,2.0000,direct-terminal,0.122500,128,true
width-s8-dense-d1-8,8,dense,8371261729603450923,6,960,0.070000,1.0000,direct-terminal,0.122500,128,true
width-s8-dense-d1-8,8,dense,8371261729603450923,6,960,0.070000,hard,direct-terminal,0.220000,128,true
width-s8-dense-d1-8,8,dense,10584633876018000958,6,960,0.070000,soft,direct-terminal,0.270000,128,true
width-s8-dense-d1-8,8,dense,10584633876018000958,6,960,0.070000,2.0000,direct-terminal,0.117500,128,true
width-s8-dense-d1-8,8,dense,10584633876018000958,6,960,0.070000,1.0000,direct-terminal,0.117500,128,true
width-s8-dense-d1-8,8,dense,10584633876018000958,6,960,0.070000,hard,direct-terminal,0.272500,128,true
width-s8-dense-d1-8,8,dense,3503703373795356757,6,960,0.070000,soft,direct-terminal,0.205000,128,true
width-s8-dense-d1-8,8,dense,3503703373795356757,6,960,0.070000,2.0000,direct-terminal,0.125000,128,true
width-s8-dense-d1-8,8,dense,3503703373795356757,6,960,0.070000,1.0000,direct-terminal,0.125000,128,true
width-s8-dense-d1-8,8,dense,3503703373795356757,6,960,0.070000,hard,direct-terminal,0.230000,128,true
width-s8-dense-d1-8,8,dense,6869996990457277544,6,960,0.070000,soft,direct-terminal,0.277500,128,true
width-s8-dense-d1-8,8,dense,6869996990457277544,6,960,0.070000,2.0000,direct-terminal,0.132500,128,true
width-s8-dense-d1-8,8,dense,6869996990457277544,6,960,0.070000,1.0000,direct-terminal,0.132500,128,true
width-s8-dense-d1-8,8,dense,6869996990457277544,6,960,0.070000,hard,direct-terminal,0.185000,128,true
width-s8-dense-d1-8,8,dense,18234682480328173695,6,960,0.070000,soft,direct-terminal,0.432500,128,true
width-s8-dense-d1-8,8,dense,18234682480328173695,6,960,0.070000,2.0000,direct-terminal,0.125000,128,true
width-s8-dense-d1-8,8,dense,18234682480328173695,6,960,0.070000,1.0000,direct-terminal,0.125000,128,true
width-s8-dense-d1-8,8,dense,18234682480328173695,6,960,0.070000,hard,direct-terminal,0.165000,128,true
width-s8-dense-d1-8,8,dense,2001310518681822354,6,960,0.070000,soft,direct-terminal,0.257500,128,true
width-s8-dense-d1-8,8,dense,2001310518681822354,6,960,0.070000,2.0000,direct-terminal,0.117500,128,true
width-s8-dense-d1-8,8,dense,2001310518681822354,6,960,0.070000,1.0000,direct-terminal,0.117500,128,true
width-s8-dense-d1-8,8,dense,2001310518681822354,6,960,0.070000,hard,direct-terminal,0.250000,128,true
width-s8-dense-d1-8,8,dense,13400896689310720169,6,960,0.070000,soft,direct-terminal,0.282500,128,true
width-s8-dense-d1-8,8,dense,13400896689310720169,6,960,0.070000,2.0000,direct-terminal,0.130000,128,true
width-s8-dense-d1-8,8,dense,13400896689310720169,6,960,0.070000,1.0000,direct-terminal,0.130000,128,true
width-s8-dense-d1-8,8,dense,13400896689310720169,6,960,0.070000,hard,direct-terminal,0.112500,128,true
width-s8-dense-d1-8,8,dense,15453320347936062484,7,240,0.035000,soft,direct-terminal,0.202500,128,true
width-s8-dense-d1-8,8,dense,15453320347936062484,7,240,0.035000,2.0000,direct-terminal,0.102500,128,true
width-s8-dense-d1-8,8,dense,15453320347936062484,7,240,0.035000,1.0000,direct-terminal,0.102500,128,true
width-s8-dense-d1-8,8,dense,15453320347936062484,7,240,0.035000,hard,direct-terminal,0.000000,128,true
width-s8-dense-d1-8,8,dense,8371261729603450923,7,240,0.035000,soft,direct-terminal,0.262500,128,true
width-s8-dense-d1-8,8,dense,8371261729603450923,7,240,0.035000,2.0000,direct-terminal,0.132500,128,true
width-s8-dense-d1-8,8,dense,8371261729603450923,7,240,0.035000,1.0000,direct-terminal,0.132500,128,true
width-s8-dense-d1-8,8,dense,8371261729603450923,7,240,0.035000,hard,direct-terminal,0.000000,128,true
width-s8-dense-d1-8,8,dense,10584633876018000958,7,240,0.035000,soft,direct-terminal,0.192500,128,true
width-s8-dense-d1-8,8,dense,10584633876018000958,7,240,0.035000,2.0000,direct-terminal,0.110000,128,true
width-s8-dense-d1-8,8,dense,10584633876018000958,7,240,0.035000,1.0000,direct-terminal,0.110000,128,true
width-s8-dense-d1-8,8,dense,10584633876018000958,7,240,0.035000,hard,direct-terminal,0.000000,128,true
width-s8-dense-d1-8,8,dense,3503703373795356757,7,240,0.035000,soft,direct-terminal,0.257500,128,true
width-s8-dense-d1-8,8,dense,3503703373795356757,7,240,0.035000,2.0000,direct-terminal,0.117500,128,true
width-s8-dense-d1-8,8,dense,3503703373795356757,7,240,0.035000,1.0000,direct-terminal,0.127500,128,true
width-s8-dense-d1-8,8,dense,3503703373795356757,7,240,0.035000,hard,direct-terminal,0.000000,128,true
width-s8-dense-d1-8,8,dense,6869996990457277544,7,240,0.035000,soft,direct-terminal,0.282500,128,true
width-s8-dense-d1-8,8,dense,6869996990457277544,7,240,0.035000,2.0000,direct-terminal,0.115000,128,true
width-s8-dense-d1-8,8,dense,6869996990457277544,7,240,0.035000,1.0000,direct-terminal,0.115000,128,true
width-s8-dense-d1-8,8,dense,6869996990457277544,7,240,0.035000,hard,direct-terminal,0.000000,128,true
width-s8-dense-d1-8,8,dense,18234682480328173695,7,240,0.035000,soft,direct-terminal,0.177500,128,true
width-s8-dense-d1-8,8,dense,18234682480328173695,7,240,0.035000,2.0000,direct-terminal,0.127500,128,true
width-s8-dense-d1-8,8,dense,18234682480328173695,7,240,0.035000,1.0000,direct-terminal,0.117500,128,true
width-s8-dense-d1-8,8,dense,18234682480328173695,7,240,0.035000,hard,direct-terminal,0.000000,128,true
width-s8-dense-d1-8,8,dense,2001310518681822354,7,240,0.035000,soft,direct-terminal,0.242500,128,true
width-s8-dense-d1-8,8,dense,2001310518681822354,7,240,0.035000,2.0000,direct-terminal,0.105000,128,true
width-s8-dense-d1-8,8,dense,2001310518681822354,7,240,0.035000,1.0000,direct-terminal,0.105000,128,true
width-s8-dense-d1-8,8,dense,2001310518681822354,7,240,0.035000,hard,direct-terminal,0.000000,128,true
width-s8-dense-d1-8,8,dense,13400896689310720169,7,240,0.035000,soft,direct-terminal,0.240000,128,true
width-s8-dense-d1-8,8,dense,13400896689310720169,7,240,0.035000,2.0000,direct-terminal,0.140000,128,true
width-s8-dense-d1-8,8,dense,13400896689310720169,7,240,0.035000,1.0000,direct-terminal,0.140000,128,true
width-s8-dense-d1-8,8,dense,13400896689310720169,7,240,0.035000,hard,direct-terminal,0.000000,128,true
width-s8-dense-d1-8,8,dense,15453320347936062484,7,240,0.070000,soft,direct-terminal,0.142500,128,true
width-s8-dense-d1-8,8,dense,15453320347936062484,7,240,0.070000,2.0000,direct-terminal,0.125000,128,true
width-s8-dense-d1-8,8,dense,15453320347936062484,7,240,0.070000,1.0000,direct-terminal,0.125000,128,true
width-s8-dense-d1-8,8,dense,15453320347936062484,7,240,0.070000,hard,direct-terminal,0.117500,128,true
width-s8-dense-d1-8,8,dense,8371261729603450923,7,240,0.070000,soft,direct-terminal,0.192500,128,true
width-s8-dense-d1-8,8,dense,8371261729603450923,7,240,0.070000,2.0000,direct-terminal,0.127500,128,true
width-s8-dense-d1-8,8,dense,8371261729603450923,7,240,0.070000,1.0000,direct-terminal,0.127500,128,true
width-s8-dense-d1-8,8,dense,8371261729603450923,7,240,0.070000,hard,direct-terminal,0.000000,128,true
width-s8-dense-d1-8,8,dense,10584633876018000958,7,240,0.070000,soft,direct-terminal,0.130000,128,true
width-s8-dense-d1-8,8,dense,10584633876018000958,7,240,0.070000,2.0000,direct-terminal,0.142500,128,true
width-s8-dense-d1-8,8,dense,10584633876018000958,7,240,0.070000,1.0000,direct-terminal,0.142500,128,true
width-s8-dense-d1-8,8,dense,10584633876018000958,7,240,0.070000,hard,direct-terminal,0.032500,128,true
width-s8-dense-d1-8,8,dense,3503703373795356757,7,240,0.070000,soft,direct-terminal,0.135000,128,true
width-s8-dense-d1-8,8,dense,3503703373795356757,7,240,0.070000,2.0000,direct-terminal,0.095000,128,true
width-s8-dense-d1-8,8,dense,3503703373795356757,7,240,0.070000,1.0000,direct-terminal,0.095000,128,true
width-s8-dense-d1-8,8,dense,3503703373795356757,7,240,0.070000,hard,direct-terminal,0.057500,128,true
width-s8-dense-d1-8,8,dense,6869996990457277544,7,240,0.070000,soft,direct-terminal,0.222500,128,true
width-s8-dense-d1-8,8,dense,6869996990457277544,7,240,0.070000,2.0000,direct-terminal,0.145000,128,true
width-s8-dense-d1-8,8,dense,6869996990457277544,7,240,0.070000,1.0000,direct-terminal,0.145000,128,true
width-s8-dense-d1-8,8,dense,6869996990457277544,7,240,0.070000,hard,direct-terminal,0.000000,128,true
width-s8-dense-d1-8,8,dense,18234682480328173695,7,240,0.070000,soft,direct-terminal,0.140000,128,true
width-s8-dense-d1-8,8,dense,18234682480328173695,7,240,0.070000,2.0000,direct-terminal,0.125000,128,true
width-s8-dense-d1-8,8,dense,18234682480328173695,7,240,0.070000,1.0000,direct-terminal,0.125000,128,true
width-s8-dense-d1-8,8,dense,18234682480328173695,7,240,0.070000,hard,direct-terminal,0.012500,128,true
width-s8-dense-d1-8,8,dense,2001310518681822354,7,240,0.070000,soft,direct-terminal,0.195000,128,true
width-s8-dense-d1-8,8,dense,2001310518681822354,7,240,0.070000,2.0000,direct-terminal,0.132500,128,true
width-s8-dense-d1-8,8,dense,2001310518681822354,7,240,0.070000,1.0000,direct-terminal,0.132500,128,true
width-s8-dense-d1-8,8,dense,2001310518681822354,7,240,0.070000,hard,direct-terminal,0.087500,128,true
width-s8-dense-d1-8,8,dense,13400896689310720169,7,240,0.070000,soft,direct-terminal,0.172500,128,true
width-s8-dense-d1-8,8,dense,13400896689310720169,7,240,0.070000,2.0000,direct-terminal,0.095000,128,true
width-s8-dense-d1-8,8,dense,13400896689310720169,7,240,0.070000,1.0000,direct-terminal,0.095000,128,true
width-s8-dense-d1-8,8,dense,13400896689310720169,7,240,0.070000,hard,direct-terminal,0.035000,128,true
width-s8-dense-d1-8,8,dense,15453320347936062484,7,960,0.035000,soft,direct-terminal,0.250000,128,true
width-s8-dense-d1-8,8,dense,15453320347936062484,7,960,0.035000,2.0000,direct-terminal,0.120000,128,true
width-s8-dense-d1-8,8,dense,15453320347936062484,7,960,0.035000,1.0000,direct-terminal,0.120000,128,true
width-s8-dense-d1-8,8,dense,15453320347936062484,7,960,0.035000,hard,direct-terminal,0.000000,128,true
width-s8-dense-d1-8,8,dense,8371261729603450923,7,960,0.035000,soft,direct-terminal,0.215000,128,true
width-s8-dense-d1-8,8,dense,8371261729603450923,7,960,0.035000,2.0000,direct-terminal,0.137500,128,true
width-s8-dense-d1-8,8,dense,8371261729603450923,7,960,0.035000,1.0000,direct-terminal,0.137500,128,true
width-s8-dense-d1-8,8,dense,8371261729603450923,7,960,0.035000,hard,direct-terminal,0.000000,128,true
width-s8-dense-d1-8,8,dense,10584633876018000958,7,960,0.035000,soft,direct-terminal,0.272500,128,true
width-s8-dense-d1-8,8,dense,10584633876018000958,7,960,0.035000,2.0000,direct-terminal,0.110000,128,true
width-s8-dense-d1-8,8,dense,10584633876018000958,7,960,0.035000,1.0000,direct-terminal,0.110000,128,true
width-s8-dense-d1-8,8,dense,10584633876018000958,7,960,0.035000,hard,direct-terminal,0.000000,128,true
width-s8-dense-d1-8,8,dense,3503703373795356757,7,960,0.035000,soft,direct-terminal,0.250000,128,true
width-s8-dense-d1-8,8,dense,3503703373795356757,7,960,0.035000,2.0000,direct-terminal,0.115000,128,true
width-s8-dense-d1-8,8,dense,3503703373795356757,7,960,0.035000,1.0000,direct-terminal,0.115000,128,true
width-s8-dense-d1-8,8,dense,3503703373795356757,7,960,0.035000,hard,direct-terminal,0.000000,128,true
width-s8-dense-d1-8,8,dense,6869996990457277544,7,960,0.035000,soft,direct-terminal,0.237500,128,true
width-s8-dense-d1-8,8,dense,6869996990457277544,7,960,0.035000,2.0000,direct-terminal,0.102500,128,true
width-s8-dense-d1-8,8,dense,6869996990457277544,7,960,0.035000,1.0000,direct-terminal,0.110000,128,true
width-s8-dense-d1-8,8,dense,6869996990457277544,7,960,0.035000,hard,direct-terminal,0.000000,128,true
width-s8-dense-d1-8,8,dense,18234682480328173695,7,960,0.035000,soft,direct-terminal,0.257500,128,true
width-s8-dense-d1-8,8,dense,18234682480328173695,7,960,0.035000,2.0000,direct-terminal,0.127500,128,true
width-s8-dense-d1-8,8,dense,18234682480328173695,7,960,0.035000,1.0000,direct-terminal,0.147500,128,true
width-s8-dense-d1-8,8,dense,18234682480328173695,7,960,0.035000,hard,direct-terminal,0.000000,128,true
width-s8-dense-d1-8,8,dense,2001310518681822354,7,960,0.035000,soft,direct-terminal,0.255000,128,true
width-s8-dense-d1-8,8,dense,2001310518681822354,7,960,0.035000,2.0000,direct-terminal,0.132500,128,true
width-s8-dense-d1-8,8,dense,2001310518681822354,7,960,0.035000,1.0000,direct-terminal,0.130000,128,true
width-s8-dense-d1-8,8,dense,2001310518681822354,7,960,0.035000,hard,direct-terminal,0.042500,128,true
width-s8-dense-d1-8,8,dense,13400896689310720169,7,960,0.035000,soft,direct-terminal,0.275000,128,true
width-s8-dense-d1-8,8,dense,13400896689310720169,7,960,0.035000,2.0000,direct-terminal,0.140000,128,true
width-s8-dense-d1-8,8,dense,13400896689310720169,7,960,0.035000,1.0000,direct-terminal,0.147500,128,true
width-s8-dense-d1-8,8,dense,13400896689310720169,7,960,0.035000,hard,direct-terminal,0.000000,128,true
width-s8-dense-d1-8,8,dense,15453320347936062484,7,960,0.070000,soft,direct-terminal,0.190000,128,true
width-s8-dense-d1-8,8,dense,15453320347936062484,7,960,0.070000,2.0000,direct-terminal,0.117500,128,true
width-s8-dense-d1-8,8,dense,15453320347936062484,7,960,0.070000,1.0000,direct-terminal,0.117500,128,true
width-s8-dense-d1-8,8,dense,15453320347936062484,7,960,0.070000,hard,direct-terminal,0.090000,128,true
width-s8-dense-d1-8,8,dense,8371261729603450923,7,960,0.070000,soft,direct-terminal,0.252500,128,true
width-s8-dense-d1-8,8,dense,8371261729603450923,7,960,0.070000,2.0000,direct-terminal,0.127500,128,true
width-s8-dense-d1-8,8,dense,8371261729603450923,7,960,0.070000,1.0000,direct-terminal,0.127500,128,true
width-s8-dense-d1-8,8,dense,8371261729603450923,7,960,0.070000,hard,direct-terminal,0.152500,128,true
width-s8-dense-d1-8,8,dense,10584633876018000958,7,960,0.070000,soft,direct-terminal,0.182500,128,true
width-s8-dense-d1-8,8,dense,10584633876018000958,7,960,0.070000,2.0000,direct-terminal,0.142500,128,true
width-s8-dense-d1-8,8,dense,10584633876018000958,7,960,0.070000,1.0000,direct-terminal,0.142500,128,true
width-s8-dense-d1-8,8,dense,10584633876018000958,7,960,0.070000,hard,direct-terminal,0.080000,128,true
width-s8-dense-d1-8,8,dense,3503703373795356757,7,960,0.070000,soft,direct-terminal,0.232500,128,true
width-s8-dense-d1-8,8,dense,3503703373795356757,7,960,0.070000,2.0000,direct-terminal,0.107500,128,true
width-s8-dense-d1-8,8,dense,3503703373795356757,7,960,0.070000,1.0000,direct-terminal,0.107500,128,true
width-s8-dense-d1-8,8,dense,3503703373795356757,7,960,0.070000,hard,direct-terminal,0.090000,128,true
width-s8-dense-d1-8,8,dense,6869996990457277544,7,960,0.070000,soft,direct-terminal,0.150000,128,true
width-s8-dense-d1-8,8,dense,6869996990457277544,7,960,0.070000,2.0000,direct-terminal,0.127500,128,true
width-s8-dense-d1-8,8,dense,6869996990457277544,7,960,0.070000,1.0000,direct-terminal,0.127500,128,true
width-s8-dense-d1-8,8,dense,6869996990457277544,7,960,0.070000,hard,direct-terminal,0.067500,128,true
width-s8-dense-d1-8,8,dense,18234682480328173695,7,960,0.070000,soft,direct-terminal,0.247500,128,true
width-s8-dense-d1-8,8,dense,18234682480328173695,7,960,0.070000,2.0000,direct-terminal,0.160000,128,true
width-s8-dense-d1-8,8,dense,18234682480328173695,7,960,0.070000,1.0000,direct-terminal,0.160000,128,true
width-s8-dense-d1-8,8,dense,18234682480328173695,7,960,0.070000,hard,direct-terminal,0.047500,128,true
width-s8-dense-d1-8,8,dense,2001310518681822354,7,960,0.070000,soft,direct-terminal,0.142500,128,true
width-s8-dense-d1-8,8,dense,2001310518681822354,7,960,0.070000,2.0000,direct-terminal,0.142500,128,true
width-s8-dense-d1-8,8,dense,2001310518681822354,7,960,0.070000,1.0000,direct-terminal,0.142500,128,true
width-s8-dense-d1-8,8,dense,2001310518681822354,7,960,0.070000,hard,direct-terminal,0.142500,128,true
width-s8-dense-d1-8,8,dense,13400896689310720169,7,960,0.070000,soft,direct-terminal,0.185000,128,true
width-s8-dense-d1-8,8,dense,13400896689310720169,7,960,0.070000,2.0000,direct-terminal,0.130000,128,true
width-s8-dense-d1-8,8,dense,13400896689310720169,7,960,0.070000,1.0000,direct-terminal,0.130000,128,true
width-s8-dense-d1-8,8,dense,13400896689310720169,7,960,0.070000,hard,direct-terminal,0.080000,128,true
width-s8-dense-d1-8,8,dense,15453320347936062484,8,240,0.035000,soft,direct-terminal,0.230000,128,true
width-s8-dense-d1-8,8,dense,15453320347936062484,8,240,0.035000,2.0000,direct-terminal,0.122500,128,true
width-s8-dense-d1-8,8,dense,15453320347936062484,8,240,0.035000,1.0000,direct-terminal,0.122500,128,true
width-s8-dense-d1-8,8,dense,15453320347936062484,8,240,0.035000,hard,direct-terminal,0.282500,128,true
width-s8-dense-d1-8,8,dense,8371261729603450923,8,240,0.035000,soft,direct-terminal,0.250000,128,true
width-s8-dense-d1-8,8,dense,8371261729603450923,8,240,0.035000,2.0000,direct-terminal,0.137500,128,true
width-s8-dense-d1-8,8,dense,8371261729603450923,8,240,0.035000,1.0000,direct-terminal,0.137500,128,true
width-s8-dense-d1-8,8,dense,8371261729603450923,8,240,0.035000,hard,direct-terminal,0.287500,128,true
width-s8-dense-d1-8,8,dense,10584633876018000958,8,240,0.035000,soft,direct-terminal,0.260000,128,true
width-s8-dense-d1-8,8,dense,10584633876018000958,8,240,0.035000,2.0000,direct-terminal,0.107500,128,true
width-s8-dense-d1-8,8,dense,10584633876018000958,8,240,0.035000,1.0000,direct-terminal,0.107500,128,true
width-s8-dense-d1-8,8,dense,10584633876018000958,8,240,0.035000,hard,direct-terminal,0.252500,128,true
width-s8-dense-d1-8,8,dense,3503703373795356757,8,240,0.035000,soft,direct-terminal,0.237500,128,true
width-s8-dense-d1-8,8,dense,3503703373795356757,8,240,0.035000,2.0000,direct-terminal,0.162500,128,true
width-s8-dense-d1-8,8,dense,3503703373795356757,8,240,0.035000,1.0000,direct-terminal,0.162500,128,true
width-s8-dense-d1-8,8,dense,3503703373795356757,8,240,0.035000,hard,direct-terminal,0.260000,128,true
width-s8-dense-d1-8,8,dense,6869996990457277544,8,240,0.035000,soft,direct-terminal,0.227500,128,true
width-s8-dense-d1-8,8,dense,6869996990457277544,8,240,0.035000,2.0000,direct-terminal,0.112500,128,true
width-s8-dense-d1-8,8,dense,6869996990457277544,8,240,0.035000,1.0000,direct-terminal,0.112500,128,true
width-s8-dense-d1-8,8,dense,6869996990457277544,8,240,0.035000,hard,direct-terminal,0.285000,128,true
width-s8-dense-d1-8,8,dense,18234682480328173695,8,240,0.035000,soft,direct-terminal,0.495000,128,true
width-s8-dense-d1-8,8,dense,18234682480328173695,8,240,0.035000,2.0000,direct-terminal,0.142500,128,true
width-s8-dense-d1-8,8,dense,18234682480328173695,8,240,0.035000,1.0000,direct-terminal,0.142500,128,true
width-s8-dense-d1-8,8,dense,18234682480328173695,8,240,0.035000,hard,direct-terminal,0.270000,128,true
width-s8-dense-d1-8,8,dense,2001310518681822354,8,240,0.035000,soft,direct-terminal,0.232500,128,true
width-s8-dense-d1-8,8,dense,2001310518681822354,8,240,0.035000,2.0000,direct-terminal,0.082500,128,true
width-s8-dense-d1-8,8,dense,2001310518681822354,8,240,0.035000,1.0000,direct-terminal,0.082500,128,true
width-s8-dense-d1-8,8,dense,2001310518681822354,8,240,0.035000,hard,direct-terminal,0.260000,128,true
width-s8-dense-d1-8,8,dense,13400896689310720169,8,240,0.035000,soft,direct-terminal,0.225000,128,true
width-s8-dense-d1-8,8,dense,13400896689310720169,8,240,0.035000,2.0000,direct-terminal,0.125000,128,true
width-s8-dense-d1-8,8,dense,13400896689310720169,8,240,0.035000,1.0000,direct-terminal,0.125000,128,true
width-s8-dense-d1-8,8,dense,13400896689310720169,8,240,0.035000,hard,direct-terminal,0.257500,128,true
width-s8-dense-d1-8,8,dense,15453320347936062484,8,240,0.070000,soft,direct-terminal,0.132500,128,true
width-s8-dense-d1-8,8,dense,15453320347936062484,8,240,0.070000,2.0000,direct-terminal,0.132500,128,true
width-s8-dense-d1-8,8,dense,15453320347936062484,8,240,0.070000,1.0000,direct-terminal,0.132500,128,true
width-s8-dense-d1-8,8,dense,15453320347936062484,8,240,0.070000,hard,direct-terminal,0.132500,128,true
width-s8-dense-d1-8,8,dense,8371261729603450923,8,240,0.070000,soft,direct-terminal,0.135000,128,true
width-s8-dense-d1-8,8,dense,8371261729603450923,8,240,0.070000,2.0000,direct-terminal,0.135000,128,true
width-s8-dense-d1-8,8,dense,8371261729603450923,8,240,0.070000,1.0000,direct-terminal,0.135000,128,true
width-s8-dense-d1-8,8,dense,8371261729603450923,8,240,0.070000,hard,direct-terminal,0.135000,128,true
width-s8-dense-d1-8,8,dense,10584633876018000958,8,240,0.070000,soft,direct-terminal,0.152500,128,true
width-s8-dense-d1-8,8,dense,10584633876018000958,8,240,0.070000,2.0000,direct-terminal,0.145000,128,true
width-s8-dense-d1-8,8,dense,10584633876018000958,8,240,0.070000,1.0000,direct-terminal,0.145000,128,true
width-s8-dense-d1-8,8,dense,10584633876018000958,8,240,0.070000,hard,direct-terminal,0.125000,128,true
width-s8-dense-d1-8,8,dense,3503703373795356757,8,240,0.070000,soft,direct-terminal,0.195000,128,true
width-s8-dense-d1-8,8,dense,3503703373795356757,8,240,0.070000,2.0000,direct-terminal,0.110000,128,true
width-s8-dense-d1-8,8,dense,3503703373795356757,8,240,0.070000,1.0000,direct-terminal,0.110000,128,true
width-s8-dense-d1-8,8,dense,3503703373795356757,8,240,0.070000,hard,direct-terminal,0.170000,128,true
width-s8-dense-d1-8,8,dense,6869996990457277544,8,240,0.070000,soft,direct-terminal,0.152500,128,true
width-s8-dense-d1-8,8,dense,6869996990457277544,8,240,0.070000,2.0000,direct-terminal,0.112500,128,true
width-s8-dense-d1-8,8,dense,6869996990457277544,8,240,0.070000,1.0000,direct-terminal,0.112500,128,true
width-s8-dense-d1-8,8,dense,6869996990457277544,8,240,0.070000,hard,direct-terminal,0.237500,128,true
width-s8-dense-d1-8,8,dense,18234682480328173695,8,240,0.070000,soft,direct-terminal,0.120000,128,true
width-s8-dense-d1-8,8,dense,18234682480328173695,8,240,0.070000,2.0000,direct-terminal,0.120000,128,true
width-s8-dense-d1-8,8,dense,18234682480328173695,8,240,0.070000,1.0000,direct-terminal,0.120000,128,true
width-s8-dense-d1-8,8,dense,18234682480328173695,8,240,0.070000,hard,direct-terminal,0.120000,128,true
width-s8-dense-d1-8,8,dense,2001310518681822354,8,240,0.070000,soft,direct-terminal,0.170000,128,true
width-s8-dense-d1-8,8,dense,2001310518681822354,8,240,0.070000,2.0000,direct-terminal,0.137500,128,true
width-s8-dense-d1-8,8,dense,2001310518681822354,8,240,0.070000,1.0000,direct-terminal,0.137500,128,true
width-s8-dense-d1-8,8,dense,2001310518681822354,8,240,0.070000,hard,direct-terminal,0.197500,128,true
width-s8-dense-d1-8,8,dense,13400896689310720169,8,240,0.070000,soft,direct-terminal,0.187500,128,true
width-s8-dense-d1-8,8,dense,13400896689310720169,8,240,0.070000,2.0000,direct-terminal,0.142500,128,true
width-s8-dense-d1-8,8,dense,13400896689310720169,8,240,0.070000,1.0000,direct-terminal,0.142500,128,true
width-s8-dense-d1-8,8,dense,13400896689310720169,8,240,0.070000,hard,direct-terminal,0.117500,128,true
width-s8-dense-d1-8,8,dense,15453320347936062484,8,960,0.035000,soft,direct-terminal,0.242500,128,true
width-s8-dense-d1-8,8,dense,15453320347936062484,8,960,0.035000,2.0000,direct-terminal,0.122500,128,true
width-s8-dense-d1-8,8,dense,15453320347936062484,8,960,0.035000,1.0000,direct-terminal,0.122500,128,true
width-s8-dense-d1-8,8,dense,15453320347936062484,8,960,0.035000,hard,direct-terminal,0.252500,128,true
width-s8-dense-d1-8,8,dense,8371261729603450923,8,960,0.035000,soft,direct-terminal,0.267500,128,true
width-s8-dense-d1-8,8,dense,8371261729603450923,8,960,0.035000,2.0000,direct-terminal,0.137500,128,true
width-s8-dense-d1-8,8,dense,8371261729603450923,8,960,0.035000,1.0000,direct-terminal,0.137500,128,true
width-s8-dense-d1-8,8,dense,8371261729603450923,8,960,0.035000,hard,direct-terminal,0.280000,128,true
width-s8-dense-d1-8,8,dense,10584633876018000958,8,960,0.035000,soft,direct-terminal,0.302500,128,true
width-s8-dense-d1-8,8,dense,10584633876018000958,8,960,0.035000,2.0000,direct-terminal,0.160000,128,true
width-s8-dense-d1-8,8,dense,10584633876018000958,8,960,0.035000,1.0000,direct-terminal,0.157500,128,true
width-s8-dense-d1-8,8,dense,10584633876018000958,8,960,0.035000,hard,direct-terminal,0.280000,128,true
width-s8-dense-d1-8,8,dense,3503703373795356757,8,960,0.035000,soft,direct-terminal,0.260000,128,true
width-s8-dense-d1-8,8,dense,3503703373795356757,8,960,0.035000,2.0000,direct-terminal,0.157500,128,true
width-s8-dense-d1-8,8,dense,3503703373795356757,8,960,0.035000,1.0000,direct-terminal,0.147500,128,true
width-s8-dense-d1-8,8,dense,3503703373795356757,8,960,0.035000,hard,direct-terminal,0.235000,128,true
width-s8-dense-d1-8,8,dense,6869996990457277544,8,960,0.035000,soft,direct-terminal,0.252500,128,true
width-s8-dense-d1-8,8,dense,6869996990457277544,8,960,0.035000,2.0000,direct-terminal,0.135000,128,true
width-s8-dense-d1-8,8,dense,6869996990457277544,8,960,0.035000,1.0000,direct-terminal,0.135000,128,true
width-s8-dense-d1-8,8,dense,6869996990457277544,8,960,0.035000,hard,direct-terminal,0.260000,128,true
width-s8-dense-d1-8,8,dense,18234682480328173695,8,960,0.035000,soft,direct-terminal,0.507500,128,true
width-s8-dense-d1-8,8,dense,18234682480328173695,8,960,0.035000,2.0000,direct-terminal,0.117500,128,true
width-s8-dense-d1-8,8,dense,18234682480328173695,8,960,0.035000,1.0000,direct-terminal,0.117500,128,true
width-s8-dense-d1-8,8,dense,18234682480328173695,8,960,0.035000,hard,direct-terminal,0.160000,128,true
width-s8-dense-d1-8,8,dense,2001310518681822354,8,960,0.035000,soft,direct-terminal,0.202500,128,true
width-s8-dense-d1-8,8,dense,2001310518681822354,8,960,0.035000,2.0000,direct-terminal,0.147500,128,true
width-s8-dense-d1-8,8,dense,2001310518681822354,8,960,0.035000,1.0000,direct-terminal,0.147500,128,true
width-s8-dense-d1-8,8,dense,2001310518681822354,8,960,0.035000,hard,direct-terminal,0.260000,128,true
width-s8-dense-d1-8,8,dense,13400896689310720169,8,960,0.035000,soft,direct-terminal,0.250000,128,true
width-s8-dense-d1-8,8,dense,13400896689310720169,8,960,0.035000,2.0000,direct-terminal,0.100000,128,true
width-s8-dense-d1-8,8,dense,13400896689310720169,8,960,0.035000,1.0000,direct-terminal,0.100000,128,true
width-s8-dense-d1-8,8,dense,13400896689310720169,8,960,0.035000,hard,direct-terminal,0.247500,128,true
width-s8-dense-d1-8,8,dense,15453320347936062484,8,960,0.070000,soft,direct-terminal,0.132500,128,true
width-s8-dense-d1-8,8,dense,15453320347936062484,8,960,0.070000,2.0000,direct-terminal,0.132500,128,true
width-s8-dense-d1-8,8,dense,15453320347936062484,8,960,0.070000,1.0000,direct-terminal,0.132500,128,true
width-s8-dense-d1-8,8,dense,15453320347936062484,8,960,0.070000,hard,direct-terminal,0.132500,128,true
width-s8-dense-d1-8,8,dense,8371261729603450923,8,960,0.070000,soft,direct-terminal,0.135000,128,true
width-s8-dense-d1-8,8,dense,8371261729603450923,8,960,0.070000,2.0000,direct-terminal,0.135000,128,true
width-s8-dense-d1-8,8,dense,8371261729603450923,8,960,0.070000,1.0000,direct-terminal,0.135000,128,true
width-s8-dense-d1-8,8,dense,8371261729603450923,8,960,0.070000,hard,direct-terminal,0.135000,128,true
width-s8-dense-d1-8,8,dense,10584633876018000958,8,960,0.070000,soft,direct-terminal,0.190000,128,true
width-s8-dense-d1-8,8,dense,10584633876018000958,8,960,0.070000,2.0000,direct-terminal,0.135000,128,true
width-s8-dense-d1-8,8,dense,10584633876018000958,8,960,0.070000,1.0000,direct-terminal,0.135000,128,true
width-s8-dense-d1-8,8,dense,10584633876018000958,8,960,0.070000,hard,direct-terminal,0.165000,128,true
width-s8-dense-d1-8,8,dense,3503703373795356757,8,960,0.070000,soft,direct-terminal,0.160000,128,true
width-s8-dense-d1-8,8,dense,3503703373795356757,8,960,0.070000,2.0000,direct-terminal,0.135000,128,true
width-s8-dense-d1-8,8,dense,3503703373795356757,8,960,0.070000,1.0000,direct-terminal,0.135000,128,true
width-s8-dense-d1-8,8,dense,3503703373795356757,8,960,0.070000,hard,direct-terminal,0.145000,128,true
width-s8-dense-d1-8,8,dense,6869996990457277544,8,960,0.070000,soft,direct-terminal,0.167500,128,true
width-s8-dense-d1-8,8,dense,6869996990457277544,8,960,0.070000,2.0000,direct-terminal,0.112500,128,true
width-s8-dense-d1-8,8,dense,6869996990457277544,8,960,0.070000,1.0000,direct-terminal,0.112500,128,true
width-s8-dense-d1-8,8,dense,6869996990457277544,8,960,0.070000,hard,direct-terminal,0.180000,128,true
width-s8-dense-d1-8,8,dense,18234682480328173695,8,960,0.070000,soft,direct-terminal,0.120000,128,true
width-s8-dense-d1-8,8,dense,18234682480328173695,8,960,0.070000,2.0000,direct-terminal,0.120000,128,true
width-s8-dense-d1-8,8,dense,18234682480328173695,8,960,0.070000,1.0000,direct-terminal,0.120000,128,true
width-s8-dense-d1-8,8,dense,18234682480328173695,8,960,0.070000,hard,direct-terminal,0.120000,128,true
width-s8-dense-d1-8,8,dense,2001310518681822354,8,960,0.070000,soft,direct-terminal,0.127500,128,true
width-s8-dense-d1-8,8,dense,2001310518681822354,8,960,0.070000,2.0000,direct-terminal,0.117500,128,true
width-s8-dense-d1-8,8,dense,2001310518681822354,8,960,0.070000,1.0000,direct-terminal,0.117500,128,true
width-s8-dense-d1-8,8,dense,2001310518681822354,8,960,0.070000,hard,direct-terminal,0.122500,128,true
width-s8-dense-d1-8,8,dense,13400896689310720169,8,960,0.070000,soft,direct-terminal,0.110000,128,true
width-s8-dense-d1-8,8,dense,13400896689310720169,8,960,0.070000,2.0000,direct-terminal,0.110000,128,true
width-s8-dense-d1-8,8,dense,13400896689310720169,8,960,0.070000,1.0000,direct-terminal,0.110000,128,true
width-s8-dense-d1-8,8,dense,13400896689310720169,8,960,0.070000,hard,direct-terminal,0.110000,128,true
width-s8-dense-d1-8,8,dense,15453320347936062484,1,960,0.035000,soft,privileged-intermediate-target,1.000000,128,true
width-s8-dense-d1-8,8,dense,15453320347936062484,1,960,0.035000,2.0000,privileged-intermediate-target,1.000000,128,true
width-s8-dense-d1-8,8,dense,15453320347936062484,1,960,0.035000,1.0000,privileged-intermediate-target,1.000000,128,true
width-s8-dense-d1-8,8,dense,15453320347936062484,1,960,0.035000,hard,privileged-intermediate-target,1.000000,128,true
width-s8-dense-d1-8,8,dense,15453320347936062484,1,960,0.035000,soft,shuffled-label,0.000000,128,true
width-s8-dense-d1-8,8,dense,15453320347936062484,1,960,0.035000,2.0000,shuffled-label,0.000000,128,true
width-s8-dense-d1-8,8,dense,15453320347936062484,1,960,0.035000,1.0000,shuffled-label,0.000000,128,true
width-s8-dense-d1-8,8,dense,15453320347936062484,1,960,0.035000,hard,shuffled-label,0.000000,128,true
width-s8-dense-d1-8,8,dense,8371261729603450923,1,960,0.035000,soft,privileged-intermediate-target,1.000000,128,true
width-s8-dense-d1-8,8,dense,8371261729603450923,1,960,0.035000,2.0000,privileged-intermediate-target,1.000000,128,true
width-s8-dense-d1-8,8,dense,8371261729603450923,1,960,0.035000,1.0000,privileged-intermediate-target,1.000000,128,true
width-s8-dense-d1-8,8,dense,8371261729603450923,1,960,0.035000,hard,privileged-intermediate-target,1.000000,128,true
width-s8-dense-d1-8,8,dense,8371261729603450923,1,960,0.035000,soft,shuffled-label,0.000000,128,true
width-s8-dense-d1-8,8,dense,8371261729603450923,1,960,0.035000,2.0000,shuffled-label,0.000000,128,true
width-s8-dense-d1-8,8,dense,8371261729603450923,1,960,0.035000,1.0000,shuffled-label,0.000000,128,true
width-s8-dense-d1-8,8,dense,8371261729603450923,1,960,0.035000,hard,shuffled-label,0.000000,128,true
width-s8-dense-d1-8,8,dense,10584633876018000958,1,960,0.035000,soft,privileged-intermediate-target,1.000000,128,true
width-s8-dense-d1-8,8,dense,10584633876018000958,1,960,0.035000,2.0000,privileged-intermediate-target,1.000000,128,true
width-s8-dense-d1-8,8,dense,10584633876018000958,1,960,0.035000,1.0000,privileged-intermediate-target,1.000000,128,true
width-s8-dense-d1-8,8,dense,10584633876018000958,1,960,0.035000,hard,privileged-intermediate-target,1.000000,128,true
width-s8-dense-d1-8,8,dense,10584633876018000958,1,960,0.035000,soft,shuffled-label,0.000000,128,true
width-s8-dense-d1-8,8,dense,10584633876018000958,1,960,0.035000,2.0000,shuffled-label,0.000000,128,true
width-s8-dense-d1-8,8,dense,10584633876018000958,1,960,0.035000,1.0000,shuffled-label,0.000000,128,true
width-s8-dense-d1-8,8,dense,10584633876018000958,1,960,0.035000,hard,shuffled-label,0.000000,128,true
width-s8-dense-d1-8,8,dense,3503703373795356757,1,960,0.035000,soft,privileged-intermediate-target,1.000000,128,true
width-s8-dense-d1-8,8,dense,3503703373795356757,1,960,0.035000,2.0000,privileged-intermediate-target,1.000000,128,true
width-s8-dense-d1-8,8,dense,3503703373795356757,1,960,0.035000,1.0000,privileged-intermediate-target,1.000000,128,true
width-s8-dense-d1-8,8,dense,3503703373795356757,1,960,0.035000,hard,privileged-intermediate-target,1.000000,128,true
width-s8-dense-d1-8,8,dense,3503703373795356757,1,960,0.035000,soft,shuffled-label,0.000000,128,true
width-s8-dense-d1-8,8,dense,3503703373795356757,1,960,0.035000,2.0000,shuffled-label,0.000000,128,true
width-s8-dense-d1-8,8,dense,3503703373795356757,1,960,0.035000,1.0000,shuffled-label,0.000000,128,true
width-s8-dense-d1-8,8,dense,3503703373795356757,1,960,0.035000,hard,shuffled-label,0.000000,128,true
width-s8-dense-d1-8,8,dense,6869996990457277544,1,960,0.035000,soft,privileged-intermediate-target,1.000000,128,true
width-s8-dense-d1-8,8,dense,6869996990457277544,1,960,0.035000,2.0000,privileged-intermediate-target,1.000000,128,true
width-s8-dense-d1-8,8,dense,6869996990457277544,1,960,0.035000,1.0000,privileged-intermediate-target,1.000000,128,true
width-s8-dense-d1-8,8,dense,6869996990457277544,1,960,0.035000,hard,privileged-intermediate-target,1.000000,128,true
width-s8-dense-d1-8,8,dense,6869996990457277544,1,960,0.035000,soft,shuffled-label,0.000000,128,true
width-s8-dense-d1-8,8,dense,6869996990457277544,1,960,0.035000,2.0000,shuffled-label,0.000000,128,true
width-s8-dense-d1-8,8,dense,6869996990457277544,1,960,0.035000,1.0000,shuffled-label,0.000000,128,true
width-s8-dense-d1-8,8,dense,6869996990457277544,1,960,0.035000,hard,shuffled-label,0.000000,128,true
width-s8-dense-d1-8,8,dense,18234682480328173695,1,960,0.035000,soft,privileged-intermediate-target,1.000000,128,true
width-s8-dense-d1-8,8,dense,18234682480328173695,1,960,0.035000,2.0000,privileged-intermediate-target,1.000000,128,true
width-s8-dense-d1-8,8,dense,18234682480328173695,1,960,0.035000,1.0000,privileged-intermediate-target,1.000000,128,true
width-s8-dense-d1-8,8,dense,18234682480328173695,1,960,0.035000,hard,privileged-intermediate-target,1.000000,128,true
width-s8-dense-d1-8,8,dense,18234682480328173695,1,960,0.035000,soft,shuffled-label,0.000000,128,true
width-s8-dense-d1-8,8,dense,18234682480328173695,1,960,0.035000,2.0000,shuffled-label,0.000000,128,true
width-s8-dense-d1-8,8,dense,18234682480328173695,1,960,0.035000,1.0000,shuffled-label,0.000000,128,true
width-s8-dense-d1-8,8,dense,18234682480328173695,1,960,0.035000,hard,shuffled-label,0.000000,128,true
width-s8-dense-d1-8,8,dense,2001310518681822354,1,960,0.035000,soft,privileged-intermediate-target,1.000000,128,true
width-s8-dense-d1-8,8,dense,2001310518681822354,1,960,0.035000,2.0000,privileged-intermediate-target,1.000000,128,true
width-s8-dense-d1-8,8,dense,2001310518681822354,1,960,0.035000,1.0000,privileged-intermediate-target,1.000000,128,true
width-s8-dense-d1-8,8,dense,2001310518681822354,1,960,0.035000,hard,privileged-intermediate-target,1.000000,128,true
width-s8-dense-d1-8,8,dense,2001310518681822354,1,960,0.035000,soft,shuffled-label,0.000000,128,true
width-s8-dense-d1-8,8,dense,2001310518681822354,1,960,0.035000,2.0000,shuffled-label,0.000000,128,true
width-s8-dense-d1-8,8,dense,2001310518681822354,1,960,0.035000,1.0000,shuffled-label,0.000000,128,true
width-s8-dense-d1-8,8,dense,2001310518681822354,1,960,0.035000,hard,shuffled-label,0.000000,128,true
width-s8-dense-d1-8,8,dense,13400896689310720169,1,960,0.035000,soft,privileged-intermediate-target,1.000000,128,true
width-s8-dense-d1-8,8,dense,13400896689310720169,1,960,0.035000,2.0000,privileged-intermediate-target,1.000000,128,true
width-s8-dense-d1-8,8,dense,13400896689310720169,1,960,0.035000,1.0000,privileged-intermediate-target,1.000000,128,true
width-s8-dense-d1-8,8,dense,13400896689310720169,1,960,0.035000,hard,privileged-intermediate-target,1.000000,128,true
width-s8-dense-d1-8,8,dense,13400896689310720169,1,960,0.035000,soft,shuffled-label,0.000000,128,true
width-s8-dense-d1-8,8,dense,13400896689310720169,1,960,0.035000,2.0000,shuffled-label,0.000000,128,true
width-s8-dense-d1-8,8,dense,13400896689310720169,1,960,0.035000,1.0000,shuffled-label,0.000000,128,true
width-s8-dense-d1-8,8,dense,13400896689310720169,1,960,0.035000,hard,shuffled-label,0.000000,128,true
width-s8-dense-d1-8,8,dense,15453320347936062484,1,960,0.070000,soft,privileged-intermediate-target,1.000000,128,true
width-s8-dense-d1-8,8,dense,15453320347936062484,1,960,0.070000,2.0000,privileged-intermediate-target,1.000000,128,true
width-s8-dense-d1-8,8,dense,15453320347936062484,1,960,0.070000,1.0000,privileged-intermediate-target,1.000000,128,true
width-s8-dense-d1-8,8,dense,15453320347936062484,1,960,0.070000,hard,privileged-intermediate-target,1.000000,128,true
width-s8-dense-d1-8,8,dense,15453320347936062484,1,960,0.070000,soft,shuffled-label,0.000000,128,true
width-s8-dense-d1-8,8,dense,15453320347936062484,1,960,0.070000,2.0000,shuffled-label,0.000000,128,true
width-s8-dense-d1-8,8,dense,15453320347936062484,1,960,0.070000,1.0000,shuffled-label,0.000000,128,true
width-s8-dense-d1-8,8,dense,15453320347936062484,1,960,0.070000,hard,shuffled-label,0.000000,128,true
width-s8-dense-d1-8,8,dense,8371261729603450923,1,960,0.070000,soft,privileged-intermediate-target,1.000000,128,true
width-s8-dense-d1-8,8,dense,8371261729603450923,1,960,0.070000,2.0000,privileged-intermediate-target,1.000000,128,true
width-s8-dense-d1-8,8,dense,8371261729603450923,1,960,0.070000,1.0000,privileged-intermediate-target,1.000000,128,true
width-s8-dense-d1-8,8,dense,8371261729603450923,1,960,0.070000,hard,privileged-intermediate-target,1.000000,128,true
width-s8-dense-d1-8,8,dense,8371261729603450923,1,960,0.070000,soft,shuffled-label,0.000000,128,true
width-s8-dense-d1-8,8,dense,8371261729603450923,1,960,0.070000,2.0000,shuffled-label,0.000000,128,true
width-s8-dense-d1-8,8,dense,8371261729603450923,1,960,0.070000,1.0000,shuffled-label,0.000000,128,true
width-s8-dense-d1-8,8,dense,8371261729603450923,1,960,0.070000,hard,shuffled-label,0.000000,128,true
width-s8-dense-d1-8,8,dense,10584633876018000958,1,960,0.070000,soft,privileged-intermediate-target,1.000000,128,true
width-s8-dense-d1-8,8,dense,10584633876018000958,1,960,0.070000,2.0000,privileged-intermediate-target,1.000000,128,true
width-s8-dense-d1-8,8,dense,10584633876018000958,1,960,0.070000,1.0000,privileged-intermediate-target,1.000000,128,true
width-s8-dense-d1-8,8,dense,10584633876018000958,1,960,0.070000,hard,privileged-intermediate-target,1.000000,128,true
width-s8-dense-d1-8,8,dense,10584633876018000958,1,960,0.070000,soft,shuffled-label,0.000000,128,true
width-s8-dense-d1-8,8,dense,10584633876018000958,1,960,0.070000,2.0000,shuffled-label,0.000000,128,true
width-s8-dense-d1-8,8,dense,10584633876018000958,1,960,0.070000,1.0000,shuffled-label,0.000000,128,true
width-s8-dense-d1-8,8,dense,10584633876018000958,1,960,0.070000,hard,shuffled-label,0.000000,128,true
width-s8-dense-d1-8,8,dense,3503703373795356757,1,960,0.070000,soft,privileged-intermediate-target,1.000000,128,true
width-s8-dense-d1-8,8,dense,3503703373795356757,1,960,0.070000,2.0000,privileged-intermediate-target,1.000000,128,true
width-s8-dense-d1-8,8,dense,3503703373795356757,1,960,0.070000,1.0000,privileged-intermediate-target,1.000000,128,true
width-s8-dense-d1-8,8,dense,3503703373795356757,1,960,0.070000,hard,privileged-intermediate-target,1.000000,128,true
width-s8-dense-d1-8,8,dense,3503703373795356757,1,960,0.070000,soft,shuffled-label,0.000000,128,true
width-s8-dense-d1-8,8,dense,3503703373795356757,1,960,0.070000,2.0000,shuffled-label,0.000000,128,true
width-s8-dense-d1-8,8,dense,3503703373795356757,1,960,0.070000,1.0000,shuffled-label,0.000000,128,true
width-s8-dense-d1-8,8,dense,3503703373795356757,1,960,0.070000,hard,shuffled-label,0.000000,128,true
width-s8-dense-d1-8,8,dense,6869996990457277544,1,960,0.070000,soft,privileged-intermediate-target,1.000000,128,true
width-s8-dense-d1-8,8,dense,6869996990457277544,1,960,0.070000,2.0000,privileged-intermediate-target,1.000000,128,true
width-s8-dense-d1-8,8,dense,6869996990457277544,1,960,0.070000,1.0000,privileged-intermediate-target,1.000000,128,true
width-s8-dense-d1-8,8,dense,6869996990457277544,1,960,0.070000,hard,privileged-intermediate-target,1.000000,128,true
width-s8-dense-d1-8,8,dense,6869996990457277544,1,960,0.070000,soft,shuffled-label,0.000000,128,true
width-s8-dense-d1-8,8,dense,6869996990457277544,1,960,0.070000,2.0000,shuffled-label,0.000000,128,true
width-s8-dense-d1-8,8,dense,6869996990457277544,1,960,0.070000,1.0000,shuffled-label,0.000000,128,true
width-s8-dense-d1-8,8,dense,6869996990457277544,1,960,0.070000,hard,shuffled-label,0.000000,128,true
width-s8-dense-d1-8,8,dense,18234682480328173695,1,960,0.070000,soft,privileged-intermediate-target,1.000000,128,true
width-s8-dense-d1-8,8,dense,18234682480328173695,1,960,0.070000,2.0000,privileged-intermediate-target,1.000000,128,true
width-s8-dense-d1-8,8,dense,18234682480328173695,1,960,0.070000,1.0000,privileged-intermediate-target,1.000000,128,true
width-s8-dense-d1-8,8,dense,18234682480328173695,1,960,0.070000,hard,privileged-intermediate-target,1.000000,128,true
width-s8-dense-d1-8,8,dense,18234682480328173695,1,960,0.070000,soft,shuffled-label,0.000000,128,true
width-s8-dense-d1-8,8,dense,18234682480328173695,1,960,0.070000,2.0000,shuffled-label,0.000000,128,true
width-s8-dense-d1-8,8,dense,18234682480328173695,1,960,0.070000,1.0000,shuffled-label,0.000000,128,true
width-s8-dense-d1-8,8,dense,18234682480328173695,1,960,0.070000,hard,shuffled-label,0.000000,128,true
width-s8-dense-d1-8,8,dense,2001310518681822354,1,960,0.070000,soft,privileged-intermediate-target,1.000000,128,true
width-s8-dense-d1-8,8,dense,2001310518681822354,1,960,0.070000,2.0000,privileged-intermediate-target,1.000000,128,true
width-s8-dense-d1-8,8,dense,2001310518681822354,1,960,0.070000,1.0000,privileged-intermediate-target,1.000000,128,true
width-s8-dense-d1-8,8,dense,2001310518681822354,1,960,0.070000,hard,privileged-intermediate-target,1.000000,128,true
width-s8-dense-d1-8,8,dense,2001310518681822354,1,960,0.070000,soft,shuffled-label,0.000000,128,true
width-s8-dense-d1-8,8,dense,2001310518681822354,1,960,0.070000,2.0000,shuffled-label,0.000000,128,true
width-s8-dense-d1-8,8,dense,2001310518681822354,1,960,0.070000,1.0000,shuffled-label,0.000000,128,true
width-s8-dense-d1-8,8,dense,2001310518681822354,1,960,0.070000,hard,shuffled-label,0.000000,128,true
width-s8-dense-d1-8,8,dense,13400896689310720169,1,960,0.070000,soft,privileged-intermediate-target,1.000000,128,true
width-s8-dense-d1-8,8,dense,13400896689310720169,1,960,0.070000,2.0000,privileged-intermediate-target,1.000000,128,true
width-s8-dense-d1-8,8,dense,13400896689310720169,1,960,0.070000,1.0000,privileged-intermediate-target,1.000000,128,true
width-s8-dense-d1-8,8,dense,13400896689310720169,1,960,0.070000,hard,privileged-intermediate-target,1.000000,128,true
width-s8-dense-d1-8,8,dense,13400896689310720169,1,960,0.070000,soft,shuffled-label,0.000000,128,true
width-s8-dense-d1-8,8,dense,13400896689310720169,1,960,0.070000,2.0000,shuffled-label,0.000000,128,true
width-s8-dense-d1-8,8,dense,13400896689310720169,1,960,0.070000,1.0000,shuffled-label,0.000000,128,true
width-s8-dense-d1-8,8,dense,13400896689310720169,1,960,0.070000,hard,shuffled-label,0.000000,128,true
width-s8-dense-d1-8,8,dense,15453320347936062484,2,960,0.035000,soft,privileged-intermediate-target,1.000000,128,true
width-s8-dense-d1-8,8,dense,15453320347936062484,2,960,0.035000,2.0000,privileged-intermediate-target,1.000000,128,true
width-s8-dense-d1-8,8,dense,15453320347936062484,2,960,0.035000,1.0000,privileged-intermediate-target,1.000000,128,true
width-s8-dense-d1-8,8,dense,15453320347936062484,2,960,0.035000,hard,privileged-intermediate-target,1.000000,128,true
width-s8-dense-d1-8,8,dense,15453320347936062484,2,960,0.035000,soft,shuffled-label,0.000000,128,true
width-s8-dense-d1-8,8,dense,15453320347936062484,2,960,0.035000,2.0000,shuffled-label,0.027500,128,true
width-s8-dense-d1-8,8,dense,15453320347936062484,2,960,0.035000,1.0000,shuffled-label,0.047500,128,true
width-s8-dense-d1-8,8,dense,15453320347936062484,2,960,0.035000,hard,shuffled-label,0.047500,128,true
width-s8-dense-d1-8,8,dense,8371261729603450923,2,960,0.035000,soft,privileged-intermediate-target,1.000000,128,true
width-s8-dense-d1-8,8,dense,8371261729603450923,2,960,0.035000,2.0000,privileged-intermediate-target,1.000000,128,true
width-s8-dense-d1-8,8,dense,8371261729603450923,2,960,0.035000,1.0000,privileged-intermediate-target,1.000000,128,true
width-s8-dense-d1-8,8,dense,8371261729603450923,2,960,0.035000,hard,privileged-intermediate-target,1.000000,128,true
width-s8-dense-d1-8,8,dense,8371261729603450923,2,960,0.035000,soft,shuffled-label,0.000000,128,true
width-s8-dense-d1-8,8,dense,8371261729603450923,2,960,0.035000,2.0000,shuffled-label,0.000000,128,true
width-s8-dense-d1-8,8,dense,8371261729603450923,2,960,0.035000,1.0000,shuffled-label,0.000000,128,true
width-s8-dense-d1-8,8,dense,8371261729603450923,2,960,0.035000,hard,shuffled-label,0.085000,128,true
width-s8-dense-d1-8,8,dense,10584633876018000958,2,960,0.035000,soft,privileged-intermediate-target,1.000000,128,true
width-s8-dense-d1-8,8,dense,10584633876018000958,2,960,0.035000,2.0000,privileged-intermediate-target,1.000000,128,true
width-s8-dense-d1-8,8,dense,10584633876018000958,2,960,0.035000,1.0000,privileged-intermediate-target,1.000000,128,true
width-s8-dense-d1-8,8,dense,10584633876018000958,2,960,0.035000,hard,privileged-intermediate-target,1.000000,128,true
width-s8-dense-d1-8,8,dense,10584633876018000958,2,960,0.035000,soft,shuffled-label,0.000000,128,true
width-s8-dense-d1-8,8,dense,10584633876018000958,2,960,0.035000,2.0000,shuffled-label,0.000000,128,true
width-s8-dense-d1-8,8,dense,10584633876018000958,2,960,0.035000,1.0000,shuffled-label,0.037500,128,true
width-s8-dense-d1-8,8,dense,10584633876018000958,2,960,0.035000,hard,shuffled-label,0.060000,128,true
width-s8-dense-d1-8,8,dense,3503703373795356757,2,960,0.035000,soft,privileged-intermediate-target,1.000000,128,true
width-s8-dense-d1-8,8,dense,3503703373795356757,2,960,0.035000,2.0000,privileged-intermediate-target,1.000000,128,true
width-s8-dense-d1-8,8,dense,3503703373795356757,2,960,0.035000,1.0000,privileged-intermediate-target,1.000000,128,true
width-s8-dense-d1-8,8,dense,3503703373795356757,2,960,0.035000,hard,privileged-intermediate-target,1.000000,128,true
width-s8-dense-d1-8,8,dense,3503703373795356757,2,960,0.035000,soft,shuffled-label,0.000000,128,true
width-s8-dense-d1-8,8,dense,3503703373795356757,2,960,0.035000,2.0000,shuffled-label,0.000000,128,true
width-s8-dense-d1-8,8,dense,3503703373795356757,2,960,0.035000,1.0000,shuffled-label,0.030000,128,true
width-s8-dense-d1-8,8,dense,3503703373795356757,2,960,0.035000,hard,shuffled-label,0.097500,128,true
width-s8-dense-d1-8,8,dense,6869996990457277544,2,960,0.035000,soft,privileged-intermediate-target,1.000000,128,true
width-s8-dense-d1-8,8,dense,6869996990457277544,2,960,0.035000,2.0000,privileged-intermediate-target,1.000000,128,true
width-s8-dense-d1-8,8,dense,6869996990457277544,2,960,0.035000,1.0000,privileged-intermediate-target,1.000000,128,true
width-s8-dense-d1-8,8,dense,6869996990457277544,2,960,0.035000,hard,privileged-intermediate-target,1.000000,128,true
width-s8-dense-d1-8,8,dense,6869996990457277544,2,960,0.035000,soft,shuffled-label,0.000000,128,true
width-s8-dense-d1-8,8,dense,6869996990457277544,2,960,0.035000,2.0000,shuffled-label,0.000000,128,true
width-s8-dense-d1-8,8,dense,6869996990457277544,2,960,0.035000,1.0000,shuffled-label,0.052500,128,true
width-s8-dense-d1-8,8,dense,6869996990457277544,2,960,0.035000,hard,shuffled-label,0.050000,128,true
width-s8-dense-d1-8,8,dense,18234682480328173695,2,960,0.035000,soft,privileged-intermediate-target,1.000000,128,true
width-s8-dense-d1-8,8,dense,18234682480328173695,2,960,0.035000,2.0000,privileged-intermediate-target,1.000000,128,true
width-s8-dense-d1-8,8,dense,18234682480328173695,2,960,0.035000,1.0000,privileged-intermediate-target,1.000000,128,true
width-s8-dense-d1-8,8,dense,18234682480328173695,2,960,0.035000,hard,privileged-intermediate-target,1.000000,128,true
width-s8-dense-d1-8,8,dense,18234682480328173695,2,960,0.035000,soft,shuffled-label,0.000000,128,true
width-s8-dense-d1-8,8,dense,18234682480328173695,2,960,0.035000,2.0000,shuffled-label,0.000000,128,true
width-s8-dense-d1-8,8,dense,18234682480328173695,2,960,0.035000,1.0000,shuffled-label,0.000000,128,true
width-s8-dense-d1-8,8,dense,18234682480328173695,2,960,0.035000,hard,shuffled-label,0.075000,128,true
width-s8-dense-d1-8,8,dense,2001310518681822354,2,960,0.035000,soft,privileged-intermediate-target,1.000000,128,true
width-s8-dense-d1-8,8,dense,2001310518681822354,2,960,0.035000,2.0000,privileged-intermediate-target,1.000000,128,true
width-s8-dense-d1-8,8,dense,2001310518681822354,2,960,0.035000,1.0000,privileged-intermediate-target,1.000000,128,true
width-s8-dense-d1-8,8,dense,2001310518681822354,2,960,0.035000,hard,privileged-intermediate-target,1.000000,128,true
width-s8-dense-d1-8,8,dense,2001310518681822354,2,960,0.035000,soft,shuffled-label,0.000000,128,true
width-s8-dense-d1-8,8,dense,2001310518681822354,2,960,0.035000,2.0000,shuffled-label,0.000000,128,true
width-s8-dense-d1-8,8,dense,2001310518681822354,2,960,0.035000,1.0000,shuffled-label,0.000000,128,true
width-s8-dense-d1-8,8,dense,2001310518681822354,2,960,0.035000,hard,shuffled-label,0.085000,128,true
width-s8-dense-d1-8,8,dense,13400896689310720169,2,960,0.035000,soft,privileged-intermediate-target,1.000000,128,true
width-s8-dense-d1-8,8,dense,13400896689310720169,2,960,0.035000,2.0000,privileged-intermediate-target,1.000000,128,true
width-s8-dense-d1-8,8,dense,13400896689310720169,2,960,0.035000,1.0000,privileged-intermediate-target,1.000000,128,true
width-s8-dense-d1-8,8,dense,13400896689310720169,2,960,0.035000,hard,privileged-intermediate-target,1.000000,128,true
width-s8-dense-d1-8,8,dense,13400896689310720169,2,960,0.035000,soft,shuffled-label,0.000000,128,true
width-s8-dense-d1-8,8,dense,13400896689310720169,2,960,0.035000,2.0000,shuffled-label,0.000000,128,true
width-s8-dense-d1-8,8,dense,13400896689310720169,2,960,0.035000,1.0000,shuffled-label,0.035000,128,true
width-s8-dense-d1-8,8,dense,13400896689310720169,2,960,0.035000,hard,shuffled-label,0.060000,128,true
width-s8-dense-d1-8,8,dense,15453320347936062484,2,960,0.070000,soft,privileged-intermediate-target,1.000000,128,true
width-s8-dense-d1-8,8,dense,15453320347936062484,2,960,0.070000,2.0000,privileged-intermediate-target,1.000000,128,true
width-s8-dense-d1-8,8,dense,15453320347936062484,2,960,0.070000,1.0000,privileged-intermediate-target,1.000000,128,true
width-s8-dense-d1-8,8,dense,15453320347936062484,2,960,0.070000,hard,privileged-intermediate-target,1.000000,128,true
width-s8-dense-d1-8,8,dense,15453320347936062484,2,960,0.070000,soft,shuffled-label,0.000000,128,true
width-s8-dense-d1-8,8,dense,15453320347936062484,2,960,0.070000,2.0000,shuffled-label,0.000000,128,true
width-s8-dense-d1-8,8,dense,15453320347936062484,2,960,0.070000,1.0000,shuffled-label,0.000000,128,true
width-s8-dense-d1-8,8,dense,15453320347936062484,2,960,0.070000,hard,shuffled-label,0.067500,128,true
width-s8-dense-d1-8,8,dense,8371261729603450923,2,960,0.070000,soft,privileged-intermediate-target,1.000000,128,true
width-s8-dense-d1-8,8,dense,8371261729603450923,2,960,0.070000,2.0000,privileged-intermediate-target,1.000000,128,true
width-s8-dense-d1-8,8,dense,8371261729603450923,2,960,0.070000,1.0000,privileged-intermediate-target,1.000000,128,true
width-s8-dense-d1-8,8,dense,8371261729603450923,2,960,0.070000,hard,privileged-intermediate-target,1.000000,128,true
width-s8-dense-d1-8,8,dense,8371261729603450923,2,960,0.070000,soft,shuffled-label,0.000000,128,true
width-s8-dense-d1-8,8,dense,8371261729603450923,2,960,0.070000,2.0000,shuffled-label,0.000000,128,true
width-s8-dense-d1-8,8,dense,8371261729603450923,2,960,0.070000,1.0000,shuffled-label,0.000000,128,true
width-s8-dense-d1-8,8,dense,8371261729603450923,2,960,0.070000,hard,shuffled-label,0.082500,128,true
width-s8-dense-d1-8,8,dense,10584633876018000958,2,960,0.070000,soft,privileged-intermediate-target,1.000000,128,true
width-s8-dense-d1-8,8,dense,10584633876018000958,2,960,0.070000,2.0000,privileged-intermediate-target,1.000000,128,true
width-s8-dense-d1-8,8,dense,10584633876018000958,2,960,0.070000,1.0000,privileged-intermediate-target,1.000000,128,true
width-s8-dense-d1-8,8,dense,10584633876018000958,2,960,0.070000,hard,privileged-intermediate-target,1.000000,128,true
width-s8-dense-d1-8,8,dense,10584633876018000958,2,960,0.070000,soft,shuffled-label,0.000000,128,true
width-s8-dense-d1-8,8,dense,10584633876018000958,2,960,0.070000,2.0000,shuffled-label,0.000000,128,true
width-s8-dense-d1-8,8,dense,10584633876018000958,2,960,0.070000,1.0000,shuffled-label,0.000000,128,true
width-s8-dense-d1-8,8,dense,10584633876018000958,2,960,0.070000,hard,shuffled-label,0.060000,128,true
width-s8-dense-d1-8,8,dense,3503703373795356757,2,960,0.070000,soft,privileged-intermediate-target,1.000000,128,true
width-s8-dense-d1-8,8,dense,3503703373795356757,2,960,0.070000,2.0000,privileged-intermediate-target,1.000000,128,true
width-s8-dense-d1-8,8,dense,3503703373795356757,2,960,0.070000,1.0000,privileged-intermediate-target,1.000000,128,true
width-s8-dense-d1-8,8,dense,3503703373795356757,2,960,0.070000,hard,privileged-intermediate-target,1.000000,128,true
width-s8-dense-d1-8,8,dense,3503703373795356757,2,960,0.070000,soft,shuffled-label,0.000000,128,true
width-s8-dense-d1-8,8,dense,3503703373795356757,2,960,0.070000,2.0000,shuffled-label,0.000000,128,true
width-s8-dense-d1-8,8,dense,3503703373795356757,2,960,0.070000,1.0000,shuffled-label,0.000000,128,true
width-s8-dense-d1-8,8,dense,3503703373795356757,2,960,0.070000,hard,shuffled-label,0.052500,128,true
width-s8-dense-d1-8,8,dense,6869996990457277544,2,960,0.070000,soft,privileged-intermediate-target,1.000000,128,true
width-s8-dense-d1-8,8,dense,6869996990457277544,2,960,0.070000,2.0000,privileged-intermediate-target,1.000000,128,true
width-s8-dense-d1-8,8,dense,6869996990457277544,2,960,0.070000,1.0000,privileged-intermediate-target,1.000000,128,true
width-s8-dense-d1-8,8,dense,6869996990457277544,2,960,0.070000,hard,privileged-intermediate-target,1.000000,128,true
width-s8-dense-d1-8,8,dense,6869996990457277544,2,960,0.070000,soft,shuffled-label,0.000000,128,true
width-s8-dense-d1-8,8,dense,6869996990457277544,2,960,0.070000,2.0000,shuffled-label,0.032500,128,true
width-s8-dense-d1-8,8,dense,6869996990457277544,2,960,0.070000,1.0000,shuffled-label,0.032500,128,true
width-s8-dense-d1-8,8,dense,6869996990457277544,2,960,0.070000,hard,shuffled-label,0.067500,128,true
width-s8-dense-d1-8,8,dense,18234682480328173695,2,960,0.070000,soft,privileged-intermediate-target,1.000000,128,true
width-s8-dense-d1-8,8,dense,18234682480328173695,2,960,0.070000,2.0000,privileged-intermediate-target,1.000000,128,true
width-s8-dense-d1-8,8,dense,18234682480328173695,2,960,0.070000,1.0000,privileged-intermediate-target,1.000000,128,true
width-s8-dense-d1-8,8,dense,18234682480328173695,2,960,0.070000,hard,privileged-intermediate-target,1.000000,128,true
width-s8-dense-d1-8,8,dense,18234682480328173695,2,960,0.070000,soft,shuffled-label,0.000000,128,true
width-s8-dense-d1-8,8,dense,18234682480328173695,2,960,0.070000,2.0000,shuffled-label,0.000000,128,true
width-s8-dense-d1-8,8,dense,18234682480328173695,2,960,0.070000,1.0000,shuffled-label,0.000000,128,true
width-s8-dense-d1-8,8,dense,18234682480328173695,2,960,0.070000,hard,shuffled-label,0.050000,128,true
width-s8-dense-d1-8,8,dense,2001310518681822354,2,960,0.070000,soft,privileged-intermediate-target,1.000000,128,true
width-s8-dense-d1-8,8,dense,2001310518681822354,2,960,0.070000,2.0000,privileged-intermediate-target,1.000000,128,true
width-s8-dense-d1-8,8,dense,2001310518681822354,2,960,0.070000,1.0000,privileged-intermediate-target,1.000000,128,true
width-s8-dense-d1-8,8,dense,2001310518681822354,2,960,0.070000,hard,privileged-intermediate-target,1.000000,128,true
width-s8-dense-d1-8,8,dense,2001310518681822354,2,960,0.070000,soft,shuffled-label,0.000000,128,true
width-s8-dense-d1-8,8,dense,2001310518681822354,2,960,0.070000,2.0000,shuffled-label,0.000000,128,true
width-s8-dense-d1-8,8,dense,2001310518681822354,2,960,0.070000,1.0000,shuffled-label,0.000000,128,true
width-s8-dense-d1-8,8,dense,2001310518681822354,2,960,0.070000,hard,shuffled-label,0.095000,128,true
width-s8-dense-d1-8,8,dense,13400896689310720169,2,960,0.070000,soft,privileged-intermediate-target,1.000000,128,true
width-s8-dense-d1-8,8,dense,13400896689310720169,2,960,0.070000,2.0000,privileged-intermediate-target,1.000000,128,true
width-s8-dense-d1-8,8,dense,13400896689310720169,2,960,0.070000,1.0000,privileged-intermediate-target,1.000000,128,true
width-s8-dense-d1-8,8,dense,13400896689310720169,2,960,0.070000,hard,privileged-intermediate-target,1.000000,128,true
width-s8-dense-d1-8,8,dense,13400896689310720169,2,960,0.070000,soft,shuffled-label,0.000000,128,true
width-s8-dense-d1-8,8,dense,13400896689310720169,2,960,0.070000,2.0000,shuffled-label,0.000000,128,true
width-s8-dense-d1-8,8,dense,13400896689310720169,2,960,0.070000,1.0000,shuffled-label,0.030000,128,true
width-s8-dense-d1-8,8,dense,13400896689310720169,2,960,0.070000,hard,shuffled-label,0.090000,128,true
width-s8-dense-d1-8,8,dense,15453320347936062484,3,960,0.035000,soft,privileged-intermediate-target,1.000000,128,true
width-s8-dense-d1-8,8,dense,15453320347936062484,3,960,0.035000,2.0000,privileged-intermediate-target,1.000000,128,true
width-s8-dense-d1-8,8,dense,15453320347936062484,3,960,0.035000,1.0000,privileged-intermediate-target,1.000000,128,true
width-s8-dense-d1-8,8,dense,15453320347936062484,3,960,0.035000,hard,privileged-intermediate-target,1.000000,128,true
width-s8-dense-d1-8,8,dense,15453320347936062484,3,960,0.035000,soft,shuffled-label,0.000000,128,true
width-s8-dense-d1-8,8,dense,15453320347936062484,3,960,0.035000,2.0000,shuffled-label,0.115000,128,true
width-s8-dense-d1-8,8,dense,15453320347936062484,3,960,0.035000,1.0000,shuffled-label,0.000000,128,true
width-s8-dense-d1-8,8,dense,15453320347936062484,3,960,0.035000,hard,shuffled-label,0.000000,128,true
width-s8-dense-d1-8,8,dense,8371261729603450923,3,960,0.035000,soft,privileged-intermediate-target,1.000000,128,true
width-s8-dense-d1-8,8,dense,8371261729603450923,3,960,0.035000,2.0000,privileged-intermediate-target,1.000000,128,true
width-s8-dense-d1-8,8,dense,8371261729603450923,3,960,0.035000,1.0000,privileged-intermediate-target,1.000000,128,true
width-s8-dense-d1-8,8,dense,8371261729603450923,3,960,0.035000,hard,privileged-intermediate-target,1.000000,128,true
width-s8-dense-d1-8,8,dense,8371261729603450923,3,960,0.035000,soft,shuffled-label,0.000000,128,true
width-s8-dense-d1-8,8,dense,8371261729603450923,3,960,0.035000,2.0000,shuffled-label,0.087500,128,true
width-s8-dense-d1-8,8,dense,8371261729603450923,3,960,0.035000,1.0000,shuffled-label,0.000000,128,true
width-s8-dense-d1-8,8,dense,8371261729603450923,3,960,0.035000,hard,shuffled-label,0.000000,128,true
width-s8-dense-d1-8,8,dense,10584633876018000958,3,960,0.035000,soft,privileged-intermediate-target,1.000000,128,true
width-s8-dense-d1-8,8,dense,10584633876018000958,3,960,0.035000,2.0000,privileged-intermediate-target,1.000000,128,true
width-s8-dense-d1-8,8,dense,10584633876018000958,3,960,0.035000,1.0000,privileged-intermediate-target,1.000000,128,true
width-s8-dense-d1-8,8,dense,10584633876018000958,3,960,0.035000,hard,privileged-intermediate-target,1.000000,128,true
width-s8-dense-d1-8,8,dense,10584633876018000958,3,960,0.035000,soft,shuffled-label,0.000000,128,true
width-s8-dense-d1-8,8,dense,10584633876018000958,3,960,0.035000,2.0000,shuffled-label,0.035000,128,true
width-s8-dense-d1-8,8,dense,10584633876018000958,3,960,0.035000,1.0000,shuffled-label,0.000000,128,true
width-s8-dense-d1-8,8,dense,10584633876018000958,3,960,0.035000,hard,shuffled-label,0.000000,128,true
width-s8-dense-d1-8,8,dense,3503703373795356757,3,960,0.035000,soft,privileged-intermediate-target,1.000000,128,true
width-s8-dense-d1-8,8,dense,3503703373795356757,3,960,0.035000,2.0000,privileged-intermediate-target,1.000000,128,true
width-s8-dense-d1-8,8,dense,3503703373795356757,3,960,0.035000,1.0000,privileged-intermediate-target,1.000000,128,true
width-s8-dense-d1-8,8,dense,3503703373795356757,3,960,0.035000,hard,privileged-intermediate-target,1.000000,128,true
width-s8-dense-d1-8,8,dense,3503703373795356757,3,960,0.035000,soft,shuffled-label,0.000000,128,true
width-s8-dense-d1-8,8,dense,3503703373795356757,3,960,0.035000,2.0000,shuffled-label,0.110000,128,true
width-s8-dense-d1-8,8,dense,3503703373795356757,3,960,0.035000,1.0000,shuffled-label,0.007500,128,true
width-s8-dense-d1-8,8,dense,3503703373795356757,3,960,0.035000,hard,shuffled-label,0.000000,128,true
width-s8-dense-d1-8,8,dense,6869996990457277544,3,960,0.035000,soft,privileged-intermediate-target,1.000000,128,true
width-s8-dense-d1-8,8,dense,6869996990457277544,3,960,0.035000,2.0000,privileged-intermediate-target,1.000000,128,true
width-s8-dense-d1-8,8,dense,6869996990457277544,3,960,0.035000,1.0000,privileged-intermediate-target,1.000000,128,true
width-s8-dense-d1-8,8,dense,6869996990457277544,3,960,0.035000,hard,privileged-intermediate-target,1.000000,128,true
width-s8-dense-d1-8,8,dense,6869996990457277544,3,960,0.035000,soft,shuffled-label,0.000000,128,true
width-s8-dense-d1-8,8,dense,6869996990457277544,3,960,0.035000,2.0000,shuffled-label,0.045000,128,true
width-s8-dense-d1-8,8,dense,6869996990457277544,3,960,0.035000,1.0000,shuffled-label,0.000000,128,true
width-s8-dense-d1-8,8,dense,6869996990457277544,3,960,0.035000,hard,shuffled-label,0.000000,128,true
width-s8-dense-d1-8,8,dense,18234682480328173695,3,960,0.035000,soft,privileged-intermediate-target,1.000000,128,true
width-s8-dense-d1-8,8,dense,18234682480328173695,3,960,0.035000,2.0000,privileged-intermediate-target,1.000000,128,true
width-s8-dense-d1-8,8,dense,18234682480328173695,3,960,0.035000,1.0000,privileged-intermediate-target,1.000000,128,true
width-s8-dense-d1-8,8,dense,18234682480328173695,3,960,0.035000,hard,privileged-intermediate-target,1.000000,128,true
width-s8-dense-d1-8,8,dense,18234682480328173695,3,960,0.035000,soft,shuffled-label,0.000000,128,true
width-s8-dense-d1-8,8,dense,18234682480328173695,3,960,0.035000,2.0000,shuffled-label,0.062500,128,true
width-s8-dense-d1-8,8,dense,18234682480328173695,3,960,0.035000,1.0000,shuffled-label,0.022500,128,true
width-s8-dense-d1-8,8,dense,18234682480328173695,3,960,0.035000,hard,shuffled-label,0.000000,128,true
width-s8-dense-d1-8,8,dense,2001310518681822354,3,960,0.035000,soft,privileged-intermediate-target,1.000000,128,true
width-s8-dense-d1-8,8,dense,2001310518681822354,3,960,0.035000,2.0000,privileged-intermediate-target,1.000000,128,true
width-s8-dense-d1-8,8,dense,2001310518681822354,3,960,0.035000,1.0000,privileged-intermediate-target,1.000000,128,true
width-s8-dense-d1-8,8,dense,2001310518681822354,3,960,0.035000,hard,privileged-intermediate-target,1.000000,128,true
width-s8-dense-d1-8,8,dense,2001310518681822354,3,960,0.035000,soft,shuffled-label,0.000000,128,true
width-s8-dense-d1-8,8,dense,2001310518681822354,3,960,0.035000,2.0000,shuffled-label,0.082500,128,true
width-s8-dense-d1-8,8,dense,2001310518681822354,3,960,0.035000,1.0000,shuffled-label,0.000000,128,true
width-s8-dense-d1-8,8,dense,2001310518681822354,3,960,0.035000,hard,shuffled-label,0.000000,128,true
width-s8-dense-d1-8,8,dense,13400896689310720169,3,960,0.035000,soft,privileged-intermediate-target,1.000000,128,true
width-s8-dense-d1-8,8,dense,13400896689310720169,3,960,0.035000,2.0000,privileged-intermediate-target,1.000000,128,true
width-s8-dense-d1-8,8,dense,13400896689310720169,3,960,0.035000,1.0000,privileged-intermediate-target,1.000000,128,true
width-s8-dense-d1-8,8,dense,13400896689310720169,3,960,0.035000,hard,privileged-intermediate-target,1.000000,128,true
width-s8-dense-d1-8,8,dense,13400896689310720169,3,960,0.035000,soft,shuffled-label,0.000000,128,true
width-s8-dense-d1-8,8,dense,13400896689310720169,3,960,0.035000,2.0000,shuffled-label,0.075000,128,true
width-s8-dense-d1-8,8,dense,13400896689310720169,3,960,0.035000,1.0000,shuffled-label,0.047500,128,true
width-s8-dense-d1-8,8,dense,13400896689310720169,3,960,0.035000,hard,shuffled-label,0.000000,128,true
width-s8-dense-d1-8,8,dense,15453320347936062484,3,960,0.070000,soft,privileged-intermediate-target,1.000000,128,true
width-s8-dense-d1-8,8,dense,15453320347936062484,3,960,0.070000,2.0000,privileged-intermediate-target,1.000000,128,true
width-s8-dense-d1-8,8,dense,15453320347936062484,3,960,0.070000,1.0000,privileged-intermediate-target,1.000000,128,true
width-s8-dense-d1-8,8,dense,15453320347936062484,3,960,0.070000,hard,privileged-intermediate-target,1.000000,128,true
width-s8-dense-d1-8,8,dense,15453320347936062484,3,960,0.070000,soft,shuffled-label,0.000000,128,true
width-s8-dense-d1-8,8,dense,15453320347936062484,3,960,0.070000,2.0000,shuffled-label,0.072500,128,true
width-s8-dense-d1-8,8,dense,15453320347936062484,3,960,0.070000,1.0000,shuffled-label,0.000000,128,true
width-s8-dense-d1-8,8,dense,15453320347936062484,3,960,0.070000,hard,shuffled-label,0.000000,128,true
width-s8-dense-d1-8,8,dense,8371261729603450923,3,960,0.070000,soft,privileged-intermediate-target,1.000000,128,true
width-s8-dense-d1-8,8,dense,8371261729603450923,3,960,0.070000,2.0000,privileged-intermediate-target,1.000000,128,true
width-s8-dense-d1-8,8,dense,8371261729603450923,3,960,0.070000,1.0000,privileged-intermediate-target,1.000000,128,true
width-s8-dense-d1-8,8,dense,8371261729603450923,3,960,0.070000,hard,privileged-intermediate-target,1.000000,128,true
width-s8-dense-d1-8,8,dense,8371261729603450923,3,960,0.070000,soft,shuffled-label,0.000000,128,true
width-s8-dense-d1-8,8,dense,8371261729603450923,3,960,0.070000,2.0000,shuffled-label,0.027500,128,true
width-s8-dense-d1-8,8,dense,8371261729603450923,3,960,0.070000,1.0000,shuffled-label,0.000000,128,true
width-s8-dense-d1-8,8,dense,8371261729603450923,3,960,0.070000,hard,shuffled-label,0.000000,128,true
width-s8-dense-d1-8,8,dense,10584633876018000958,3,960,0.070000,soft,privileged-intermediate-target,1.000000,128,true
width-s8-dense-d1-8,8,dense,10584633876018000958,3,960,0.070000,2.0000,privileged-intermediate-target,1.000000,128,true
width-s8-dense-d1-8,8,dense,10584633876018000958,3,960,0.070000,1.0000,privileged-intermediate-target,1.000000,128,true
width-s8-dense-d1-8,8,dense,10584633876018000958,3,960,0.070000,hard,privileged-intermediate-target,1.000000,128,true
width-s8-dense-d1-8,8,dense,10584633876018000958,3,960,0.070000,soft,shuffled-label,0.000000,128,true
width-s8-dense-d1-8,8,dense,10584633876018000958,3,960,0.070000,2.0000,shuffled-label,0.117500,128,true
width-s8-dense-d1-8,8,dense,10584633876018000958,3,960,0.070000,1.0000,shuffled-label,0.007500,128,true
width-s8-dense-d1-8,8,dense,10584633876018000958,3,960,0.070000,hard,shuffled-label,0.000000,128,true
width-s8-dense-d1-8,8,dense,3503703373795356757,3,960,0.070000,soft,privileged-intermediate-target,1.000000,128,true
width-s8-dense-d1-8,8,dense,3503703373795356757,3,960,0.070000,2.0000,privileged-intermediate-target,1.000000,128,true
width-s8-dense-d1-8,8,dense,3503703373795356757,3,960,0.070000,1.0000,privileged-intermediate-target,1.000000,128,true
width-s8-dense-d1-8,8,dense,3503703373795356757,3,960,0.070000,hard,privileged-intermediate-target,1.000000,128,true
width-s8-dense-d1-8,8,dense,3503703373795356757,3,960,0.070000,soft,shuffled-label,0.000000,128,true
width-s8-dense-d1-8,8,dense,3503703373795356757,3,960,0.070000,2.0000,shuffled-label,0.052500,128,true
width-s8-dense-d1-8,8,dense,3503703373795356757,3,960,0.070000,1.0000,shuffled-label,0.000000,128,true
width-s8-dense-d1-8,8,dense,3503703373795356757,3,960,0.070000,hard,shuffled-label,0.000000,128,true
width-s8-dense-d1-8,8,dense,6869996990457277544,3,960,0.070000,soft,privileged-intermediate-target,1.000000,128,true
width-s8-dense-d1-8,8,dense,6869996990457277544,3,960,0.070000,2.0000,privileged-intermediate-target,1.000000,128,true
width-s8-dense-d1-8,8,dense,6869996990457277544,3,960,0.070000,1.0000,privileged-intermediate-target,1.000000,128,true
width-s8-dense-d1-8,8,dense,6869996990457277544,3,960,0.070000,hard,privileged-intermediate-target,1.000000,128,true
width-s8-dense-d1-8,8,dense,6869996990457277544,3,960,0.070000,soft,shuffled-label,0.000000,128,true
width-s8-dense-d1-8,8,dense,6869996990457277544,3,960,0.070000,2.0000,shuffled-label,0.062500,128,true
width-s8-dense-d1-8,8,dense,6869996990457277544,3,960,0.070000,1.0000,shuffled-label,0.000000,128,true
width-s8-dense-d1-8,8,dense,6869996990457277544,3,960,0.070000,hard,shuffled-label,0.000000,128,true
width-s8-dense-d1-8,8,dense,18234682480328173695,3,960,0.070000,soft,privileged-intermediate-target,1.000000,128,true
width-s8-dense-d1-8,8,dense,18234682480328173695,3,960,0.070000,2.0000,privileged-intermediate-target,1.000000,128,true
width-s8-dense-d1-8,8,dense,18234682480328173695,3,960,0.070000,1.0000,privileged-intermediate-target,1.000000,128,true
width-s8-dense-d1-8,8,dense,18234682480328173695,3,960,0.070000,hard,privileged-intermediate-target,1.000000,128,true
width-s8-dense-d1-8,8,dense,18234682480328173695,3,960,0.070000,soft,shuffled-label,0.000000,128,true
width-s8-dense-d1-8,8,dense,18234682480328173695,3,960,0.070000,2.0000,shuffled-label,0.092500,128,true
width-s8-dense-d1-8,8,dense,18234682480328173695,3,960,0.070000,1.0000,shuffled-label,0.000000,128,true
width-s8-dense-d1-8,8,dense,18234682480328173695,3,960,0.070000,hard,shuffled-label,0.000000,128,true
width-s8-dense-d1-8,8,dense,2001310518681822354,3,960,0.070000,soft,privileged-intermediate-target,1.000000,128,true
width-s8-dense-d1-8,8,dense,2001310518681822354,3,960,0.070000,2.0000,privileged-intermediate-target,1.000000,128,true
width-s8-dense-d1-8,8,dense,2001310518681822354,3,960,0.070000,1.0000,privileged-intermediate-target,1.000000,128,true
width-s8-dense-d1-8,8,dense,2001310518681822354,3,960,0.070000,hard,privileged-intermediate-target,1.000000,128,true
width-s8-dense-d1-8,8,dense,2001310518681822354,3,960,0.070000,soft,shuffled-label,0.000000,128,true
width-s8-dense-d1-8,8,dense,2001310518681822354,3,960,0.070000,2.0000,shuffled-label,0.057500,128,true
width-s8-dense-d1-8,8,dense,2001310518681822354,3,960,0.070000,1.0000,shuffled-label,0.000000,128,true
width-s8-dense-d1-8,8,dense,2001310518681822354,3,960,0.070000,hard,shuffled-label,0.000000,128,true
width-s8-dense-d1-8,8,dense,13400896689310720169,3,960,0.070000,soft,privileged-intermediate-target,1.000000,128,true
width-s8-dense-d1-8,8,dense,13400896689310720169,3,960,0.070000,2.0000,privileged-intermediate-target,1.000000,128,true
width-s8-dense-d1-8,8,dense,13400896689310720169,3,960,0.070000,1.0000,privileged-intermediate-target,1.000000,128,true
width-s8-dense-d1-8,8,dense,13400896689310720169,3,960,0.070000,hard,privileged-intermediate-target,1.000000,128,true
width-s8-dense-d1-8,8,dense,13400896689310720169,3,960,0.070000,soft,shuffled-label,0.000000,128,true
width-s8-dense-d1-8,8,dense,13400896689310720169,3,960,0.070000,2.0000,shuffled-label,0.087500,128,true
width-s8-dense-d1-8,8,dense,13400896689310720169,3,960,0.070000,1.0000,shuffled-label,0.012500,128,true
width-s8-dense-d1-8,8,dense,13400896689310720169,3,960,0.070000,hard,shuffled-label,0.000000,128,true
width-s8-dense-d1-8,8,dense,15453320347936062484,4,960,0.035000,soft,privileged-intermediate-target,1.000000,128,true
width-s8-dense-d1-8,8,dense,15453320347936062484,4,960,0.035000,2.0000,privileged-intermediate-target,1.000000,128,true
width-s8-dense-d1-8,8,dense,15453320347936062484,4,960,0.035000,1.0000,privileged-intermediate-target,1.000000,128,true
width-s8-dense-d1-8,8,dense,15453320347936062484,4,960,0.035000,hard,privileged-intermediate-target,1.000000,128,true
width-s8-dense-d1-8,8,dense,15453320347936062484,4,960,0.035000,soft,shuffled-label,0.010000,128,true
width-s8-dense-d1-8,8,dense,15453320347936062484,4,960,0.035000,2.0000,shuffled-label,0.130000,128,true
width-s8-dense-d1-8,8,dense,15453320347936062484,4,960,0.035000,1.0000,shuffled-label,0.115000,128,true
width-s8-dense-d1-8,8,dense,15453320347936062484,4,960,0.035000,hard,shuffled-label,0.382500,128,true
width-s8-dense-d1-8,8,dense,8371261729603450923,4,960,0.035000,soft,privileged-intermediate-target,1.000000,128,true
width-s8-dense-d1-8,8,dense,8371261729603450923,4,960,0.035000,2.0000,privileged-intermediate-target,1.000000,128,true
width-s8-dense-d1-8,8,dense,8371261729603450923,4,960,0.035000,1.0000,privileged-intermediate-target,1.000000,128,true
width-s8-dense-d1-8,8,dense,8371261729603450923,4,960,0.035000,hard,privileged-intermediate-target,1.000000,128,true
width-s8-dense-d1-8,8,dense,8371261729603450923,4,960,0.035000,soft,shuffled-label,0.010000,128,true
width-s8-dense-d1-8,8,dense,8371261729603450923,4,960,0.035000,2.0000,shuffled-label,0.110000,128,true
width-s8-dense-d1-8,8,dense,8371261729603450923,4,960,0.035000,1.0000,shuffled-label,0.110000,128,true
width-s8-dense-d1-8,8,dense,8371261729603450923,4,960,0.035000,hard,shuffled-label,0.152500,128,true
width-s8-dense-d1-8,8,dense,10584633876018000958,4,960,0.035000,soft,privileged-intermediate-target,1.000000,128,true
width-s8-dense-d1-8,8,dense,10584633876018000958,4,960,0.035000,2.0000,privileged-intermediate-target,1.000000,128,true
width-s8-dense-d1-8,8,dense,10584633876018000958,4,960,0.035000,1.0000,privileged-intermediate-target,1.000000,128,true
width-s8-dense-d1-8,8,dense,10584633876018000958,4,960,0.035000,hard,privileged-intermediate-target,1.000000,128,true
width-s8-dense-d1-8,8,dense,10584633876018000958,4,960,0.035000,soft,shuffled-label,0.000000,128,true
width-s8-dense-d1-8,8,dense,10584633876018000958,4,960,0.035000,2.0000,shuffled-label,0.147500,128,true
width-s8-dense-d1-8,8,dense,10584633876018000958,4,960,0.035000,1.0000,shuffled-label,0.142500,128,true
width-s8-dense-d1-8,8,dense,10584633876018000958,4,960,0.035000,hard,shuffled-label,0.262500,128,true
width-s8-dense-d1-8,8,dense,3503703373795356757,4,960,0.035000,soft,privileged-intermediate-target,1.000000,128,true
width-s8-dense-d1-8,8,dense,3503703373795356757,4,960,0.035000,2.0000,privileged-intermediate-target,1.000000,128,true
width-s8-dense-d1-8,8,dense,3503703373795356757,4,960,0.035000,1.0000,privileged-intermediate-target,1.000000,128,true
width-s8-dense-d1-8,8,dense,3503703373795356757,4,960,0.035000,hard,privileged-intermediate-target,1.000000,128,true
width-s8-dense-d1-8,8,dense,3503703373795356757,4,960,0.035000,soft,shuffled-label,0.005000,128,true
width-s8-dense-d1-8,8,dense,3503703373795356757,4,960,0.035000,2.0000,shuffled-label,0.122500,128,true
width-s8-dense-d1-8,8,dense,3503703373795356757,4,960,0.035000,1.0000,shuffled-label,0.122500,128,true
width-s8-dense-d1-8,8,dense,3503703373795356757,4,960,0.035000,hard,shuffled-label,0.175000,128,true
width-s8-dense-d1-8,8,dense,6869996990457277544,4,960,0.035000,soft,privileged-intermediate-target,1.000000,128,true
width-s8-dense-d1-8,8,dense,6869996990457277544,4,960,0.035000,2.0000,privileged-intermediate-target,1.000000,128,true
width-s8-dense-d1-8,8,dense,6869996990457277544,4,960,0.035000,1.0000,privileged-intermediate-target,1.000000,128,true
width-s8-dense-d1-8,8,dense,6869996990457277544,4,960,0.035000,hard,privileged-intermediate-target,1.000000,128,true
width-s8-dense-d1-8,8,dense,6869996990457277544,4,960,0.035000,soft,shuffled-label,0.000000,128,true
width-s8-dense-d1-8,8,dense,6869996990457277544,4,960,0.035000,2.0000,shuffled-label,0.132500,128,true
width-s8-dense-d1-8,8,dense,6869996990457277544,4,960,0.035000,1.0000,shuffled-label,0.132500,128,true
width-s8-dense-d1-8,8,dense,6869996990457277544,4,960,0.035000,hard,shuffled-label,0.262500,128,true
width-s8-dense-d1-8,8,dense,18234682480328173695,4,960,0.035000,soft,privileged-intermediate-target,1.000000,128,true
width-s8-dense-d1-8,8,dense,18234682480328173695,4,960,0.035000,2.0000,privileged-intermediate-target,1.000000,128,true
width-s8-dense-d1-8,8,dense,18234682480328173695,4,960,0.035000,1.0000,privileged-intermediate-target,1.000000,128,true
width-s8-dense-d1-8,8,dense,18234682480328173695,4,960,0.035000,hard,privileged-intermediate-target,1.000000,128,true
width-s8-dense-d1-8,8,dense,18234682480328173695,4,960,0.035000,soft,shuffled-label,0.005000,128,true
width-s8-dense-d1-8,8,dense,18234682480328173695,4,960,0.035000,2.0000,shuffled-label,0.110000,128,true
width-s8-dense-d1-8,8,dense,18234682480328173695,4,960,0.035000,1.0000,shuffled-label,0.155000,128,true
width-s8-dense-d1-8,8,dense,18234682480328173695,4,960,0.035000,hard,shuffled-label,0.337500,128,true
width-s8-dense-d1-8,8,dense,2001310518681822354,4,960,0.035000,soft,privileged-intermediate-target,1.000000,128,true
width-s8-dense-d1-8,8,dense,2001310518681822354,4,960,0.035000,2.0000,privileged-intermediate-target,1.000000,128,true
width-s8-dense-d1-8,8,dense,2001310518681822354,4,960,0.035000,1.0000,privileged-intermediate-target,1.000000,128,true
width-s8-dense-d1-8,8,dense,2001310518681822354,4,960,0.035000,hard,privileged-intermediate-target,1.000000,128,true
width-s8-dense-d1-8,8,dense,2001310518681822354,4,960,0.035000,soft,shuffled-label,0.000000,128,true
width-s8-dense-d1-8,8,dense,2001310518681822354,4,960,0.035000,2.0000,shuffled-label,0.127500,128,true
width-s8-dense-d1-8,8,dense,2001310518681822354,4,960,0.035000,1.0000,shuffled-label,0.127500,128,true
width-s8-dense-d1-8,8,dense,2001310518681822354,4,960,0.035000,hard,shuffled-label,0.120000,128,true
width-s8-dense-d1-8,8,dense,13400896689310720169,4,960,0.035000,soft,privileged-intermediate-target,1.000000,128,true
width-s8-dense-d1-8,8,dense,13400896689310720169,4,960,0.035000,2.0000,privileged-intermediate-target,1.000000,128,true
width-s8-dense-d1-8,8,dense,13400896689310720169,4,960,0.035000,1.0000,privileged-intermediate-target,1.000000,128,true
width-s8-dense-d1-8,8,dense,13400896689310720169,4,960,0.035000,hard,privileged-intermediate-target,1.000000,128,true
width-s8-dense-d1-8,8,dense,13400896689310720169,4,960,0.035000,soft,shuffled-label,0.010000,128,true
width-s8-dense-d1-8,8,dense,13400896689310720169,4,960,0.035000,2.0000,shuffled-label,0.117500,128,true
width-s8-dense-d1-8,8,dense,13400896689310720169,4,960,0.035000,1.0000,shuffled-label,0.117500,128,true
width-s8-dense-d1-8,8,dense,13400896689310720169,4,960,0.035000,hard,shuffled-label,0.207500,128,true
width-s8-dense-d1-8,8,dense,15453320347936062484,4,960,0.070000,soft,privileged-intermediate-target,1.000000,128,true
width-s8-dense-d1-8,8,dense,15453320347936062484,4,960,0.070000,2.0000,privileged-intermediate-target,1.000000,128,true
width-s8-dense-d1-8,8,dense,15453320347936062484,4,960,0.070000,1.0000,privileged-intermediate-target,1.000000,128,true
width-s8-dense-d1-8,8,dense,15453320347936062484,4,960,0.070000,hard,privileged-intermediate-target,1.000000,128,true
width-s8-dense-d1-8,8,dense,15453320347936062484,4,960,0.070000,soft,shuffled-label,0.000000,128,true
width-s8-dense-d1-8,8,dense,15453320347936062484,4,960,0.070000,2.0000,shuffled-label,0.130000,128,true
width-s8-dense-d1-8,8,dense,15453320347936062484,4,960,0.070000,1.0000,shuffled-label,0.130000,128,true
width-s8-dense-d1-8,8,dense,15453320347936062484,4,960,0.070000,hard,shuffled-label,0.332500,128,true
width-s8-dense-d1-8,8,dense,8371261729603450923,4,960,0.070000,soft,privileged-intermediate-target,1.000000,128,true
width-s8-dense-d1-8,8,dense,8371261729603450923,4,960,0.070000,2.0000,privileged-intermediate-target,1.000000,128,true
width-s8-dense-d1-8,8,dense,8371261729603450923,4,960,0.070000,1.0000,privileged-intermediate-target,1.000000,128,true
width-s8-dense-d1-8,8,dense,8371261729603450923,4,960,0.070000,hard,privileged-intermediate-target,1.000000,128,true
width-s8-dense-d1-8,8,dense,8371261729603450923,4,960,0.070000,soft,shuffled-label,0.032500,128,true
width-s8-dense-d1-8,8,dense,8371261729603450923,4,960,0.070000,2.0000,shuffled-label,0.127500,128,true
width-s8-dense-d1-8,8,dense,8371261729603450923,4,960,0.070000,1.0000,shuffled-label,0.135000,128,true
width-s8-dense-d1-8,8,dense,8371261729603450923,4,960,0.070000,hard,shuffled-label,0.202500,128,true
width-s8-dense-d1-8,8,dense,10584633876018000958,4,960,0.070000,soft,privileged-intermediate-target,1.000000,128,true
width-s8-dense-d1-8,8,dense,10584633876018000958,4,960,0.070000,2.0000,privileged-intermediate-target,1.000000,128,true
width-s8-dense-d1-8,8,dense,10584633876018000958,4,960,0.070000,1.0000,privileged-intermediate-target,1.000000,128,true
width-s8-dense-d1-8,8,dense,10584633876018000958,4,960,0.070000,hard,privileged-intermediate-target,1.000000,128,true
width-s8-dense-d1-8,8,dense,10584633876018000958,4,960,0.070000,soft,shuffled-label,0.000000,128,true
width-s8-dense-d1-8,8,dense,10584633876018000958,4,960,0.070000,2.0000,shuffled-label,0.122500,128,true
width-s8-dense-d1-8,8,dense,10584633876018000958,4,960,0.070000,1.0000,shuffled-label,0.122500,128,true
width-s8-dense-d1-8,8,dense,10584633876018000958,4,960,0.070000,hard,shuffled-label,0.367500,128,true
width-s8-dense-d1-8,8,dense,3503703373795356757,4,960,0.070000,soft,privileged-intermediate-target,1.000000,128,true
width-s8-dense-d1-8,8,dense,3503703373795356757,4,960,0.070000,2.0000,privileged-intermediate-target,1.000000,128,true
width-s8-dense-d1-8,8,dense,3503703373795356757,4,960,0.070000,1.0000,privileged-intermediate-target,1.000000,128,true
width-s8-dense-d1-8,8,dense,3503703373795356757,4,960,0.070000,hard,privileged-intermediate-target,1.000000,128,true
width-s8-dense-d1-8,8,dense,3503703373795356757,4,960,0.070000,soft,shuffled-label,0.000000,128,true
width-s8-dense-d1-8,8,dense,3503703373795356757,4,960,0.070000,2.0000,shuffled-label,0.100000,128,true
width-s8-dense-d1-8,8,dense,3503703373795356757,4,960,0.070000,1.0000,shuffled-label,0.100000,128,true
width-s8-dense-d1-8,8,dense,3503703373795356757,4,960,0.070000,hard,shuffled-label,0.242500,128,true
width-s8-dense-d1-8,8,dense,6869996990457277544,4,960,0.070000,soft,privileged-intermediate-target,1.000000,128,true
width-s8-dense-d1-8,8,dense,6869996990457277544,4,960,0.070000,2.0000,privileged-intermediate-target,1.000000,128,true
width-s8-dense-d1-8,8,dense,6869996990457277544,4,960,0.070000,1.0000,privileged-intermediate-target,1.000000,128,true
width-s8-dense-d1-8,8,dense,6869996990457277544,4,960,0.070000,hard,privileged-intermediate-target,1.000000,128,true
width-s8-dense-d1-8,8,dense,6869996990457277544,4,960,0.070000,soft,shuffled-label,0.000000,128,true
width-s8-dense-d1-8,8,dense,6869996990457277544,4,960,0.070000,2.0000,shuffled-label,0.132500,128,true
width-s8-dense-d1-8,8,dense,6869996990457277544,4,960,0.070000,1.0000,shuffled-label,0.132500,128,true
width-s8-dense-d1-8,8,dense,6869996990457277544,4,960,0.070000,hard,shuffled-label,0.275000,128,true
width-s8-dense-d1-8,8,dense,18234682480328173695,4,960,0.070000,soft,privileged-intermediate-target,1.000000,128,true
width-s8-dense-d1-8,8,dense,18234682480328173695,4,960,0.070000,2.0000,privileged-intermediate-target,1.000000,128,true
width-s8-dense-d1-8,8,dense,18234682480328173695,4,960,0.070000,1.0000,privileged-intermediate-target,1.000000,128,true
width-s8-dense-d1-8,8,dense,18234682480328173695,4,960,0.070000,hard,privileged-intermediate-target,1.000000,128,true
width-s8-dense-d1-8,8,dense,18234682480328173695,4,960,0.070000,soft,shuffled-label,0.000000,128,true
width-s8-dense-d1-8,8,dense,18234682480328173695,4,960,0.070000,2.0000,shuffled-label,0.147500,128,true
width-s8-dense-d1-8,8,dense,18234682480328173695,4,960,0.070000,1.0000,shuffled-label,0.147500,128,true
width-s8-dense-d1-8,8,dense,18234682480328173695,4,960,0.070000,hard,shuffled-label,0.312500,128,true
width-s8-dense-d1-8,8,dense,2001310518681822354,4,960,0.070000,soft,privileged-intermediate-target,1.000000,128,true
width-s8-dense-d1-8,8,dense,2001310518681822354,4,960,0.070000,2.0000,privileged-intermediate-target,1.000000,128,true
width-s8-dense-d1-8,8,dense,2001310518681822354,4,960,0.070000,1.0000,privileged-intermediate-target,1.000000,128,true
width-s8-dense-d1-8,8,dense,2001310518681822354,4,960,0.070000,hard,privileged-intermediate-target,1.000000,128,true
width-s8-dense-d1-8,8,dense,2001310518681822354,4,960,0.070000,soft,shuffled-label,0.007500,128,true
width-s8-dense-d1-8,8,dense,2001310518681822354,4,960,0.070000,2.0000,shuffled-label,0.097500,128,true
width-s8-dense-d1-8,8,dense,2001310518681822354,4,960,0.070000,1.0000,shuffled-label,0.145000,128,true
width-s8-dense-d1-8,8,dense,2001310518681822354,4,960,0.070000,hard,shuffled-label,0.292500,128,true
width-s8-dense-d1-8,8,dense,13400896689310720169,4,960,0.070000,soft,privileged-intermediate-target,1.000000,128,true
width-s8-dense-d1-8,8,dense,13400896689310720169,4,960,0.070000,2.0000,privileged-intermediate-target,1.000000,128,true
width-s8-dense-d1-8,8,dense,13400896689310720169,4,960,0.070000,1.0000,privileged-intermediate-target,1.000000,128,true
width-s8-dense-d1-8,8,dense,13400896689310720169,4,960,0.070000,hard,privileged-intermediate-target,1.000000,128,true
width-s8-dense-d1-8,8,dense,13400896689310720169,4,960,0.070000,soft,shuffled-label,0.002500,128,true
width-s8-dense-d1-8,8,dense,13400896689310720169,4,960,0.070000,2.0000,shuffled-label,0.142500,128,true
width-s8-dense-d1-8,8,dense,13400896689310720169,4,960,0.070000,1.0000,shuffled-label,0.165000,128,true
width-s8-dense-d1-8,8,dense,13400896689310720169,4,960,0.070000,hard,shuffled-label,0.335000,128,true
width-s8-dense-d1-8,8,dense,15453320347936062484,5,960,0.035000,soft,privileged-intermediate-target,1.000000,128,true
width-s8-dense-d1-8,8,dense,15453320347936062484,5,960,0.035000,2.0000,privileged-intermediate-target,0.987500,128,true
width-s8-dense-d1-8,8,dense,15453320347936062484,5,960,0.035000,1.0000,privileged-intermediate-target,1.000000,128,true
width-s8-dense-d1-8,8,dense,15453320347936062484,5,960,0.035000,hard,privileged-intermediate-target,1.000000,128,true
width-s8-dense-d1-8,8,dense,15453320347936062484,5,960,0.035000,soft,shuffled-label,0.000000,128,true
width-s8-dense-d1-8,8,dense,15453320347936062484,5,960,0.035000,2.0000,shuffled-label,0.117500,128,true
width-s8-dense-d1-8,8,dense,15453320347936062484,5,960,0.035000,1.0000,shuffled-label,0.107500,128,true
width-s8-dense-d1-8,8,dense,15453320347936062484,5,960,0.035000,hard,shuffled-label,0.000000,128,true
width-s8-dense-d1-8,8,dense,8371261729603450923,5,960,0.035000,soft,privileged-intermediate-target,1.000000,128,true
width-s8-dense-d1-8,8,dense,8371261729603450923,5,960,0.035000,2.0000,privileged-intermediate-target,0.987500,128,true
width-s8-dense-d1-8,8,dense,8371261729603450923,5,960,0.035000,1.0000,privileged-intermediate-target,1.000000,128,true
width-s8-dense-d1-8,8,dense,8371261729603450923,5,960,0.035000,hard,privileged-intermediate-target,1.000000,128,true
width-s8-dense-d1-8,8,dense,8371261729603450923,5,960,0.035000,soft,shuffled-label,0.000000,128,true
width-s8-dense-d1-8,8,dense,8371261729603450923,5,960,0.035000,2.0000,shuffled-label,0.140000,128,true
width-s8-dense-d1-8,8,dense,8371261729603450923,5,960,0.035000,1.0000,shuffled-label,0.140000,128,true
width-s8-dense-d1-8,8,dense,8371261729603450923,5,960,0.035000,hard,shuffled-label,0.000000,128,true
width-s8-dense-d1-8,8,dense,10584633876018000958,5,960,0.035000,soft,privileged-intermediate-target,1.000000,128,true
width-s8-dense-d1-8,8,dense,10584633876018000958,5,960,0.035000,2.0000,privileged-intermediate-target,1.000000,128,true
width-s8-dense-d1-8,8,dense,10584633876018000958,5,960,0.035000,1.0000,privileged-intermediate-target,1.000000,128,true
width-s8-dense-d1-8,8,dense,10584633876018000958,5,960,0.035000,hard,privileged-intermediate-target,1.000000,128,true
width-s8-dense-d1-8,8,dense,10584633876018000958,5,960,0.035000,soft,shuffled-label,0.000000,128,true
width-s8-dense-d1-8,8,dense,10584633876018000958,5,960,0.035000,2.0000,shuffled-label,0.127500,128,true
width-s8-dense-d1-8,8,dense,10584633876018000958,5,960,0.035000,1.0000,shuffled-label,0.127500,128,true
width-s8-dense-d1-8,8,dense,10584633876018000958,5,960,0.035000,hard,shuffled-label,0.000000,128,true
width-s8-dense-d1-8,8,dense,3503703373795356757,5,960,0.035000,soft,privileged-intermediate-target,1.000000,128,true
width-s8-dense-d1-8,8,dense,3503703373795356757,5,960,0.035000,2.0000,privileged-intermediate-target,0.997500,128,true
width-s8-dense-d1-8,8,dense,3503703373795356757,5,960,0.035000,1.0000,privileged-intermediate-target,1.000000,128,true
width-s8-dense-d1-8,8,dense,3503703373795356757,5,960,0.035000,hard,privileged-intermediate-target,1.000000,128,true
width-s8-dense-d1-8,8,dense,3503703373795356757,5,960,0.035000,soft,shuffled-label,0.000000,128,true
width-s8-dense-d1-8,8,dense,3503703373795356757,5,960,0.035000,2.0000,shuffled-label,0.150000,128,true
width-s8-dense-d1-8,8,dense,3503703373795356757,5,960,0.035000,1.0000,shuffled-label,0.150000,128,true
width-s8-dense-d1-8,8,dense,3503703373795356757,5,960,0.035000,hard,shuffled-label,0.000000,128,true
width-s8-dense-d1-8,8,dense,6869996990457277544,5,960,0.035000,soft,privileged-intermediate-target,1.000000,128,true
width-s8-dense-d1-8,8,dense,6869996990457277544,5,960,0.035000,2.0000,privileged-intermediate-target,1.000000,128,true
width-s8-dense-d1-8,8,dense,6869996990457277544,5,960,0.035000,1.0000,privileged-intermediate-target,1.000000,128,true
width-s8-dense-d1-8,8,dense,6869996990457277544,5,960,0.035000,hard,privileged-intermediate-target,1.000000,128,true
width-s8-dense-d1-8,8,dense,6869996990457277544,5,960,0.035000,soft,shuffled-label,0.000000,128,true
width-s8-dense-d1-8,8,dense,6869996990457277544,5,960,0.035000,2.0000,shuffled-label,0.130000,128,true
width-s8-dense-d1-8,8,dense,6869996990457277544,5,960,0.035000,1.0000,shuffled-label,0.100000,128,true
width-s8-dense-d1-8,8,dense,6869996990457277544,5,960,0.035000,hard,shuffled-label,0.000000,128,true
width-s8-dense-d1-8,8,dense,18234682480328173695,5,960,0.035000,soft,privileged-intermediate-target,1.000000,128,true
width-s8-dense-d1-8,8,dense,18234682480328173695,5,960,0.035000,2.0000,privileged-intermediate-target,0.997500,128,true
width-s8-dense-d1-8,8,dense,18234682480328173695,5,960,0.035000,1.0000,privileged-intermediate-target,1.000000,128,true
width-s8-dense-d1-8,8,dense,18234682480328173695,5,960,0.035000,hard,privileged-intermediate-target,1.000000,128,true
width-s8-dense-d1-8,8,dense,18234682480328173695,5,960,0.035000,soft,shuffled-label,0.000000,128,true
width-s8-dense-d1-8,8,dense,18234682480328173695,5,960,0.035000,2.0000,shuffled-label,0.127500,128,true
width-s8-dense-d1-8,8,dense,18234682480328173695,5,960,0.035000,1.0000,shuffled-label,0.127500,128,true
width-s8-dense-d1-8,8,dense,18234682480328173695,5,960,0.035000,hard,shuffled-label,0.000000,128,true
width-s8-dense-d1-8,8,dense,2001310518681822354,5,960,0.035000,soft,privileged-intermediate-target,1.000000,128,true
width-s8-dense-d1-8,8,dense,2001310518681822354,5,960,0.035000,2.0000,privileged-intermediate-target,1.000000,128,true
width-s8-dense-d1-8,8,dense,2001310518681822354,5,960,0.035000,1.0000,privileged-intermediate-target,1.000000,128,true
width-s8-dense-d1-8,8,dense,2001310518681822354,5,960,0.035000,hard,privileged-intermediate-target,1.000000,128,true
width-s8-dense-d1-8,8,dense,2001310518681822354,5,960,0.035000,soft,shuffled-label,0.000000,128,true
width-s8-dense-d1-8,8,dense,2001310518681822354,5,960,0.035000,2.0000,shuffled-label,0.152500,128,true
width-s8-dense-d1-8,8,dense,2001310518681822354,5,960,0.035000,1.0000,shuffled-label,0.152500,128,true
width-s8-dense-d1-8,8,dense,2001310518681822354,5,960,0.035000,hard,shuffled-label,0.000000,128,true
width-s8-dense-d1-8,8,dense,13400896689310720169,5,960,0.035000,soft,privileged-intermediate-target,1.000000,128,true
width-s8-dense-d1-8,8,dense,13400896689310720169,5,960,0.035000,2.0000,privileged-intermediate-target,1.000000,128,true
width-s8-dense-d1-8,8,dense,13400896689310720169,5,960,0.035000,1.0000,privileged-intermediate-target,1.000000,128,true
width-s8-dense-d1-8,8,dense,13400896689310720169,5,960,0.035000,hard,privileged-intermediate-target,1.000000,128,true
width-s8-dense-d1-8,8,dense,13400896689310720169,5,960,0.035000,soft,shuffled-label,0.000000,128,true
width-s8-dense-d1-8,8,dense,13400896689310720169,5,960,0.035000,2.0000,shuffled-label,0.142500,128,true
width-s8-dense-d1-8,8,dense,13400896689310720169,5,960,0.035000,1.0000,shuffled-label,0.110000,128,true
width-s8-dense-d1-8,8,dense,13400896689310720169,5,960,0.035000,hard,shuffled-label,0.000000,128,true
width-s8-dense-d1-8,8,dense,15453320347936062484,5,960,0.070000,soft,privileged-intermediate-target,1.000000,128,true
width-s8-dense-d1-8,8,dense,15453320347936062484,5,960,0.070000,2.0000,privileged-intermediate-target,1.000000,128,true
width-s8-dense-d1-8,8,dense,15453320347936062484,5,960,0.070000,1.0000,privileged-intermediate-target,1.000000,128,true
width-s8-dense-d1-8,8,dense,15453320347936062484,5,960,0.070000,hard,privileged-intermediate-target,1.000000,128,true
width-s8-dense-d1-8,8,dense,15453320347936062484,5,960,0.070000,soft,shuffled-label,0.000000,128,true
width-s8-dense-d1-8,8,dense,15453320347936062484,5,960,0.070000,2.0000,shuffled-label,0.142500,128,true
width-s8-dense-d1-8,8,dense,15453320347936062484,5,960,0.070000,1.0000,shuffled-label,0.147500,128,true
width-s8-dense-d1-8,8,dense,15453320347936062484,5,960,0.070000,hard,shuffled-label,0.000000,128,true
width-s8-dense-d1-8,8,dense,8371261729603450923,5,960,0.070000,soft,privileged-intermediate-target,1.000000,128,true
width-s8-dense-d1-8,8,dense,8371261729603450923,5,960,0.070000,2.0000,privileged-intermediate-target,1.000000,128,true
width-s8-dense-d1-8,8,dense,8371261729603450923,5,960,0.070000,1.0000,privileged-intermediate-target,1.000000,128,true
width-s8-dense-d1-8,8,dense,8371261729603450923,5,960,0.070000,hard,privileged-intermediate-target,1.000000,128,true
width-s8-dense-d1-8,8,dense,8371261729603450923,5,960,0.070000,soft,shuffled-label,0.000000,128,true
width-s8-dense-d1-8,8,dense,8371261729603450923,5,960,0.070000,2.0000,shuffled-label,0.152500,128,true
width-s8-dense-d1-8,8,dense,8371261729603450923,5,960,0.070000,1.0000,shuffled-label,0.152500,128,true
width-s8-dense-d1-8,8,dense,8371261729603450923,5,960,0.070000,hard,shuffled-label,0.045000,128,true
width-s8-dense-d1-8,8,dense,10584633876018000958,5,960,0.070000,soft,privileged-intermediate-target,1.000000,128,true
width-s8-dense-d1-8,8,dense,10584633876018000958,5,960,0.070000,2.0000,privileged-intermediate-target,1.000000,128,true
width-s8-dense-d1-8,8,dense,10584633876018000958,5,960,0.070000,1.0000,privileged-intermediate-target,1.000000,128,true
width-s8-dense-d1-8,8,dense,10584633876018000958,5,960,0.070000,hard,privileged-intermediate-target,1.000000,128,true
width-s8-dense-d1-8,8,dense,10584633876018000958,5,960,0.070000,soft,shuffled-label,0.000000,128,true
width-s8-dense-d1-8,8,dense,10584633876018000958,5,960,0.070000,2.0000,shuffled-label,0.112500,128,true
width-s8-dense-d1-8,8,dense,10584633876018000958,5,960,0.070000,1.0000,shuffled-label,0.112500,128,true
width-s8-dense-d1-8,8,dense,10584633876018000958,5,960,0.070000,hard,shuffled-label,0.000000,128,true
width-s8-dense-d1-8,8,dense,3503703373795356757,5,960,0.070000,soft,privileged-intermediate-target,1.000000,128,true
width-s8-dense-d1-8,8,dense,3503703373795356757,5,960,0.070000,2.0000,privileged-intermediate-target,1.000000,128,true
width-s8-dense-d1-8,8,dense,3503703373795356757,5,960,0.070000,1.0000,privileged-intermediate-target,1.000000,128,true
width-s8-dense-d1-8,8,dense,3503703373795356757,5,960,0.070000,hard,privileged-intermediate-target,1.000000,128,true
width-s8-dense-d1-8,8,dense,3503703373795356757,5,960,0.070000,soft,shuffled-label,0.000000,128,true
width-s8-dense-d1-8,8,dense,3503703373795356757,5,960,0.070000,2.0000,shuffled-label,0.102500,128,true
width-s8-dense-d1-8,8,dense,3503703373795356757,5,960,0.070000,1.0000,shuffled-label,0.102500,128,true
width-s8-dense-d1-8,8,dense,3503703373795356757,5,960,0.070000,hard,shuffled-label,0.000000,128,true
width-s8-dense-d1-8,8,dense,6869996990457277544,5,960,0.070000,soft,privileged-intermediate-target,1.000000,128,true
width-s8-dense-d1-8,8,dense,6869996990457277544,5,960,0.070000,2.0000,privileged-intermediate-target,1.000000,128,true
width-s8-dense-d1-8,8,dense,6869996990457277544,5,960,0.070000,1.0000,privileged-intermediate-target,1.000000,128,true
width-s8-dense-d1-8,8,dense,6869996990457277544,5,960,0.070000,hard,privileged-intermediate-target,1.000000,128,true
width-s8-dense-d1-8,8,dense,6869996990457277544,5,960,0.070000,soft,shuffled-label,0.000000,128,true
width-s8-dense-d1-8,8,dense,6869996990457277544,5,960,0.070000,2.0000,shuffled-label,0.082500,128,true
width-s8-dense-d1-8,8,dense,6869996990457277544,5,960,0.070000,1.0000,shuffled-label,0.082500,128,true
width-s8-dense-d1-8,8,dense,6869996990457277544,5,960,0.070000,hard,shuffled-label,0.000000,128,true
width-s8-dense-d1-8,8,dense,18234682480328173695,5,960,0.070000,soft,privileged-intermediate-target,1.000000,128,true
width-s8-dense-d1-8,8,dense,18234682480328173695,5,960,0.070000,2.0000,privileged-intermediate-target,1.000000,128,true
width-s8-dense-d1-8,8,dense,18234682480328173695,5,960,0.070000,1.0000,privileged-intermediate-target,1.000000,128,true
width-s8-dense-d1-8,8,dense,18234682480328173695,5,960,0.070000,hard,privileged-intermediate-target,1.000000,128,true
width-s8-dense-d1-8,8,dense,18234682480328173695,5,960,0.070000,soft,shuffled-label,0.000000,128,true
width-s8-dense-d1-8,8,dense,18234682480328173695,5,960,0.070000,2.0000,shuffled-label,0.112500,128,true
width-s8-dense-d1-8,8,dense,18234682480328173695,5,960,0.070000,1.0000,shuffled-label,0.112500,128,true
width-s8-dense-d1-8,8,dense,18234682480328173695,5,960,0.070000,hard,shuffled-label,0.000000,128,true
width-s8-dense-d1-8,8,dense,2001310518681822354,5,960,0.070000,soft,privileged-intermediate-target,1.000000,128,true
width-s8-dense-d1-8,8,dense,2001310518681822354,5,960,0.070000,2.0000,privileged-intermediate-target,1.000000,128,true
width-s8-dense-d1-8,8,dense,2001310518681822354,5,960,0.070000,1.0000,privileged-intermediate-target,1.000000,128,true
width-s8-dense-d1-8,8,dense,2001310518681822354,5,960,0.070000,hard,privileged-intermediate-target,1.000000,128,true
width-s8-dense-d1-8,8,dense,2001310518681822354,5,960,0.070000,soft,shuffled-label,0.000000,128,true
width-s8-dense-d1-8,8,dense,2001310518681822354,5,960,0.070000,2.0000,shuffled-label,0.140000,128,true
width-s8-dense-d1-8,8,dense,2001310518681822354,5,960,0.070000,1.0000,shuffled-label,0.140000,128,true
width-s8-dense-d1-8,8,dense,2001310518681822354,5,960,0.070000,hard,shuffled-label,0.000000,128,true
width-s8-dense-d1-8,8,dense,13400896689310720169,5,960,0.070000,soft,privileged-intermediate-target,1.000000,128,true
width-s8-dense-d1-8,8,dense,13400896689310720169,5,960,0.070000,2.0000,privileged-intermediate-target,1.000000,128,true
width-s8-dense-d1-8,8,dense,13400896689310720169,5,960,0.070000,1.0000,privileged-intermediate-target,1.000000,128,true
width-s8-dense-d1-8,8,dense,13400896689310720169,5,960,0.070000,hard,privileged-intermediate-target,1.000000,128,true
width-s8-dense-d1-8,8,dense,13400896689310720169,5,960,0.070000,soft,shuffled-label,0.000000,128,true
width-s8-dense-d1-8,8,dense,13400896689310720169,5,960,0.070000,2.0000,shuffled-label,0.112500,128,true
width-s8-dense-d1-8,8,dense,13400896689310720169,5,960,0.070000,1.0000,shuffled-label,0.112500,128,true
width-s8-dense-d1-8,8,dense,13400896689310720169,5,960,0.070000,hard,shuffled-label,0.000000,128,true
width-s8-dense-d1-8,8,dense,15453320347936062484,6,960,0.035000,soft,privileged-intermediate-target,1.000000,128,true
width-s8-dense-d1-8,8,dense,15453320347936062484,6,960,0.035000,2.0000,privileged-intermediate-target,0.785000,128,true
width-s8-dense-d1-8,8,dense,15453320347936062484,6,960,0.035000,1.0000,privileged-intermediate-target,1.000000,128,true
width-s8-dense-d1-8,8,dense,15453320347936062484,6,960,0.035000,hard,privileged-intermediate-target,1.000000,128,true
width-s8-dense-d1-8,8,dense,15453320347936062484,6,960,0.035000,soft,shuffled-label,0.000000,128,true
width-s8-dense-d1-8,8,dense,15453320347936062484,6,960,0.035000,2.0000,shuffled-label,0.115000,128,true
width-s8-dense-d1-8,8,dense,15453320347936062484,6,960,0.035000,1.0000,shuffled-label,0.115000,128,true
width-s8-dense-d1-8,8,dense,15453320347936062484,6,960,0.035000,hard,shuffled-label,0.245000,128,true
width-s8-dense-d1-8,8,dense,8371261729603450923,6,960,0.035000,soft,privileged-intermediate-target,1.000000,128,true
width-s8-dense-d1-8,8,dense,8371261729603450923,6,960,0.035000,2.0000,privileged-intermediate-target,0.612500,128,true
width-s8-dense-d1-8,8,dense,8371261729603450923,6,960,0.035000,1.0000,privileged-intermediate-target,1.000000,128,true
width-s8-dense-d1-8,8,dense,8371261729603450923,6,960,0.035000,hard,privileged-intermediate-target,1.000000,128,true
width-s8-dense-d1-8,8,dense,8371261729603450923,6,960,0.035000,soft,shuffled-label,0.017500,128,true
width-s8-dense-d1-8,8,dense,8371261729603450923,6,960,0.035000,2.0000,shuffled-label,0.132500,128,true
width-s8-dense-d1-8,8,dense,8371261729603450923,6,960,0.035000,1.0000,shuffled-label,0.132500,128,true
width-s8-dense-d1-8,8,dense,8371261729603450923,6,960,0.035000,hard,shuffled-label,0.250000,128,true
width-s8-dense-d1-8,8,dense,10584633876018000958,6,960,0.035000,soft,privileged-intermediate-target,1.000000,128,true
width-s8-dense-d1-8,8,dense,10584633876018000958,6,960,0.035000,2.0000,privileged-intermediate-target,0.820000,128,true
width-s8-dense-d1-8,8,dense,10584633876018000958,6,960,0.035000,1.0000,privileged-intermediate-target,1.000000,128,true
width-s8-dense-d1-8,8,dense,10584633876018000958,6,960,0.035000,hard,privileged-intermediate-target,1.000000,128,true
width-s8-dense-d1-8,8,dense,10584633876018000958,6,960,0.035000,soft,shuffled-label,0.002500,128,true
width-s8-dense-d1-8,8,dense,10584633876018000958,6,960,0.035000,2.0000,shuffled-label,0.135000,128,true
width-s8-dense-d1-8,8,dense,10584633876018000958,6,960,0.035000,1.0000,shuffled-label,0.142500,128,true
width-s8-dense-d1-8,8,dense,10584633876018000958,6,960,0.035000,hard,shuffled-label,0.215000,128,true
width-s8-dense-d1-8,8,dense,3503703373795356757,6,960,0.035000,soft,privileged-intermediate-target,1.000000,128,true
width-s8-dense-d1-8,8,dense,3503703373795356757,6,960,0.035000,2.0000,privileged-intermediate-target,0.700000,128,true
width-s8-dense-d1-8,8,dense,3503703373795356757,6,960,0.035000,1.0000,privileged-intermediate-target,1.000000,128,true
width-s8-dense-d1-8,8,dense,3503703373795356757,6,960,0.035000,hard,privileged-intermediate-target,1.000000,128,true
width-s8-dense-d1-8,8,dense,3503703373795356757,6,960,0.035000,soft,shuffled-label,0.000000,128,true
width-s8-dense-d1-8,8,dense,3503703373795356757,6,960,0.035000,2.0000,shuffled-label,0.127500,128,true
width-s8-dense-d1-8,8,dense,3503703373795356757,6,960,0.035000,1.0000,shuffled-label,0.127500,128,true
width-s8-dense-d1-8,8,dense,3503703373795356757,6,960,0.035000,hard,shuffled-label,0.222500,128,true
width-s8-dense-d1-8,8,dense,6869996990457277544,6,960,0.035000,soft,privileged-intermediate-target,1.000000,128,true
width-s8-dense-d1-8,8,dense,6869996990457277544,6,960,0.035000,2.0000,privileged-intermediate-target,0.797500,128,true
width-s8-dense-d1-8,8,dense,6869996990457277544,6,960,0.035000,1.0000,privileged-intermediate-target,1.000000,128,true
width-s8-dense-d1-8,8,dense,6869996990457277544,6,960,0.035000,hard,privileged-intermediate-target,1.000000,128,true
width-s8-dense-d1-8,8,dense,6869996990457277544,6,960,0.035000,soft,shuffled-label,0.002500,128,true
width-s8-dense-d1-8,8,dense,6869996990457277544,6,960,0.035000,2.0000,shuffled-label,0.100000,128,true
width-s8-dense-d1-8,8,dense,6869996990457277544,6,960,0.035000,1.0000,shuffled-label,0.100000,128,true
width-s8-dense-d1-8,8,dense,6869996990457277544,6,960,0.035000,hard,shuffled-label,0.187500,128,true
width-s8-dense-d1-8,8,dense,18234682480328173695,6,960,0.035000,soft,privileged-intermediate-target,1.000000,128,true
width-s8-dense-d1-8,8,dense,18234682480328173695,6,960,0.035000,2.0000,privileged-intermediate-target,0.820000,128,true
width-s8-dense-d1-8,8,dense,18234682480328173695,6,960,0.035000,1.0000,privileged-intermediate-target,1.000000,128,true
width-s8-dense-d1-8,8,dense,18234682480328173695,6,960,0.035000,hard,privileged-intermediate-target,1.000000,128,true
width-s8-dense-d1-8,8,dense,18234682480328173695,6,960,0.035000,soft,shuffled-label,0.000000,128,true
width-s8-dense-d1-8,8,dense,18234682480328173695,6,960,0.035000,2.0000,shuffled-label,0.122500,128,true
width-s8-dense-d1-8,8,dense,18234682480328173695,6,960,0.035000,1.0000,shuffled-label,0.122500,128,true
width-s8-dense-d1-8,8,dense,18234682480328173695,6,960,0.035000,hard,shuffled-label,0.237500,128,true
width-s8-dense-d1-8,8,dense,2001310518681822354,6,960,0.035000,soft,privileged-intermediate-target,1.000000,128,true
width-s8-dense-d1-8,8,dense,2001310518681822354,6,960,0.035000,2.0000,privileged-intermediate-target,0.597500,128,true
width-s8-dense-d1-8,8,dense,2001310518681822354,6,960,0.035000,1.0000,privileged-intermediate-target,1.000000,128,true
width-s8-dense-d1-8,8,dense,2001310518681822354,6,960,0.035000,hard,privileged-intermediate-target,1.000000,128,true
width-s8-dense-d1-8,8,dense,2001310518681822354,6,960,0.035000,soft,shuffled-label,0.010000,128,true
width-s8-dense-d1-8,8,dense,2001310518681822354,6,960,0.035000,2.0000,shuffled-label,0.132500,128,true
width-s8-dense-d1-8,8,dense,2001310518681822354,6,960,0.035000,1.0000,shuffled-label,0.132500,128,true
width-s8-dense-d1-8,8,dense,2001310518681822354,6,960,0.035000,hard,shuffled-label,0.235000,128,true
width-s8-dense-d1-8,8,dense,13400896689310720169,6,960,0.035000,soft,privileged-intermediate-target,1.000000,128,true
width-s8-dense-d1-8,8,dense,13400896689310720169,6,960,0.035000,2.0000,privileged-intermediate-target,0.370000,128,true
width-s8-dense-d1-8,8,dense,13400896689310720169,6,960,0.035000,1.0000,privileged-intermediate-target,1.000000,128,true
width-s8-dense-d1-8,8,dense,13400896689310720169,6,960,0.035000,hard,privileged-intermediate-target,1.000000,128,true
width-s8-dense-d1-8,8,dense,13400896689310720169,6,960,0.035000,soft,shuffled-label,0.015000,128,true
width-s8-dense-d1-8,8,dense,13400896689310720169,6,960,0.035000,2.0000,shuffled-label,0.107500,128,true
width-s8-dense-d1-8,8,dense,13400896689310720169,6,960,0.035000,1.0000,shuffled-label,0.107500,128,true
width-s8-dense-d1-8,8,dense,13400896689310720169,6,960,0.035000,hard,shuffled-label,0.212500,128,true
width-s8-dense-d1-8,8,dense,15453320347936062484,6,960,0.070000,soft,privileged-intermediate-target,1.000000,128,true
width-s8-dense-d1-8,8,dense,15453320347936062484,6,960,0.070000,2.0000,privileged-intermediate-target,1.000000,128,true
width-s8-dense-d1-8,8,dense,15453320347936062484,6,960,0.070000,1.0000,privileged-intermediate-target,1.000000,128,true
width-s8-dense-d1-8,8,dense,15453320347936062484,6,960,0.070000,hard,privileged-intermediate-target,1.000000,128,true
width-s8-dense-d1-8,8,dense,15453320347936062484,6,960,0.070000,soft,shuffled-label,0.037500,128,true
width-s8-dense-d1-8,8,dense,15453320347936062484,6,960,0.070000,2.0000,shuffled-label,0.112500,128,true
width-s8-dense-d1-8,8,dense,15453320347936062484,6,960,0.070000,1.0000,shuffled-label,0.112500,128,true
width-s8-dense-d1-8,8,dense,15453320347936062484,6,960,0.070000,hard,shuffled-label,0.232500,128,true
width-s8-dense-d1-8,8,dense,8371261729603450923,6,960,0.070000,soft,privileged-intermediate-target,1.000000,128,true
width-s8-dense-d1-8,8,dense,8371261729603450923,6,960,0.070000,2.0000,privileged-intermediate-target,1.000000,128,true
width-s8-dense-d1-8,8,dense,8371261729603450923,6,960,0.070000,1.0000,privileged-intermediate-target,1.000000,128,true
width-s8-dense-d1-8,8,dense,8371261729603450923,6,960,0.070000,hard,privileged-intermediate-target,1.000000,128,true
width-s8-dense-d1-8,8,dense,8371261729603450923,6,960,0.070000,soft,shuffled-label,0.000000,128,true
width-s8-dense-d1-8,8,dense,8371261729603450923,6,960,0.070000,2.0000,shuffled-label,0.122500,128,true
width-s8-dense-d1-8,8,dense,8371261729603450923,6,960,0.070000,1.0000,shuffled-label,0.122500,128,true
width-s8-dense-d1-8,8,dense,8371261729603450923,6,960,0.070000,hard,shuffled-label,0.157500,128,true
width-s8-dense-d1-8,8,dense,10584633876018000958,6,960,0.070000,soft,privileged-intermediate-target,1.000000,128,true
width-s8-dense-d1-8,8,dense,10584633876018000958,6,960,0.070000,2.0000,privileged-intermediate-target,1.000000,128,true
width-s8-dense-d1-8,8,dense,10584633876018000958,6,960,0.070000,1.0000,privileged-intermediate-target,1.000000,128,true
width-s8-dense-d1-8,8,dense,10584633876018000958,6,960,0.070000,hard,privileged-intermediate-target,1.000000,128,true
width-s8-dense-d1-8,8,dense,10584633876018000958,6,960,0.070000,soft,shuffled-label,0.000000,128,true
width-s8-dense-d1-8,8,dense,10584633876018000958,6,960,0.070000,2.0000,shuffled-label,0.095000,128,true
width-s8-dense-d1-8,8,dense,10584633876018000958,6,960,0.070000,1.0000,shuffled-label,0.095000,128,true
width-s8-dense-d1-8,8,dense,10584633876018000958,6,960,0.070000,hard,shuffled-label,0.242500,128,true
width-s8-dense-d1-8,8,dense,3503703373795356757,6,960,0.070000,soft,privileged-intermediate-target,1.000000,128,true
width-s8-dense-d1-8,8,dense,3503703373795356757,6,960,0.070000,2.0000,privileged-intermediate-target,1.000000,128,true
width-s8-dense-d1-8,8,dense,3503703373795356757,6,960,0.070000,1.0000,privileged-intermediate-target,1.000000,128,true
width-s8-dense-d1-8,8,dense,3503703373795356757,6,960,0.070000,hard,privileged-intermediate-target,1.000000,128,true
width-s8-dense-d1-8,8,dense,3503703373795356757,6,960,0.070000,soft,shuffled-label,0.000000,128,true
width-s8-dense-d1-8,8,dense,3503703373795356757,6,960,0.070000,2.0000,shuffled-label,0.127500,128,true
width-s8-dense-d1-8,8,dense,3503703373795356757,6,960,0.070000,1.0000,shuffled-label,0.127500,128,true
width-s8-dense-d1-8,8,dense,3503703373795356757,6,960,0.070000,hard,shuffled-label,0.262500,128,true
width-s8-dense-d1-8,8,dense,6869996990457277544,6,960,0.070000,soft,privileged-intermediate-target,1.000000,128,true
width-s8-dense-d1-8,8,dense,6869996990457277544,6,960,0.070000,2.0000,privileged-intermediate-target,1.000000,128,true
width-s8-dense-d1-8,8,dense,6869996990457277544,6,960,0.070000,1.0000,privileged-intermediate-target,1.000000,128,true
width-s8-dense-d1-8,8,dense,6869996990457277544,6,960,0.070000,hard,privileged-intermediate-target,1.000000,128,true
width-s8-dense-d1-8,8,dense,6869996990457277544,6,960,0.070000,soft,shuffled-label,0.072500,128,true
width-s8-dense-d1-8,8,dense,6869996990457277544,6,960,0.070000,2.0000,shuffled-label,0.135000,128,true
width-s8-dense-d1-8,8,dense,6869996990457277544,6,960,0.070000,1.0000,shuffled-label,0.135000,128,true
width-s8-dense-d1-8,8,dense,6869996990457277544,6,960,0.070000,hard,shuffled-label,0.102500,128,true
width-s8-dense-d1-8,8,dense,18234682480328173695,6,960,0.070000,soft,privileged-intermediate-target,1.000000,128,true
width-s8-dense-d1-8,8,dense,18234682480328173695,6,960,0.070000,2.0000,privileged-intermediate-target,1.000000,128,true
width-s8-dense-d1-8,8,dense,18234682480328173695,6,960,0.070000,1.0000,privileged-intermediate-target,1.000000,128,true
width-s8-dense-d1-8,8,dense,18234682480328173695,6,960,0.070000,hard,privileged-intermediate-target,1.000000,128,true
width-s8-dense-d1-8,8,dense,18234682480328173695,6,960,0.070000,soft,shuffled-label,0.000000,128,true
width-s8-dense-d1-8,8,dense,18234682480328173695,6,960,0.070000,2.0000,shuffled-label,0.122500,128,true
width-s8-dense-d1-8,8,dense,18234682480328173695,6,960,0.070000,1.0000,shuffled-label,0.122500,128,true
width-s8-dense-d1-8,8,dense,18234682480328173695,6,960,0.070000,hard,shuffled-label,0.242500,128,true
width-s8-dense-d1-8,8,dense,2001310518681822354,6,960,0.070000,soft,privileged-intermediate-target,1.000000,128,true
width-s8-dense-d1-8,8,dense,2001310518681822354,6,960,0.070000,2.0000,privileged-intermediate-target,1.000000,128,true
width-s8-dense-d1-8,8,dense,2001310518681822354,6,960,0.070000,1.0000,privileged-intermediate-target,1.000000,128,true
width-s8-dense-d1-8,8,dense,2001310518681822354,6,960,0.070000,hard,privileged-intermediate-target,1.000000,128,true
width-s8-dense-d1-8,8,dense,2001310518681822354,6,960,0.070000,soft,shuffled-label,0.002500,128,true
width-s8-dense-d1-8,8,dense,2001310518681822354,6,960,0.070000,2.0000,shuffled-label,0.115000,128,true
width-s8-dense-d1-8,8,dense,2001310518681822354,6,960,0.070000,1.0000,shuffled-label,0.115000,128,true
width-s8-dense-d1-8,8,dense,2001310518681822354,6,960,0.070000,hard,shuffled-label,0.157500,128,true
width-s8-dense-d1-8,8,dense,13400896689310720169,6,960,0.070000,soft,privileged-intermediate-target,1.000000,128,true
width-s8-dense-d1-8,8,dense,13400896689310720169,6,960,0.070000,2.0000,privileged-intermediate-target,1.000000,128,true
width-s8-dense-d1-8,8,dense,13400896689310720169,6,960,0.070000,1.0000,privileged-intermediate-target,1.000000,128,true
width-s8-dense-d1-8,8,dense,13400896689310720169,6,960,0.070000,hard,privileged-intermediate-target,1.000000,128,true
width-s8-dense-d1-8,8,dense,13400896689310720169,6,960,0.070000,soft,shuffled-label,0.032500,128,true
width-s8-dense-d1-8,8,dense,13400896689310720169,6,960,0.070000,2.0000,shuffled-label,0.107500,128,true
width-s8-dense-d1-8,8,dense,13400896689310720169,6,960,0.070000,1.0000,shuffled-label,0.107500,128,true
width-s8-dense-d1-8,8,dense,13400896689310720169,6,960,0.070000,hard,shuffled-label,0.185000,128,true
width-s8-dense-d1-8,8,dense,15453320347936062484,7,960,0.035000,soft,privileged-intermediate-target,1.000000,128,true
width-s8-dense-d1-8,8,dense,15453320347936062484,7,960,0.035000,2.0000,privileged-intermediate-target,0.147500,128,true
width-s8-dense-d1-8,8,dense,15453320347936062484,7,960,0.035000,1.0000,privileged-intermediate-target,1.000000,128,true
width-s8-dense-d1-8,8,dense,15453320347936062484,7,960,0.035000,hard,privileged-intermediate-target,1.000000,128,true
width-s8-dense-d1-8,8,dense,15453320347936062484,7,960,0.035000,soft,shuffled-label,0.000000,128,true
width-s8-dense-d1-8,8,dense,15453320347936062484,7,960,0.035000,2.0000,shuffled-label,0.132500,128,true
width-s8-dense-d1-8,8,dense,15453320347936062484,7,960,0.035000,1.0000,shuffled-label,0.132500,128,true
width-s8-dense-d1-8,8,dense,15453320347936062484,7,960,0.035000,hard,shuffled-label,0.000000,128,true
width-s8-dense-d1-8,8,dense,8371261729603450923,7,960,0.035000,soft,privileged-intermediate-target,1.000000,128,true
width-s8-dense-d1-8,8,dense,8371261729603450923,7,960,0.035000,2.0000,privileged-intermediate-target,0.532500,128,true
width-s8-dense-d1-8,8,dense,8371261729603450923,7,960,0.035000,1.0000,privileged-intermediate-target,1.000000,128,true
width-s8-dense-d1-8,8,dense,8371261729603450923,7,960,0.035000,hard,privileged-intermediate-target,1.000000,128,true
width-s8-dense-d1-8,8,dense,8371261729603450923,7,960,0.035000,soft,shuffled-label,0.000000,128,true
width-s8-dense-d1-8,8,dense,8371261729603450923,7,960,0.035000,2.0000,shuffled-label,0.145000,128,true
width-s8-dense-d1-8,8,dense,8371261729603450923,7,960,0.035000,1.0000,shuffled-label,0.147500,128,true
width-s8-dense-d1-8,8,dense,8371261729603450923,7,960,0.035000,hard,shuffled-label,0.000000,128,true
width-s8-dense-d1-8,8,dense,10584633876018000958,7,960,0.035000,soft,privileged-intermediate-target,1.000000,128,true
width-s8-dense-d1-8,8,dense,10584633876018000958,7,960,0.035000,2.0000,privileged-intermediate-target,0.310000,128,true
width-s8-dense-d1-8,8,dense,10584633876018000958,7,960,0.035000,1.0000,privileged-intermediate-target,1.000000,128,true
width-s8-dense-d1-8,8,dense,10584633876018000958,7,960,0.035000,hard,privileged-intermediate-target,1.000000,128,true
width-s8-dense-d1-8,8,dense,10584633876018000958,7,960,0.035000,soft,shuffled-label,0.000000,128,true
width-s8-dense-d1-8,8,dense,10584633876018000958,7,960,0.035000,2.0000,shuffled-label,0.117500,128,true
width-s8-dense-d1-8,8,dense,10584633876018000958,7,960,0.035000,1.0000,shuffled-label,0.117500,128,true
width-s8-dense-d1-8,8,dense,10584633876018000958,7,960,0.035000,hard,shuffled-label,0.000000,128,true
width-s8-dense-d1-8,8,dense,3503703373795356757,7,960,0.035000,soft,privileged-intermediate-target,1.000000,128,true
width-s8-dense-d1-8,8,dense,3503703373795356757,7,960,0.035000,2.0000,privileged-intermediate-target,0.350000,128,true
width-s8-dense-d1-8,8,dense,3503703373795356757,7,960,0.035000,1.0000,privileged-intermediate-target,1.000000,128,true
width-s8-dense-d1-8,8,dense,3503703373795356757,7,960,0.035000,hard,privileged-intermediate-target,1.000000,128,true
width-s8-dense-d1-8,8,dense,3503703373795356757,7,960,0.035000,soft,shuffled-label,0.000000,128,true
width-s8-dense-d1-8,8,dense,3503703373795356757,7,960,0.035000,2.0000,shuffled-label,0.150000,128,true
width-s8-dense-d1-8,8,dense,3503703373795356757,7,960,0.035000,1.0000,shuffled-label,0.150000,128,true
width-s8-dense-d1-8,8,dense,3503703373795356757,7,960,0.035000,hard,shuffled-label,0.000000,128,true
width-s8-dense-d1-8,8,dense,6869996990457277544,7,960,0.035000,soft,privileged-intermediate-target,1.000000,128,true
width-s8-dense-d1-8,8,dense,6869996990457277544,7,960,0.035000,2.0000,privileged-intermediate-target,0.282500,128,true
width-s8-dense-d1-8,8,dense,6869996990457277544,7,960,0.035000,1.0000,privileged-intermediate-target,1.000000,128,true
width-s8-dense-d1-8,8,dense,6869996990457277544,7,960,0.035000,hard,privileged-intermediate-target,1.000000,128,true
width-s8-dense-d1-8,8,dense,6869996990457277544,7,960,0.035000,soft,shuffled-label,0.000000,128,true
width-s8-dense-d1-8,8,dense,6869996990457277544,7,960,0.035000,2.0000,shuffled-label,0.132500,128,true
width-s8-dense-d1-8,8,dense,6869996990457277544,7,960,0.035000,1.0000,shuffled-label,0.132500,128,true
width-s8-dense-d1-8,8,dense,6869996990457277544,7,960,0.035000,hard,shuffled-label,0.000000,128,true
width-s8-dense-d1-8,8,dense,18234682480328173695,7,960,0.035000,soft,privileged-intermediate-target,1.000000,128,true
width-s8-dense-d1-8,8,dense,18234682480328173695,7,960,0.035000,2.0000,privileged-intermediate-target,0.705000,128,true
width-s8-dense-d1-8,8,dense,18234682480328173695,7,960,0.035000,1.0000,privileged-intermediate-target,1.000000,128,true
width-s8-dense-d1-8,8,dense,18234682480328173695,7,960,0.035000,hard,privileged-intermediate-target,1.000000,128,true
width-s8-dense-d1-8,8,dense,18234682480328173695,7,960,0.035000,soft,shuffled-label,0.000000,128,true
width-s8-dense-d1-8,8,dense,18234682480328173695,7,960,0.035000,2.0000,shuffled-label,0.132500,128,true
width-s8-dense-d1-8,8,dense,18234682480328173695,7,960,0.035000,1.0000,shuffled-label,0.132500,128,true
width-s8-dense-d1-8,8,dense,18234682480328173695,7,960,0.035000,hard,shuffled-label,0.000000,128,true
width-s8-dense-d1-8,8,dense,2001310518681822354,7,960,0.035000,soft,privileged-intermediate-target,1.000000,128,true
width-s8-dense-d1-8,8,dense,2001310518681822354,7,960,0.035000,2.0000,privileged-intermediate-target,0.347500,128,true
width-s8-dense-d1-8,8,dense,2001310518681822354,7,960,0.035000,1.0000,privileged-intermediate-target,1.000000,128,true
width-s8-dense-d1-8,8,dense,2001310518681822354,7,960,0.035000,hard,privileged-intermediate-target,1.000000,128,true
width-s8-dense-d1-8,8,dense,2001310518681822354,7,960,0.035000,soft,shuffled-label,0.000000,128,true
width-s8-dense-d1-8,8,dense,2001310518681822354,7,960,0.035000,2.0000,shuffled-label,0.117500,128,true
width-s8-dense-d1-8,8,dense,2001310518681822354,7,960,0.035000,1.0000,shuffled-label,0.117500,128,true
width-s8-dense-d1-8,8,dense,2001310518681822354,7,960,0.035000,hard,shuffled-label,0.000000,128,true
width-s8-dense-d1-8,8,dense,13400896689310720169,7,960,0.035000,soft,privileged-intermediate-target,1.000000,128,true
width-s8-dense-d1-8,8,dense,13400896689310720169,7,960,0.035000,2.0000,privileged-intermediate-target,0.462500,128,true
width-s8-dense-d1-8,8,dense,13400896689310720169,7,960,0.035000,1.0000,privileged-intermediate-target,1.000000,128,true
width-s8-dense-d1-8,8,dense,13400896689310720169,7,960,0.035000,hard,privileged-intermediate-target,1.000000,128,true
width-s8-dense-d1-8,8,dense,13400896689310720169,7,960,0.035000,soft,shuffled-label,0.000000,128,true
width-s8-dense-d1-8,8,dense,13400896689310720169,7,960,0.035000,2.0000,shuffled-label,0.100000,128,true
width-s8-dense-d1-8,8,dense,13400896689310720169,7,960,0.035000,1.0000,shuffled-label,0.100000,128,true
width-s8-dense-d1-8,8,dense,13400896689310720169,7,960,0.035000,hard,shuffled-label,0.000000,128,true
width-s8-dense-d1-8,8,dense,15453320347936062484,7,960,0.070000,soft,privileged-intermediate-target,1.000000,128,true
width-s8-dense-d1-8,8,dense,15453320347936062484,7,960,0.070000,2.0000,privileged-intermediate-target,0.985000,128,true
width-s8-dense-d1-8,8,dense,15453320347936062484,7,960,0.070000,1.0000,privileged-intermediate-target,1.000000,128,true
width-s8-dense-d1-8,8,dense,15453320347936062484,7,960,0.070000,hard,privileged-intermediate-target,1.000000,128,true
width-s8-dense-d1-8,8,dense,15453320347936062484,7,960,0.070000,soft,shuffled-label,0.167500,128,true
width-s8-dense-d1-8,8,dense,15453320347936062484,7,960,0.070000,2.0000,shuffled-label,0.140000,128,true
width-s8-dense-d1-8,8,dense,15453320347936062484,7,960,0.070000,1.0000,shuffled-label,0.140000,128,true
width-s8-dense-d1-8,8,dense,15453320347936062484,7,960,0.070000,hard,shuffled-label,0.140000,128,true
width-s8-dense-d1-8,8,dense,8371261729603450923,7,960,0.070000,soft,privileged-intermediate-target,1.000000,128,true
width-s8-dense-d1-8,8,dense,8371261729603450923,7,960,0.070000,2.0000,privileged-intermediate-target,1.000000,128,true
width-s8-dense-d1-8,8,dense,8371261729603450923,7,960,0.070000,1.0000,privileged-intermediate-target,1.000000,128,true
width-s8-dense-d1-8,8,dense,8371261729603450923,7,960,0.070000,hard,privileged-intermediate-target,1.000000,128,true
width-s8-dense-d1-8,8,dense,8371261729603450923,7,960,0.070000,soft,shuffled-label,0.027500,128,true
width-s8-dense-d1-8,8,dense,8371261729603450923,7,960,0.070000,2.0000,shuffled-label,0.110000,128,true
width-s8-dense-d1-8,8,dense,8371261729603450923,7,960,0.070000,1.0000,shuffled-label,0.110000,128,true
width-s8-dense-d1-8,8,dense,8371261729603450923,7,960,0.070000,hard,shuffled-label,0.132500,128,true
width-s8-dense-d1-8,8,dense,10584633876018000958,7,960,0.070000,soft,privileged-intermediate-target,1.000000,128,true
width-s8-dense-d1-8,8,dense,10584633876018000958,7,960,0.070000,2.0000,privileged-intermediate-target,1.000000,128,true
width-s8-dense-d1-8,8,dense,10584633876018000958,7,960,0.070000,1.0000,privileged-intermediate-target,1.000000,128,true
width-s8-dense-d1-8,8,dense,10584633876018000958,7,960,0.070000,hard,privileged-intermediate-target,1.000000,128,true
width-s8-dense-d1-8,8,dense,10584633876018000958,7,960,0.070000,soft,shuffled-label,0.095000,128,true
width-s8-dense-d1-8,8,dense,10584633876018000958,7,960,0.070000,2.0000,shuffled-label,0.112500,128,true
width-s8-dense-d1-8,8,dense,10584633876018000958,7,960,0.070000,1.0000,shuffled-label,0.112500,128,true
width-s8-dense-d1-8,8,dense,10584633876018000958,7,960,0.070000,hard,shuffled-label,0.140000,128,true
width-s8-dense-d1-8,8,dense,3503703373795356757,7,960,0.070000,soft,privileged-intermediate-target,1.000000,128,true
width-s8-dense-d1-8,8,dense,3503703373795356757,7,960,0.070000,2.0000,privileged-intermediate-target,1.000000,128,true
width-s8-dense-d1-8,8,dense,3503703373795356757,7,960,0.070000,1.0000,privileged-intermediate-target,1.000000,128,true
width-s8-dense-d1-8,8,dense,3503703373795356757,7,960,0.070000,hard,privileged-intermediate-target,1.000000,128,true
width-s8-dense-d1-8,8,dense,3503703373795356757,7,960,0.070000,soft,shuffled-label,0.097500,128,true
width-s8-dense-d1-8,8,dense,3503703373795356757,7,960,0.070000,2.0000,shuffled-label,0.150000,128,true
width-s8-dense-d1-8,8,dense,3503703373795356757,7,960,0.070000,1.0000,shuffled-label,0.150000,128,true
width-s8-dense-d1-8,8,dense,3503703373795356757,7,960,0.070000,hard,shuffled-label,0.117500,128,true
width-s8-dense-d1-8,8,dense,6869996990457277544,7,960,0.070000,soft,privileged-intermediate-target,1.000000,128,true
width-s8-dense-d1-8,8,dense,6869996990457277544,7,960,0.070000,2.0000,privileged-intermediate-target,1.000000,128,true
width-s8-dense-d1-8,8,dense,6869996990457277544,7,960,0.070000,1.0000,privileged-intermediate-target,1.000000,128,true
width-s8-dense-d1-8,8,dense,6869996990457277544,7,960,0.070000,hard,privileged-intermediate-target,1.000000,128,true
width-s8-dense-d1-8,8,dense,6869996990457277544,7,960,0.070000,soft,shuffled-label,0.030000,128,true
width-s8-dense-d1-8,8,dense,6869996990457277544,7,960,0.070000,2.0000,shuffled-label,0.122500,128,true
width-s8-dense-d1-8,8,dense,6869996990457277544,7,960,0.070000,1.0000,shuffled-label,0.122500,128,true
width-s8-dense-d1-8,8,dense,6869996990457277544,7,960,0.070000,hard,shuffled-label,0.060000,128,true
width-s8-dense-d1-8,8,dense,18234682480328173695,7,960,0.070000,soft,privileged-intermediate-target,1.000000,128,true
width-s8-dense-d1-8,8,dense,18234682480328173695,7,960,0.070000,2.0000,privileged-intermediate-target,1.000000,128,true
width-s8-dense-d1-8,8,dense,18234682480328173695,7,960,0.070000,1.0000,privileged-intermediate-target,1.000000,128,true
width-s8-dense-d1-8,8,dense,18234682480328173695,7,960,0.070000,hard,privileged-intermediate-target,1.000000,128,true
width-s8-dense-d1-8,8,dense,18234682480328173695,7,960,0.070000,soft,shuffled-label,0.117500,128,true
width-s8-dense-d1-8,8,dense,18234682480328173695,7,960,0.070000,2.0000,shuffled-label,0.140000,128,true
width-s8-dense-d1-8,8,dense,18234682480328173695,7,960,0.070000,1.0000,shuffled-label,0.132500,128,true
width-s8-dense-d1-8,8,dense,18234682480328173695,7,960,0.070000,hard,shuffled-label,0.125000,128,true
width-s8-dense-d1-8,8,dense,2001310518681822354,7,960,0.070000,soft,privileged-intermediate-target,1.000000,128,true
width-s8-dense-d1-8,8,dense,2001310518681822354,7,960,0.070000,2.0000,privileged-intermediate-target,1.000000,128,true
width-s8-dense-d1-8,8,dense,2001310518681822354,7,960,0.070000,1.0000,privileged-intermediate-target,1.000000,128,true
width-s8-dense-d1-8,8,dense,2001310518681822354,7,960,0.070000,hard,privileged-intermediate-target,1.000000,128,true
width-s8-dense-d1-8,8,dense,2001310518681822354,7,960,0.070000,soft,shuffled-label,0.142500,128,true
width-s8-dense-d1-8,8,dense,2001310518681822354,7,960,0.070000,2.0000,shuffled-label,0.142500,128,true
width-s8-dense-d1-8,8,dense,2001310518681822354,7,960,0.070000,1.0000,shuffled-label,0.142500,128,true
width-s8-dense-d1-8,8,dense,2001310518681822354,7,960,0.070000,hard,shuffled-label,0.142500,128,true
width-s8-dense-d1-8,8,dense,13400896689310720169,7,960,0.070000,soft,privileged-intermediate-target,1.000000,128,true
width-s8-dense-d1-8,8,dense,13400896689310720169,7,960,0.070000,2.0000,privileged-intermediate-target,1.000000,128,true
width-s8-dense-d1-8,8,dense,13400896689310720169,7,960,0.070000,1.0000,privileged-intermediate-target,1.000000,128,true
width-s8-dense-d1-8,8,dense,13400896689310720169,7,960,0.070000,hard,privileged-intermediate-target,1.000000,128,true
width-s8-dense-d1-8,8,dense,13400896689310720169,7,960,0.070000,soft,shuffled-label,0.092500,128,true
width-s8-dense-d1-8,8,dense,13400896689310720169,7,960,0.070000,2.0000,shuffled-label,0.135000,128,true
width-s8-dense-d1-8,8,dense,13400896689310720169,7,960,0.070000,1.0000,shuffled-label,0.122500,128,true
width-s8-dense-d1-8,8,dense,13400896689310720169,7,960,0.070000,hard,shuffled-label,0.165000,128,true
width-s8-dense-d1-8,8,dense,15453320347936062484,8,960,0.035000,soft,privileged-intermediate-target,1.000000,128,true
width-s8-dense-d1-8,8,dense,15453320347936062484,8,960,0.035000,2.0000,privileged-intermediate-target,0.197500,128,true
width-s8-dense-d1-8,8,dense,15453320347936062484,8,960,0.035000,1.0000,privileged-intermediate-target,1.000000,128,true
width-s8-dense-d1-8,8,dense,15453320347936062484,8,960,0.035000,hard,privileged-intermediate-target,1.000000,128,true
width-s8-dense-d1-8,8,dense,15453320347936062484,8,960,0.035000,soft,shuffled-label,0.000000,128,true
width-s8-dense-d1-8,8,dense,15453320347936062484,8,960,0.035000,2.0000,shuffled-label,0.122500,128,true
width-s8-dense-d1-8,8,dense,15453320347936062484,8,960,0.035000,1.0000,shuffled-label,0.122500,128,true
width-s8-dense-d1-8,8,dense,15453320347936062484,8,960,0.035000,hard,shuffled-label,0.292500,128,true
width-s8-dense-d1-8,8,dense,8371261729603450923,8,960,0.035000,soft,privileged-intermediate-target,1.000000,128,true
width-s8-dense-d1-8,8,dense,8371261729603450923,8,960,0.035000,2.0000,privileged-intermediate-target,0.210000,128,true
width-s8-dense-d1-8,8,dense,8371261729603450923,8,960,0.035000,1.0000,privileged-intermediate-target,1.000000,128,true
width-s8-dense-d1-8,8,dense,8371261729603450923,8,960,0.035000,hard,privileged-intermediate-target,1.000000,128,true
width-s8-dense-d1-8,8,dense,8371261729603450923,8,960,0.035000,soft,shuffled-label,0.000000,128,true
width-s8-dense-d1-8,8,dense,8371261729603450923,8,960,0.035000,2.0000,shuffled-label,0.135000,128,true
width-s8-dense-d1-8,8,dense,8371261729603450923,8,960,0.035000,1.0000,shuffled-label,0.135000,128,true
width-s8-dense-d1-8,8,dense,8371261729603450923,8,960,0.035000,hard,shuffled-label,0.270000,128,true
width-s8-dense-d1-8,8,dense,10584633876018000958,8,960,0.035000,soft,privileged-intermediate-target,1.000000,128,true
width-s8-dense-d1-8,8,dense,10584633876018000958,8,960,0.035000,2.0000,privileged-intermediate-target,0.160000,128,true
width-s8-dense-d1-8,8,dense,10584633876018000958,8,960,0.035000,1.0000,privileged-intermediate-target,1.000000,128,true
width-s8-dense-d1-8,8,dense,10584633876018000958,8,960,0.035000,hard,privileged-intermediate-target,1.000000,128,true
width-s8-dense-d1-8,8,dense,10584633876018000958,8,960,0.035000,soft,shuffled-label,0.000000,128,true
width-s8-dense-d1-8,8,dense,10584633876018000958,8,960,0.035000,2.0000,shuffled-label,0.127500,128,true
width-s8-dense-d1-8,8,dense,10584633876018000958,8,960,0.035000,1.0000,shuffled-label,0.127500,128,true
width-s8-dense-d1-8,8,dense,10584633876018000958,8,960,0.035000,hard,shuffled-label,0.262500,128,true
width-s8-dense-d1-8,8,dense,3503703373795356757,8,960,0.035000,soft,privileged-intermediate-target,1.000000,128,true
width-s8-dense-d1-8,8,dense,3503703373795356757,8,960,0.035000,2.0000,privileged-intermediate-target,0.207500,128,true
width-s8-dense-d1-8,8,dense,3503703373795356757,8,960,0.035000,1.0000,privileged-intermediate-target,1.000000,128,true
width-s8-dense-d1-8,8,dense,3503703373795356757,8,960,0.035000,hard,privileged-intermediate-target,1.000000,128,true
width-s8-dense-d1-8,8,dense,3503703373795356757,8,960,0.035000,soft,shuffled-label,0.002500,128,true
width-s8-dense-d1-8,8,dense,3503703373795356757,8,960,0.035000,2.0000,shuffled-label,0.120000,128,true
width-s8-dense-d1-8,8,dense,3503703373795356757,8,960,0.035000,1.0000,shuffled-label,0.120000,128,true
width-s8-dense-d1-8,8,dense,3503703373795356757,8,960,0.035000,hard,shuffled-label,0.257500,128,true
width-s8-dense-d1-8,8,dense,6869996990457277544,8,960,0.035000,soft,privileged-intermediate-target,1.000000,128,true
width-s8-dense-d1-8,8,dense,6869996990457277544,8,960,0.035000,2.0000,privileged-intermediate-target,0.217500,128,true
width-s8-dense-d1-8,8,dense,6869996990457277544,8,960,0.035000,1.0000,privileged-intermediate-target,1.000000,128,true
width-s8-dense-d1-8,8,dense,6869996990457277544,8,960,0.035000,hard,privileged-intermediate-target,1.000000,128,true
width-s8-dense-d1-8,8,dense,6869996990457277544,8,960,0.035000,soft,shuffled-label,0.000000,128,true
width-s8-dense-d1-8,8,dense,6869996990457277544,8,960,0.035000,2.0000,shuffled-label,0.125000,128,true
width-s8-dense-d1-8,8,dense,6869996990457277544,8,960,0.035000,1.0000,shuffled-label,0.125000,128,true
width-s8-dense-d1-8,8,dense,6869996990457277544,8,960,0.035000,hard,shuffled-label,0.227500,128,true
width-s8-dense-d1-8,8,dense,18234682480328173695,8,960,0.035000,soft,privileged-intermediate-target,1.000000,128,true
width-s8-dense-d1-8,8,dense,18234682480328173695,8,960,0.035000,2.0000,privileged-intermediate-target,0.167500,128,true
width-s8-dense-d1-8,8,dense,18234682480328173695,8,960,0.035000,1.0000,privileged-intermediate-target,1.000000,128,true
width-s8-dense-d1-8,8,dense,18234682480328173695,8,960,0.035000,hard,privileged-intermediate-target,1.000000,128,true
width-s8-dense-d1-8,8,dense,18234682480328173695,8,960,0.035000,soft,shuffled-label,0.000000,128,true
width-s8-dense-d1-8,8,dense,18234682480328173695,8,960,0.035000,2.0000,shuffled-label,0.137500,128,true
width-s8-dense-d1-8,8,dense,18234682480328173695,8,960,0.035000,1.0000,shuffled-label,0.137500,128,true
width-s8-dense-d1-8,8,dense,18234682480328173695,8,960,0.035000,hard,shuffled-label,0.177500,128,true
width-s8-dense-d1-8,8,dense,2001310518681822354,8,960,0.035000,soft,privileged-intermediate-target,1.000000,128,true
width-s8-dense-d1-8,8,dense,2001310518681822354,8,960,0.035000,2.0000,privileged-intermediate-target,0.207500,128,true
width-s8-dense-d1-8,8,dense,2001310518681822354,8,960,0.035000,1.0000,privileged-intermediate-target,1.000000,128,true
width-s8-dense-d1-8,8,dense,2001310518681822354,8,960,0.035000,hard,privileged-intermediate-target,1.000000,128,true
width-s8-dense-d1-8,8,dense,2001310518681822354,8,960,0.035000,soft,shuffled-label,0.002500,128,true
width-s8-dense-d1-8,8,dense,2001310518681822354,8,960,0.035000,2.0000,shuffled-label,0.142500,128,true
width-s8-dense-d1-8,8,dense,2001310518681822354,8,960,0.035000,1.0000,shuffled-label,0.142500,128,true
width-s8-dense-d1-8,8,dense,2001310518681822354,8,960,0.035000,hard,shuffled-label,0.230000,128,true
width-s8-dense-d1-8,8,dense,13400896689310720169,8,960,0.035000,soft,privileged-intermediate-target,1.000000,128,true
width-s8-dense-d1-8,8,dense,13400896689310720169,8,960,0.035000,2.0000,privileged-intermediate-target,0.190000,128,true
width-s8-dense-d1-8,8,dense,13400896689310720169,8,960,0.035000,1.0000,privileged-intermediate-target,1.000000,128,true
width-s8-dense-d1-8,8,dense,13400896689310720169,8,960,0.035000,hard,privileged-intermediate-target,1.000000,128,true
width-s8-dense-d1-8,8,dense,13400896689310720169,8,960,0.035000,soft,shuffled-label,0.000000,128,true
width-s8-dense-d1-8,8,dense,13400896689310720169,8,960,0.035000,2.0000,shuffled-label,0.150000,128,true
width-s8-dense-d1-8,8,dense,13400896689310720169,8,960,0.035000,1.0000,shuffled-label,0.150000,128,true
width-s8-dense-d1-8,8,dense,13400896689310720169,8,960,0.035000,hard,shuffled-label,0.252500,128,true
width-s8-dense-d1-8,8,dense,15453320347936062484,8,960,0.070000,soft,privileged-intermediate-target,1.000000,128,true
width-s8-dense-d1-8,8,dense,15453320347936062484,8,960,0.070000,2.0000,privileged-intermediate-target,0.827500,128,true
width-s8-dense-d1-8,8,dense,15453320347936062484,8,960,0.070000,1.0000,privileged-intermediate-target,1.000000,128,true
width-s8-dense-d1-8,8,dense,15453320347936062484,8,960,0.070000,hard,privileged-intermediate-target,1.000000,128,true
width-s8-dense-d1-8,8,dense,15453320347936062484,8,960,0.070000,soft,shuffled-label,0.127500,128,true
width-s8-dense-d1-8,8,dense,15453320347936062484,8,960,0.070000,2.0000,shuffled-label,0.145000,128,true
width-s8-dense-d1-8,8,dense,15453320347936062484,8,960,0.070000,1.0000,shuffled-label,0.145000,128,true
width-s8-dense-d1-8,8,dense,15453320347936062484,8,960,0.070000,hard,shuffled-label,0.107500,128,true
width-s8-dense-d1-8,8,dense,8371261729603450923,8,960,0.070000,soft,privileged-intermediate-target,1.000000,128,true
width-s8-dense-d1-8,8,dense,8371261729603450923,8,960,0.070000,2.0000,privileged-intermediate-target,0.830000,128,true
width-s8-dense-d1-8,8,dense,8371261729603450923,8,960,0.070000,1.0000,privileged-intermediate-target,1.000000,128,true
width-s8-dense-d1-8,8,dense,8371261729603450923,8,960,0.070000,hard,privileged-intermediate-target,1.000000,128,true
width-s8-dense-d1-8,8,dense,8371261729603450923,8,960,0.070000,soft,shuffled-label,0.135000,128,true
width-s8-dense-d1-8,8,dense,8371261729603450923,8,960,0.070000,2.0000,shuffled-label,0.102500,128,true
width-s8-dense-d1-8,8,dense,8371261729603450923,8,960,0.070000,1.0000,shuffled-label,0.102500,128,true
width-s8-dense-d1-8,8,dense,8371261729603450923,8,960,0.070000,hard,shuffled-label,0.132500,128,true
width-s8-dense-d1-8,8,dense,10584633876018000958,8,960,0.070000,soft,privileged-intermediate-target,1.000000,128,true
width-s8-dense-d1-8,8,dense,10584633876018000958,8,960,0.070000,2.0000,privileged-intermediate-target,0.780000,128,true
width-s8-dense-d1-8,8,dense,10584633876018000958,8,960,0.070000,1.0000,privileged-intermediate-target,1.000000,128,true
width-s8-dense-d1-8,8,dense,10584633876018000958,8,960,0.070000,hard,privileged-intermediate-target,1.000000,128,true
width-s8-dense-d1-8,8,dense,10584633876018000958,8,960,0.070000,soft,shuffled-label,0.112500,128,true
width-s8-dense-d1-8,8,dense,10584633876018000958,8,960,0.070000,2.0000,shuffled-label,0.122500,128,true
width-s8-dense-d1-8,8,dense,10584633876018000958,8,960,0.070000,1.0000,shuffled-label,0.127500,128,true
width-s8-dense-d1-8,8,dense,10584633876018000958,8,960,0.070000,hard,shuffled-label,0.162500,128,true
width-s8-dense-d1-8,8,dense,3503703373795356757,8,960,0.070000,soft,privileged-intermediate-target,1.000000,128,true
width-s8-dense-d1-8,8,dense,3503703373795356757,8,960,0.070000,2.0000,privileged-intermediate-target,0.527500,128,true
width-s8-dense-d1-8,8,dense,3503703373795356757,8,960,0.070000,1.0000,privileged-intermediate-target,1.000000,128,true
width-s8-dense-d1-8,8,dense,3503703373795356757,8,960,0.070000,hard,privileged-intermediate-target,1.000000,128,true
width-s8-dense-d1-8,8,dense,3503703373795356757,8,960,0.070000,soft,shuffled-label,0.112500,128,true
width-s8-dense-d1-8,8,dense,3503703373795356757,8,960,0.070000,2.0000,shuffled-label,0.152500,128,true
width-s8-dense-d1-8,8,dense,3503703373795356757,8,960,0.070000,1.0000,shuffled-label,0.152500,128,true
width-s8-dense-d1-8,8,dense,3503703373795356757,8,960,0.070000,hard,shuffled-label,0.097500,128,true
width-s8-dense-d1-8,8,dense,6869996990457277544,8,960,0.070000,soft,privileged-intermediate-target,1.000000,128,true
width-s8-dense-d1-8,8,dense,6869996990457277544,8,960,0.070000,2.0000,privileged-intermediate-target,0.762500,128,true
width-s8-dense-d1-8,8,dense,6869996990457277544,8,960,0.070000,1.0000,privileged-intermediate-target,1.000000,128,true
width-s8-dense-d1-8,8,dense,6869996990457277544,8,960,0.070000,hard,privileged-intermediate-target,1.000000,128,true
width-s8-dense-d1-8,8,dense,6869996990457277544,8,960,0.070000,soft,shuffled-label,0.112500,128,true
width-s8-dense-d1-8,8,dense,6869996990457277544,8,960,0.070000,2.0000,shuffled-label,0.112500,128,true
width-s8-dense-d1-8,8,dense,6869996990457277544,8,960,0.070000,1.0000,shuffled-label,0.112500,128,true
width-s8-dense-d1-8,8,dense,6869996990457277544,8,960,0.070000,hard,shuffled-label,0.112500,128,true
width-s8-dense-d1-8,8,dense,18234682480328173695,8,960,0.070000,soft,privileged-intermediate-target,1.000000,128,true
width-s8-dense-d1-8,8,dense,18234682480328173695,8,960,0.070000,2.0000,privileged-intermediate-target,0.877500,128,true
width-s8-dense-d1-8,8,dense,18234682480328173695,8,960,0.070000,1.0000,privileged-intermediate-target,1.000000,128,true
width-s8-dense-d1-8,8,dense,18234682480328173695,8,960,0.070000,hard,privileged-intermediate-target,1.000000,128,true
width-s8-dense-d1-8,8,dense,18234682480328173695,8,960,0.070000,soft,shuffled-label,0.122500,128,true
width-s8-dense-d1-8,8,dense,18234682480328173695,8,960,0.070000,2.0000,shuffled-label,0.115000,128,true
width-s8-dense-d1-8,8,dense,18234682480328173695,8,960,0.070000,1.0000,shuffled-label,0.115000,128,true
width-s8-dense-d1-8,8,dense,18234682480328173695,8,960,0.070000,hard,shuffled-label,0.150000,128,true
width-s8-dense-d1-8,8,dense,2001310518681822354,8,960,0.070000,soft,privileged-intermediate-target,1.000000,128,true
width-s8-dense-d1-8,8,dense,2001310518681822354,8,960,0.070000,2.0000,privileged-intermediate-target,0.700000,128,true
width-s8-dense-d1-8,8,dense,2001310518681822354,8,960,0.070000,1.0000,privileged-intermediate-target,1.000000,128,true
width-s8-dense-d1-8,8,dense,2001310518681822354,8,960,0.070000,hard,privileged-intermediate-target,1.000000,128,true
width-s8-dense-d1-8,8,dense,2001310518681822354,8,960,0.070000,soft,shuffled-label,0.102500,128,true
width-s8-dense-d1-8,8,dense,2001310518681822354,8,960,0.070000,2.0000,shuffled-label,0.107500,128,true
width-s8-dense-d1-8,8,dense,2001310518681822354,8,960,0.070000,1.0000,shuffled-label,0.120000,128,true
width-s8-dense-d1-8,8,dense,2001310518681822354,8,960,0.070000,hard,shuffled-label,0.107500,128,true
width-s8-dense-d1-8,8,dense,13400896689310720169,8,960,0.070000,soft,privileged-intermediate-target,1.000000,128,true
width-s8-dense-d1-8,8,dense,13400896689310720169,8,960,0.070000,2.0000,privileged-intermediate-target,0.740000,128,true
width-s8-dense-d1-8,8,dense,13400896689310720169,8,960,0.070000,1.0000,privileged-intermediate-target,1.000000,128,true
width-s8-dense-d1-8,8,dense,13400896689310720169,8,960,0.070000,hard,privileged-intermediate-target,1.000000,128,true
width-s8-dense-d1-8,8,dense,13400896689310720169,8,960,0.070000,soft,shuffled-label,0.117500,128,true
width-s8-dense-d1-8,8,dense,13400896689310720169,8,960,0.070000,2.0000,shuffled-label,0.110000,128,true
width-s8-dense-d1-8,8,dense,13400896689310720169,8,960,0.070000,1.0000,shuffled-label,0.110000,128,true
width-s8-dense-d1-8,8,dense,13400896689310720169,8,960,0.070000,hard,shuffled-label,0.185000,128,true
sparse-p0.50-d1-8-s4,4,sparse-bernoulli-0.50,15453320347936062484,1,240,0.035000,soft,direct-terminal,0.250000,14,true
sparse-p0.50-d1-8-s4,4,sparse-bernoulli-0.50,15453320347936062484,1,240,0.035000,2.0000,direct-terminal,0.250000,14,true
sparse-p0.50-d1-8-s4,4,sparse-bernoulli-0.50,15453320347936062484,1,240,0.035000,1.0000,direct-terminal,0.250000,14,true
sparse-p0.50-d1-8-s4,4,sparse-bernoulli-0.50,15453320347936062484,1,240,0.035000,hard,direct-terminal,0.250000,14,true
sparse-p0.50-d1-8-s4,4,sparse-bernoulli-0.50,8371261729603450923,1,240,0.035000,soft,direct-terminal,0.000000,16,true
sparse-p0.50-d1-8-s4,4,sparse-bernoulli-0.50,8371261729603450923,1,240,0.035000,2.0000,direct-terminal,0.000000,16,true
sparse-p0.50-d1-8-s4,4,sparse-bernoulli-0.50,8371261729603450923,1,240,0.035000,1.0000,direct-terminal,0.000000,16,true
sparse-p0.50-d1-8-s4,4,sparse-bernoulli-0.50,8371261729603450923,1,240,0.035000,hard,direct-terminal,0.000000,16,true
sparse-p0.50-d1-8-s4,4,sparse-bernoulli-0.50,10584633876018000958,1,240,0.035000,soft,direct-terminal,0.400000,19,true
sparse-p0.50-d1-8-s4,4,sparse-bernoulli-0.50,10584633876018000958,1,240,0.035000,2.0000,direct-terminal,0.400000,19,true
sparse-p0.50-d1-8-s4,4,sparse-bernoulli-0.50,10584633876018000958,1,240,0.035000,1.0000,direct-terminal,0.400000,19,true
sparse-p0.50-d1-8-s4,4,sparse-bernoulli-0.50,10584633876018000958,1,240,0.035000,hard,direct-terminal,0.400000,19,true
sparse-p0.50-d1-8-s4,4,sparse-bernoulli-0.50,3503703373795356757,1,240,0.035000,soft,direct-terminal,0.410000,17,true
sparse-p0.50-d1-8-s4,4,sparse-bernoulli-0.50,3503703373795356757,1,240,0.035000,2.0000,direct-terminal,0.410000,17,true
sparse-p0.50-d1-8-s4,4,sparse-bernoulli-0.50,3503703373795356757,1,240,0.035000,1.0000,direct-terminal,0.410000,17,true
sparse-p0.50-d1-8-s4,4,sparse-bernoulli-0.50,3503703373795356757,1,240,0.035000,hard,direct-terminal,0.410000,17,true
sparse-p0.50-d1-8-s4,4,sparse-bernoulli-0.50,6869996990457277544,1,240,0.035000,soft,direct-terminal,0.000000,16,true
sparse-p0.50-d1-8-s4,4,sparse-bernoulli-0.50,6869996990457277544,1,240,0.035000,2.0000,direct-terminal,0.000000,16,true
sparse-p0.50-d1-8-s4,4,sparse-bernoulli-0.50,6869996990457277544,1,240,0.035000,1.0000,direct-terminal,0.000000,16,true
sparse-p0.50-d1-8-s4,4,sparse-bernoulli-0.50,6869996990457277544,1,240,0.035000,hard,direct-terminal,0.000000,16,true
sparse-p0.50-d1-8-s4,4,sparse-bernoulli-0.50,18234682480328173695,1,240,0.035000,soft,direct-terminal,0.242500,17,true
sparse-p0.50-d1-8-s4,4,sparse-bernoulli-0.50,18234682480328173695,1,240,0.035000,2.0000,direct-terminal,0.242500,17,true
sparse-p0.50-d1-8-s4,4,sparse-bernoulli-0.50,18234682480328173695,1,240,0.035000,1.0000,direct-terminal,0.242500,17,true
sparse-p0.50-d1-8-s4,4,sparse-bernoulli-0.50,18234682480328173695,1,240,0.035000,hard,direct-terminal,0.242500,17,true
sparse-p0.50-d1-8-s4,4,sparse-bernoulli-0.50,2001310518681822354,1,240,0.035000,soft,direct-terminal,0.247500,13,true
sparse-p0.50-d1-8-s4,4,sparse-bernoulli-0.50,2001310518681822354,1,240,0.035000,2.0000,direct-terminal,0.247500,13,true
sparse-p0.50-d1-8-s4,4,sparse-bernoulli-0.50,2001310518681822354,1,240,0.035000,1.0000,direct-terminal,0.247500,13,true
sparse-p0.50-d1-8-s4,4,sparse-bernoulli-0.50,2001310518681822354,1,240,0.035000,hard,direct-terminal,0.247500,13,true
sparse-p0.50-d1-8-s4,4,sparse-bernoulli-0.50,13400896689310720169,1,240,0.035000,soft,direct-terminal,0.205000,13,true
sparse-p0.50-d1-8-s4,4,sparse-bernoulli-0.50,13400896689310720169,1,240,0.035000,2.0000,direct-terminal,0.205000,13,true
sparse-p0.50-d1-8-s4,4,sparse-bernoulli-0.50,13400896689310720169,1,240,0.035000,1.0000,direct-terminal,0.205000,13,true
sparse-p0.50-d1-8-s4,4,sparse-bernoulli-0.50,13400896689310720169,1,240,0.035000,hard,direct-terminal,0.205000,13,true
sparse-p0.50-d1-8-s4,4,sparse-bernoulli-0.50,15453320347936062484,1,240,0.070000,soft,direct-terminal,0.515000,14,true
sparse-p0.50-d1-8-s4,4,sparse-bernoulli-0.50,15453320347936062484,1,240,0.070000,2.0000,direct-terminal,0.515000,14,true
sparse-p0.50-d1-8-s4,4,sparse-bernoulli-0.50,15453320347936062484,1,240,0.070000,1.0000,direct-terminal,0.515000,14,true
sparse-p0.50-d1-8-s4,4,sparse-bernoulli-0.50,15453320347936062484,1,240,0.070000,hard,direct-terminal,0.515000,14,true
sparse-p0.50-d1-8-s4,4,sparse-bernoulli-0.50,8371261729603450923,1,240,0.070000,soft,direct-terminal,0.365000,16,true
sparse-p0.50-d1-8-s4,4,sparse-bernoulli-0.50,8371261729603450923,1,240,0.070000,2.0000,direct-terminal,0.365000,16,true
sparse-p0.50-d1-8-s4,4,sparse-bernoulli-0.50,8371261729603450923,1,240,0.070000,1.0000,direct-terminal,0.365000,16,true
sparse-p0.50-d1-8-s4,4,sparse-bernoulli-0.50,8371261729603450923,1,240,0.070000,hard,direct-terminal,0.365000,16,true
sparse-p0.50-d1-8-s4,4,sparse-bernoulli-0.50,10584633876018000958,1,240,0.070000,soft,direct-terminal,0.622500,19,true
sparse-p0.50-d1-8-s4,4,sparse-bernoulli-0.50,10584633876018000958,1,240,0.070000,2.0000,direct-terminal,0.622500,19,true
sparse-p0.50-d1-8-s4,4,sparse-bernoulli-0.50,10584633876018000958,1,240,0.070000,1.0000,direct-terminal,0.622500,19,true
sparse-p0.50-d1-8-s4,4,sparse-bernoulli-0.50,10584633876018000958,1,240,0.070000,hard,direct-terminal,0.622500,19,true
sparse-p0.50-d1-8-s4,4,sparse-bernoulli-0.50,3503703373795356757,1,240,0.070000,soft,direct-terminal,0.530000,17,true
sparse-p0.50-d1-8-s4,4,sparse-bernoulli-0.50,3503703373795356757,1,240,0.070000,2.0000,direct-terminal,0.530000,17,true
sparse-p0.50-d1-8-s4,4,sparse-bernoulli-0.50,3503703373795356757,1,240,0.070000,1.0000,direct-terminal,0.530000,17,true
sparse-p0.50-d1-8-s4,4,sparse-bernoulli-0.50,3503703373795356757,1,240,0.070000,hard,direct-terminal,0.530000,17,true
sparse-p0.50-d1-8-s4,4,sparse-bernoulli-0.50,6869996990457277544,1,240,0.070000,soft,direct-terminal,0.485000,16,true
sparse-p0.50-d1-8-s4,4,sparse-bernoulli-0.50,6869996990457277544,1,240,0.070000,2.0000,direct-terminal,0.485000,16,true
sparse-p0.50-d1-8-s4,4,sparse-bernoulli-0.50,6869996990457277544,1,240,0.070000,1.0000,direct-terminal,0.485000,16,true
sparse-p0.50-d1-8-s4,4,sparse-bernoulli-0.50,6869996990457277544,1,240,0.070000,hard,direct-terminal,0.485000,16,true
sparse-p0.50-d1-8-s4,4,sparse-bernoulli-0.50,18234682480328173695,1,240,0.070000,soft,direct-terminal,0.495000,17,true
sparse-p0.50-d1-8-s4,4,sparse-bernoulli-0.50,18234682480328173695,1,240,0.070000,2.0000,direct-terminal,0.495000,17,true
sparse-p0.50-d1-8-s4,4,sparse-bernoulli-0.50,18234682480328173695,1,240,0.070000,1.0000,direct-terminal,0.495000,17,true
sparse-p0.50-d1-8-s4,4,sparse-bernoulli-0.50,18234682480328173695,1,240,0.070000,hard,direct-terminal,0.495000,17,true
sparse-p0.50-d1-8-s4,4,sparse-bernoulli-0.50,2001310518681822354,1,240,0.070000,soft,direct-terminal,0.370000,13,true
sparse-p0.50-d1-8-s4,4,sparse-bernoulli-0.50,2001310518681822354,1,240,0.070000,2.0000,direct-terminal,0.370000,13,true
sparse-p0.50-d1-8-s4,4,sparse-bernoulli-0.50,2001310518681822354,1,240,0.070000,1.0000,direct-terminal,0.370000,13,true
sparse-p0.50-d1-8-s4,4,sparse-bernoulli-0.50,2001310518681822354,1,240,0.070000,hard,direct-terminal,0.370000,13,true
sparse-p0.50-d1-8-s4,4,sparse-bernoulli-0.50,13400896689310720169,1,240,0.070000,soft,direct-terminal,0.372500,13,true
sparse-p0.50-d1-8-s4,4,sparse-bernoulli-0.50,13400896689310720169,1,240,0.070000,2.0000,direct-terminal,0.372500,13,true
sparse-p0.50-d1-8-s4,4,sparse-bernoulli-0.50,13400896689310720169,1,240,0.070000,1.0000,direct-terminal,0.372500,13,true
sparse-p0.50-d1-8-s4,4,sparse-bernoulli-0.50,13400896689310720169,1,240,0.070000,hard,direct-terminal,0.372500,13,true
sparse-p0.50-d1-8-s4,4,sparse-bernoulli-0.50,15453320347936062484,1,960,0.035000,soft,direct-terminal,0.515000,14,true
sparse-p0.50-d1-8-s4,4,sparse-bernoulli-0.50,15453320347936062484,1,960,0.035000,2.0000,direct-terminal,0.515000,14,true
sparse-p0.50-d1-8-s4,4,sparse-bernoulli-0.50,15453320347936062484,1,960,0.035000,1.0000,direct-terminal,0.515000,14,true
sparse-p0.50-d1-8-s4,4,sparse-bernoulli-0.50,15453320347936062484,1,960,0.035000,hard,direct-terminal,0.515000,14,true
sparse-p0.50-d1-8-s4,4,sparse-bernoulli-0.50,8371261729603450923,1,960,0.035000,soft,direct-terminal,0.500000,16,true
sparse-p0.50-d1-8-s4,4,sparse-bernoulli-0.50,8371261729603450923,1,960,0.035000,2.0000,direct-terminal,0.500000,16,true
sparse-p0.50-d1-8-s4,4,sparse-bernoulli-0.50,8371261729603450923,1,960,0.035000,1.0000,direct-terminal,0.500000,16,true
sparse-p0.50-d1-8-s4,4,sparse-bernoulli-0.50,8371261729603450923,1,960,0.035000,hard,direct-terminal,0.500000,16,true
sparse-p0.50-d1-8-s4,4,sparse-bernoulli-0.50,10584633876018000958,1,960,0.035000,soft,direct-terminal,0.622500,19,true
sparse-p0.50-d1-8-s4,4,sparse-bernoulli-0.50,10584633876018000958,1,960,0.035000,2.0000,direct-terminal,0.622500,19,true
sparse-p0.50-d1-8-s4,4,sparse-bernoulli-0.50,10584633876018000958,1,960,0.035000,1.0000,direct-terminal,0.622500,19,true
sparse-p0.50-d1-8-s4,4,sparse-bernoulli-0.50,10584633876018000958,1,960,0.035000,hard,direct-terminal,0.622500,19,true
sparse-p0.50-d1-8-s4,4,sparse-bernoulli-0.50,3503703373795356757,1,960,0.035000,soft,direct-terminal,0.530000,17,true
sparse-p0.50-d1-8-s4,4,sparse-bernoulli-0.50,3503703373795356757,1,960,0.035000,2.0000,direct-terminal,0.530000,17,true
sparse-p0.50-d1-8-s4,4,sparse-bernoulli-0.50,3503703373795356757,1,960,0.035000,1.0000,direct-terminal,0.530000,17,true
sparse-p0.50-d1-8-s4,4,sparse-bernoulli-0.50,3503703373795356757,1,960,0.035000,hard,direct-terminal,0.530000,17,true
sparse-p0.50-d1-8-s4,4,sparse-bernoulli-0.50,6869996990457277544,1,960,0.035000,soft,direct-terminal,0.582500,16,true
sparse-p0.50-d1-8-s4,4,sparse-bernoulli-0.50,6869996990457277544,1,960,0.035000,2.0000,direct-terminal,0.582500,16,true
sparse-p0.50-d1-8-s4,4,sparse-bernoulli-0.50,6869996990457277544,1,960,0.035000,1.0000,direct-terminal,0.582500,16,true
sparse-p0.50-d1-8-s4,4,sparse-bernoulli-0.50,6869996990457277544,1,960,0.035000,hard,direct-terminal,0.582500,16,true
sparse-p0.50-d1-8-s4,4,sparse-bernoulli-0.50,18234682480328173695,1,960,0.035000,soft,direct-terminal,0.610000,17,true
sparse-p0.50-d1-8-s4,4,sparse-bernoulli-0.50,18234682480328173695,1,960,0.035000,2.0000,direct-terminal,0.610000,17,true
sparse-p0.50-d1-8-s4,4,sparse-bernoulli-0.50,18234682480328173695,1,960,0.035000,1.0000,direct-terminal,0.610000,17,true
sparse-p0.50-d1-8-s4,4,sparse-bernoulli-0.50,18234682480328173695,1,960,0.035000,hard,direct-terminal,0.610000,17,true
sparse-p0.50-d1-8-s4,4,sparse-bernoulli-0.50,2001310518681822354,1,960,0.035000,soft,direct-terminal,0.370000,13,true
sparse-p0.50-d1-8-s4,4,sparse-bernoulli-0.50,2001310518681822354,1,960,0.035000,2.0000,direct-terminal,0.370000,13,true
sparse-p0.50-d1-8-s4,4,sparse-bernoulli-0.50,2001310518681822354,1,960,0.035000,1.0000,direct-terminal,0.370000,13,true
sparse-p0.50-d1-8-s4,4,sparse-bernoulli-0.50,2001310518681822354,1,960,0.035000,hard,direct-terminal,0.370000,13,true
sparse-p0.50-d1-8-s4,4,sparse-bernoulli-0.50,13400896689310720169,1,960,0.035000,soft,direct-terminal,0.480000,13,true
sparse-p0.50-d1-8-s4,4,sparse-bernoulli-0.50,13400896689310720169,1,960,0.035000,2.0000,direct-terminal,0.480000,13,true
sparse-p0.50-d1-8-s4,4,sparse-bernoulli-0.50,13400896689310720169,1,960,0.035000,1.0000,direct-terminal,0.480000,13,true
sparse-p0.50-d1-8-s4,4,sparse-bernoulli-0.50,13400896689310720169,1,960,0.035000,hard,direct-terminal,0.480000,13,true
sparse-p0.50-d1-8-s4,4,sparse-bernoulli-0.50,15453320347936062484,1,960,0.070000,soft,direct-terminal,0.515000,14,true
sparse-p0.50-d1-8-s4,4,sparse-bernoulli-0.50,15453320347936062484,1,960,0.070000,2.0000,direct-terminal,0.515000,14,true
sparse-p0.50-d1-8-s4,4,sparse-bernoulli-0.50,15453320347936062484,1,960,0.070000,1.0000,direct-terminal,0.515000,14,true
sparse-p0.50-d1-8-s4,4,sparse-bernoulli-0.50,15453320347936062484,1,960,0.070000,hard,direct-terminal,0.515000,14,true
sparse-p0.50-d1-8-s4,4,sparse-bernoulli-0.50,8371261729603450923,1,960,0.070000,soft,direct-terminal,0.500000,16,true
sparse-p0.50-d1-8-s4,4,sparse-bernoulli-0.50,8371261729603450923,1,960,0.070000,2.0000,direct-terminal,0.500000,16,true
sparse-p0.50-d1-8-s4,4,sparse-bernoulli-0.50,8371261729603450923,1,960,0.070000,1.0000,direct-terminal,0.500000,16,true
sparse-p0.50-d1-8-s4,4,sparse-bernoulli-0.50,8371261729603450923,1,960,0.070000,hard,direct-terminal,0.500000,16,true
sparse-p0.50-d1-8-s4,4,sparse-bernoulli-0.50,10584633876018000958,1,960,0.070000,soft,direct-terminal,0.622500,19,true
sparse-p0.50-d1-8-s4,4,sparse-bernoulli-0.50,10584633876018000958,1,960,0.070000,2.0000,direct-terminal,0.622500,19,true
sparse-p0.50-d1-8-s4,4,sparse-bernoulli-0.50,10584633876018000958,1,960,0.070000,1.0000,direct-terminal,0.622500,19,true
sparse-p0.50-d1-8-s4,4,sparse-bernoulli-0.50,10584633876018000958,1,960,0.070000,hard,direct-terminal,0.622500,19,true
sparse-p0.50-d1-8-s4,4,sparse-bernoulli-0.50,3503703373795356757,1,960,0.070000,soft,direct-terminal,0.530000,17,true
sparse-p0.50-d1-8-s4,4,sparse-bernoulli-0.50,3503703373795356757,1,960,0.070000,2.0000,direct-terminal,0.530000,17,true
sparse-p0.50-d1-8-s4,4,sparse-bernoulli-0.50,3503703373795356757,1,960,0.070000,1.0000,direct-terminal,0.530000,17,true
sparse-p0.50-d1-8-s4,4,sparse-bernoulli-0.50,3503703373795356757,1,960,0.070000,hard,direct-terminal,0.530000,17,true
sparse-p0.50-d1-8-s4,4,sparse-bernoulli-0.50,6869996990457277544,1,960,0.070000,soft,direct-terminal,0.582500,16,true
sparse-p0.50-d1-8-s4,4,sparse-bernoulli-0.50,6869996990457277544,1,960,0.070000,2.0000,direct-terminal,0.582500,16,true
sparse-p0.50-d1-8-s4,4,sparse-bernoulli-0.50,6869996990457277544,1,960,0.070000,1.0000,direct-terminal,0.582500,16,true
sparse-p0.50-d1-8-s4,4,sparse-bernoulli-0.50,6869996990457277544,1,960,0.070000,hard,direct-terminal,0.582500,16,true
sparse-p0.50-d1-8-s4,4,sparse-bernoulli-0.50,18234682480328173695,1,960,0.070000,soft,direct-terminal,0.610000,17,true
sparse-p0.50-d1-8-s4,4,sparse-bernoulli-0.50,18234682480328173695,1,960,0.070000,2.0000,direct-terminal,0.610000,17,true
sparse-p0.50-d1-8-s4,4,sparse-bernoulli-0.50,18234682480328173695,1,960,0.070000,1.0000,direct-terminal,0.610000,17,true
sparse-p0.50-d1-8-s4,4,sparse-bernoulli-0.50,18234682480328173695,1,960,0.070000,hard,direct-terminal,0.610000,17,true
sparse-p0.50-d1-8-s4,4,sparse-bernoulli-0.50,2001310518681822354,1,960,0.070000,soft,direct-terminal,0.370000,13,true
sparse-p0.50-d1-8-s4,4,sparse-bernoulli-0.50,2001310518681822354,1,960,0.070000,2.0000,direct-terminal,0.370000,13,true
sparse-p0.50-d1-8-s4,4,sparse-bernoulli-0.50,2001310518681822354,1,960,0.070000,1.0000,direct-terminal,0.370000,13,true
sparse-p0.50-d1-8-s4,4,sparse-bernoulli-0.50,2001310518681822354,1,960,0.070000,hard,direct-terminal,0.370000,13,true
sparse-p0.50-d1-8-s4,4,sparse-bernoulli-0.50,13400896689310720169,1,960,0.070000,soft,direct-terminal,0.480000,13,true
sparse-p0.50-d1-8-s4,4,sparse-bernoulli-0.50,13400896689310720169,1,960,0.070000,2.0000,direct-terminal,0.480000,13,true
sparse-p0.50-d1-8-s4,4,sparse-bernoulli-0.50,13400896689310720169,1,960,0.070000,1.0000,direct-terminal,0.480000,13,true
sparse-p0.50-d1-8-s4,4,sparse-bernoulli-0.50,13400896689310720169,1,960,0.070000,hard,direct-terminal,0.480000,13,true
sparse-p0.50-d1-8-s4,4,sparse-bernoulli-0.50,15453320347936062484,2,240,0.035000,soft,direct-terminal,0.612500,14,true
sparse-p0.50-d1-8-s4,4,sparse-bernoulli-0.50,15453320347936062484,2,240,0.035000,2.0000,direct-terminal,0.335000,14,true
sparse-p0.50-d1-8-s4,4,sparse-bernoulli-0.50,15453320347936062484,2,240,0.035000,1.0000,direct-terminal,0.527500,14,true
sparse-p0.50-d1-8-s4,4,sparse-bernoulli-0.50,15453320347936062484,2,240,0.035000,hard,direct-terminal,0.505000,14,true
sparse-p0.50-d1-8-s4,4,sparse-bernoulli-0.50,8371261729603450923,2,240,0.035000,soft,direct-terminal,0.497500,16,true
sparse-p0.50-d1-8-s4,4,sparse-bernoulli-0.50,8371261729603450923,2,240,0.035000,2.0000,direct-terminal,0.497500,16,true
sparse-p0.50-d1-8-s4,4,sparse-bernoulli-0.50,8371261729603450923,2,240,0.035000,1.0000,direct-terminal,0.497500,16,true
sparse-p0.50-d1-8-s4,4,sparse-bernoulli-0.50,8371261729603450923,2,240,0.035000,hard,direct-terminal,0.560000,16,true
sparse-p0.50-d1-8-s4,4,sparse-bernoulli-0.50,10584633876018000958,2,240,0.035000,soft,direct-terminal,0.710000,19,true
sparse-p0.50-d1-8-s4,4,sparse-bernoulli-0.50,10584633876018000958,2,240,0.035000,2.0000,direct-terminal,0.607500,19,true
sparse-p0.50-d1-8-s4,4,sparse-bernoulli-0.50,10584633876018000958,2,240,0.035000,1.0000,direct-terminal,0.702500,19,true
sparse-p0.50-d1-8-s4,4,sparse-bernoulli-0.50,10584633876018000958,2,240,0.035000,hard,direct-terminal,0.522500,19,true
sparse-p0.50-d1-8-s4,4,sparse-bernoulli-0.50,3503703373795356757,2,240,0.035000,soft,direct-terminal,0.580000,17,true
sparse-p0.50-d1-8-s4,4,sparse-bernoulli-0.50,3503703373795356757,2,240,0.035000,2.0000,direct-terminal,0.535000,17,true
sparse-p0.50-d1-8-s4,4,sparse-bernoulli-0.50,3503703373795356757,2,240,0.035000,1.0000,direct-terminal,0.580000,17,true
sparse-p0.50-d1-8-s4,4,sparse-bernoulli-0.50,3503703373795356757,2,240,0.035000,hard,direct-terminal,0.580000,17,true
sparse-p0.50-d1-8-s4,4,sparse-bernoulli-0.50,6869996990457277544,2,240,0.035000,soft,direct-terminal,0.717500,16,true
sparse-p0.50-d1-8-s4,4,sparse-bernoulli-0.50,6869996990457277544,2,240,0.035000,2.0000,direct-terminal,0.542500,16,true
sparse-p0.50-d1-8-s4,4,sparse-bernoulli-0.50,6869996990457277544,2,240,0.035000,1.0000,direct-terminal,0.615000,16,true
sparse-p0.50-d1-8-s4,4,sparse-bernoulli-0.50,6869996990457277544,2,240,0.035000,hard,direct-terminal,0.685000,16,true
sparse-p0.50-d1-8-s4,4,sparse-bernoulli-0.50,18234682480328173695,2,240,0.035000,soft,direct-terminal,0.600000,17,true
sparse-p0.50-d1-8-s4,4,sparse-bernoulli-0.50,18234682480328173695,2,240,0.035000,2.0000,direct-terminal,0.455000,17,true
sparse-p0.50-d1-8-s4,4,sparse-bernoulli-0.50,18234682480328173695,2,240,0.035000,1.0000,direct-terminal,0.515000,17,true
sparse-p0.50-d1-8-s4,4,sparse-bernoulli-0.50,18234682480328173695,2,240,0.035000,hard,direct-terminal,0.532500,17,true
sparse-p0.50-d1-8-s4,4,sparse-bernoulli-0.50,2001310518681822354,2,240,0.035000,soft,direct-terminal,0.565000,13,true
sparse-p0.50-d1-8-s4,4,sparse-bernoulli-0.50,2001310518681822354,2,240,0.035000,2.0000,direct-terminal,0.312500,13,true
sparse-p0.50-d1-8-s4,4,sparse-bernoulli-0.50,2001310518681822354,2,240,0.035000,1.0000,direct-terminal,0.632500,13,true
sparse-p0.50-d1-8-s4,4,sparse-bernoulli-0.50,2001310518681822354,2,240,0.035000,hard,direct-terminal,0.510000,13,true
sparse-p0.50-d1-8-s4,4,sparse-bernoulli-0.50,13400896689310720169,2,240,0.035000,soft,direct-terminal,0.612500,13,true
sparse-p0.50-d1-8-s4,4,sparse-bernoulli-0.50,13400896689310720169,2,240,0.035000,2.0000,direct-terminal,0.435000,13,true
sparse-p0.50-d1-8-s4,4,sparse-bernoulli-0.50,13400896689310720169,2,240,0.035000,1.0000,direct-terminal,0.560000,13,true
sparse-p0.50-d1-8-s4,4,sparse-bernoulli-0.50,13400896689310720169,2,240,0.035000,hard,direct-terminal,0.560000,13,true
sparse-p0.50-d1-8-s4,4,sparse-bernoulli-0.50,15453320347936062484,2,240,0.070000,soft,direct-terminal,0.625000,14,true
sparse-p0.50-d1-8-s4,4,sparse-bernoulli-0.50,15453320347936062484,2,240,0.070000,2.0000,direct-terminal,0.335000,14,true
sparse-p0.50-d1-8-s4,4,sparse-bernoulli-0.50,15453320347936062484,2,240,0.070000,1.0000,direct-terminal,0.465000,14,true
sparse-p0.50-d1-8-s4,4,sparse-bernoulli-0.50,15453320347936062484,2,240,0.070000,hard,direct-terminal,0.527500,14,true
sparse-p0.50-d1-8-s4,4,sparse-bernoulli-0.50,8371261729603450923,2,240,0.070000,soft,direct-terminal,0.560000,16,true
sparse-p0.50-d1-8-s4,4,sparse-bernoulli-0.50,8371261729603450923,2,240,0.070000,2.0000,direct-terminal,0.560000,16,true
sparse-p0.50-d1-8-s4,4,sparse-bernoulli-0.50,8371261729603450923,2,240,0.070000,1.0000,direct-terminal,0.612500,16,true
sparse-p0.50-d1-8-s4,4,sparse-bernoulli-0.50,8371261729603450923,2,240,0.070000,hard,direct-terminal,0.560000,16,true
sparse-p0.50-d1-8-s4,4,sparse-bernoulli-0.50,10584633876018000958,2,240,0.070000,soft,direct-terminal,0.672500,19,true
sparse-p0.50-d1-8-s4,4,sparse-bernoulli-0.50,10584633876018000958,2,240,0.070000,2.0000,direct-terminal,0.550000,19,true
sparse-p0.50-d1-8-s4,4,sparse-bernoulli-0.50,10584633876018000958,2,240,0.070000,1.0000,direct-terminal,0.740000,19,true
sparse-p0.50-d1-8-s4,4,sparse-bernoulli-0.50,10584633876018000958,2,240,0.070000,hard,direct-terminal,0.637500,19,true
sparse-p0.50-d1-8-s4,4,sparse-bernoulli-0.50,3503703373795356757,2,240,0.070000,soft,direct-terminal,0.632500,17,true
sparse-p0.50-d1-8-s4,4,sparse-bernoulli-0.50,3503703373795356757,2,240,0.070000,2.0000,direct-terminal,0.535000,17,true
sparse-p0.50-d1-8-s4,4,sparse-bernoulli-0.50,3503703373795356757,2,240,0.070000,1.0000,direct-terminal,0.535000,17,true
sparse-p0.50-d1-8-s4,4,sparse-bernoulli-0.50,3503703373795356757,2,240,0.070000,hard,direct-terminal,0.580000,17,true
sparse-p0.50-d1-8-s4,4,sparse-bernoulli-0.50,6869996990457277544,2,240,0.070000,soft,direct-terminal,0.685000,16,true
sparse-p0.50-d1-8-s4,4,sparse-bernoulli-0.50,6869996990457277544,2,240,0.070000,2.0000,direct-terminal,0.517500,16,true
sparse-p0.50-d1-8-s4,4,sparse-bernoulli-0.50,6869996990457277544,2,240,0.070000,1.0000,direct-terminal,0.737500,16,true
sparse-p0.50-d1-8-s4,4,sparse-bernoulli-0.50,6869996990457277544,2,240,0.070000,hard,direct-terminal,0.685000,16,true
sparse-p0.50-d1-8-s4,4,sparse-bernoulli-0.50,18234682480328173695,2,240,0.070000,soft,direct-terminal,0.787500,17,true
sparse-p0.50-d1-8-s4,4,sparse-bernoulli-0.50,18234682480328173695,2,240,0.070000,2.0000,direct-terminal,0.455000,17,true
sparse-p0.50-d1-8-s4,4,sparse-bernoulli-0.50,18234682480328173695,2,240,0.070000,1.0000,direct-terminal,0.542500,17,true
sparse-p0.50-d1-8-s4,4,sparse-bernoulli-0.50,18234682480328173695,2,240,0.070000,hard,direct-terminal,0.605000,17,true
sparse-p0.50-d1-8-s4,4,sparse-bernoulli-0.50,2001310518681822354,2,240,0.070000,soft,direct-terminal,0.632500,13,true
sparse-p0.50-d1-8-s4,4,sparse-bernoulli-0.50,2001310518681822354,2,240,0.070000,2.0000,direct-terminal,0.250000,13,true
sparse-p0.50-d1-8-s4,4,sparse-bernoulli-0.50,2001310518681822354,2,240,0.070000,1.0000,direct-terminal,0.632500,13,true
sparse-p0.50-d1-8-s4,4,sparse-bernoulli-0.50,2001310518681822354,2,240,0.070000,hard,direct-terminal,0.565000,13,true
sparse-p0.50-d1-8-s4,4,sparse-bernoulli-0.50,13400896689310720169,2,240,0.070000,soft,direct-terminal,0.560000,13,true
sparse-p0.50-d1-8-s4,4,sparse-bernoulli-0.50,13400896689310720169,2,240,0.070000,2.0000,direct-terminal,0.322500,13,true
sparse-p0.50-d1-8-s4,4,sparse-bernoulli-0.50,13400896689310720169,2,240,0.070000,1.0000,direct-terminal,0.560000,13,true
sparse-p0.50-d1-8-s4,4,sparse-bernoulli-0.50,13400896689310720169,2,240,0.070000,hard,direct-terminal,0.560000,13,true
sparse-p0.50-d1-8-s4,4,sparse-bernoulli-0.50,15453320347936062484,2,960,0.035000,soft,direct-terminal,0.685000,14,true
sparse-p0.50-d1-8-s4,4,sparse-bernoulli-0.50,15453320347936062484,2,960,0.035000,2.0000,direct-terminal,0.325000,14,true
sparse-p0.50-d1-8-s4,4,sparse-bernoulli-0.50,15453320347936062484,2,960,0.035000,1.0000,direct-terminal,0.527500,14,true
sparse-p0.50-d1-8-s4,4,sparse-bernoulli-0.50,15453320347936062484,2,960,0.035000,hard,direct-terminal,0.527500,14,true
sparse-p0.50-d1-8-s4,4,sparse-bernoulli-0.50,8371261729603450923,2,960,0.035000,soft,direct-terminal,0.477500,16,true
sparse-p0.50-d1-8-s4,4,sparse-bernoulli-0.50,8371261729603450923,2,960,0.035000,2.0000,direct-terminal,0.560000,16,true
sparse-p0.50-d1-8-s4,4,sparse-bernoulli-0.50,8371261729603450923,2,960,0.035000,1.0000,direct-terminal,0.560000,16,true
sparse-p0.50-d1-8-s4,4,sparse-bernoulli-0.50,8371261729603450923,2,960,0.035000,hard,direct-terminal,0.560000,16,true
sparse-p0.50-d1-8-s4,4,sparse-bernoulli-0.50,10584633876018000958,2,960,0.035000,soft,direct-terminal,0.805000,19,true
sparse-p0.50-d1-8-s4,4,sparse-bernoulli-0.50,10584633876018000958,2,960,0.035000,2.0000,direct-terminal,0.487500,19,true
sparse-p0.50-d1-8-s4,4,sparse-bernoulli-0.50,10584633876018000958,2,960,0.035000,1.0000,direct-terminal,0.470000,19,true
sparse-p0.50-d1-8-s4,4,sparse-bernoulli-0.50,10584633876018000958,2,960,0.035000,hard,direct-terminal,0.672500,19,true
sparse-p0.50-d1-8-s4,4,sparse-bernoulli-0.50,3503703373795356757,2,960,0.035000,soft,direct-terminal,0.637500,17,true
sparse-p0.50-d1-8-s4,4,sparse-bernoulli-0.50,3503703373795356757,2,960,0.035000,2.0000,direct-terminal,0.525000,17,true
sparse-p0.50-d1-8-s4,4,sparse-bernoulli-0.50,3503703373795356757,2,960,0.035000,1.0000,direct-terminal,0.592500,17,true
sparse-p0.50-d1-8-s4,4,sparse-bernoulli-0.50,3503703373795356757,2,960,0.035000,hard,direct-terminal,0.580000,17,true
sparse-p0.50-d1-8-s4,4,sparse-bernoulli-0.50,6869996990457277544,2,960,0.035000,soft,direct-terminal,0.890000,16,true
sparse-p0.50-d1-8-s4,4,sparse-bernoulli-0.50,6869996990457277544,2,960,0.035000,2.0000,direct-terminal,0.400000,16,true
sparse-p0.50-d1-8-s4,4,sparse-bernoulli-0.50,6869996990457277544,2,960,0.035000,1.0000,direct-terminal,0.455000,16,true
sparse-p0.50-d1-8-s4,4,sparse-bernoulli-0.50,6869996990457277544,2,960,0.035000,hard,direct-terminal,0.587500,16,true
sparse-p0.50-d1-8-s4,4,sparse-bernoulli-0.50,18234682480328173695,2,960,0.035000,soft,direct-terminal,0.932500,17,true
sparse-p0.50-d1-8-s4,4,sparse-bernoulli-0.50,18234682480328173695,2,960,0.035000,2.0000,direct-terminal,0.455000,17,true
sparse-p0.50-d1-8-s4,4,sparse-bernoulli-0.50,18234682480328173695,2,960,0.035000,1.0000,direct-terminal,0.455000,17,true
sparse-p0.50-d1-8-s4,4,sparse-bernoulli-0.50,18234682480328173695,2,960,0.035000,hard,direct-terminal,0.605000,17,true
sparse-p0.50-d1-8-s4,4,sparse-bernoulli-0.50,2001310518681822354,2,960,0.035000,soft,direct-terminal,0.795000,13,true
sparse-p0.50-d1-8-s4,4,sparse-bernoulli-0.50,2001310518681822354,2,960,0.035000,2.0000,direct-terminal,0.250000,13,true
sparse-p0.50-d1-8-s4,4,sparse-bernoulli-0.50,2001310518681822354,2,960,0.035000,1.0000,direct-terminal,0.437500,13,true
sparse-p0.50-d1-8-s4,4,sparse-bernoulli-0.50,2001310518681822354,2,960,0.035000,hard,direct-terminal,0.565000,13,true
sparse-p0.50-d1-8-s4,4,sparse-bernoulli-0.50,13400896689310720169,2,960,0.035000,soft,direct-terminal,0.635000,13,true
sparse-p0.50-d1-8-s4,4,sparse-bernoulli-0.50,13400896689310720169,2,960,0.035000,2.0000,direct-terminal,0.250000,13,true
sparse-p0.50-d1-8-s4,4,sparse-bernoulli-0.50,13400896689310720169,2,960,0.035000,1.0000,direct-terminal,0.510000,13,true
sparse-p0.50-d1-8-s4,4,sparse-bernoulli-0.50,13400896689310720169,2,960,0.035000,hard,direct-terminal,0.560000,13,true
sparse-p0.50-d1-8-s4,4,sparse-bernoulli-0.50,15453320347936062484,2,960,0.070000,soft,direct-terminal,0.685000,14,true
sparse-p0.50-d1-8-s4,4,sparse-bernoulli-0.50,15453320347936062484,2,960,0.070000,2.0000,direct-terminal,0.325000,14,true
sparse-p0.50-d1-8-s4,4,sparse-bernoulli-0.50,15453320347936062484,2,960,0.070000,1.0000,direct-terminal,0.585000,14,true
sparse-p0.50-d1-8-s4,4,sparse-bernoulli-0.50,15453320347936062484,2,960,0.070000,hard,direct-terminal,0.527500,14,true
sparse-p0.50-d1-8-s4,4,sparse-bernoulli-0.50,8371261729603450923,2,960,0.070000,soft,direct-terminal,0.482500,16,true
sparse-p0.50-d1-8-s4,4,sparse-bernoulli-0.50,8371261729603450923,2,960,0.070000,2.0000,direct-terminal,0.482500,16,true
sparse-p0.50-d1-8-s4,4,sparse-bernoulli-0.50,8371261729603450923,2,960,0.070000,1.0000,direct-terminal,0.482500,16,true
sparse-p0.50-d1-8-s4,4,sparse-bernoulli-0.50,8371261729603450923,2,960,0.070000,hard,direct-terminal,0.617500,16,true
sparse-p0.50-d1-8-s4,4,sparse-bernoulli-0.50,10584633876018000958,2,960,0.070000,soft,direct-terminal,0.857500,19,true
sparse-p0.50-d1-8-s4,4,sparse-bernoulli-0.50,10584633876018000958,2,960,0.070000,2.0000,direct-terminal,0.487500,19,true
sparse-p0.50-d1-8-s4,4,sparse-bernoulli-0.50,10584633876018000958,2,960,0.070000,1.0000,direct-terminal,0.635000,19,true
sparse-p0.50-d1-8-s4,4,sparse-bernoulli-0.50,10584633876018000958,2,960,0.070000,hard,direct-terminal,0.672500,19,true
sparse-p0.50-d1-8-s4,4,sparse-bernoulli-0.50,3503703373795356757,2,960,0.070000,soft,direct-terminal,0.637500,17,true
sparse-p0.50-d1-8-s4,4,sparse-bernoulli-0.50,3503703373795356757,2,960,0.070000,2.0000,direct-terminal,0.602500,17,true
sparse-p0.50-d1-8-s4,4,sparse-bernoulli-0.50,3503703373795356757,2,960,0.070000,1.0000,direct-terminal,0.592500,17,true
sparse-p0.50-d1-8-s4,4,sparse-bernoulli-0.50,3503703373795356757,2,960,0.070000,hard,direct-terminal,0.580000,17,true
sparse-p0.50-d1-8-s4,4,sparse-bernoulli-0.50,6869996990457277544,2,960,0.070000,soft,direct-terminal,0.945000,16,true
sparse-p0.50-d1-8-s4,4,sparse-bernoulli-0.50,6869996990457277544,2,960,0.070000,2.0000,direct-terminal,0.400000,16,true
sparse-p0.50-d1-8-s4,4,sparse-bernoulli-0.50,6869996990457277544,2,960,0.070000,1.0000,direct-terminal,0.572500,16,true
sparse-p0.50-d1-8-s4,4,sparse-bernoulli-0.50,6869996990457277544,2,960,0.070000,hard,direct-terminal,0.505000,16,true
sparse-p0.50-d1-8-s4,4,sparse-bernoulli-0.50,18234682480328173695,2,960,0.070000,soft,direct-terminal,1.000000,17,true
sparse-p0.50-d1-8-s4,4,sparse-bernoulli-0.50,18234682480328173695,2,960,0.070000,2.0000,direct-terminal,0.455000,17,true
sparse-p0.50-d1-8-s4,4,sparse-bernoulli-0.50,18234682480328173695,2,960,0.070000,1.0000,direct-terminal,0.455000,17,true
sparse-p0.50-d1-8-s4,4,sparse-bernoulli-0.50,18234682480328173695,2,960,0.070000,hard,direct-terminal,0.557500,17,true
sparse-p0.50-d1-8-s4,4,sparse-bernoulli-0.50,2001310518681822354,2,960,0.070000,soft,direct-terminal,0.847500,13,true
sparse-p0.50-d1-8-s4,4,sparse-bernoulli-0.50,2001310518681822354,2,960,0.070000,2.0000,direct-terminal,0.377500,13,true
sparse-p0.50-d1-8-s4,4,sparse-bernoulli-0.50,2001310518681822354,2,960,0.070000,1.0000,direct-terminal,0.437500,13,true
sparse-p0.50-d1-8-s4,4,sparse-bernoulli-0.50,2001310518681822354,2,960,0.070000,hard,direct-terminal,0.565000,13,true
sparse-p0.50-d1-8-s4,4,sparse-bernoulli-0.50,13400896689310720169,2,960,0.070000,soft,direct-terminal,0.737500,13,true
sparse-p0.50-d1-8-s4,4,sparse-bernoulli-0.50,13400896689310720169,2,960,0.070000,2.0000,direct-terminal,0.440000,13,true
sparse-p0.50-d1-8-s4,4,sparse-bernoulli-0.50,13400896689310720169,2,960,0.070000,1.0000,direct-terminal,0.552500,13,true
sparse-p0.50-d1-8-s4,4,sparse-bernoulli-0.50,13400896689310720169,2,960,0.070000,hard,direct-terminal,0.420000,13,true
sparse-p0.50-d1-8-s4,4,sparse-bernoulli-0.50,15453320347936062484,3,240,0.035000,soft,direct-terminal,0.155000,14,true
sparse-p0.50-d1-8-s4,4,sparse-bernoulli-0.50,15453320347936062484,3,240,0.035000,2.0000,direct-terminal,0.245000,14,true
sparse-p0.50-d1-8-s4,4,sparse-bernoulli-0.50,15453320347936062484,3,240,0.035000,1.0000,direct-terminal,0.245000,14,true
sparse-p0.50-d1-8-s4,4,sparse-bernoulli-0.50,15453320347936062484,3,240,0.035000,hard,direct-terminal,0.000000,14,true
sparse-p0.50-d1-8-s4,4,sparse-bernoulli-0.50,8371261729603450923,3,240,0.035000,soft,direct-terminal,0.255000,16,true
sparse-p0.50-d1-8-s4,4,sparse-bernoulli-0.50,8371261729603450923,3,240,0.035000,2.0000,direct-terminal,0.232500,16,true
sparse-p0.50-d1-8-s4,4,sparse-bernoulli-0.50,8371261729603450923,3,240,0.035000,1.0000,direct-terminal,0.232500,16,true
sparse-p0.50-d1-8-s4,4,sparse-bernoulli-0.50,8371261729603450923,3,240,0.035000,hard,direct-terminal,0.117500,16,true
sparse-p0.50-d1-8-s4,4,sparse-bernoulli-0.50,10584633876018000958,3,240,0.035000,soft,direct-terminal,0.345000,19,true
sparse-p0.50-d1-8-s4,4,sparse-bernoulli-0.50,10584633876018000958,3,240,0.035000,2.0000,direct-terminal,0.277500,19,true
sparse-p0.50-d1-8-s4,4,sparse-bernoulli-0.50,10584633876018000958,3,240,0.035000,1.0000,direct-terminal,0.250000,19,true
sparse-p0.50-d1-8-s4,4,sparse-bernoulli-0.50,10584633876018000958,3,240,0.035000,hard,direct-terminal,0.150000,19,true
sparse-p0.50-d1-8-s4,4,sparse-bernoulli-0.50,3503703373795356757,3,240,0.035000,soft,direct-terminal,0.312500,17,true
sparse-p0.50-d1-8-s4,4,sparse-bernoulli-0.50,3503703373795356757,3,240,0.035000,2.0000,direct-terminal,0.272500,17,true
sparse-p0.50-d1-8-s4,4,sparse-bernoulli-0.50,3503703373795356757,3,240,0.035000,1.0000,direct-terminal,0.335000,17,true
sparse-p0.50-d1-8-s4,4,sparse-bernoulli-0.50,3503703373795356757,3,240,0.035000,hard,direct-terminal,0.122500,17,true
sparse-p0.50-d1-8-s4,4,sparse-bernoulli-0.50,6869996990457277544,3,240,0.035000,soft,direct-terminal,0.340000,16,true
sparse-p0.50-d1-8-s4,4,sparse-bernoulli-0.50,6869996990457277544,3,240,0.035000,2.0000,direct-terminal,0.327500,16,true
sparse-p0.50-d1-8-s4,4,sparse-bernoulli-0.50,6869996990457277544,3,240,0.035000,1.0000,direct-terminal,0.407500,16,true
sparse-p0.50-d1-8-s4,4,sparse-bernoulli-0.50,6869996990457277544,3,240,0.035000,hard,direct-terminal,0.000000,16,true
sparse-p0.50-d1-8-s4,4,sparse-bernoulli-0.50,18234682480328173695,3,240,0.035000,soft,direct-terminal,0.245000,17,true
sparse-p0.50-d1-8-s4,4,sparse-bernoulli-0.50,18234682480328173695,3,240,0.035000,2.0000,direct-terminal,0.237500,17,true
sparse-p0.50-d1-8-s4,4,sparse-bernoulli-0.50,18234682480328173695,3,240,0.035000,1.0000,direct-terminal,0.237500,17,true
sparse-p0.50-d1-8-s4,4,sparse-bernoulli-0.50,18234682480328173695,3,240,0.035000,hard,direct-terminal,0.082500,17,true
sparse-p0.50-d1-8-s4,4,sparse-bernoulli-0.50,2001310518681822354,3,240,0.035000,soft,direct-terminal,0.285000,13,true
sparse-p0.50-d1-8-s4,4,sparse-bernoulli-0.50,2001310518681822354,3,240,0.035000,2.0000,direct-terminal,0.202500,13,true
sparse-p0.50-d1-8-s4,4,sparse-bernoulli-0.50,2001310518681822354,3,240,0.035000,1.0000,direct-terminal,0.300000,13,true
sparse-p0.50-d1-8-s4,4,sparse-bernoulli-0.50,2001310518681822354,3,240,0.035000,hard,direct-terminal,0.125000,13,true
sparse-p0.50-d1-8-s4,4,sparse-bernoulli-0.50,13400896689310720169,3,240,0.035000,soft,direct-terminal,0.160000,13,true
sparse-p0.50-d1-8-s4,4,sparse-bernoulli-0.50,13400896689310720169,3,240,0.035000,2.0000,direct-terminal,0.217500,13,true
sparse-p0.50-d1-8-s4,4,sparse-bernoulli-0.50,13400896689310720169,3,240,0.035000,1.0000,direct-terminal,0.252500,13,true
sparse-p0.50-d1-8-s4,4,sparse-bernoulli-0.50,13400896689310720169,3,240,0.035000,hard,direct-terminal,0.100000,13,true
sparse-p0.50-d1-8-s4,4,sparse-bernoulli-0.50,15453320347936062484,3,240,0.070000,soft,direct-terminal,0.360000,14,true
sparse-p0.50-d1-8-s4,4,sparse-bernoulli-0.50,15453320347936062484,3,240,0.070000,2.0000,direct-terminal,0.240000,14,true
sparse-p0.50-d1-8-s4,4,sparse-bernoulli-0.50,15453320347936062484,3,240,0.070000,1.0000,direct-terminal,0.240000,14,true
sparse-p0.50-d1-8-s4,4,sparse-bernoulli-0.50,15453320347936062484,3,240,0.070000,hard,direct-terminal,0.227500,14,true
sparse-p0.50-d1-8-s4,4,sparse-bernoulli-0.50,8371261729603450923,3,240,0.070000,soft,direct-terminal,0.265000,16,true
sparse-p0.50-d1-8-s4,4,sparse-bernoulli-0.50,8371261729603450923,3,240,0.070000,2.0000,direct-terminal,0.232500,16,true
sparse-p0.50-d1-8-s4,4,sparse-bernoulli-0.50,8371261729603450923,3,240,0.070000,1.0000,direct-terminal,0.232500,16,true
sparse-p0.50-d1-8-s4,4,sparse-bernoulli-0.50,8371261729603450923,3,240,0.070000,hard,direct-terminal,0.270000,16,true
sparse-p0.50-d1-8-s4,4,sparse-bernoulli-0.50,10584633876018000958,3,240,0.070000,soft,direct-terminal,0.360000,19,true
sparse-p0.50-d1-8-s4,4,sparse-bernoulli-0.50,10584633876018000958,3,240,0.070000,2.0000,direct-terminal,0.277500,19,true
sparse-p0.50-d1-8-s4,4,sparse-bernoulli-0.50,10584633876018000958,3,240,0.070000,1.0000,direct-terminal,0.277500,19,true
sparse-p0.50-d1-8-s4,4,sparse-bernoulli-0.50,10584633876018000958,3,240,0.070000,hard,direct-terminal,0.242500,19,true
sparse-p0.50-d1-8-s4,4,sparse-bernoulli-0.50,3503703373795356757,3,240,0.070000,soft,direct-terminal,0.412500,17,true
sparse-p0.50-d1-8-s4,4,sparse-bernoulli-0.50,3503703373795356757,3,240,0.070000,2.0000,direct-terminal,0.272500,17,true
sparse-p0.50-d1-8-s4,4,sparse-bernoulli-0.50,3503703373795356757,3,240,0.070000,1.0000,direct-terminal,0.272500,17,true
sparse-p0.50-d1-8-s4,4,sparse-bernoulli-0.50,3503703373795356757,3,240,0.070000,hard,direct-terminal,0.247500,17,true
sparse-p0.50-d1-8-s4,4,sparse-bernoulli-0.50,6869996990457277544,3,240,0.070000,soft,direct-terminal,0.505000,16,true
sparse-p0.50-d1-8-s4,4,sparse-bernoulli-0.50,6869996990457277544,3,240,0.070000,2.0000,direct-terminal,0.312500,16,true
sparse-p0.50-d1-8-s4,4,sparse-bernoulli-0.50,6869996990457277544,3,240,0.070000,1.0000,direct-terminal,0.392500,16,true
sparse-p0.50-d1-8-s4,4,sparse-bernoulli-0.50,6869996990457277544,3,240,0.070000,hard,direct-terminal,0.250000,16,true
sparse-p0.50-d1-8-s4,4,sparse-bernoulli-0.50,18234682480328173695,3,240,0.070000,soft,direct-terminal,0.420000,17,true
sparse-p0.50-d1-8-s4,4,sparse-bernoulli-0.50,18234682480328173695,3,240,0.070000,2.0000,direct-terminal,0.237500,17,true
sparse-p0.50-d1-8-s4,4,sparse-bernoulli-0.50,18234682480328173695,3,240,0.070000,1.0000,direct-terminal,0.237500,17,true
sparse-p0.50-d1-8-s4,4,sparse-bernoulli-0.50,18234682480328173695,3,240,0.070000,hard,direct-terminal,0.215000,17,true
sparse-p0.50-d1-8-s4,4,sparse-bernoulli-0.50,2001310518681822354,3,240,0.070000,soft,direct-terminal,0.447500,13,true
sparse-p0.50-d1-8-s4,4,sparse-bernoulli-0.50,2001310518681822354,3,240,0.070000,2.0000,direct-terminal,0.220000,13,true
sparse-p0.50-d1-8-s4,4,sparse-bernoulli-0.50,2001310518681822354,3,240,0.070000,1.0000,direct-terminal,0.220000,13,true
sparse-p0.50-d1-8-s4,4,sparse-bernoulli-0.50,2001310518681822354,3,240,0.070000,hard,direct-terminal,0.160000,13,true
sparse-p0.50-d1-8-s4,4,sparse-bernoulli-0.50,13400896689310720169,3,240,0.070000,soft,direct-terminal,0.235000,13,true
sparse-p0.50-d1-8-s4,4,sparse-bernoulli-0.50,13400896689310720169,3,240,0.070000,2.0000,direct-terminal,0.210000,13,true
sparse-p0.50-d1-8-s4,4,sparse-bernoulli-0.50,13400896689310720169,3,240,0.070000,1.0000,direct-terminal,0.195000,13,true
sparse-p0.50-d1-8-s4,4,sparse-bernoulli-0.50,13400896689310720169,3,240,0.070000,hard,direct-terminal,0.100000,13,true
sparse-p0.50-d1-8-s4,4,sparse-bernoulli-0.50,15453320347936062484,3,960,0.035000,soft,direct-terminal,0.497500,14,true
sparse-p0.50-d1-8-s4,4,sparse-bernoulli-0.50,15453320347936062484,3,960,0.035000,2.0000,direct-terminal,0.240000,14,true
sparse-p0.50-d1-8-s4,4,sparse-bernoulli-0.50,15453320347936062484,3,960,0.035000,1.0000,direct-terminal,0.240000,14,true
sparse-p0.50-d1-8-s4,4,sparse-bernoulli-0.50,15453320347936062484,3,960,0.035000,hard,direct-terminal,0.227500,14,true
sparse-p0.50-d1-8-s4,4,sparse-bernoulli-0.50,8371261729603450923,3,960,0.035000,soft,direct-terminal,0.370000,16,true
sparse-p0.50-d1-8-s4,4,sparse-bernoulli-0.50,8371261729603450923,3,960,0.035000,2.0000,direct-terminal,0.227500,16,true
sparse-p0.50-d1-8-s4,4,sparse-bernoulli-0.50,8371261729603450923,3,960,0.035000,1.0000,direct-terminal,0.350000,16,true
sparse-p0.50-d1-8-s4,4,sparse-bernoulli-0.50,8371261729603450923,3,960,0.035000,hard,direct-terminal,0.242500,16,true
sparse-p0.50-d1-8-s4,4,sparse-bernoulli-0.50,10584633876018000958,3,960,0.035000,soft,direct-terminal,0.465000,19,true
sparse-p0.50-d1-8-s4,4,sparse-bernoulli-0.50,10584633876018000958,3,960,0.035000,2.0000,direct-terminal,0.277500,19,true
sparse-p0.50-d1-8-s4,4,sparse-bernoulli-0.50,10584633876018000958,3,960,0.035000,1.0000,direct-terminal,0.277500,19,true
sparse-p0.50-d1-8-s4,4,sparse-bernoulli-0.50,10584633876018000958,3,960,0.035000,hard,direct-terminal,0.237500,19,true
sparse-p0.50-d1-8-s4,4,sparse-bernoulli-0.50,3503703373795356757,3,960,0.035000,soft,direct-terminal,0.402500,17,true
sparse-p0.50-d1-8-s4,4,sparse-bernoulli-0.50,3503703373795356757,3,960,0.035000,2.0000,direct-terminal,0.260000,17,true
sparse-p0.50-d1-8-s4,4,sparse-bernoulli-0.50,3503703373795356757,3,960,0.035000,1.0000,direct-terminal,0.260000,17,true
sparse-p0.50-d1-8-s4,4,sparse-bernoulli-0.50,3503703373795356757,3,960,0.035000,hard,direct-terminal,0.195000,17,true
sparse-p0.50-d1-8-s4,4,sparse-bernoulli-0.50,6869996990457277544,3,960,0.035000,soft,direct-terminal,0.507500,16,true
sparse-p0.50-d1-8-s4,4,sparse-bernoulli-0.50,6869996990457277544,3,960,0.035000,2.0000,direct-terminal,0.330000,16,true
sparse-p0.50-d1-8-s4,4,sparse-bernoulli-0.50,6869996990457277544,3,960,0.035000,1.0000,direct-terminal,0.300000,16,true
sparse-p0.50-d1-8-s4,4,sparse-bernoulli-0.50,6869996990457277544,3,960,0.035000,hard,direct-terminal,0.245000,16,true
sparse-p0.50-d1-8-s4,4,sparse-bernoulli-0.50,18234682480328173695,3,960,0.035000,soft,direct-terminal,0.457500,17,true
sparse-p0.50-d1-8-s4,4,sparse-bernoulli-0.50,18234682480328173695,3,960,0.035000,2.0000,direct-terminal,0.237500,17,true
sparse-p0.50-d1-8-s4,4,sparse-bernoulli-0.50,18234682480328173695,3,960,0.035000,1.0000,direct-terminal,0.285000,17,true
sparse-p0.50-d1-8-s4,4,sparse-bernoulli-0.50,18234682480328173695,3,960,0.035000,hard,direct-terminal,0.195000,17,true
sparse-p0.50-d1-8-s4,4,sparse-bernoulli-0.50,2001310518681822354,3,960,0.035000,soft,direct-terminal,0.462500,13,true
sparse-p0.50-d1-8-s4,4,sparse-bernoulli-0.50,2001310518681822354,3,960,0.035000,2.0000,direct-terminal,0.262500,13,true
sparse-p0.50-d1-8-s4,4,sparse-bernoulli-0.50,2001310518681822354,3,960,0.035000,1.0000,direct-terminal,0.257500,13,true
sparse-p0.50-d1-8-s4,4,sparse-bernoulli-0.50,2001310518681822354,3,960,0.035000,hard,direct-terminal,0.205000,13,true
sparse-p0.50-d1-8-s4,4,sparse-bernoulli-0.50,13400896689310720169,3,960,0.035000,soft,direct-terminal,0.415000,13,true
sparse-p0.50-d1-8-s4,4,sparse-bernoulli-0.50,13400896689310720169,3,960,0.035000,2.0000,direct-terminal,0.242500,13,true
sparse-p0.50-d1-8-s4,4,sparse-bernoulli-0.50,13400896689310720169,3,960,0.035000,1.0000,direct-terminal,0.215000,13,true
sparse-p0.50-d1-8-s4,4,sparse-bernoulli-0.50,13400896689310720169,3,960,0.035000,hard,direct-terminal,0.100000,13,true
sparse-p0.50-d1-8-s4,4,sparse-bernoulli-0.50,15453320347936062484,3,960,0.070000,soft,direct-terminal,0.480000,14,true
sparse-p0.50-d1-8-s4,4,sparse-bernoulli-0.50,15453320347936062484,3,960,0.070000,2.0000,direct-terminal,0.240000,14,true
sparse-p0.50-d1-8-s4,4,sparse-bernoulli-0.50,15453320347936062484,3,960,0.070000,1.0000,direct-terminal,0.240000,14,true
sparse-p0.50-d1-8-s4,4,sparse-bernoulli-0.50,15453320347936062484,3,960,0.070000,hard,direct-terminal,0.227500,14,true
sparse-p0.50-d1-8-s4,4,sparse-bernoulli-0.50,8371261729603450923,3,960,0.070000,soft,direct-terminal,0.427500,16,true
sparse-p0.50-d1-8-s4,4,sparse-bernoulli-0.50,8371261729603450923,3,960,0.070000,2.0000,direct-terminal,0.220000,16,true
sparse-p0.50-d1-8-s4,4,sparse-bernoulli-0.50,8371261729603450923,3,960,0.070000,1.0000,direct-terminal,0.322500,16,true
sparse-p0.50-d1-8-s4,4,sparse-bernoulli-0.50,8371261729603450923,3,960,0.070000,hard,direct-terminal,0.242500,16,true
sparse-p0.50-d1-8-s4,4,sparse-bernoulli-0.50,10584633876018000958,3,960,0.070000,soft,direct-terminal,0.492500,19,true
sparse-p0.50-d1-8-s4,4,sparse-bernoulli-0.50,10584633876018000958,3,960,0.070000,2.0000,direct-terminal,0.277500,19,true
sparse-p0.50-d1-8-s4,4,sparse-bernoulli-0.50,10584633876018000958,3,960,0.070000,1.0000,direct-terminal,0.277500,19,true
sparse-p0.50-d1-8-s4,4,sparse-bernoulli-0.50,10584633876018000958,3,960,0.070000,hard,direct-terminal,0.237500,19,true
sparse-p0.50-d1-8-s4,4,sparse-bernoulli-0.50,3503703373795356757,3,960,0.070000,soft,direct-terminal,0.442500,17,true
sparse-p0.50-d1-8-s4,4,sparse-bernoulli-0.50,3503703373795356757,3,960,0.070000,2.0000,direct-terminal,0.260000,17,true
sparse-p0.50-d1-8-s4,4,sparse-bernoulli-0.50,3503703373795356757,3,960,0.070000,1.0000,direct-terminal,0.260000,17,true
sparse-p0.50-d1-8-s4,4,sparse-bernoulli-0.50,3503703373795356757,3,960,0.070000,hard,direct-terminal,0.177500,17,true
sparse-p0.50-d1-8-s4,4,sparse-bernoulli-0.50,6869996990457277544,3,960,0.070000,soft,direct-terminal,0.655000,16,true
sparse-p0.50-d1-8-s4,4,sparse-bernoulli-0.50,6869996990457277544,3,960,0.070000,2.0000,direct-terminal,0.335000,16,true
sparse-p0.50-d1-8-s4,4,sparse-bernoulli-0.50,6869996990457277544,3,960,0.070000,1.0000,direct-terminal,0.375000,16,true
sparse-p0.50-d1-8-s4,4,sparse-bernoulli-0.50,6869996990457277544,3,960,0.070000,hard,direct-terminal,0.245000,16,true
sparse-p0.50-d1-8-s4,4,sparse-bernoulli-0.50,18234682480328173695,3,960,0.070000,soft,direct-terminal,0.660000,17,true
sparse-p0.50-d1-8-s4,4,sparse-bernoulli-0.50,18234682480328173695,3,960,0.070000,2.0000,direct-terminal,0.272500,17,true
sparse-p0.50-d1-8-s4,4,sparse-bernoulli-0.50,18234682480328173695,3,960,0.070000,1.0000,direct-terminal,0.317500,17,true
sparse-p0.50-d1-8-s4,4,sparse-bernoulli-0.50,18234682480328173695,3,960,0.070000,hard,direct-terminal,0.302500,17,true
sparse-p0.50-d1-8-s4,4,sparse-bernoulli-0.50,2001310518681822354,3,960,0.070000,soft,direct-terminal,0.587500,13,true
sparse-p0.50-d1-8-s4,4,sparse-bernoulli-0.50,2001310518681822354,3,960,0.070000,2.0000,direct-terminal,0.262500,13,true
sparse-p0.50-d1-8-s4,4,sparse-bernoulli-0.50,2001310518681822354,3,960,0.070000,1.0000,direct-terminal,0.312500,13,true
sparse-p0.50-d1-8-s4,4,sparse-bernoulli-0.50,2001310518681822354,3,960,0.070000,hard,direct-terminal,0.277500,13,true
sparse-p0.50-d1-8-s4,4,sparse-bernoulli-0.50,13400896689310720169,3,960,0.070000,soft,direct-terminal,0.415000,13,true
sparse-p0.50-d1-8-s4,4,sparse-bernoulli-0.50,13400896689310720169,3,960,0.070000,2.0000,direct-terminal,0.242500,13,true
sparse-p0.50-d1-8-s4,4,sparse-bernoulli-0.50,13400896689310720169,3,960,0.070000,1.0000,direct-terminal,0.252500,13,true
sparse-p0.50-d1-8-s4,4,sparse-bernoulli-0.50,13400896689310720169,3,960,0.070000,hard,direct-terminal,0.100000,13,true
sparse-p0.50-d1-8-s4,4,sparse-bernoulli-0.50,15453320347936062484,4,240,0.035000,soft,direct-terminal,0.512500,14,true
sparse-p0.50-d1-8-s4,4,sparse-bernoulli-0.50,15453320347936062484,4,240,0.035000,2.0000,direct-terminal,0.207500,14,true
sparse-p0.50-d1-8-s4,4,sparse-bernoulli-0.50,15453320347936062484,4,240,0.035000,1.0000,direct-terminal,0.277500,14,true
sparse-p0.50-d1-8-s4,4,sparse-bernoulli-0.50,15453320347936062484,4,240,0.035000,hard,direct-terminal,0.550000,14,true
sparse-p0.50-d1-8-s4,4,sparse-bernoulli-0.50,8371261729603450923,4,240,0.035000,soft,direct-terminal,0.507500,16,true
sparse-p0.50-d1-8-s4,4,sparse-bernoulli-0.50,8371261729603450923,4,240,0.035000,2.0000,direct-terminal,0.232500,16,true
sparse-p0.50-d1-8-s4,4,sparse-bernoulli-0.50,8371261729603450923,4,240,0.035000,1.0000,direct-terminal,0.310000,16,true
sparse-p0.50-d1-8-s4,4,sparse-bernoulli-0.50,8371261729603450923,4,240,0.035000,hard,direct-terminal,0.482500,16,true
sparse-p0.50-d1-8-s4,4,sparse-bernoulli-0.50,10584633876018000958,4,240,0.035000,soft,direct-terminal,0.547500,19,true
sparse-p0.50-d1-8-s4,4,sparse-bernoulli-0.50,10584633876018000958,4,240,0.035000,2.0000,direct-terminal,0.242500,19,true
sparse-p0.50-d1-8-s4,4,sparse-bernoulli-0.50,10584633876018000958,4,240,0.035000,1.0000,direct-terminal,0.257500,19,true
sparse-p0.50-d1-8-s4,4,sparse-bernoulli-0.50,10584633876018000958,4,240,0.035000,hard,direct-terminal,0.492500,19,true
sparse-p0.50-d1-8-s4,4,sparse-bernoulli-0.50,3503703373795356757,4,240,0.035000,soft,direct-terminal,0.545000,17,true
sparse-p0.50-d1-8-s4,4,sparse-bernoulli-0.50,3503703373795356757,4,240,0.035000,2.0000,direct-terminal,0.252500,17,true
sparse-p0.50-d1-8-s4,4,sparse-bernoulli-0.50,3503703373795356757,4,240,0.035000,1.0000,direct-terminal,0.217500,17,true
sparse-p0.50-d1-8-s4,4,sparse-bernoulli-0.50,3503703373795356757,4,240,0.035000,hard,direct-terminal,0.525000,17,true
sparse-p0.50-d1-8-s4,4,sparse-bernoulli-0.50,6869996990457277544,4,240,0.035000,soft,direct-terminal,0.492500,16,true
sparse-p0.50-d1-8-s4,4,sparse-bernoulli-0.50,6869996990457277544,4,240,0.035000,2.0000,direct-terminal,0.250000,16,true
sparse-p0.50-d1-8-s4,4,sparse-bernoulli-0.50,6869996990457277544,4,240,0.035000,1.0000,direct-terminal,0.370000,16,true
sparse-p0.50-d1-8-s4,4,sparse-bernoulli-0.50,6869996990457277544,4,240,0.035000,hard,direct-terminal,0.492500,16,true
sparse-p0.50-d1-8-s4,4,sparse-bernoulli-0.50,18234682480328173695,4,240,0.035000,soft,direct-terminal,0.522500,17,true
sparse-p0.50-d1-8-s4,4,sparse-bernoulli-0.50,18234682480328173695,4,240,0.035000,2.0000,direct-terminal,0.240000,17,true
sparse-p0.50-d1-8-s4,4,sparse-bernoulli-0.50,18234682480328173695,4,240,0.035000,1.0000,direct-terminal,0.345000,17,true
sparse-p0.50-d1-8-s4,4,sparse-bernoulli-0.50,18234682480328173695,4,240,0.035000,hard,direct-terminal,0.497500,17,true
sparse-p0.50-d1-8-s4,4,sparse-bernoulli-0.50,2001310518681822354,4,240,0.035000,soft,direct-terminal,0.555000,13,true
sparse-p0.50-d1-8-s4,4,sparse-bernoulli-0.50,2001310518681822354,4,240,0.035000,2.0000,direct-terminal,0.237500,13,true
sparse-p0.50-d1-8-s4,4,sparse-bernoulli-0.50,2001310518681822354,4,240,0.035000,1.0000,direct-terminal,0.255000,13,true
sparse-p0.50-d1-8-s4,4,sparse-bernoulli-0.50,2001310518681822354,4,240,0.035000,hard,direct-terminal,0.532500,13,true
sparse-p0.50-d1-8-s4,4,sparse-bernoulli-0.50,13400896689310720169,4,240,0.035000,soft,direct-terminal,0.520000,13,true
sparse-p0.50-d1-8-s4,4,sparse-bernoulli-0.50,13400896689310720169,4,240,0.035000,2.0000,direct-terminal,0.275000,13,true
sparse-p0.50-d1-8-s4,4,sparse-bernoulli-0.50,13400896689310720169,4,240,0.035000,1.0000,direct-terminal,0.275000,13,true
sparse-p0.50-d1-8-s4,4,sparse-bernoulli-0.50,13400896689310720169,4,240,0.035000,hard,direct-terminal,0.507500,13,true
sparse-p0.50-d1-8-s4,4,sparse-bernoulli-0.50,15453320347936062484,4,240,0.070000,soft,direct-terminal,0.497500,14,true
sparse-p0.50-d1-8-s4,4,sparse-bernoulli-0.50,15453320347936062484,4,240,0.070000,2.0000,direct-terminal,0.240000,14,true
sparse-p0.50-d1-8-s4,4,sparse-bernoulli-0.50,15453320347936062484,4,240,0.070000,1.0000,direct-terminal,0.332500,14,true
sparse-p0.50-d1-8-s4,4,sparse-bernoulli-0.50,15453320347936062484,4,240,0.070000,hard,direct-terminal,0.515000,14,true
sparse-p0.50-d1-8-s4,4,sparse-bernoulli-0.50,8371261729603450923,4,240,0.070000,soft,direct-terminal,0.507500,16,true
sparse-p0.50-d1-8-s4,4,sparse-bernoulli-0.50,8371261729603450923,4,240,0.070000,2.0000,direct-terminal,0.267500,16,true
sparse-p0.50-d1-8-s4,4,sparse-bernoulli-0.50,8371261729603450923,4,240,0.070000,1.0000,direct-terminal,0.340000,16,true
sparse-p0.50-d1-8-s4,4,sparse-bernoulli-0.50,8371261729603450923,4,240,0.070000,hard,direct-terminal,0.482500,16,true
sparse-p0.50-d1-8-s4,4,sparse-bernoulli-0.50,10584633876018000958,4,240,0.070000,soft,direct-terminal,0.530000,19,true
sparse-p0.50-d1-8-s4,4,sparse-bernoulli-0.50,10584633876018000958,4,240,0.070000,2.0000,direct-terminal,0.242500,19,true
sparse-p0.50-d1-8-s4,4,sparse-bernoulli-0.50,10584633876018000958,4,240,0.070000,1.0000,direct-terminal,0.245000,19,true
sparse-p0.50-d1-8-s4,4,sparse-bernoulli-0.50,10584633876018000958,4,240,0.070000,hard,direct-terminal,0.507500,19,true
sparse-p0.50-d1-8-s4,4,sparse-bernoulli-0.50,3503703373795356757,4,240,0.070000,soft,direct-terminal,0.577500,17,true
sparse-p0.50-d1-8-s4,4,sparse-bernoulli-0.50,3503703373795356757,4,240,0.070000,2.0000,direct-terminal,0.270000,17,true
sparse-p0.50-d1-8-s4,4,sparse-bernoulli-0.50,3503703373795356757,4,240,0.070000,1.0000,direct-terminal,0.235000,17,true
sparse-p0.50-d1-8-s4,4,sparse-bernoulli-0.50,3503703373795356757,4,240,0.070000,hard,direct-terminal,0.525000,17,true
sparse-p0.50-d1-8-s4,4,sparse-bernoulli-0.50,6869996990457277544,4,240,0.070000,soft,direct-terminal,0.530000,16,true
sparse-p0.50-d1-8-s4,4,sparse-bernoulli-0.50,6869996990457277544,4,240,0.070000,2.0000,direct-terminal,0.267500,16,true
sparse-p0.50-d1-8-s4,4,sparse-bernoulli-0.50,6869996990457277544,4,240,0.070000,1.0000,direct-terminal,0.362500,16,true
sparse-p0.50-d1-8-s4,4,sparse-bernoulli-0.50,6869996990457277544,4,240,0.070000,hard,direct-terminal,0.492500,16,true
sparse-p0.50-d1-8-s4,4,sparse-bernoulli-0.50,18234682480328173695,4,240,0.070000,soft,direct-terminal,0.487500,17,true
sparse-p0.50-d1-8-s4,4,sparse-bernoulli-0.50,18234682480328173695,4,240,0.070000,2.0000,direct-terminal,0.232500,17,true
sparse-p0.50-d1-8-s4,4,sparse-bernoulli-0.50,18234682480328173695,4,240,0.070000,1.0000,direct-terminal,0.307500,17,true
sparse-p0.50-d1-8-s4,4,sparse-bernoulli-0.50,18234682480328173695,4,240,0.070000,hard,direct-terminal,0.485000,17,true
sparse-p0.50-d1-8-s4,4,sparse-bernoulli-0.50,2001310518681822354,4,240,0.070000,soft,direct-terminal,0.537500,13,true
sparse-p0.50-d1-8-s4,4,sparse-bernoulli-0.50,2001310518681822354,4,240,0.070000,2.0000,direct-terminal,0.237500,13,true
sparse-p0.50-d1-8-s4,4,sparse-bernoulli-0.50,2001310518681822354,4,240,0.070000,1.0000,direct-terminal,0.270000,13,true
sparse-p0.50-d1-8-s4,4,sparse-bernoulli-0.50,2001310518681822354,4,240,0.070000,hard,direct-terminal,0.532500,13,true
sparse-p0.50-d1-8-s4,4,sparse-bernoulli-0.50,13400896689310720169,4,240,0.070000,soft,direct-terminal,0.540000,13,true
sparse-p0.50-d1-8-s4,4,sparse-bernoulli-0.50,13400896689310720169,4,240,0.070000,2.0000,direct-terminal,0.275000,13,true
sparse-p0.50-d1-8-s4,4,sparse-bernoulli-0.50,13400896689310720169,4,240,0.070000,1.0000,direct-terminal,0.275000,13,true
sparse-p0.50-d1-8-s4,4,sparse-bernoulli-0.50,13400896689310720169,4,240,0.070000,hard,direct-terminal,0.480000,13,true
sparse-p0.50-d1-8-s4,4,sparse-bernoulli-0.50,15453320347936062484,4,960,0.035000,soft,direct-terminal,0.605000,14,true
sparse-p0.50-d1-8-s4,4,sparse-bernoulli-0.50,15453320347936062484,4,960,0.035000,2.0000,direct-terminal,0.207500,14,true
sparse-p0.50-d1-8-s4,4,sparse-bernoulli-0.50,15453320347936062484,4,960,0.035000,1.0000,direct-terminal,0.207500,14,true
sparse-p0.50-d1-8-s4,4,sparse-bernoulli-0.50,15453320347936062484,4,960,0.035000,hard,direct-terminal,0.517500,14,true
sparse-p0.50-d1-8-s4,4,sparse-bernoulli-0.50,8371261729603450923,4,960,0.035000,soft,direct-terminal,0.570000,16,true
sparse-p0.50-d1-8-s4,4,sparse-bernoulli-0.50,8371261729603450923,4,960,0.035000,2.0000,direct-terminal,0.220000,16,true
sparse-p0.50-d1-8-s4,4,sparse-bernoulli-0.50,8371261729603450923,4,960,0.035000,1.0000,direct-terminal,0.237500,16,true
sparse-p0.50-d1-8-s4,4,sparse-bernoulli-0.50,8371261729603450923,4,960,0.035000,hard,direct-terminal,0.515000,16,true
sparse-p0.50-d1-8-s4,4,sparse-bernoulli-0.50,10584633876018000958,4,960,0.035000,soft,direct-terminal,0.567500,19,true
sparse-p0.50-d1-8-s4,4,sparse-bernoulli-0.50,10584633876018000958,4,960,0.035000,2.0000,direct-terminal,0.242500,19,true
sparse-p0.50-d1-8-s4,4,sparse-bernoulli-0.50,10584633876018000958,4,960,0.035000,1.0000,direct-terminal,0.242500,19,true
sparse-p0.50-d1-8-s4,4,sparse-bernoulli-0.50,10584633876018000958,4,960,0.035000,hard,direct-terminal,0.520000,19,true
sparse-p0.50-d1-8-s4,4,sparse-bernoulli-0.50,3503703373795356757,4,960,0.035000,soft,direct-terminal,0.652500,17,true
sparse-p0.50-d1-8-s4,4,sparse-bernoulli-0.50,3503703373795356757,4,960,0.035000,2.0000,direct-terminal,0.265000,17,true
sparse-p0.50-d1-8-s4,4,sparse-bernoulli-0.50,3503703373795356757,4,960,0.035000,1.0000,direct-terminal,0.265000,17,true
sparse-p0.50-d1-8-s4,4,sparse-bernoulli-0.50,3503703373795356757,4,960,0.035000,hard,direct-terminal,0.537500,17,true
sparse-p0.50-d1-8-s4,4,sparse-bernoulli-0.50,6869996990457277544,4,960,0.035000,soft,direct-terminal,0.555000,16,true
sparse-p0.50-d1-8-s4,4,sparse-bernoulli-0.50,6869996990457277544,4,960,0.035000,2.0000,direct-terminal,0.260000,16,true
sparse-p0.50-d1-8-s4,4,sparse-bernoulli-0.50,6869996990457277544,4,960,0.035000,1.0000,direct-terminal,0.392500,16,true
sparse-p0.50-d1-8-s4,4,sparse-bernoulli-0.50,6869996990457277544,4,960,0.035000,hard,direct-terminal,0.497500,16,true
sparse-p0.50-d1-8-s4,4,sparse-bernoulli-0.50,18234682480328173695,4,960,0.035000,soft,direct-terminal,0.567500,17,true
sparse-p0.50-d1-8-s4,4,sparse-bernoulli-0.50,18234682480328173695,4,960,0.035000,2.0000,direct-terminal,0.267500,17,true
sparse-p0.50-d1-8-s4,4,sparse-bernoulli-0.50,18234682480328173695,4,960,0.035000,1.0000,direct-terminal,0.320000,17,true
sparse-p0.50-d1-8-s4,4,sparse-bernoulli-0.50,18234682480328173695,4,960,0.035000,hard,direct-terminal,0.510000,17,true
sparse-p0.50-d1-8-s4,4,sparse-bernoulli-0.50,2001310518681822354,4,960,0.035000,soft,direct-terminal,0.605000,13,true
sparse-p0.50-d1-8-s4,4,sparse-bernoulli-0.50,2001310518681822354,4,960,0.035000,2.0000,direct-terminal,0.225000,13,true
sparse-p0.50-d1-8-s4,4,sparse-bernoulli-0.50,2001310518681822354,4,960,0.035000,1.0000,direct-terminal,0.295000,13,true
sparse-p0.50-d1-8-s4,4,sparse-bernoulli-0.50,2001310518681822354,4,960,0.035000,hard,direct-terminal,0.532500,13,true
sparse-p0.50-d1-8-s4,4,sparse-bernoulli-0.50,13400896689310720169,4,960,0.035000,soft,direct-terminal,0.630000,13,true
sparse-p0.50-d1-8-s4,4,sparse-bernoulli-0.50,13400896689310720169,4,960,0.035000,2.0000,direct-terminal,0.275000,13,true
sparse-p0.50-d1-8-s4,4,sparse-bernoulli-0.50,13400896689310720169,4,960,0.035000,1.0000,direct-terminal,0.312500,13,true
sparse-p0.50-d1-8-s4,4,sparse-bernoulli-0.50,13400896689310720169,4,960,0.035000,hard,direct-terminal,0.480000,13,true
sparse-p0.50-d1-8-s4,4,sparse-bernoulli-0.50,15453320347936062484,4,960,0.070000,soft,direct-terminal,0.587500,14,true
sparse-p0.50-d1-8-s4,4,sparse-bernoulli-0.50,15453320347936062484,4,960,0.070000,2.0000,direct-terminal,0.207500,14,true
sparse-p0.50-d1-8-s4,4,sparse-bernoulli-0.50,15453320347936062484,4,960,0.070000,1.0000,direct-terminal,0.207500,14,true
sparse-p0.50-d1-8-s4,4,sparse-bernoulli-0.50,15453320347936062484,4,960,0.070000,hard,direct-terminal,0.515000,14,true
sparse-p0.50-d1-8-s4,4,sparse-bernoulli-0.50,8371261729603450923,4,960,0.070000,soft,direct-terminal,0.570000,16,true
sparse-p0.50-d1-8-s4,4,sparse-bernoulli-0.50,8371261729603450923,4,960,0.070000,2.0000,direct-terminal,0.232500,16,true
sparse-p0.50-d1-8-s4,4,sparse-bernoulli-0.50,8371261729603450923,4,960,0.070000,1.0000,direct-terminal,0.245000,16,true
sparse-p0.50-d1-8-s4,4,sparse-bernoulli-0.50,8371261729603450923,4,960,0.070000,hard,direct-terminal,0.555000,16,true
sparse-p0.50-d1-8-s4,4,sparse-bernoulli-0.50,10584633876018000958,4,960,0.070000,soft,direct-terminal,0.595000,19,true
sparse-p0.50-d1-8-s4,4,sparse-bernoulli-0.50,10584633876018000958,4,960,0.070000,2.0000,direct-terminal,0.262500,19,true
sparse-p0.50-d1-8-s4,4,sparse-bernoulli-0.50,10584633876018000958,4,960,0.070000,1.0000,direct-terminal,0.362500,19,true
sparse-p0.50-d1-8-s4,4,sparse-bernoulli-0.50,10584633876018000958,4,960,0.070000,hard,direct-terminal,0.535000,19,true
sparse-p0.50-d1-8-s4,4,sparse-bernoulli-0.50,3503703373795356757,4,960,0.070000,soft,direct-terminal,0.827500,17,true
sparse-p0.50-d1-8-s4,4,sparse-bernoulli-0.50,3503703373795356757,4,960,0.070000,2.0000,direct-terminal,0.310000,17,true
sparse-p0.50-d1-8-s4,4,sparse-bernoulli-0.50,3503703373795356757,4,960,0.070000,1.0000,direct-terminal,0.262500,17,true
sparse-p0.50-d1-8-s4,4,sparse-bernoulli-0.50,3503703373795356757,4,960,0.070000,hard,direct-terminal,0.390000,17,true
sparse-p0.50-d1-8-s4,4,sparse-bernoulli-0.50,6869996990457277544,4,960,0.070000,soft,direct-terminal,0.565000,16,true
sparse-p0.50-d1-8-s4,4,sparse-bernoulli-0.50,6869996990457277544,4,960,0.070000,2.0000,direct-terminal,0.227500,16,true
sparse-p0.50-d1-8-s4,4,sparse-bernoulli-0.50,6869996990457277544,4,960,0.070000,1.0000,direct-terminal,0.332500,16,true
sparse-p0.50-d1-8-s4,4,sparse-bernoulli-0.50,6869996990457277544,4,960,0.070000,hard,direct-terminal,0.497500,16,true
sparse-p0.50-d1-8-s4,4,sparse-bernoulli-0.50,18234682480328173695,4,960,0.070000,soft,direct-terminal,0.592500,17,true
sparse-p0.50-d1-8-s4,4,sparse-bernoulli-0.50,18234682480328173695,4,960,0.070000,2.0000,direct-terminal,0.267500,17,true
sparse-p0.50-d1-8-s4,4,sparse-bernoulli-0.50,18234682480328173695,4,960,0.070000,1.0000,direct-terminal,0.267500,17,true
sparse-p0.50-d1-8-s4,4,sparse-bernoulli-0.50,18234682480328173695,4,960,0.070000,hard,direct-terminal,0.550000,17,true
sparse-p0.50-d1-8-s4,4,sparse-bernoulli-0.50,2001310518681822354,4,960,0.070000,soft,direct-terminal,0.582500,13,true
sparse-p0.50-d1-8-s4,4,sparse-bernoulli-0.50,2001310518681822354,4,960,0.070000,2.0000,direct-terminal,0.225000,13,true
sparse-p0.50-d1-8-s4,4,sparse-bernoulli-0.50,2001310518681822354,4,960,0.070000,1.0000,direct-terminal,0.267500,13,true
sparse-p0.50-d1-8-s4,4,sparse-bernoulli-0.50,2001310518681822354,4,960,0.070000,hard,direct-terminal,0.532500,13,true
sparse-p0.50-d1-8-s4,4,sparse-bernoulli-0.50,13400896689310720169,4,960,0.070000,soft,direct-terminal,0.630000,13,true
sparse-p0.50-d1-8-s4,4,sparse-bernoulli-0.50,13400896689310720169,4,960,0.070000,2.0000,direct-terminal,0.252500,13,true
sparse-p0.50-d1-8-s4,4,sparse-bernoulli-0.50,13400896689310720169,4,960,0.070000,1.0000,direct-terminal,0.282500,13,true
sparse-p0.50-d1-8-s4,4,sparse-bernoulli-0.50,13400896689310720169,4,960,0.070000,hard,direct-terminal,0.480000,13,true
sparse-p0.50-d1-8-s4,4,sparse-bernoulli-0.50,15453320347936062484,5,240,0.035000,soft,direct-terminal,0.285000,14,true
sparse-p0.50-d1-8-s4,4,sparse-bernoulli-0.50,15453320347936062484,5,240,0.035000,2.0000,direct-terminal,0.245000,14,true
sparse-p0.50-d1-8-s4,4,sparse-bernoulli-0.50,15453320347936062484,5,240,0.035000,1.0000,direct-terminal,0.240000,14,true
sparse-p0.50-d1-8-s4,4,sparse-bernoulli-0.50,15453320347936062484,5,240,0.035000,hard,direct-terminal,0.110000,14,true
sparse-p0.50-d1-8-s4,4,sparse-bernoulli-0.50,8371261729603450923,5,240,0.035000,soft,direct-terminal,0.365000,16,true
sparse-p0.50-d1-8-s4,4,sparse-bernoulli-0.50,8371261729603450923,5,240,0.035000,2.0000,direct-terminal,0.247500,16,true
sparse-p0.50-d1-8-s4,4,sparse-bernoulli-0.50,8371261729603450923,5,240,0.035000,1.0000,direct-terminal,0.242500,16,true
sparse-p0.50-d1-8-s4,4,sparse-bernoulli-0.50,8371261729603450923,5,240,0.035000,hard,direct-terminal,0.000000,16,true
sparse-p0.50-d1-8-s4,4,sparse-bernoulli-0.50,10584633876018000958,5,240,0.035000,soft,direct-terminal,0.467500,19,true
sparse-p0.50-d1-8-s4,4,sparse-bernoulli-0.50,10584633876018000958,5,240,0.035000,2.0000,direct-terminal,0.262500,19,true
sparse-p0.50-d1-8-s4,4,sparse-bernoulli-0.50,10584633876018000958,5,240,0.035000,1.0000,direct-terminal,0.280000,19,true
sparse-p0.50-d1-8-s4,4,sparse-bernoulli-0.50,10584633876018000958,5,240,0.035000,hard,direct-terminal,0.000000,19,true
sparse-p0.50-d1-8-s4,4,sparse-bernoulli-0.50,3503703373795356757,5,240,0.035000,soft,direct-terminal,0.242500,17,true
sparse-p0.50-d1-8-s4,4,sparse-bernoulli-0.50,3503703373795356757,5,240,0.035000,2.0000,direct-terminal,0.202500,17,true
sparse-p0.50-d1-8-s4,4,sparse-bernoulli-0.50,3503703373795356757,5,240,0.035000,1.0000,direct-terminal,0.202500,17,true
sparse-p0.50-d1-8-s4,4,sparse-bernoulli-0.50,3503703373795356757,5,240,0.035000,hard,direct-terminal,0.000000,17,true
sparse-p0.50-d1-8-s4,4,sparse-bernoulli-0.50,6869996990457277544,5,240,0.035000,soft,direct-terminal,0.332500,16,true
sparse-p0.50-d1-8-s4,4,sparse-bernoulli-0.50,6869996990457277544,5,240,0.035000,2.0000,direct-terminal,0.227500,16,true
sparse-p0.50-d1-8-s4,4,sparse-bernoulli-0.50,6869996990457277544,5,240,0.035000,1.0000,direct-terminal,0.227500,16,true
sparse-p0.50-d1-8-s4,4,sparse-bernoulli-0.50,6869996990457277544,5,240,0.035000,hard,direct-terminal,0.000000,16,true
sparse-p0.50-d1-8-s4,4,sparse-bernoulli-0.50,18234682480328173695,5,240,0.035000,soft,direct-terminal,0.332500,17,true
sparse-p0.50-d1-8-s4,4,sparse-bernoulli-0.50,18234682480328173695,5,240,0.035000,2.0000,direct-terminal,0.215000,17,true
sparse-p0.50-d1-8-s4,4,sparse-bernoulli-0.50,18234682480328173695,5,240,0.035000,1.0000,direct-terminal,0.222500,17,true
sparse-p0.50-d1-8-s4,4,sparse-bernoulli-0.50,18234682480328173695,5,240,0.035000,hard,direct-terminal,0.000000,17,true
sparse-p0.50-d1-8-s4,4,sparse-bernoulli-0.50,2001310518681822354,5,240,0.035000,soft,direct-terminal,0.395000,13,true
sparse-p0.50-d1-8-s4,4,sparse-bernoulli-0.50,2001310518681822354,5,240,0.035000,2.0000,direct-terminal,0.260000,13,true
sparse-p0.50-d1-8-s4,4,sparse-bernoulli-0.50,2001310518681822354,5,240,0.035000,1.0000,direct-terminal,0.260000,13,true
sparse-p0.50-d1-8-s4,4,sparse-bernoulli-0.50,2001310518681822354,5,240,0.035000,hard,direct-terminal,0.122500,13,true
sparse-p0.50-d1-8-s4,4,sparse-bernoulli-0.50,13400896689310720169,5,240,0.035000,soft,direct-terminal,0.332500,13,true
sparse-p0.50-d1-8-s4,4,sparse-bernoulli-0.50,13400896689310720169,5,240,0.035000,2.0000,direct-terminal,0.205000,13,true
sparse-p0.50-d1-8-s4,4,sparse-bernoulli-0.50,13400896689310720169,5,240,0.035000,1.0000,direct-terminal,0.205000,13,true
sparse-p0.50-d1-8-s4,4,sparse-bernoulli-0.50,13400896689310720169,5,240,0.035000,hard,direct-terminal,0.215000,13,true
sparse-p0.50-d1-8-s4,4,sparse-bernoulli-0.50,15453320347936062484,5,240,0.070000,soft,direct-terminal,0.402500,14,true
sparse-p0.50-d1-8-s4,4,sparse-bernoulli-0.50,15453320347936062484,5,240,0.070000,2.0000,direct-terminal,0.245000,14,true
sparse-p0.50-d1-8-s4,4,sparse-bernoulli-0.50,15453320347936062484,5,240,0.070000,1.0000,direct-terminal,0.257500,14,true
sparse-p0.50-d1-8-s4,4,sparse-bernoulli-0.50,15453320347936062484,5,240,0.070000,hard,direct-terminal,0.110000,14,true
sparse-p0.50-d1-8-s4,4,sparse-bernoulli-0.50,8371261729603450923,5,240,0.070000,soft,direct-terminal,0.397500,16,true
sparse-p0.50-d1-8-s4,4,sparse-bernoulli-0.50,8371261729603450923,5,240,0.070000,2.0000,direct-terminal,0.247500,16,true
sparse-p0.50-d1-8-s4,4,sparse-bernoulli-0.50,8371261729603450923,5,240,0.070000,1.0000,direct-terminal,0.242500,16,true
sparse-p0.50-d1-8-s4,4,sparse-bernoulli-0.50,8371261729603450923,5,240,0.070000,hard,direct-terminal,0.137500,16,true
sparse-p0.50-d1-8-s4,4,sparse-bernoulli-0.50,10584633876018000958,5,240,0.070000,soft,direct-terminal,0.512500,19,true
sparse-p0.50-d1-8-s4,4,sparse-bernoulli-0.50,10584633876018000958,5,240,0.070000,2.0000,direct-terminal,0.305000,19,true
sparse-p0.50-d1-8-s4,4,sparse-bernoulli-0.50,10584633876018000958,5,240,0.070000,1.0000,direct-terminal,0.305000,19,true
sparse-p0.50-d1-8-s4,4,sparse-bernoulli-0.50,10584633876018000958,5,240,0.070000,hard,direct-terminal,0.000000,19,true
sparse-p0.50-d1-8-s4,4,sparse-bernoulli-0.50,3503703373795356757,5,240,0.070000,soft,direct-terminal,0.347500,17,true
sparse-p0.50-d1-8-s4,4,sparse-bernoulli-0.50,3503703373795356757,5,240,0.070000,2.0000,direct-terminal,0.202500,17,true
sparse-p0.50-d1-8-s4,4,sparse-bernoulli-0.50,3503703373795356757,5,240,0.070000,1.0000,direct-terminal,0.202500,17,true
sparse-p0.50-d1-8-s4,4,sparse-bernoulli-0.50,3503703373795356757,5,240,0.070000,hard,direct-terminal,0.000000,17,true
sparse-p0.50-d1-8-s4,4,sparse-bernoulli-0.50,6869996990457277544,5,240,0.070000,soft,direct-terminal,0.372500,16,true
sparse-p0.50-d1-8-s4,4,sparse-bernoulli-0.50,6869996990457277544,5,240,0.070000,2.0000,direct-terminal,0.227500,16,true
sparse-p0.50-d1-8-s4,4,sparse-bernoulli-0.50,6869996990457277544,5,240,0.070000,1.0000,direct-terminal,0.227500,16,true
sparse-p0.50-d1-8-s4,4,sparse-bernoulli-0.50,6869996990457277544,5,240,0.070000,hard,direct-terminal,0.107500,16,true
sparse-p0.50-d1-8-s4,4,sparse-bernoulli-0.50,18234682480328173695,5,240,0.070000,soft,direct-terminal,0.490000,17,true
sparse-p0.50-d1-8-s4,4,sparse-bernoulli-0.50,18234682480328173695,5,240,0.070000,2.0000,direct-terminal,0.215000,17,true
sparse-p0.50-d1-8-s4,4,sparse-bernoulli-0.50,18234682480328173695,5,240,0.070000,1.0000,direct-terminal,0.215000,17,true
sparse-p0.50-d1-8-s4,4,sparse-bernoulli-0.50,18234682480328173695,5,240,0.070000,hard,direct-terminal,0.242500,17,true
sparse-p0.50-d1-8-s4,4,sparse-bernoulli-0.50,2001310518681822354,5,240,0.070000,soft,direct-terminal,0.407500,13,true
sparse-p0.50-d1-8-s4,4,sparse-bernoulli-0.50,2001310518681822354,5,240,0.070000,2.0000,direct-terminal,0.260000,13,true
sparse-p0.50-d1-8-s4,4,sparse-bernoulli-0.50,2001310518681822354,5,240,0.070000,1.0000,direct-terminal,0.260000,13,true
sparse-p0.50-d1-8-s4,4,sparse-bernoulli-0.50,2001310518681822354,5,240,0.070000,hard,direct-terminal,0.122500,13,true
sparse-p0.50-d1-8-s4,4,sparse-bernoulli-0.50,13400896689310720169,5,240,0.070000,soft,direct-terminal,0.325000,13,true
sparse-p0.50-d1-8-s4,4,sparse-bernoulli-0.50,13400896689310720169,5,240,0.070000,2.0000,direct-terminal,0.210000,13,true
sparse-p0.50-d1-8-s4,4,sparse-bernoulli-0.50,13400896689310720169,5,240,0.070000,1.0000,direct-terminal,0.210000,13,true
sparse-p0.50-d1-8-s4,4,sparse-bernoulli-0.50,13400896689310720169,5,240,0.070000,hard,direct-terminal,0.280000,13,true
sparse-p0.50-d1-8-s4,4,sparse-bernoulli-0.50,15453320347936062484,5,960,0.035000,soft,direct-terminal,0.445000,14,true
sparse-p0.50-d1-8-s4,4,sparse-bernoulli-0.50,15453320347936062484,5,960,0.035000,2.0000,direct-terminal,0.257500,14,true
sparse-p0.50-d1-8-s4,4,sparse-bernoulli-0.50,15453320347936062484,5,960,0.035000,1.0000,direct-terminal,0.257500,14,true
sparse-p0.50-d1-8-s4,4,sparse-bernoulli-0.50,15453320347936062484,5,960,0.035000,hard,direct-terminal,0.110000,14,true
sparse-p0.50-d1-8-s4,4,sparse-bernoulli-0.50,8371261729603450923,5,960,0.035000,soft,direct-terminal,0.485000,16,true
sparse-p0.50-d1-8-s4,4,sparse-bernoulli-0.50,8371261729603450923,5,960,0.035000,2.0000,direct-terminal,0.262500,16,true
sparse-p0.50-d1-8-s4,4,sparse-bernoulli-0.50,8371261729603450923,5,960,0.035000,1.0000,direct-terminal,0.262500,16,true
sparse-p0.50-d1-8-s4,4,sparse-bernoulli-0.50,8371261729603450923,5,960,0.035000,hard,direct-terminal,0.092500,16,true
sparse-p0.50-d1-8-s4,4,sparse-bernoulli-0.50,10584633876018000958,5,960,0.035000,soft,direct-terminal,0.487500,19,true
sparse-p0.50-d1-8-s4,4,sparse-bernoulli-0.50,10584633876018000958,5,960,0.035000,2.0000,direct-terminal,0.305000,19,true
sparse-p0.50-d1-8-s4,4,sparse-bernoulli-0.50,10584633876018000958,5,960,0.035000,1.0000,direct-terminal,0.300000,19,true
sparse-p0.50-d1-8-s4,4,sparse-bernoulli-0.50,10584633876018000958,5,960,0.035000,hard,direct-terminal,0.000000,19,true
sparse-p0.50-d1-8-s4,4,sparse-bernoulli-0.50,3503703373795356757,5,960,0.035000,soft,direct-terminal,0.312500,17,true
sparse-p0.50-d1-8-s4,4,sparse-bernoulli-0.50,3503703373795356757,5,960,0.035000,2.0000,direct-terminal,0.202500,17,true
sparse-p0.50-d1-8-s4,4,sparse-bernoulli-0.50,3503703373795356757,5,960,0.035000,1.0000,direct-terminal,0.202500,17,true
sparse-p0.50-d1-8-s4,4,sparse-bernoulli-0.50,3503703373795356757,5,960,0.035000,hard,direct-terminal,0.000000,17,true
sparse-p0.50-d1-8-s4,4,sparse-bernoulli-0.50,6869996990457277544,5,960,0.035000,soft,direct-terminal,0.367500,16,true
sparse-p0.50-d1-8-s4,4,sparse-bernoulli-0.50,6869996990457277544,5,960,0.035000,2.0000,direct-terminal,0.227500,16,true
sparse-p0.50-d1-8-s4,4,sparse-bernoulli-0.50,6869996990457277544,5,960,0.035000,1.0000,direct-terminal,0.227500,16,true
sparse-p0.50-d1-8-s4,4,sparse-bernoulli-0.50,6869996990457277544,5,960,0.035000,hard,direct-terminal,0.105000,16,true
sparse-p0.50-d1-8-s4,4,sparse-bernoulli-0.50,18234682480328173695,5,960,0.035000,soft,direct-terminal,0.455000,17,true
sparse-p0.50-d1-8-s4,4,sparse-bernoulli-0.50,18234682480328173695,5,960,0.035000,2.0000,direct-terminal,0.242500,17,true
sparse-p0.50-d1-8-s4,4,sparse-bernoulli-0.50,18234682480328173695,5,960,0.035000,1.0000,direct-terminal,0.242500,17,true
sparse-p0.50-d1-8-s4,4,sparse-bernoulli-0.50,18234682480328173695,5,960,0.035000,hard,direct-terminal,0.232500,17,true
sparse-p0.50-d1-8-s4,4,sparse-bernoulli-0.50,2001310518681822354,5,960,0.035000,soft,direct-terminal,0.390000,13,true
sparse-p0.50-d1-8-s4,4,sparse-bernoulli-0.50,2001310518681822354,5,960,0.035000,2.0000,direct-terminal,0.260000,13,true
sparse-p0.50-d1-8-s4,4,sparse-bernoulli-0.50,2001310518681822354,5,960,0.035000,1.0000,direct-terminal,0.260000,13,true
sparse-p0.50-d1-8-s4,4,sparse-bernoulli-0.50,2001310518681822354,5,960,0.035000,hard,direct-terminal,0.245000,13,true
sparse-p0.50-d1-8-s4,4,sparse-bernoulli-0.50,13400896689310720169,5,960,0.035000,soft,direct-terminal,0.400000,13,true
sparse-p0.50-d1-8-s4,4,sparse-bernoulli-0.50,13400896689310720169,5,960,0.035000,2.0000,direct-terminal,0.210000,13,true
sparse-p0.50-d1-8-s4,4,sparse-bernoulli-0.50,13400896689310720169,5,960,0.035000,1.0000,direct-terminal,0.210000,13,true
sparse-p0.50-d1-8-s4,4,sparse-bernoulli-0.50,13400896689310720169,5,960,0.035000,hard,direct-terminal,0.252500,13,true
sparse-p0.50-d1-8-s4,4,sparse-bernoulli-0.50,15453320347936062484,5,960,0.070000,soft,direct-terminal,0.457500,14,true
sparse-p0.50-d1-8-s4,4,sparse-bernoulli-0.50,15453320347936062484,5,960,0.070000,2.0000,direct-terminal,0.257500,14,true
sparse-p0.50-d1-8-s4,4,sparse-bernoulli-0.50,15453320347936062484,5,960,0.070000,1.0000,direct-terminal,0.257500,14,true
sparse-p0.50-d1-8-s4,4,sparse-bernoulli-0.50,15453320347936062484,5,960,0.070000,hard,direct-terminal,0.110000,14,true
sparse-p0.50-d1-8-s4,4,sparse-bernoulli-0.50,8371261729603450923,5,960,0.070000,soft,direct-terminal,0.415000,16,true
sparse-p0.50-d1-8-s4,4,sparse-bernoulli-0.50,8371261729603450923,5,960,0.070000,2.0000,direct-terminal,0.262500,16,true
sparse-p0.50-d1-8-s4,4,sparse-bernoulli-0.50,8371261729603450923,5,960,0.070000,1.0000,direct-terminal,0.262500,16,true
sparse-p0.50-d1-8-s4,4,sparse-bernoulli-0.50,8371261729603450923,5,960,0.070000,hard,direct-terminal,0.165000,16,true
sparse-p0.50-d1-8-s4,4,sparse-bernoulli-0.50,10584633876018000958,5,960,0.070000,soft,direct-terminal,0.405000,19,true
sparse-p0.50-d1-8-s4,4,sparse-bernoulli-0.50,10584633876018000958,5,960,0.070000,2.0000,direct-terminal,0.305000,19,true
sparse-p0.50-d1-8-s4,4,sparse-bernoulli-0.50,10584633876018000958,5,960,0.070000,1.0000,direct-terminal,0.272500,19,true
sparse-p0.50-d1-8-s4,4,sparse-bernoulli-0.50,10584633876018000958,5,960,0.070000,hard,direct-terminal,0.000000,19,true
sparse-p0.50-d1-8-s4,4,sparse-bernoulli-0.50,3503703373795356757,5,960,0.070000,soft,direct-terminal,0.330000,17,true
sparse-p0.50-d1-8-s4,4,sparse-bernoulli-0.50,3503703373795356757,5,960,0.070000,2.0000,direct-terminal,0.195000,17,true
sparse-p0.50-d1-8-s4,4,sparse-bernoulli-0.50,3503703373795356757,5,960,0.070000,1.0000,direct-terminal,0.195000,17,true
sparse-p0.50-d1-8-s4,4,sparse-bernoulli-0.50,3503703373795356757,5,960,0.070000,hard,direct-terminal,0.202500,17,true
sparse-p0.50-d1-8-s4,4,sparse-bernoulli-0.50,6869996990457277544,5,960,0.070000,soft,direct-terminal,0.362500,16,true
sparse-p0.50-d1-8-s4,4,sparse-bernoulli-0.50,6869996990457277544,5,960,0.070000,2.0000,direct-terminal,0.210000,16,true
sparse-p0.50-d1-8-s4,4,sparse-bernoulli-0.50,6869996990457277544,5,960,0.070000,1.0000,direct-terminal,0.210000,16,true
sparse-p0.50-d1-8-s4,4,sparse-bernoulli-0.50,6869996990457277544,5,960,0.070000,hard,direct-terminal,0.107500,16,true
sparse-p0.50-d1-8-s4,4,sparse-bernoulli-0.50,18234682480328173695,5,960,0.070000,soft,direct-terminal,0.430000,17,true
sparse-p0.50-d1-8-s4,4,sparse-bernoulli-0.50,18234682480328173695,5,960,0.070000,2.0000,direct-terminal,0.242500,17,true
sparse-p0.50-d1-8-s4,4,sparse-bernoulli-0.50,18234682480328173695,5,960,0.070000,1.0000,direct-terminal,0.242500,17,true
sparse-p0.50-d1-8-s4,4,sparse-bernoulli-0.50,18234682480328173695,5,960,0.070000,hard,direct-terminal,0.210000,17,true
sparse-p0.50-d1-8-s4,4,sparse-bernoulli-0.50,2001310518681822354,5,960,0.070000,soft,direct-terminal,0.345000,13,true
sparse-p0.50-d1-8-s4,4,sparse-bernoulli-0.50,2001310518681822354,5,960,0.070000,2.0000,direct-terminal,0.267500,13,true
sparse-p0.50-d1-8-s4,4,sparse-bernoulli-0.50,2001310518681822354,5,960,0.070000,1.0000,direct-terminal,0.267500,13,true
sparse-p0.50-d1-8-s4,4,sparse-bernoulli-0.50,2001310518681822354,5,960,0.070000,hard,direct-terminal,0.277500,13,true
sparse-p0.50-d1-8-s4,4,sparse-bernoulli-0.50,13400896689310720169,5,960,0.070000,soft,direct-terminal,0.315000,13,true
sparse-p0.50-d1-8-s4,4,sparse-bernoulli-0.50,13400896689310720169,5,960,0.070000,2.0000,direct-terminal,0.267500,13,true
sparse-p0.50-d1-8-s4,4,sparse-bernoulli-0.50,13400896689310720169,5,960,0.070000,1.0000,direct-terminal,0.227500,13,true
sparse-p0.50-d1-8-s4,4,sparse-bernoulli-0.50,13400896689310720169,5,960,0.070000,hard,direct-terminal,0.000000,13,true
sparse-p0.50-d1-8-s4,4,sparse-bernoulli-0.50,15453320347936062484,6,240,0.035000,soft,direct-terminal,0.482500,14,true
sparse-p0.50-d1-8-s4,4,sparse-bernoulli-0.50,15453320347936062484,6,240,0.035000,2.0000,direct-terminal,0.237500,14,true
sparse-p0.50-d1-8-s4,4,sparse-bernoulli-0.50,15453320347936062484,6,240,0.035000,1.0000,direct-terminal,0.237500,14,true
sparse-p0.50-d1-8-s4,4,sparse-bernoulli-0.50,15453320347936062484,6,240,0.035000,hard,direct-terminal,0.505000,14,true
sparse-p0.50-d1-8-s4,4,sparse-bernoulli-0.50,8371261729603450923,6,240,0.035000,soft,direct-terminal,0.500000,16,true
sparse-p0.50-d1-8-s4,4,sparse-bernoulli-0.50,8371261729603450923,6,240,0.035000,2.0000,direct-terminal,0.225000,16,true
sparse-p0.50-d1-8-s4,4,sparse-bernoulli-0.50,8371261729603450923,6,240,0.035000,1.0000,direct-terminal,0.225000,16,true
sparse-p0.50-d1-8-s4,4,sparse-bernoulli-0.50,8371261729603450923,6,240,0.035000,hard,direct-terminal,0.530000,16,true
sparse-p0.50-d1-8-s4,4,sparse-bernoulli-0.50,10584633876018000958,6,240,0.035000,soft,direct-terminal,0.465000,19,true
sparse-p0.50-d1-8-s4,4,sparse-bernoulli-0.50,10584633876018000958,6,240,0.035000,2.0000,direct-terminal,0.307500,19,true
sparse-p0.50-d1-8-s4,4,sparse-bernoulli-0.50,10584633876018000958,6,240,0.035000,1.0000,direct-terminal,0.307500,19,true
sparse-p0.50-d1-8-s4,4,sparse-bernoulli-0.50,10584633876018000958,6,240,0.035000,hard,direct-terminal,0.557500,19,true
sparse-p0.50-d1-8-s4,4,sparse-bernoulli-0.50,3503703373795356757,6,240,0.035000,soft,direct-terminal,0.492500,17,true
sparse-p0.50-d1-8-s4,4,sparse-bernoulli-0.50,3503703373795356757,6,240,0.035000,2.0000,direct-terminal,0.242500,17,true
sparse-p0.50-d1-8-s4,4,sparse-bernoulli-0.50,3503703373795356757,6,240,0.035000,1.0000,direct-terminal,0.242500,17,true
sparse-p0.50-d1-8-s4,4,sparse-bernoulli-0.50,3503703373795356757,6,240,0.035000,hard,direct-terminal,0.492500,17,true
sparse-p0.50-d1-8-s4,4,sparse-bernoulli-0.50,6869996990457277544,6,240,0.035000,soft,direct-terminal,0.470000,16,true
sparse-p0.50-d1-8-s4,4,sparse-bernoulli-0.50,6869996990457277544,6,240,0.035000,2.0000,direct-terminal,0.275000,16,true
sparse-p0.50-d1-8-s4,4,sparse-bernoulli-0.50,6869996990457277544,6,240,0.035000,1.0000,direct-terminal,0.275000,16,true
sparse-p0.50-d1-8-s4,4,sparse-bernoulli-0.50,6869996990457277544,6,240,0.035000,hard,direct-terminal,0.485000,16,true
sparse-p0.50-d1-8-s4,4,sparse-bernoulli-0.50,18234682480328173695,6,240,0.035000,soft,direct-terminal,0.475000,17,true
sparse-p0.50-d1-8-s4,4,sparse-bernoulli-0.50,18234682480328173695,6,240,0.035000,2.0000,direct-terminal,0.247500,17,true
sparse-p0.50-d1-8-s4,4,sparse-bernoulli-0.50,18234682480328173695,6,240,0.035000,1.0000,direct-terminal,0.247500,17,true
sparse-p0.50-d1-8-s4,4,sparse-bernoulli-0.50,18234682480328173695,6,240,0.035000,hard,direct-terminal,0.515000,17,true
sparse-p0.50-d1-8-s4,4,sparse-bernoulli-0.50,2001310518681822354,6,240,0.035000,soft,direct-terminal,0.520000,13,true
sparse-p0.50-d1-8-s4,4,sparse-bernoulli-0.50,2001310518681822354,6,240,0.035000,2.0000,direct-terminal,0.225000,13,true
sparse-p0.50-d1-8-s4,4,sparse-bernoulli-0.50,2001310518681822354,6,240,0.035000,1.0000,direct-terminal,0.232500,13,true
sparse-p0.50-d1-8-s4,4,sparse-bernoulli-0.50,2001310518681822354,6,240,0.035000,hard,direct-terminal,0.532500,13,true
sparse-p0.50-d1-8-s4,4,sparse-bernoulli-0.50,13400896689310720169,6,240,0.035000,soft,direct-terminal,0.512500,13,true
sparse-p0.50-d1-8-s4,4,sparse-bernoulli-0.50,13400896689310720169,6,240,0.035000,2.0000,direct-terminal,0.237500,13,true
sparse-p0.50-d1-8-s4,4,sparse-bernoulli-0.50,13400896689310720169,6,240,0.035000,1.0000,direct-terminal,0.280000,13,true
sparse-p0.50-d1-8-s4,4,sparse-bernoulli-0.50,13400896689310720169,6,240,0.035000,hard,direct-terminal,0.480000,13,true
sparse-p0.50-d1-8-s4,4,sparse-bernoulli-0.50,15453320347936062484,6,240,0.070000,soft,direct-terminal,0.490000,14,true
sparse-p0.50-d1-8-s4,4,sparse-bernoulli-0.50,15453320347936062484,6,240,0.070000,2.0000,direct-terminal,0.237500,14,true
sparse-p0.50-d1-8-s4,4,sparse-bernoulli-0.50,15453320347936062484,6,240,0.070000,1.0000,direct-terminal,0.237500,14,true
sparse-p0.50-d1-8-s4,4,sparse-bernoulli-0.50,15453320347936062484,6,240,0.070000,hard,direct-terminal,0.505000,14,true
sparse-p0.50-d1-8-s4,4,sparse-bernoulli-0.50,8371261729603450923,6,240,0.070000,soft,direct-terminal,0.482500,16,true
sparse-p0.50-d1-8-s4,4,sparse-bernoulli-0.50,8371261729603450923,6,240,0.070000,2.0000,direct-terminal,0.225000,16,true
sparse-p0.50-d1-8-s4,4,sparse-bernoulli-0.50,8371261729603450923,6,240,0.070000,1.0000,direct-terminal,0.225000,16,true
sparse-p0.50-d1-8-s4,4,sparse-bernoulli-0.50,8371261729603450923,6,240,0.070000,hard,direct-terminal,0.530000,16,true
sparse-p0.50-d1-8-s4,4,sparse-bernoulli-0.50,10584633876018000958,6,240,0.070000,soft,direct-terminal,0.422500,19,true
sparse-p0.50-d1-8-s4,4,sparse-bernoulli-0.50,10584633876018000958,6,240,0.070000,2.0000,direct-terminal,0.250000,19,true
sparse-p0.50-d1-8-s4,4,sparse-bernoulli-0.50,10584633876018000958,6,240,0.070000,1.0000,direct-terminal,0.250000,19,true
sparse-p0.50-d1-8-s4,4,sparse-bernoulli-0.50,10584633876018000958,6,240,0.070000,hard,direct-terminal,0.517500,19,true
sparse-p0.50-d1-8-s4,4,sparse-bernoulli-0.50,3503703373795356757,6,240,0.070000,soft,direct-terminal,0.477500,17,true
sparse-p0.50-d1-8-s4,4,sparse-bernoulli-0.50,3503703373795356757,6,240,0.070000,2.0000,direct-terminal,0.242500,17,true
sparse-p0.50-d1-8-s4,4,sparse-bernoulli-0.50,3503703373795356757,6,240,0.070000,1.0000,direct-terminal,0.242500,17,true
sparse-p0.50-d1-8-s4,4,sparse-bernoulli-0.50,3503703373795356757,6,240,0.070000,hard,direct-terminal,0.492500,17,true
sparse-p0.50-d1-8-s4,4,sparse-bernoulli-0.50,6869996990457277544,6,240,0.070000,soft,direct-terminal,0.487500,16,true
sparse-p0.50-d1-8-s4,4,sparse-bernoulli-0.50,6869996990457277544,6,240,0.070000,2.0000,direct-terminal,0.275000,16,true
sparse-p0.50-d1-8-s4,4,sparse-bernoulli-0.50,6869996990457277544,6,240,0.070000,1.0000,direct-terminal,0.275000,16,true
sparse-p0.50-d1-8-s4,4,sparse-bernoulli-0.50,6869996990457277544,6,240,0.070000,hard,direct-terminal,0.485000,16,true
sparse-p0.50-d1-8-s4,4,sparse-bernoulli-0.50,18234682480328173695,6,240,0.070000,soft,direct-terminal,0.505000,17,true
sparse-p0.50-d1-8-s4,4,sparse-bernoulli-0.50,18234682480328173695,6,240,0.070000,2.0000,direct-terminal,0.227500,17,true
sparse-p0.50-d1-8-s4,4,sparse-bernoulli-0.50,18234682480328173695,6,240,0.070000,1.0000,direct-terminal,0.227500,17,true
sparse-p0.50-d1-8-s4,4,sparse-bernoulli-0.50,18234682480328173695,6,240,0.070000,hard,direct-terminal,0.515000,17,true
sparse-p0.50-d1-8-s4,4,sparse-bernoulli-0.50,2001310518681822354,6,240,0.070000,soft,direct-terminal,0.400000,13,true
sparse-p0.50-d1-8-s4,4,sparse-bernoulli-0.50,2001310518681822354,6,240,0.070000,2.0000,direct-terminal,0.232500,13,true
sparse-p0.50-d1-8-s4,4,sparse-bernoulli-0.50,2001310518681822354,6,240,0.070000,1.0000,direct-terminal,0.232500,13,true
sparse-p0.50-d1-8-s4,4,sparse-bernoulli-0.50,2001310518681822354,6,240,0.070000,hard,direct-terminal,0.520000,13,true
sparse-p0.50-d1-8-s4,4,sparse-bernoulli-0.50,13400896689310720169,6,240,0.070000,soft,direct-terminal,0.487500,13,true
sparse-p0.50-d1-8-s4,4,sparse-bernoulli-0.50,13400896689310720169,6,240,0.070000,2.0000,direct-terminal,0.242500,13,true
sparse-p0.50-d1-8-s4,4,sparse-bernoulli-0.50,13400896689310720169,6,240,0.070000,1.0000,direct-terminal,0.257500,13,true
sparse-p0.50-d1-8-s4,4,sparse-bernoulli-0.50,13400896689310720169,6,240,0.070000,hard,direct-terminal,0.507500,13,true
sparse-p0.50-d1-8-s4,4,sparse-bernoulli-0.50,15453320347936062484,6,960,0.035000,soft,direct-terminal,0.430000,14,true
sparse-p0.50-d1-8-s4,4,sparse-bernoulli-0.50,15453320347936062484,6,960,0.035000,2.0000,direct-terminal,0.237500,14,true
sparse-p0.50-d1-8-s4,4,sparse-bernoulli-0.50,15453320347936062484,6,960,0.035000,1.0000,direct-terminal,0.237500,14,true
sparse-p0.50-d1-8-s4,4,sparse-bernoulli-0.50,15453320347936062484,6,960,0.035000,hard,direct-terminal,0.505000,14,true
sparse-p0.50-d1-8-s4,4,sparse-bernoulli-0.50,8371261729603450923,6,960,0.035000,soft,direct-terminal,0.495000,16,true
sparse-p0.50-d1-8-s4,4,sparse-bernoulli-0.50,8371261729603450923,6,960,0.035000,2.0000,direct-terminal,0.225000,16,true
sparse-p0.50-d1-8-s4,4,sparse-bernoulli-0.50,8371261729603450923,6,960,0.035000,1.0000,direct-terminal,0.225000,16,true
sparse-p0.50-d1-8-s4,4,sparse-bernoulli-0.50,8371261729603450923,6,960,0.035000,hard,direct-terminal,0.530000,16,true
sparse-p0.50-d1-8-s4,4,sparse-bernoulli-0.50,10584633876018000958,6,960,0.035000,soft,direct-terminal,0.427500,19,true
sparse-p0.50-d1-8-s4,4,sparse-bernoulli-0.50,10584633876018000958,6,960,0.035000,2.0000,direct-terminal,0.250000,19,true
sparse-p0.50-d1-8-s4,4,sparse-bernoulli-0.50,10584633876018000958,6,960,0.035000,1.0000,direct-terminal,0.250000,19,true
sparse-p0.50-d1-8-s4,4,sparse-bernoulli-0.50,10584633876018000958,6,960,0.035000,hard,direct-terminal,0.492500,19,true
sparse-p0.50-d1-8-s4,4,sparse-bernoulli-0.50,3503703373795356757,6,960,0.035000,soft,direct-terminal,0.487500,17,true
sparse-p0.50-d1-8-s4,4,sparse-bernoulli-0.50,3503703373795356757,6,960,0.035000,2.0000,direct-terminal,0.242500,17,true
sparse-p0.50-d1-8-s4,4,sparse-bernoulli-0.50,3503703373795356757,6,960,0.035000,1.0000,direct-terminal,0.242500,17,true
sparse-p0.50-d1-8-s4,4,sparse-bernoulli-0.50,3503703373795356757,6,960,0.035000,hard,direct-terminal,0.492500,17,true
sparse-p0.50-d1-8-s4,4,sparse-bernoulli-0.50,6869996990457277544,6,960,0.035000,soft,direct-terminal,0.462500,16,true
sparse-p0.50-d1-8-s4,4,sparse-bernoulli-0.50,6869996990457277544,6,960,0.035000,2.0000,direct-terminal,0.305000,16,true
sparse-p0.50-d1-8-s4,4,sparse-bernoulli-0.50,6869996990457277544,6,960,0.035000,1.0000,direct-terminal,0.305000,16,true
sparse-p0.50-d1-8-s4,4,sparse-bernoulli-0.50,6869996990457277544,6,960,0.035000,hard,direct-terminal,0.485000,16,true
sparse-p0.50-d1-8-s4,4,sparse-bernoulli-0.50,18234682480328173695,6,960,0.035000,soft,direct-terminal,0.510000,17,true
sparse-p0.50-d1-8-s4,4,sparse-bernoulli-0.50,18234682480328173695,6,960,0.035000,2.0000,direct-terminal,0.260000,17,true
sparse-p0.50-d1-8-s4,4,sparse-bernoulli-0.50,18234682480328173695,6,960,0.035000,1.0000,direct-terminal,0.260000,17,true
sparse-p0.50-d1-8-s4,4,sparse-bernoulli-0.50,18234682480328173695,6,960,0.035000,hard,direct-terminal,0.515000,17,true
sparse-p0.50-d1-8-s4,4,sparse-bernoulli-0.50,2001310518681822354,6,960,0.035000,soft,direct-terminal,0.535000,13,true
sparse-p0.50-d1-8-s4,4,sparse-bernoulli-0.50,2001310518681822354,6,960,0.035000,2.0000,direct-terminal,0.282500,13,true
sparse-p0.50-d1-8-s4,4,sparse-bernoulli-0.50,2001310518681822354,6,960,0.035000,1.0000,direct-terminal,0.255000,13,true
sparse-p0.50-d1-8-s4,4,sparse-bernoulli-0.50,2001310518681822354,6,960,0.035000,hard,direct-terminal,0.532500,13,true
sparse-p0.50-d1-8-s4,4,sparse-bernoulli-0.50,13400896689310720169,6,960,0.035000,soft,direct-terminal,0.475000,13,true
sparse-p0.50-d1-8-s4,4,sparse-bernoulli-0.50,13400896689310720169,6,960,0.035000,2.0000,direct-terminal,0.205000,13,true
sparse-p0.50-d1-8-s4,4,sparse-bernoulli-0.50,13400896689310720169,6,960,0.035000,1.0000,direct-terminal,0.245000,13,true
sparse-p0.50-d1-8-s4,4,sparse-bernoulli-0.50,13400896689310720169,6,960,0.035000,hard,direct-terminal,0.507500,13,true
sparse-p0.50-d1-8-s4,4,sparse-bernoulli-0.50,15453320347936062484,6,960,0.070000,soft,direct-terminal,0.452500,14,true
sparse-p0.50-d1-8-s4,4,sparse-bernoulli-0.50,15453320347936062484,6,960,0.070000,2.0000,direct-terminal,0.237500,14,true
sparse-p0.50-d1-8-s4,4,sparse-bernoulli-0.50,15453320347936062484,6,960,0.070000,1.0000,direct-terminal,0.237500,14,true
sparse-p0.50-d1-8-s4,4,sparse-bernoulli-0.50,15453320347936062484,6,960,0.070000,hard,direct-terminal,0.495000,14,true
sparse-p0.50-d1-8-s4,4,sparse-bernoulli-0.50,8371261729603450923,6,960,0.070000,soft,direct-terminal,0.492500,16,true
sparse-p0.50-d1-8-s4,4,sparse-bernoulli-0.50,8371261729603450923,6,960,0.070000,2.0000,direct-terminal,0.255000,16,true
sparse-p0.50-d1-8-s4,4,sparse-bernoulli-0.50,8371261729603450923,6,960,0.070000,1.0000,direct-terminal,0.207500,16,true
sparse-p0.50-d1-8-s4,4,sparse-bernoulli-0.50,8371261729603450923,6,960,0.070000,hard,direct-terminal,0.532500,16,true
sparse-p0.50-d1-8-s4,4,sparse-bernoulli-0.50,10584633876018000958,6,960,0.070000,soft,direct-terminal,0.495000,19,true
sparse-p0.50-d1-8-s4,4,sparse-bernoulli-0.50,10584633876018000958,6,960,0.070000,2.0000,direct-terminal,0.250000,19,true
sparse-p0.50-d1-8-s4,4,sparse-bernoulli-0.50,10584633876018000958,6,960,0.070000,1.0000,direct-terminal,0.287500,19,true
sparse-p0.50-d1-8-s4,4,sparse-bernoulli-0.50,10584633876018000958,6,960,0.070000,hard,direct-terminal,0.517500,19,true
sparse-p0.50-d1-8-s4,4,sparse-bernoulli-0.50,3503703373795356757,6,960,0.070000,soft,direct-terminal,0.482500,17,true
sparse-p0.50-d1-8-s4,4,sparse-bernoulli-0.50,3503703373795356757,6,960,0.070000,2.0000,direct-terminal,0.237500,17,true
sparse-p0.50-d1-8-s4,4,sparse-bernoulli-0.50,3503703373795356757,6,960,0.070000,1.0000,direct-terminal,0.242500,17,true
sparse-p0.50-d1-8-s4,4,sparse-bernoulli-0.50,3503703373795356757,6,960,0.070000,hard,direct-terminal,0.452500,17,true
sparse-p0.50-d1-8-s4,4,sparse-bernoulli-0.50,6869996990457277544,6,960,0.070000,soft,direct-terminal,0.510000,16,true
sparse-p0.50-d1-8-s4,4,sparse-bernoulli-0.50,6869996990457277544,6,960,0.070000,2.0000,direct-terminal,0.275000,16,true
sparse-p0.50-d1-8-s4,4,sparse-bernoulli-0.50,6869996990457277544,6,960,0.070000,1.0000,direct-terminal,0.275000,16,true
sparse-p0.50-d1-8-s4,4,sparse-bernoulli-0.50,6869996990457277544,6,960,0.070000,hard,direct-terminal,0.490000,16,true
sparse-p0.50-d1-8-s4,4,sparse-bernoulli-0.50,18234682480328173695,6,960,0.070000,soft,direct-terminal,0.515000,17,true
sparse-p0.50-d1-8-s4,4,sparse-bernoulli-0.50,18234682480328173695,6,960,0.070000,2.0000,direct-terminal,0.260000,17,true
sparse-p0.50-d1-8-s4,4,sparse-bernoulli-0.50,18234682480328173695,6,960,0.070000,1.0000,direct-terminal,0.260000,17,true
sparse-p0.50-d1-8-s4,4,sparse-bernoulli-0.50,18234682480328173695,6,960,0.070000,hard,direct-terminal,0.480000,17,true
sparse-p0.50-d1-8-s4,4,sparse-bernoulli-0.50,2001310518681822354,6,960,0.070000,soft,direct-terminal,0.547500,13,true
sparse-p0.50-d1-8-s4,4,sparse-bernoulli-0.50,2001310518681822354,6,960,0.070000,2.0000,direct-terminal,0.215000,13,true
sparse-p0.50-d1-8-s4,4,sparse-bernoulli-0.50,2001310518681822354,6,960,0.070000,1.0000,direct-terminal,0.215000,13,true
sparse-p0.50-d1-8-s4,4,sparse-bernoulli-0.50,2001310518681822354,6,960,0.070000,hard,direct-terminal,0.532500,13,true
sparse-p0.50-d1-8-s4,4,sparse-bernoulli-0.50,13400896689310720169,6,960,0.070000,soft,direct-terminal,0.477500,13,true
sparse-p0.50-d1-8-s4,4,sparse-bernoulli-0.50,13400896689310720169,6,960,0.070000,2.0000,direct-terminal,0.242500,13,true
sparse-p0.50-d1-8-s4,4,sparse-bernoulli-0.50,13400896689310720169,6,960,0.070000,1.0000,direct-terminal,0.232500,13,true
sparse-p0.50-d1-8-s4,4,sparse-bernoulli-0.50,13400896689310720169,6,960,0.070000,hard,direct-terminal,0.507500,13,true
sparse-p0.50-d1-8-s4,4,sparse-bernoulli-0.50,15453320347936062484,7,240,0.035000,soft,direct-terminal,0.417500,14,true
sparse-p0.50-d1-8-s4,4,sparse-bernoulli-0.50,15453320347936062484,7,240,0.035000,2.0000,direct-terminal,0.287500,14,true
sparse-p0.50-d1-8-s4,4,sparse-bernoulli-0.50,15453320347936062484,7,240,0.035000,1.0000,direct-terminal,0.282500,14,true
sparse-p0.50-d1-8-s4,4,sparse-bernoulli-0.50,15453320347936062484,7,240,0.035000,hard,direct-terminal,0.000000,14,true
sparse-p0.50-d1-8-s4,4,sparse-bernoulli-0.50,8371261729603450923,7,240,0.035000,soft,direct-terminal,0.400000,16,true
sparse-p0.50-d1-8-s4,4,sparse-bernoulli-0.50,8371261729603450923,7,240,0.035000,2.0000,direct-terminal,0.240000,16,true
sparse-p0.50-d1-8-s4,4,sparse-bernoulli-0.50,8371261729603450923,7,240,0.035000,1.0000,direct-terminal,0.240000,16,true
sparse-p0.50-d1-8-s4,4,sparse-bernoulli-0.50,8371261729603450923,7,240,0.035000,hard,direct-terminal,0.000000,16,true
sparse-p0.50-d1-8-s4,4,sparse-bernoulli-0.50,10584633876018000958,7,240,0.035000,soft,direct-terminal,0.407500,19,true
sparse-p0.50-d1-8-s4,4,sparse-bernoulli-0.50,10584633876018000958,7,240,0.035000,2.0000,direct-terminal,0.252500,19,true
sparse-p0.50-d1-8-s4,4,sparse-bernoulli-0.50,10584633876018000958,7,240,0.035000,1.0000,direct-terminal,0.252500,19,true
sparse-p0.50-d1-8-s4,4,sparse-bernoulli-0.50,10584633876018000958,7,240,0.035000,hard,direct-terminal,0.000000,19,true
sparse-p0.50-d1-8-s4,4,sparse-bernoulli-0.50,3503703373795356757,7,240,0.035000,soft,direct-terminal,0.260000,17,true
sparse-p0.50-d1-8-s4,4,sparse-bernoulli-0.50,3503703373795356757,7,240,0.035000,2.0000,direct-terminal,0.252500,17,true
sparse-p0.50-d1-8-s4,4,sparse-bernoulli-0.50,3503703373795356757,7,240,0.035000,1.0000,direct-terminal,0.265000,17,true
sparse-p0.50-d1-8-s4,4,sparse-bernoulli-0.50,3503703373795356757,7,240,0.035000,hard,direct-terminal,0.000000,17,true
sparse-p0.50-d1-8-s4,4,sparse-bernoulli-0.50,6869996990457277544,7,240,0.035000,soft,direct-terminal,0.420000,16,true
sparse-p0.50-d1-8-s4,4,sparse-bernoulli-0.50,6869996990457277544,7,240,0.035000,2.0000,direct-terminal,0.282500,16,true
sparse-p0.50-d1-8-s4,4,sparse-bernoulli-0.50,6869996990457277544,7,240,0.035000,1.0000,direct-terminal,0.282500,16,true
sparse-p0.50-d1-8-s4,4,sparse-bernoulli-0.50,6869996990457277544,7,240,0.035000,hard,direct-terminal,0.000000,16,true
sparse-p0.50-d1-8-s4,4,sparse-bernoulli-0.50,18234682480328173695,7,240,0.035000,soft,direct-terminal,0.375000,17,true
sparse-p0.50-d1-8-s4,4,sparse-bernoulli-0.50,18234682480328173695,7,240,0.035000,2.0000,direct-terminal,0.247500,17,true
sparse-p0.50-d1-8-s4,4,sparse-bernoulli-0.50,18234682480328173695,7,240,0.035000,1.0000,direct-terminal,0.247500,17,true
sparse-p0.50-d1-8-s4,4,sparse-bernoulli-0.50,18234682480328173695,7,240,0.035000,hard,direct-terminal,0.000000,17,true
sparse-p0.50-d1-8-s4,4,sparse-bernoulli-0.50,2001310518681822354,7,240,0.035000,soft,direct-terminal,0.400000,13,true
sparse-p0.50-d1-8-s4,4,sparse-bernoulli-0.50,2001310518681822354,7,240,0.035000,2.0000,direct-terminal,0.260000,13,true
sparse-p0.50-d1-8-s4,4,sparse-bernoulli-0.50,2001310518681822354,7,240,0.035000,1.0000,direct-terminal,0.260000,13,true
sparse-p0.50-d1-8-s4,4,sparse-bernoulli-0.50,2001310518681822354,7,240,0.035000,hard,direct-terminal,0.127500,13,true
sparse-p0.50-d1-8-s4,4,sparse-bernoulli-0.50,13400896689310720169,7,240,0.035000,soft,direct-terminal,0.485000,13,true
sparse-p0.50-d1-8-s4,4,sparse-bernoulli-0.50,13400896689310720169,7,240,0.035000,2.0000,direct-terminal,0.282500,13,true
sparse-p0.50-d1-8-s4,4,sparse-bernoulli-0.50,13400896689310720169,7,240,0.035000,1.0000,direct-terminal,0.282500,13,true
sparse-p0.50-d1-8-s4,4,sparse-bernoulli-0.50,13400896689310720169,7,240,0.035000,hard,direct-terminal,0.000000,13,true
sparse-p0.50-d1-8-s4,4,sparse-bernoulli-0.50,15453320347936062484,7,240,0.070000,soft,direct-terminal,0.412500,14,true
sparse-p0.50-d1-8-s4,4,sparse-bernoulli-0.50,15453320347936062484,7,240,0.070000,2.0000,direct-terminal,0.282500,14,true
sparse-p0.50-d1-8-s4,4,sparse-bernoulli-0.50,15453320347936062484,7,240,0.070000,1.0000,direct-terminal,0.282500,14,true
sparse-p0.50-d1-8-s4,4,sparse-bernoulli-0.50,15453320347936062484,7,240,0.070000,hard,direct-terminal,0.000000,14,true
sparse-p0.50-d1-8-s4,4,sparse-bernoulli-0.50,8371261729603450923,7,240,0.070000,soft,direct-terminal,0.402500,16,true
sparse-p0.50-d1-8-s4,4,sparse-bernoulli-0.50,8371261729603450923,7,240,0.070000,2.0000,direct-terminal,0.242500,16,true
sparse-p0.50-d1-8-s4,4,sparse-bernoulli-0.50,8371261729603450923,7,240,0.070000,1.0000,direct-terminal,0.242500,16,true
sparse-p0.50-d1-8-s4,4,sparse-bernoulli-0.50,8371261729603450923,7,240,0.070000,hard,direct-terminal,0.000000,16,true
sparse-p0.50-d1-8-s4,4,sparse-bernoulli-0.50,10584633876018000958,7,240,0.070000,soft,direct-terminal,0.425000,19,true
sparse-p0.50-d1-8-s4,4,sparse-bernoulli-0.50,10584633876018000958,7,240,0.070000,2.0000,direct-terminal,0.252500,19,true
sparse-p0.50-d1-8-s4,4,sparse-bernoulli-0.50,10584633876018000958,7,240,0.070000,1.0000,direct-terminal,0.252500,19,true
sparse-p0.50-d1-8-s4,4,sparse-bernoulli-0.50,10584633876018000958,7,240,0.070000,hard,direct-terminal,0.000000,19,true
sparse-p0.50-d1-8-s4,4,sparse-bernoulli-0.50,3503703373795356757,7,240,0.070000,soft,direct-terminal,0.202500,17,true
sparse-p0.50-d1-8-s4,4,sparse-bernoulli-0.50,3503703373795356757,7,240,0.070000,2.0000,direct-terminal,0.265000,17,true
sparse-p0.50-d1-8-s4,4,sparse-bernoulli-0.50,3503703373795356757,7,240,0.070000,1.0000,direct-terminal,0.265000,17,true
sparse-p0.50-d1-8-s4,4,sparse-bernoulli-0.50,3503703373795356757,7,240,0.070000,hard,direct-terminal,0.000000,17,true
sparse-p0.50-d1-8-s4,4,sparse-bernoulli-0.50,6869996990457277544,7,240,0.070000,soft,direct-terminal,0.360000,16,true
sparse-p0.50-d1-8-s4,4,sparse-bernoulli-0.50,6869996990457277544,7,240,0.070000,2.0000,direct-terminal,0.270000,16,true
sparse-p0.50-d1-8-s4,4,sparse-bernoulli-0.50,6869996990457277544,7,240,0.070000,1.0000,direct-terminal,0.270000,16,true
sparse-p0.50-d1-8-s4,4,sparse-bernoulli-0.50,6869996990457277544,7,240,0.070000,hard,direct-terminal,0.000000,16,true
sparse-p0.50-d1-8-s4,4,sparse-bernoulli-0.50,18234682480328173695,7,240,0.070000,soft,direct-terminal,0.390000,17,true
sparse-p0.50-d1-8-s4,4,sparse-bernoulli-0.50,18234682480328173695,7,240,0.070000,2.0000,direct-terminal,0.257500,17,true
sparse-p0.50-d1-8-s4,4,sparse-bernoulli-0.50,18234682480328173695,7,240,0.070000,1.0000,direct-terminal,0.257500,17,true
sparse-p0.50-d1-8-s4,4,sparse-bernoulli-0.50,18234682480328173695,7,240,0.070000,hard,direct-terminal,0.255000,17,true
sparse-p0.50-d1-8-s4,4,sparse-bernoulli-0.50,2001310518681822354,7,240,0.070000,soft,direct-terminal,0.402500,13,true
sparse-p0.50-d1-8-s4,4,sparse-bernoulli-0.50,2001310518681822354,7,240,0.070000,2.0000,direct-terminal,0.260000,13,true
sparse-p0.50-d1-8-s4,4,sparse-bernoulli-0.50,2001310518681822354,7,240,0.070000,1.0000,direct-terminal,0.260000,13,true
sparse-p0.50-d1-8-s4,4,sparse-bernoulli-0.50,2001310518681822354,7,240,0.070000,hard,direct-terminal,0.127500,13,true
sparse-p0.50-d1-8-s4,4,sparse-bernoulli-0.50,13400896689310720169,7,240,0.070000,soft,direct-terminal,0.465000,13,true
sparse-p0.50-d1-8-s4,4,sparse-bernoulli-0.50,13400896689310720169,7,240,0.070000,2.0000,direct-terminal,0.212500,13,true
sparse-p0.50-d1-8-s4,4,sparse-bernoulli-0.50,13400896689310720169,7,240,0.070000,1.0000,direct-terminal,0.212500,13,true
sparse-p0.50-d1-8-s4,4,sparse-bernoulli-0.50,13400896689310720169,7,240,0.070000,hard,direct-terminal,0.000000,13,true
sparse-p0.50-d1-8-s4,4,sparse-bernoulli-0.50,15453320347936062484,7,960,0.035000,soft,direct-terminal,0.425000,14,true
sparse-p0.50-d1-8-s4,4,sparse-bernoulli-0.50,15453320347936062484,7,960,0.035000,2.0000,direct-terminal,0.287500,14,true
sparse-p0.50-d1-8-s4,4,sparse-bernoulli-0.50,15453320347936062484,7,960,0.035000,1.0000,direct-terminal,0.287500,14,true
sparse-p0.50-d1-8-s4,4,sparse-bernoulli-0.50,15453320347936062484,7,960,0.035000,hard,direct-terminal,0.147500,14,true
sparse-p0.50-d1-8-s4,4,sparse-bernoulli-0.50,8371261729603450923,7,960,0.035000,soft,direct-terminal,0.415000,16,true
sparse-p0.50-d1-8-s4,4,sparse-bernoulli-0.50,8371261729603450923,7,960,0.035000,2.0000,direct-terminal,0.215000,16,true
sparse-p0.50-d1-8-s4,4,sparse-bernoulli-0.50,8371261729603450923,7,960,0.035000,1.0000,direct-terminal,0.240000,16,true
sparse-p0.50-d1-8-s4,4,sparse-bernoulli-0.50,8371261729603450923,7,960,0.035000,hard,direct-terminal,0.000000,16,true
sparse-p0.50-d1-8-s4,4,sparse-bernoulli-0.50,10584633876018000958,7,960,0.035000,soft,direct-terminal,0.502500,19,true
sparse-p0.50-d1-8-s4,4,sparse-bernoulli-0.50,10584633876018000958,7,960,0.035000,2.0000,direct-terminal,0.222500,19,true
sparse-p0.50-d1-8-s4,4,sparse-bernoulli-0.50,10584633876018000958,7,960,0.035000,1.0000,direct-terminal,0.222500,19,true
sparse-p0.50-d1-8-s4,4,sparse-bernoulli-0.50,10584633876018000958,7,960,0.035000,hard,direct-terminal,0.000000,19,true
sparse-p0.50-d1-8-s4,4,sparse-bernoulli-0.50,3503703373795356757,7,960,0.035000,soft,direct-terminal,0.395000,17,true
sparse-p0.50-d1-8-s4,4,sparse-bernoulli-0.50,3503703373795356757,7,960,0.035000,2.0000,direct-terminal,0.252500,17,true
sparse-p0.50-d1-8-s4,4,sparse-bernoulli-0.50,3503703373795356757,7,960,0.035000,1.0000,direct-terminal,0.252500,17,true
sparse-p0.50-d1-8-s4,4,sparse-bernoulli-0.50,3503703373795356757,7,960,0.035000,hard,direct-terminal,0.132500,17,true
sparse-p0.50-d1-8-s4,4,sparse-bernoulli-0.50,6869996990457277544,7,960,0.035000,soft,direct-terminal,0.440000,16,true
sparse-p0.50-d1-8-s4,4,sparse-bernoulli-0.50,6869996990457277544,7,960,0.035000,2.0000,direct-terminal,0.282500,16,true
sparse-p0.50-d1-8-s4,4,sparse-bernoulli-0.50,6869996990457277544,7,960,0.035000,1.0000,direct-terminal,0.282500,16,true
sparse-p0.50-d1-8-s4,4,sparse-bernoulli-0.50,6869996990457277544,7,960,0.035000,hard,direct-terminal,0.000000,16,true
sparse-p0.50-d1-8-s4,4,sparse-bernoulli-0.50,18234682480328173695,7,960,0.035000,soft,direct-terminal,0.397500,17,true
sparse-p0.50-d1-8-s4,4,sparse-bernoulli-0.50,18234682480328173695,7,960,0.035000,2.0000,direct-terminal,0.257500,17,true
sparse-p0.50-d1-8-s4,4,sparse-bernoulli-0.50,18234682480328173695,7,960,0.035000,1.0000,direct-terminal,0.257500,17,true
sparse-p0.50-d1-8-s4,4,sparse-bernoulli-0.50,18234682480328173695,7,960,0.035000,hard,direct-terminal,0.255000,17,true
sparse-p0.50-d1-8-s4,4,sparse-bernoulli-0.50,2001310518681822354,7,960,0.035000,soft,direct-terminal,0.430000,13,true
sparse-p0.50-d1-8-s4,4,sparse-bernoulli-0.50,2001310518681822354,7,960,0.035000,2.0000,direct-terminal,0.250000,13,true
sparse-p0.50-d1-8-s4,4,sparse-bernoulli-0.50,2001310518681822354,7,960,0.035000,1.0000,direct-terminal,0.250000,13,true
sparse-p0.50-d1-8-s4,4,sparse-bernoulli-0.50,2001310518681822354,7,960,0.035000,hard,direct-terminal,0.127500,13,true
sparse-p0.50-d1-8-s4,4,sparse-bernoulli-0.50,13400896689310720169,7,960,0.035000,soft,direct-terminal,0.482500,13,true
sparse-p0.50-d1-8-s4,4,sparse-bernoulli-0.50,13400896689310720169,7,960,0.035000,2.0000,direct-terminal,0.280000,13,true
sparse-p0.50-d1-8-s4,4,sparse-bernoulli-0.50,13400896689310720169,7,960,0.035000,1.0000,direct-terminal,0.280000,13,true
sparse-p0.50-d1-8-s4,4,sparse-bernoulli-0.50,13400896689310720169,7,960,0.035000,hard,direct-terminal,0.000000,13,true
sparse-p0.50-d1-8-s4,4,sparse-bernoulli-0.50,15453320347936062484,7,960,0.070000,soft,direct-terminal,0.455000,14,true
sparse-p0.50-d1-8-s4,4,sparse-bernoulli-0.50,15453320347936062484,7,960,0.070000,2.0000,direct-terminal,0.277500,14,true
sparse-p0.50-d1-8-s4,4,sparse-bernoulli-0.50,15453320347936062484,7,960,0.070000,1.0000,direct-terminal,0.282500,14,true
sparse-p0.50-d1-8-s4,4,sparse-bernoulli-0.50,15453320347936062484,7,960,0.070000,hard,direct-terminal,0.147500,14,true
sparse-p0.50-d1-8-s4,4,sparse-bernoulli-0.50,8371261729603450923,7,960,0.070000,soft,direct-terminal,0.242500,16,true
sparse-p0.50-d1-8-s4,4,sparse-bernoulli-0.50,8371261729603450923,7,960,0.070000,2.0000,direct-terminal,0.215000,16,true
sparse-p0.50-d1-8-s4,4,sparse-bernoulli-0.50,8371261729603450923,7,960,0.070000,1.0000,direct-terminal,0.215000,16,true
sparse-p0.50-d1-8-s4,4,sparse-bernoulli-0.50,8371261729603450923,7,960,0.070000,hard,direct-terminal,0.240000,16,true
sparse-p0.50-d1-8-s4,4,sparse-bernoulli-0.50,10584633876018000958,7,960,0.070000,soft,direct-terminal,0.417500,19,true
sparse-p0.50-d1-8-s4,4,sparse-bernoulli-0.50,10584633876018000958,7,960,0.070000,2.0000,direct-terminal,0.220000,19,true
sparse-p0.50-d1-8-s4,4,sparse-bernoulli-0.50,10584633876018000958,7,960,0.070000,1.0000,direct-terminal,0.220000,19,true
sparse-p0.50-d1-8-s4,4,sparse-bernoulli-0.50,10584633876018000958,7,960,0.070000,hard,direct-terminal,0.222500,19,true
sparse-p0.50-d1-8-s4,4,sparse-bernoulli-0.50,3503703373795356757,7,960,0.070000,soft,direct-terminal,0.325000,17,true
sparse-p0.50-d1-8-s4,4,sparse-bernoulli-0.50,3503703373795356757,7,960,0.070000,2.0000,direct-terminal,0.265000,17,true
sparse-p0.50-d1-8-s4,4,sparse-bernoulli-0.50,3503703373795356757,7,960,0.070000,1.0000,direct-terminal,0.265000,17,true
sparse-p0.50-d1-8-s4,4,sparse-bernoulli-0.50,3503703373795356757,7,960,0.070000,hard,direct-terminal,0.127500,17,true
sparse-p0.50-d1-8-s4,4,sparse-bernoulli-0.50,6869996990457277544,7,960,0.070000,soft,direct-terminal,0.240000,16,true
sparse-p0.50-d1-8-s4,4,sparse-bernoulli-0.50,6869996990457277544,7,960,0.070000,2.0000,direct-terminal,0.240000,16,true
sparse-p0.50-d1-8-s4,4,sparse-bernoulli-0.50,6869996990457277544,7,960,0.070000,1.0000,direct-terminal,0.240000,16,true
sparse-p0.50-d1-8-s4,4,sparse-bernoulli-0.50,6869996990457277544,7,960,0.070000,hard,direct-terminal,0.240000,16,true
sparse-p0.50-d1-8-s4,4,sparse-bernoulli-0.50,18234682480328173695,7,960,0.070000,soft,direct-terminal,0.380000,17,true
sparse-p0.50-d1-8-s4,4,sparse-bernoulli-0.50,18234682480328173695,7,960,0.070000,2.0000,direct-terminal,0.257500,17,true
sparse-p0.50-d1-8-s4,4,sparse-bernoulli-0.50,18234682480328173695,7,960,0.070000,1.0000,direct-terminal,0.257500,17,true
sparse-p0.50-d1-8-s4,4,sparse-bernoulli-0.50,18234682480328173695,7,960,0.070000,hard,direct-terminal,0.255000,17,true
sparse-p0.50-d1-8-s4,4,sparse-bernoulli-0.50,2001310518681822354,7,960,0.070000,soft,direct-terminal,0.375000,13,true
sparse-p0.50-d1-8-s4,4,sparse-bernoulli-0.50,2001310518681822354,7,960,0.070000,2.0000,direct-terminal,0.260000,13,true
sparse-p0.50-d1-8-s4,4,sparse-bernoulli-0.50,2001310518681822354,7,960,0.070000,1.0000,direct-terminal,0.260000,13,true
sparse-p0.50-d1-8-s4,4,sparse-bernoulli-0.50,2001310518681822354,7,960,0.070000,hard,direct-terminal,0.127500,13,true
sparse-p0.50-d1-8-s4,4,sparse-bernoulli-0.50,13400896689310720169,7,960,0.070000,soft,direct-terminal,0.350000,13,true
sparse-p0.50-d1-8-s4,4,sparse-bernoulli-0.50,13400896689310720169,7,960,0.070000,2.0000,direct-terminal,0.217500,13,true
sparse-p0.50-d1-8-s4,4,sparse-bernoulli-0.50,13400896689310720169,7,960,0.070000,1.0000,direct-terminal,0.217500,13,true
sparse-p0.50-d1-8-s4,4,sparse-bernoulli-0.50,13400896689310720169,7,960,0.070000,hard,direct-terminal,0.115000,13,true
sparse-p0.50-d1-8-s4,4,sparse-bernoulli-0.50,15453320347936062484,8,240,0.035000,soft,direct-terminal,0.490000,14,true
sparse-p0.50-d1-8-s4,4,sparse-bernoulli-0.50,15453320347936062484,8,240,0.035000,2.0000,direct-terminal,0.255000,14,true
sparse-p0.50-d1-8-s4,4,sparse-bernoulli-0.50,15453320347936062484,8,240,0.035000,1.0000,direct-terminal,0.255000,14,true
sparse-p0.50-d1-8-s4,4,sparse-bernoulli-0.50,15453320347936062484,8,240,0.035000,hard,direct-terminal,0.547500,14,true
sparse-p0.50-d1-8-s4,4,sparse-bernoulli-0.50,8371261729603450923,8,240,0.035000,soft,direct-terminal,0.527500,16,true
sparse-p0.50-d1-8-s4,4,sparse-bernoulli-0.50,8371261729603450923,8,240,0.035000,2.0000,direct-terminal,0.230000,16,true
sparse-p0.50-d1-8-s4,4,sparse-bernoulli-0.50,8371261729603450923,8,240,0.035000,1.0000,direct-terminal,0.230000,16,true
sparse-p0.50-d1-8-s4,4,sparse-bernoulli-0.50,8371261729603450923,8,240,0.035000,hard,direct-terminal,0.440000,16,true
sparse-p0.50-d1-8-s4,4,sparse-bernoulli-0.50,10584633876018000958,8,240,0.035000,soft,direct-terminal,0.515000,19,true
sparse-p0.50-d1-8-s4,4,sparse-bernoulli-0.50,10584633876018000958,8,240,0.035000,2.0000,direct-terminal,0.222500,19,true
sparse-p0.50-d1-8-s4,4,sparse-bernoulli-0.50,10584633876018000958,8,240,0.035000,1.0000,direct-terminal,0.235000,19,true
sparse-p0.50-d1-8-s4,4,sparse-bernoulli-0.50,10584633876018000958,8,240,0.035000,hard,direct-terminal,0.462500,19,true
sparse-p0.50-d1-8-s4,4,sparse-bernoulli-0.50,3503703373795356757,8,240,0.035000,soft,direct-terminal,0.497500,17,true
sparse-p0.50-d1-8-s4,4,sparse-bernoulli-0.50,3503703373795356757,8,240,0.035000,2.0000,direct-terminal,0.240000,17,true
sparse-p0.50-d1-8-s4,4,sparse-bernoulli-0.50,3503703373795356757,8,240,0.035000,1.0000,direct-terminal,0.242500,17,true
sparse-p0.50-d1-8-s4,4,sparse-bernoulli-0.50,3503703373795356757,8,240,0.035000,hard,direct-terminal,0.510000,17,true
sparse-p0.50-d1-8-s4,4,sparse-bernoulli-0.50,6869996990457277544,8,240,0.035000,soft,direct-terminal,0.502500,16,true
sparse-p0.50-d1-8-s4,4,sparse-bernoulli-0.50,6869996990457277544,8,240,0.035000,2.0000,direct-terminal,0.272500,16,true
sparse-p0.50-d1-8-s4,4,sparse-bernoulli-0.50,6869996990457277544,8,240,0.035000,1.0000,direct-terminal,0.295000,16,true
sparse-p0.50-d1-8-s4,4,sparse-bernoulli-0.50,6869996990457277544,8,240,0.035000,hard,direct-terminal,0.470000,16,true
sparse-p0.50-d1-8-s4,4,sparse-bernoulli-0.50,18234682480328173695,8,240,0.035000,soft,direct-terminal,0.512500,17,true
sparse-p0.50-d1-8-s4,4,sparse-bernoulli-0.50,18234682480328173695,8,240,0.035000,2.0000,direct-terminal,0.195000,17,true
sparse-p0.50-d1-8-s4,4,sparse-bernoulli-0.50,18234682480328173695,8,240,0.035000,1.0000,direct-terminal,0.195000,17,true
sparse-p0.50-d1-8-s4,4,sparse-bernoulli-0.50,18234682480328173695,8,240,0.035000,hard,direct-terminal,0.470000,17,true
sparse-p0.50-d1-8-s4,4,sparse-bernoulli-0.50,2001310518681822354,8,240,0.035000,soft,direct-terminal,0.487500,13,true
sparse-p0.50-d1-8-s4,4,sparse-bernoulli-0.50,2001310518681822354,8,240,0.035000,2.0000,direct-terminal,0.217500,13,true
sparse-p0.50-d1-8-s4,4,sparse-bernoulli-0.50,2001310518681822354,8,240,0.035000,1.0000,direct-terminal,0.232500,13,true
sparse-p0.50-d1-8-s4,4,sparse-bernoulli-0.50,2001310518681822354,8,240,0.035000,hard,direct-terminal,0.517500,13,true
sparse-p0.50-d1-8-s4,4,sparse-bernoulli-0.50,13400896689310720169,8,240,0.035000,soft,direct-terminal,0.500000,13,true
sparse-p0.50-d1-8-s4,4,sparse-bernoulli-0.50,13400896689310720169,8,240,0.035000,2.0000,direct-terminal,0.275000,13,true
sparse-p0.50-d1-8-s4,4,sparse-bernoulli-0.50,13400896689310720169,8,240,0.035000,1.0000,direct-terminal,0.275000,13,true
sparse-p0.50-d1-8-s4,4,sparse-bernoulli-0.50,13400896689310720169,8,240,0.035000,hard,direct-terminal,0.540000,13,true
sparse-p0.50-d1-8-s4,4,sparse-bernoulli-0.50,15453320347936062484,8,240,0.070000,soft,direct-terminal,0.287500,14,true
sparse-p0.50-d1-8-s4,4,sparse-bernoulli-0.50,15453320347936062484,8,240,0.070000,2.0000,direct-terminal,0.287500,14,true
sparse-p0.50-d1-8-s4,4,sparse-bernoulli-0.50,15453320347936062484,8,240,0.070000,1.0000,direct-terminal,0.287500,14,true
sparse-p0.50-d1-8-s4,4,sparse-bernoulli-0.50,15453320347936062484,8,240,0.070000,hard,direct-terminal,0.287500,14,true
sparse-p0.50-d1-8-s4,4,sparse-bernoulli-0.50,8371261729603450923,8,240,0.070000,soft,direct-terminal,0.497500,16,true
sparse-p0.50-d1-8-s4,4,sparse-bernoulli-0.50,8371261729603450923,8,240,0.070000,2.0000,direct-terminal,0.230000,16,true
sparse-p0.50-d1-8-s4,4,sparse-bernoulli-0.50,8371261729603450923,8,240,0.070000,1.0000,direct-terminal,0.230000,16,true
sparse-p0.50-d1-8-s4,4,sparse-bernoulli-0.50,8371261729603450923,8,240,0.070000,hard,direct-terminal,0.440000,16,true
sparse-p0.50-d1-8-s4,4,sparse-bernoulli-0.50,10584633876018000958,8,240,0.070000,soft,direct-terminal,0.540000,19,true
sparse-p0.50-d1-8-s4,4,sparse-bernoulli-0.50,10584633876018000958,8,240,0.070000,2.0000,direct-terminal,0.250000,19,true
sparse-p0.50-d1-8-s4,4,sparse-bernoulli-0.50,10584633876018000958,8,240,0.070000,1.0000,direct-terminal,0.250000,19,true
sparse-p0.50-d1-8-s4,4,sparse-bernoulli-0.50,10584633876018000958,8,240,0.070000,hard,direct-terminal,0.520000,19,true
sparse-p0.50-d1-8-s4,4,sparse-bernoulli-0.50,3503703373795356757,8,240,0.070000,soft,direct-terminal,0.357500,17,true
sparse-p0.50-d1-8-s4,4,sparse-bernoulli-0.50,3503703373795356757,8,240,0.070000,2.0000,direct-terminal,0.237500,17,true
sparse-p0.50-d1-8-s4,4,sparse-bernoulli-0.50,3503703373795356757,8,240,0.070000,1.0000,direct-terminal,0.237500,17,true
sparse-p0.50-d1-8-s4,4,sparse-bernoulli-0.50,3503703373795356757,8,240,0.070000,hard,direct-terminal,0.467500,17,true
sparse-p0.50-d1-8-s4,4,sparse-bernoulli-0.50,6869996990457277544,8,240,0.070000,soft,direct-terminal,0.220000,16,true
sparse-p0.50-d1-8-s4,4,sparse-bernoulli-0.50,6869996990457277544,8,240,0.070000,2.0000,direct-terminal,0.220000,16,true
sparse-p0.50-d1-8-s4,4,sparse-bernoulli-0.50,6869996990457277544,8,240,0.070000,1.0000,direct-terminal,0.220000,16,true
sparse-p0.50-d1-8-s4,4,sparse-bernoulli-0.50,6869996990457277544,8,240,0.070000,hard,direct-terminal,0.220000,16,true
sparse-p0.50-d1-8-s4,4,sparse-bernoulli-0.50,18234682480328173695,8,240,0.070000,soft,direct-terminal,0.437500,17,true
sparse-p0.50-d1-8-s4,4,sparse-bernoulli-0.50,18234682480328173695,8,240,0.070000,2.0000,direct-terminal,0.230000,17,true
sparse-p0.50-d1-8-s4,4,sparse-bernoulli-0.50,18234682480328173695,8,240,0.070000,1.0000,direct-terminal,0.230000,17,true
sparse-p0.50-d1-8-s4,4,sparse-bernoulli-0.50,18234682480328173695,8,240,0.070000,hard,direct-terminal,0.540000,17,true
sparse-p0.50-d1-8-s4,4,sparse-bernoulli-0.50,2001310518681822354,8,240,0.070000,soft,direct-terminal,0.475000,13,true
sparse-p0.50-d1-8-s4,4,sparse-bernoulli-0.50,2001310518681822354,8,240,0.070000,2.0000,direct-terminal,0.245000,13,true
sparse-p0.50-d1-8-s4,4,sparse-bernoulli-0.50,2001310518681822354,8,240,0.070000,1.0000,direct-terminal,0.245000,13,true
sparse-p0.50-d1-8-s4,4,sparse-bernoulli-0.50,2001310518681822354,8,240,0.070000,hard,direct-terminal,0.520000,13,true
sparse-p0.50-d1-8-s4,4,sparse-bernoulli-0.50,13400896689310720169,8,240,0.070000,soft,direct-terminal,0.435000,13,true
sparse-p0.50-d1-8-s4,4,sparse-bernoulli-0.50,13400896689310720169,8,240,0.070000,2.0000,direct-terminal,0.275000,13,true
sparse-p0.50-d1-8-s4,4,sparse-bernoulli-0.50,13400896689310720169,8,240,0.070000,1.0000,direct-terminal,0.275000,13,true
sparse-p0.50-d1-8-s4,4,sparse-bernoulli-0.50,13400896689310720169,8,240,0.070000,hard,direct-terminal,0.402500,13,true
sparse-p0.50-d1-8-s4,4,sparse-bernoulli-0.50,15453320347936062484,8,960,0.035000,soft,direct-terminal,0.495000,14,true
sparse-p0.50-d1-8-s4,4,sparse-bernoulli-0.50,15453320347936062484,8,960,0.035000,2.0000,direct-terminal,0.255000,14,true
sparse-p0.50-d1-8-s4,4,sparse-bernoulli-0.50,15453320347936062484,8,960,0.035000,1.0000,direct-terminal,0.255000,14,true
sparse-p0.50-d1-8-s4,4,sparse-bernoulli-0.50,15453320347936062484,8,960,0.035000,hard,direct-terminal,0.547500,14,true
sparse-p0.50-d1-8-s4,4,sparse-bernoulli-0.50,8371261729603450923,8,960,0.035000,soft,direct-terminal,0.462500,16,true
sparse-p0.50-d1-8-s4,4,sparse-bernoulli-0.50,8371261729603450923,8,960,0.035000,2.0000,direct-terminal,0.230000,16,true
sparse-p0.50-d1-8-s4,4,sparse-bernoulli-0.50,8371261729603450923,8,960,0.035000,1.0000,direct-terminal,0.230000,16,true
sparse-p0.50-d1-8-s4,4,sparse-bernoulli-0.50,8371261729603450923,8,960,0.035000,hard,direct-terminal,0.457500,16,true
sparse-p0.50-d1-8-s4,4,sparse-bernoulli-0.50,10584633876018000958,8,960,0.035000,soft,direct-terminal,0.472500,19,true
sparse-p0.50-d1-8-s4,4,sparse-bernoulli-0.50,10584633876018000958,8,960,0.035000,2.0000,direct-terminal,0.222500,19,true
sparse-p0.50-d1-8-s4,4,sparse-bernoulli-0.50,10584633876018000958,8,960,0.035000,1.0000,direct-terminal,0.222500,19,true
sparse-p0.50-d1-8-s4,4,sparse-bernoulli-0.50,10584633876018000958,8,960,0.035000,hard,direct-terminal,0.487500,19,true
sparse-p0.50-d1-8-s4,4,sparse-bernoulli-0.50,3503703373795356757,8,960,0.035000,soft,direct-terminal,0.515000,17,true
sparse-p0.50-d1-8-s4,4,sparse-bernoulli-0.50,3503703373795356757,8,960,0.035000,2.0000,direct-terminal,0.240000,17,true
sparse-p0.50-d1-8-s4,4,sparse-bernoulli-0.50,3503703373795356757,8,960,0.035000,1.0000,direct-terminal,0.240000,17,true
sparse-p0.50-d1-8-s4,4,sparse-bernoulli-0.50,3503703373795356757,8,960,0.035000,hard,direct-terminal,0.510000,17,true
sparse-p0.50-d1-8-s4,4,sparse-bernoulli-0.50,6869996990457277544,8,960,0.035000,soft,direct-terminal,0.492500,16,true
sparse-p0.50-d1-8-s4,4,sparse-bernoulli-0.50,6869996990457277544,8,960,0.035000,2.0000,direct-terminal,0.272500,16,true
sparse-p0.50-d1-8-s4,4,sparse-bernoulli-0.50,6869996990457277544,8,960,0.035000,1.0000,direct-terminal,0.272500,16,true
sparse-p0.50-d1-8-s4,4,sparse-bernoulli-0.50,6869996990457277544,8,960,0.035000,hard,direct-terminal,0.470000,16,true
sparse-p0.50-d1-8-s4,4,sparse-bernoulli-0.50,18234682480328173695,8,960,0.035000,soft,direct-terminal,0.477500,17,true
sparse-p0.50-d1-8-s4,4,sparse-bernoulli-0.50,18234682480328173695,8,960,0.035000,2.0000,direct-terminal,0.200000,17,true
sparse-p0.50-d1-8-s4,4,sparse-bernoulli-0.50,18234682480328173695,8,960,0.035000,1.0000,direct-terminal,0.200000,17,true
sparse-p0.50-d1-8-s4,4,sparse-bernoulli-0.50,18234682480328173695,8,960,0.035000,hard,direct-terminal,0.435000,17,true
sparse-p0.50-d1-8-s4,4,sparse-bernoulli-0.50,2001310518681822354,8,960,0.035000,soft,direct-terminal,0.500000,13,true
sparse-p0.50-d1-8-s4,4,sparse-bernoulli-0.50,2001310518681822354,8,960,0.035000,2.0000,direct-terminal,0.232500,13,true
sparse-p0.50-d1-8-s4,4,sparse-bernoulli-0.50,2001310518681822354,8,960,0.035000,1.0000,direct-terminal,0.245000,13,true
sparse-p0.50-d1-8-s4,4,sparse-bernoulli-0.50,2001310518681822354,8,960,0.035000,hard,direct-terminal,0.535000,13,true
sparse-p0.50-d1-8-s4,4,sparse-bernoulli-0.50,13400896689310720169,8,960,0.035000,soft,direct-terminal,0.505000,13,true
sparse-p0.50-d1-8-s4,4,sparse-bernoulli-0.50,13400896689310720169,8,960,0.035000,2.0000,direct-terminal,0.235000,13,true
sparse-p0.50-d1-8-s4,4,sparse-bernoulli-0.50,13400896689310720169,8,960,0.035000,1.0000,direct-terminal,0.235000,13,true
sparse-p0.50-d1-8-s4,4,sparse-bernoulli-0.50,13400896689310720169,8,960,0.035000,hard,direct-terminal,0.490000,13,true
sparse-p0.50-d1-8-s4,4,sparse-bernoulli-0.50,15453320347936062484,8,960,0.070000,soft,direct-terminal,0.287500,14,true
sparse-p0.50-d1-8-s4,4,sparse-bernoulli-0.50,15453320347936062484,8,960,0.070000,2.0000,direct-terminal,0.287500,14,true
sparse-p0.50-d1-8-s4,4,sparse-bernoulli-0.50,15453320347936062484,8,960,0.070000,1.0000,direct-terminal,0.287500,14,true
sparse-p0.50-d1-8-s4,4,sparse-bernoulli-0.50,15453320347936062484,8,960,0.070000,hard,direct-terminal,0.287500,14,true
sparse-p0.50-d1-8-s4,4,sparse-bernoulli-0.50,8371261729603450923,8,960,0.070000,soft,direct-terminal,0.502500,16,true
sparse-p0.50-d1-8-s4,4,sparse-bernoulli-0.50,8371261729603450923,8,960,0.070000,2.0000,direct-terminal,0.230000,16,true
sparse-p0.50-d1-8-s4,4,sparse-bernoulli-0.50,8371261729603450923,8,960,0.070000,1.0000,direct-terminal,0.230000,16,true
sparse-p0.50-d1-8-s4,4,sparse-bernoulli-0.50,8371261729603450923,8,960,0.070000,hard,direct-terminal,0.457500,16,true
sparse-p0.50-d1-8-s4,4,sparse-bernoulli-0.50,10584633876018000958,8,960,0.070000,soft,direct-terminal,0.450000,19,true
sparse-p0.50-d1-8-s4,4,sparse-bernoulli-0.50,10584633876018000958,8,960,0.070000,2.0000,direct-terminal,0.242500,19,true
sparse-p0.50-d1-8-s4,4,sparse-bernoulli-0.50,10584633876018000958,8,960,0.070000,1.0000,direct-terminal,0.242500,19,true
sparse-p0.50-d1-8-s4,4,sparse-bernoulli-0.50,10584633876018000958,8,960,0.070000,hard,direct-terminal,0.255000,19,true
sparse-p0.50-d1-8-s4,4,sparse-bernoulli-0.50,3503703373795356757,8,960,0.070000,soft,direct-terminal,0.500000,17,true
sparse-p0.50-d1-8-s4,4,sparse-bernoulli-0.50,3503703373795356757,8,960,0.070000,2.0000,direct-terminal,0.240000,17,true
sparse-p0.50-d1-8-s4,4,sparse-bernoulli-0.50,3503703373795356757,8,960,0.070000,1.0000,direct-terminal,0.235000,17,true
sparse-p0.50-d1-8-s4,4,sparse-bernoulli-0.50,3503703373795356757,8,960,0.070000,hard,direct-terminal,0.272500,17,true
sparse-p0.50-d1-8-s4,4,sparse-bernoulli-0.50,6869996990457277544,8,960,0.070000,soft,direct-terminal,0.220000,16,true
sparse-p0.50-d1-8-s4,4,sparse-bernoulli-0.50,6869996990457277544,8,960,0.070000,2.0000,direct-terminal,0.220000,16,true
sparse-p0.50-d1-8-s4,4,sparse-bernoulli-0.50,6869996990457277544,8,960,0.070000,1.0000,direct-terminal,0.220000,16,true
sparse-p0.50-d1-8-s4,4,sparse-bernoulli-0.50,6869996990457277544,8,960,0.070000,hard,direct-terminal,0.220000,16,true
sparse-p0.50-d1-8-s4,4,sparse-bernoulli-0.50,18234682480328173695,8,960,0.070000,soft,direct-terminal,0.510000,17,true
sparse-p0.50-d1-8-s4,4,sparse-bernoulli-0.50,18234682480328173695,8,960,0.070000,2.0000,direct-terminal,0.225000,17,true
sparse-p0.50-d1-8-s4,4,sparse-bernoulli-0.50,18234682480328173695,8,960,0.070000,1.0000,direct-terminal,0.232500,17,true
sparse-p0.50-d1-8-s4,4,sparse-bernoulli-0.50,18234682480328173695,8,960,0.070000,hard,direct-terminal,0.480000,17,true
sparse-p0.50-d1-8-s4,4,sparse-bernoulli-0.50,2001310518681822354,8,960,0.070000,soft,direct-terminal,0.472500,13,true
sparse-p0.50-d1-8-s4,4,sparse-bernoulli-0.50,2001310518681822354,8,960,0.070000,2.0000,direct-terminal,0.245000,13,true
sparse-p0.50-d1-8-s4,4,sparse-bernoulli-0.50,2001310518681822354,8,960,0.070000,1.0000,direct-terminal,0.242500,13,true
sparse-p0.50-d1-8-s4,4,sparse-bernoulli-0.50,2001310518681822354,8,960,0.070000,hard,direct-terminal,0.520000,13,true
sparse-p0.50-d1-8-s4,4,sparse-bernoulli-0.50,13400896689310720169,8,960,0.070000,soft,direct-terminal,0.255000,13,true
sparse-p0.50-d1-8-s4,4,sparse-bernoulli-0.50,13400896689310720169,8,960,0.070000,2.0000,direct-terminal,0.255000,13,true
sparse-p0.50-d1-8-s4,4,sparse-bernoulli-0.50,13400896689310720169,8,960,0.070000,1.0000,direct-terminal,0.255000,13,true
sparse-p0.50-d1-8-s4,4,sparse-bernoulli-0.50,13400896689310720169,8,960,0.070000,hard,direct-terminal,0.255000,13,true
sparse-p0.50-d1-8-s4,4,sparse-bernoulli-0.50,15453320347936062484,1,960,0.035000,soft,privileged-intermediate-target,0.515000,14,true
sparse-p0.50-d1-8-s4,4,sparse-bernoulli-0.50,15453320347936062484,1,960,0.035000,2.0000,privileged-intermediate-target,0.515000,14,true
sparse-p0.50-d1-8-s4,4,sparse-bernoulli-0.50,15453320347936062484,1,960,0.035000,1.0000,privileged-intermediate-target,0.515000,14,true
sparse-p0.50-d1-8-s4,4,sparse-bernoulli-0.50,15453320347936062484,1,960,0.035000,hard,privileged-intermediate-target,0.515000,14,true
sparse-p0.50-d1-8-s4,4,sparse-bernoulli-0.50,15453320347936062484,1,960,0.035000,soft,shuffled-label,0.000000,14,true
sparse-p0.50-d1-8-s4,4,sparse-bernoulli-0.50,15453320347936062484,1,960,0.035000,2.0000,shuffled-label,0.000000,14,true
sparse-p0.50-d1-8-s4,4,sparse-bernoulli-0.50,15453320347936062484,1,960,0.035000,1.0000,shuffled-label,0.000000,14,true
sparse-p0.50-d1-8-s4,4,sparse-bernoulli-0.50,15453320347936062484,1,960,0.035000,hard,shuffled-label,0.000000,14,true
sparse-p0.50-d1-8-s4,4,sparse-bernoulli-0.50,8371261729603450923,1,960,0.035000,soft,privileged-intermediate-target,0.500000,16,true
sparse-p0.50-d1-8-s4,4,sparse-bernoulli-0.50,8371261729603450923,1,960,0.035000,2.0000,privileged-intermediate-target,0.500000,16,true
sparse-p0.50-d1-8-s4,4,sparse-bernoulli-0.50,8371261729603450923,1,960,0.035000,1.0000,privileged-intermediate-target,0.500000,16,true
sparse-p0.50-d1-8-s4,4,sparse-bernoulli-0.50,8371261729603450923,1,960,0.035000,hard,privileged-intermediate-target,0.500000,16,true
sparse-p0.50-d1-8-s4,4,sparse-bernoulli-0.50,8371261729603450923,1,960,0.035000,soft,shuffled-label,0.000000,16,true
sparse-p0.50-d1-8-s4,4,sparse-bernoulli-0.50,8371261729603450923,1,960,0.035000,2.0000,shuffled-label,0.000000,16,true
sparse-p0.50-d1-8-s4,4,sparse-bernoulli-0.50,8371261729603450923,1,960,0.035000,1.0000,shuffled-label,0.000000,16,true
sparse-p0.50-d1-8-s4,4,sparse-bernoulli-0.50,8371261729603450923,1,960,0.035000,hard,shuffled-label,0.000000,16,true
sparse-p0.50-d1-8-s4,4,sparse-bernoulli-0.50,10584633876018000958,1,960,0.035000,soft,privileged-intermediate-target,0.622500,19,true
sparse-p0.50-d1-8-s4,4,sparse-bernoulli-0.50,10584633876018000958,1,960,0.035000,2.0000,privileged-intermediate-target,0.622500,19,true
sparse-p0.50-d1-8-s4,4,sparse-bernoulli-0.50,10584633876018000958,1,960,0.035000,1.0000,privileged-intermediate-target,0.622500,19,true
sparse-p0.50-d1-8-s4,4,sparse-bernoulli-0.50,10584633876018000958,1,960,0.035000,hard,privileged-intermediate-target,0.622500,19,true
sparse-p0.50-d1-8-s4,4,sparse-bernoulli-0.50,10584633876018000958,1,960,0.035000,soft,shuffled-label,0.000000,19,true
sparse-p0.50-d1-8-s4,4,sparse-bernoulli-0.50,10584633876018000958,1,960,0.035000,2.0000,shuffled-label,0.000000,19,true
sparse-p0.50-d1-8-s4,4,sparse-bernoulli-0.50,10584633876018000958,1,960,0.035000,1.0000,shuffled-label,0.000000,19,true
sparse-p0.50-d1-8-s4,4,sparse-bernoulli-0.50,10584633876018000958,1,960,0.035000,hard,shuffled-label,0.000000,19,true
sparse-p0.50-d1-8-s4,4,sparse-bernoulli-0.50,3503703373795356757,1,960,0.035000,soft,privileged-intermediate-target,0.530000,17,true
sparse-p0.50-d1-8-s4,4,sparse-bernoulli-0.50,3503703373795356757,1,960,0.035000,2.0000,privileged-intermediate-target,0.530000,17,true
sparse-p0.50-d1-8-s4,4,sparse-bernoulli-0.50,3503703373795356757,1,960,0.035000,1.0000,privileged-intermediate-target,0.530000,17,true
sparse-p0.50-d1-8-s4,4,sparse-bernoulli-0.50,3503703373795356757,1,960,0.035000,hard,privileged-intermediate-target,0.530000,17,true
sparse-p0.50-d1-8-s4,4,sparse-bernoulli-0.50,3503703373795356757,1,960,0.035000,soft,shuffled-label,0.000000,17,true
sparse-p0.50-d1-8-s4,4,sparse-bernoulli-0.50,3503703373795356757,1,960,0.035000,2.0000,shuffled-label,0.000000,17,true
sparse-p0.50-d1-8-s4,4,sparse-bernoulli-0.50,3503703373795356757,1,960,0.035000,1.0000,shuffled-label,0.000000,17,true
sparse-p0.50-d1-8-s4,4,sparse-bernoulli-0.50,3503703373795356757,1,960,0.035000,hard,shuffled-label,0.000000,17,true
sparse-p0.50-d1-8-s4,4,sparse-bernoulli-0.50,6869996990457277544,1,960,0.035000,soft,privileged-intermediate-target,0.582500,16,true
sparse-p0.50-d1-8-s4,4,sparse-bernoulli-0.50,6869996990457277544,1,960,0.035000,2.0000,privileged-intermediate-target,0.582500,16,true
sparse-p0.50-d1-8-s4,4,sparse-bernoulli-0.50,6869996990457277544,1,960,0.035000,1.0000,privileged-intermediate-target,0.582500,16,true
sparse-p0.50-d1-8-s4,4,sparse-bernoulli-0.50,6869996990457277544,1,960,0.035000,hard,privileged-intermediate-target,0.582500,16,true
sparse-p0.50-d1-8-s4,4,sparse-bernoulli-0.50,6869996990457277544,1,960,0.035000,soft,shuffled-label,0.000000,16,true
sparse-p0.50-d1-8-s4,4,sparse-bernoulli-0.50,6869996990457277544,1,960,0.035000,2.0000,shuffled-label,0.000000,16,true
sparse-p0.50-d1-8-s4,4,sparse-bernoulli-0.50,6869996990457277544,1,960,0.035000,1.0000,shuffled-label,0.000000,16,true
sparse-p0.50-d1-8-s4,4,sparse-bernoulli-0.50,6869996990457277544,1,960,0.035000,hard,shuffled-label,0.000000,16,true
sparse-p0.50-d1-8-s4,4,sparse-bernoulli-0.50,18234682480328173695,1,960,0.035000,soft,privileged-intermediate-target,0.610000,17,true
sparse-p0.50-d1-8-s4,4,sparse-bernoulli-0.50,18234682480328173695,1,960,0.035000,2.0000,privileged-intermediate-target,0.610000,17,true
sparse-p0.50-d1-8-s4,4,sparse-bernoulli-0.50,18234682480328173695,1,960,0.035000,1.0000,privileged-intermediate-target,0.610000,17,true
sparse-p0.50-d1-8-s4,4,sparse-bernoulli-0.50,18234682480328173695,1,960,0.035000,hard,privileged-intermediate-target,0.610000,17,true
sparse-p0.50-d1-8-s4,4,sparse-bernoulli-0.50,18234682480328173695,1,960,0.035000,soft,shuffled-label,0.000000,17,true
sparse-p0.50-d1-8-s4,4,sparse-bernoulli-0.50,18234682480328173695,1,960,0.035000,2.0000,shuffled-label,0.000000,17,true
sparse-p0.50-d1-8-s4,4,sparse-bernoulli-0.50,18234682480328173695,1,960,0.035000,1.0000,shuffled-label,0.000000,17,true
sparse-p0.50-d1-8-s4,4,sparse-bernoulli-0.50,18234682480328173695,1,960,0.035000,hard,shuffled-label,0.000000,17,true
sparse-p0.50-d1-8-s4,4,sparse-bernoulli-0.50,2001310518681822354,1,960,0.035000,soft,privileged-intermediate-target,0.370000,13,true
sparse-p0.50-d1-8-s4,4,sparse-bernoulli-0.50,2001310518681822354,1,960,0.035000,2.0000,privileged-intermediate-target,0.370000,13,true
sparse-p0.50-d1-8-s4,4,sparse-bernoulli-0.50,2001310518681822354,1,960,0.035000,1.0000,privileged-intermediate-target,0.370000,13,true
sparse-p0.50-d1-8-s4,4,sparse-bernoulli-0.50,2001310518681822354,1,960,0.035000,hard,privileged-intermediate-target,0.370000,13,true
sparse-p0.50-d1-8-s4,4,sparse-bernoulli-0.50,2001310518681822354,1,960,0.035000,soft,shuffled-label,0.000000,13,true
sparse-p0.50-d1-8-s4,4,sparse-bernoulli-0.50,2001310518681822354,1,960,0.035000,2.0000,shuffled-label,0.000000,13,true
sparse-p0.50-d1-8-s4,4,sparse-bernoulli-0.50,2001310518681822354,1,960,0.035000,1.0000,shuffled-label,0.000000,13,true
sparse-p0.50-d1-8-s4,4,sparse-bernoulli-0.50,2001310518681822354,1,960,0.035000,hard,shuffled-label,0.000000,13,true
sparse-p0.50-d1-8-s4,4,sparse-bernoulli-0.50,13400896689310720169,1,960,0.035000,soft,privileged-intermediate-target,0.480000,13,true
sparse-p0.50-d1-8-s4,4,sparse-bernoulli-0.50,13400896689310720169,1,960,0.035000,2.0000,privileged-intermediate-target,0.480000,13,true
sparse-p0.50-d1-8-s4,4,sparse-bernoulli-0.50,13400896689310720169,1,960,0.035000,1.0000,privileged-intermediate-target,0.480000,13,true
sparse-p0.50-d1-8-s4,4,sparse-bernoulli-0.50,13400896689310720169,1,960,0.035000,hard,privileged-intermediate-target,0.480000,13,true
sparse-p0.50-d1-8-s4,4,sparse-bernoulli-0.50,13400896689310720169,1,960,0.035000,soft,shuffled-label,0.000000,13,true
sparse-p0.50-d1-8-s4,4,sparse-bernoulli-0.50,13400896689310720169,1,960,0.035000,2.0000,shuffled-label,0.000000,13,true
sparse-p0.50-d1-8-s4,4,sparse-bernoulli-0.50,13400896689310720169,1,960,0.035000,1.0000,shuffled-label,0.000000,13,true
sparse-p0.50-d1-8-s4,4,sparse-bernoulli-0.50,13400896689310720169,1,960,0.035000,hard,shuffled-label,0.000000,13,true
sparse-p0.50-d1-8-s4,4,sparse-bernoulli-0.50,15453320347936062484,1,960,0.070000,soft,privileged-intermediate-target,0.515000,14,true
sparse-p0.50-d1-8-s4,4,sparse-bernoulli-0.50,15453320347936062484,1,960,0.070000,2.0000,privileged-intermediate-target,0.515000,14,true
sparse-p0.50-d1-8-s4,4,sparse-bernoulli-0.50,15453320347936062484,1,960,0.070000,1.0000,privileged-intermediate-target,0.515000,14,true
sparse-p0.50-d1-8-s4,4,sparse-bernoulli-0.50,15453320347936062484,1,960,0.070000,hard,privileged-intermediate-target,0.515000,14,true
sparse-p0.50-d1-8-s4,4,sparse-bernoulli-0.50,15453320347936062484,1,960,0.070000,soft,shuffled-label,0.000000,14,true
sparse-p0.50-d1-8-s4,4,sparse-bernoulli-0.50,15453320347936062484,1,960,0.070000,2.0000,shuffled-label,0.000000,14,true
sparse-p0.50-d1-8-s4,4,sparse-bernoulli-0.50,15453320347936062484,1,960,0.070000,1.0000,shuffled-label,0.000000,14,true
sparse-p0.50-d1-8-s4,4,sparse-bernoulli-0.50,15453320347936062484,1,960,0.070000,hard,shuffled-label,0.000000,14,true
sparse-p0.50-d1-8-s4,4,sparse-bernoulli-0.50,8371261729603450923,1,960,0.070000,soft,privileged-intermediate-target,0.500000,16,true
sparse-p0.50-d1-8-s4,4,sparse-bernoulli-0.50,8371261729603450923,1,960,0.070000,2.0000,privileged-intermediate-target,0.500000,16,true
sparse-p0.50-d1-8-s4,4,sparse-bernoulli-0.50,8371261729603450923,1,960,0.070000,1.0000,privileged-intermediate-target,0.500000,16,true
sparse-p0.50-d1-8-s4,4,sparse-bernoulli-0.50,8371261729603450923,1,960,0.070000,hard,privileged-intermediate-target,0.500000,16,true
sparse-p0.50-d1-8-s4,4,sparse-bernoulli-0.50,8371261729603450923,1,960,0.070000,soft,shuffled-label,0.000000,16,true
sparse-p0.50-d1-8-s4,4,sparse-bernoulli-0.50,8371261729603450923,1,960,0.070000,2.0000,shuffled-label,0.000000,16,true
sparse-p0.50-d1-8-s4,4,sparse-bernoulli-0.50,8371261729603450923,1,960,0.070000,1.0000,shuffled-label,0.000000,16,true
sparse-p0.50-d1-8-s4,4,sparse-bernoulli-0.50,8371261729603450923,1,960,0.070000,hard,shuffled-label,0.000000,16,true
sparse-p0.50-d1-8-s4,4,sparse-bernoulli-0.50,10584633876018000958,1,960,0.070000,soft,privileged-intermediate-target,0.622500,19,true
sparse-p0.50-d1-8-s4,4,sparse-bernoulli-0.50,10584633876018000958,1,960,0.070000,2.0000,privileged-intermediate-target,0.622500,19,true
sparse-p0.50-d1-8-s4,4,sparse-bernoulli-0.50,10584633876018000958,1,960,0.070000,1.0000,privileged-intermediate-target,0.622500,19,true
sparse-p0.50-d1-8-s4,4,sparse-bernoulli-0.50,10584633876018000958,1,960,0.070000,hard,privileged-intermediate-target,0.622500,19,true
sparse-p0.50-d1-8-s4,4,sparse-bernoulli-0.50,10584633876018000958,1,960,0.070000,soft,shuffled-label,0.000000,19,true
sparse-p0.50-d1-8-s4,4,sparse-bernoulli-0.50,10584633876018000958,1,960,0.070000,2.0000,shuffled-label,0.000000,19,true
sparse-p0.50-d1-8-s4,4,sparse-bernoulli-0.50,10584633876018000958,1,960,0.070000,1.0000,shuffled-label,0.000000,19,true
sparse-p0.50-d1-8-s4,4,sparse-bernoulli-0.50,10584633876018000958,1,960,0.070000,hard,shuffled-label,0.000000,19,true
sparse-p0.50-d1-8-s4,4,sparse-bernoulli-0.50,3503703373795356757,1,960,0.070000,soft,privileged-intermediate-target,0.530000,17,true
sparse-p0.50-d1-8-s4,4,sparse-bernoulli-0.50,3503703373795356757,1,960,0.070000,2.0000,privileged-intermediate-target,0.530000,17,true
sparse-p0.50-d1-8-s4,4,sparse-bernoulli-0.50,3503703373795356757,1,960,0.070000,1.0000,privileged-intermediate-target,0.530000,17,true
sparse-p0.50-d1-8-s4,4,sparse-bernoulli-0.50,3503703373795356757,1,960,0.070000,hard,privileged-intermediate-target,0.530000,17,true
sparse-p0.50-d1-8-s4,4,sparse-bernoulli-0.50,3503703373795356757,1,960,0.070000,soft,shuffled-label,0.000000,17,true
sparse-p0.50-d1-8-s4,4,sparse-bernoulli-0.50,3503703373795356757,1,960,0.070000,2.0000,shuffled-label,0.000000,17,true
sparse-p0.50-d1-8-s4,4,sparse-bernoulli-0.50,3503703373795356757,1,960,0.070000,1.0000,shuffled-label,0.000000,17,true
sparse-p0.50-d1-8-s4,4,sparse-bernoulli-0.50,3503703373795356757,1,960,0.070000,hard,shuffled-label,0.000000,17,true
sparse-p0.50-d1-8-s4,4,sparse-bernoulli-0.50,6869996990457277544,1,960,0.070000,soft,privileged-intermediate-target,0.582500,16,true
sparse-p0.50-d1-8-s4,4,sparse-bernoulli-0.50,6869996990457277544,1,960,0.070000,2.0000,privileged-intermediate-target,0.582500,16,true
sparse-p0.50-d1-8-s4,4,sparse-bernoulli-0.50,6869996990457277544,1,960,0.070000,1.0000,privileged-intermediate-target,0.582500,16,true
sparse-p0.50-d1-8-s4,4,sparse-bernoulli-0.50,6869996990457277544,1,960,0.070000,hard,privileged-intermediate-target,0.582500,16,true
sparse-p0.50-d1-8-s4,4,sparse-bernoulli-0.50,6869996990457277544,1,960,0.070000,soft,shuffled-label,0.000000,16,true
sparse-p0.50-d1-8-s4,4,sparse-bernoulli-0.50,6869996990457277544,1,960,0.070000,2.0000,shuffled-label,0.000000,16,true
sparse-p0.50-d1-8-s4,4,sparse-bernoulli-0.50,6869996990457277544,1,960,0.070000,1.0000,shuffled-label,0.000000,16,true
sparse-p0.50-d1-8-s4,4,sparse-bernoulli-0.50,6869996990457277544,1,960,0.070000,hard,shuffled-label,0.000000,16,true
sparse-p0.50-d1-8-s4,4,sparse-bernoulli-0.50,18234682480328173695,1,960,0.070000,soft,privileged-intermediate-target,0.610000,17,true
sparse-p0.50-d1-8-s4,4,sparse-bernoulli-0.50,18234682480328173695,1,960,0.070000,2.0000,privileged-intermediate-target,0.610000,17,true
sparse-p0.50-d1-8-s4,4,sparse-bernoulli-0.50,18234682480328173695,1,960,0.070000,1.0000,privileged-intermediate-target,0.610000,17,true
sparse-p0.50-d1-8-s4,4,sparse-bernoulli-0.50,18234682480328173695,1,960,0.070000,hard,privileged-intermediate-target,0.610000,17,true
sparse-p0.50-d1-8-s4,4,sparse-bernoulli-0.50,18234682480328173695,1,960,0.070000,soft,shuffled-label,0.000000,17,true
sparse-p0.50-d1-8-s4,4,sparse-bernoulli-0.50,18234682480328173695,1,960,0.070000,2.0000,shuffled-label,0.000000,17,true
sparse-p0.50-d1-8-s4,4,sparse-bernoulli-0.50,18234682480328173695,1,960,0.070000,1.0000,shuffled-label,0.000000,17,true
sparse-p0.50-d1-8-s4,4,sparse-bernoulli-0.50,18234682480328173695,1,960,0.070000,hard,shuffled-label,0.000000,17,true
sparse-p0.50-d1-8-s4,4,sparse-bernoulli-0.50,2001310518681822354,1,960,0.070000,soft,privileged-intermediate-target,0.370000,13,true
sparse-p0.50-d1-8-s4,4,sparse-bernoulli-0.50,2001310518681822354,1,960,0.070000,2.0000,privileged-intermediate-target,0.370000,13,true
sparse-p0.50-d1-8-s4,4,sparse-bernoulli-0.50,2001310518681822354,1,960,0.070000,1.0000,privileged-intermediate-target,0.370000,13,true
sparse-p0.50-d1-8-s4,4,sparse-bernoulli-0.50,2001310518681822354,1,960,0.070000,hard,privileged-intermediate-target,0.370000,13,true
sparse-p0.50-d1-8-s4,4,sparse-bernoulli-0.50,2001310518681822354,1,960,0.070000,soft,shuffled-label,0.000000,13,true
sparse-p0.50-d1-8-s4,4,sparse-bernoulli-0.50,2001310518681822354,1,960,0.070000,2.0000,shuffled-label,0.000000,13,true
sparse-p0.50-d1-8-s4,4,sparse-bernoulli-0.50,2001310518681822354,1,960,0.070000,1.0000,shuffled-label,0.000000,13,true
sparse-p0.50-d1-8-s4,4,sparse-bernoulli-0.50,2001310518681822354,1,960,0.070000,hard,shuffled-label,0.000000,13,true
sparse-p0.50-d1-8-s4,4,sparse-bernoulli-0.50,13400896689310720169,1,960,0.070000,soft,privileged-intermediate-target,0.480000,13,true
sparse-p0.50-d1-8-s4,4,sparse-bernoulli-0.50,13400896689310720169,1,960,0.070000,2.0000,privileged-intermediate-target,0.480000,13,true
sparse-p0.50-d1-8-s4,4,sparse-bernoulli-0.50,13400896689310720169,1,960,0.070000,1.0000,privileged-intermediate-target,0.480000,13,true
sparse-p0.50-d1-8-s4,4,sparse-bernoulli-0.50,13400896689310720169,1,960,0.070000,hard,privileged-intermediate-target,0.480000,13,true
sparse-p0.50-d1-8-s4,4,sparse-bernoulli-0.50,13400896689310720169,1,960,0.070000,soft,shuffled-label,0.000000,13,true
sparse-p0.50-d1-8-s4,4,sparse-bernoulli-0.50,13400896689310720169,1,960,0.070000,2.0000,shuffled-label,0.000000,13,true
sparse-p0.50-d1-8-s4,4,sparse-bernoulli-0.50,13400896689310720169,1,960,0.070000,1.0000,shuffled-label,0.000000,13,true
sparse-p0.50-d1-8-s4,4,sparse-bernoulli-0.50,13400896689310720169,1,960,0.070000,hard,shuffled-label,0.000000,13,true
sparse-p0.50-d1-8-s4,4,sparse-bernoulli-0.50,15453320347936062484,2,960,0.035000,soft,privileged-intermediate-target,0.457500,14,true
sparse-p0.50-d1-8-s4,4,sparse-bernoulli-0.50,15453320347936062484,2,960,0.035000,2.0000,privileged-intermediate-target,0.507500,14,true
sparse-p0.50-d1-8-s4,4,sparse-bernoulli-0.50,15453320347936062484,2,960,0.035000,1.0000,privileged-intermediate-target,0.457500,14,true
sparse-p0.50-d1-8-s4,4,sparse-bernoulli-0.50,15453320347936062484,2,960,0.035000,hard,privileged-intermediate-target,0.457500,14,true
sparse-p0.50-d1-8-s4,4,sparse-bernoulli-0.50,15453320347936062484,2,960,0.035000,soft,shuffled-label,0.327500,14,true
sparse-p0.50-d1-8-s4,4,sparse-bernoulli-0.50,15453320347936062484,2,960,0.035000,2.0000,shuffled-label,0.232500,14,true
sparse-p0.50-d1-8-s4,4,sparse-bernoulli-0.50,15453320347936062484,2,960,0.035000,1.0000,shuffled-label,0.267500,14,true
sparse-p0.50-d1-8-s4,4,sparse-bernoulli-0.50,15453320347936062484,2,960,0.035000,hard,shuffled-label,0.407500,14,true
sparse-p0.50-d1-8-s4,4,sparse-bernoulli-0.50,8371261729603450923,2,960,0.035000,soft,privileged-intermediate-target,0.307500,16,true
sparse-p0.50-d1-8-s4,4,sparse-bernoulli-0.50,8371261729603450923,2,960,0.035000,2.0000,privileged-intermediate-target,0.350000,16,true
sparse-p0.50-d1-8-s4,4,sparse-bernoulli-0.50,8371261729603450923,2,960,0.035000,1.0000,privileged-intermediate-target,0.387500,16,true
sparse-p0.50-d1-8-s4,4,sparse-bernoulli-0.50,8371261729603450923,2,960,0.035000,hard,privileged-intermediate-target,0.307500,16,true
sparse-p0.50-d1-8-s4,4,sparse-bernoulli-0.50,8371261729603450923,2,960,0.035000,soft,shuffled-label,0.100000,16,true
sparse-p0.50-d1-8-s4,4,sparse-bernoulli-0.50,8371261729603450923,2,960,0.035000,2.0000,shuffled-label,0.240000,16,true
sparse-p0.50-d1-8-s4,4,sparse-bernoulli-0.50,8371261729603450923,2,960,0.035000,1.0000,shuffled-label,0.077500,16,true
sparse-p0.50-d1-8-s4,4,sparse-bernoulli-0.50,8371261729603450923,2,960,0.035000,hard,shuffled-label,0.100000,16,true
sparse-p0.50-d1-8-s4,4,sparse-bernoulli-0.50,10584633876018000958,2,960,0.035000,soft,privileged-intermediate-target,0.485000,19,true
sparse-p0.50-d1-8-s4,4,sparse-bernoulli-0.50,10584633876018000958,2,960,0.035000,2.0000,privileged-intermediate-target,0.567500,19,true
sparse-p0.50-d1-8-s4,4,sparse-bernoulli-0.50,10584633876018000958,2,960,0.035000,1.0000,privileged-intermediate-target,0.567500,19,true
sparse-p0.50-d1-8-s4,4,sparse-bernoulli-0.50,10584633876018000958,2,960,0.035000,hard,privileged-intermediate-target,0.405000,19,true
sparse-p0.50-d1-8-s4,4,sparse-bernoulli-0.50,10584633876018000958,2,960,0.035000,soft,shuffled-label,0.052500,19,true
sparse-p0.50-d1-8-s4,4,sparse-bernoulli-0.50,10584633876018000958,2,960,0.035000,2.0000,shuffled-label,0.345000,19,true
sparse-p0.50-d1-8-s4,4,sparse-bernoulli-0.50,10584633876018000958,2,960,0.035000,1.0000,shuffled-label,0.247500,19,true
sparse-p0.50-d1-8-s4,4,sparse-bernoulli-0.50,10584633876018000958,2,960,0.035000,hard,shuffled-label,0.052500,19,true
sparse-p0.50-d1-8-s4,4,sparse-bernoulli-0.50,3503703373795356757,2,960,0.035000,soft,privileged-intermediate-target,0.707500,17,true
sparse-p0.50-d1-8-s4,4,sparse-bernoulli-0.50,3503703373795356757,2,960,0.035000,2.0000,privileged-intermediate-target,0.297500,17,true
sparse-p0.50-d1-8-s4,4,sparse-bernoulli-0.50,3503703373795356757,2,960,0.035000,1.0000,privileged-intermediate-target,0.297500,17,true
sparse-p0.50-d1-8-s4,4,sparse-bernoulli-0.50,3503703373795356757,2,960,0.035000,hard,privileged-intermediate-target,0.317500,17,true
sparse-p0.50-d1-8-s4,4,sparse-bernoulli-0.50,3503703373795356757,2,960,0.035000,soft,shuffled-label,0.065000,17,true
sparse-p0.50-d1-8-s4,4,sparse-bernoulli-0.50,3503703373795356757,2,960,0.035000,2.0000,shuffled-label,0.225000,17,true
sparse-p0.50-d1-8-s4,4,sparse-bernoulli-0.50,3503703373795356757,2,960,0.035000,1.0000,shuffled-label,0.165000,17,true
sparse-p0.50-d1-8-s4,4,sparse-bernoulli-0.50,3503703373795356757,2,960,0.035000,hard,shuffled-label,0.482500,17,true
sparse-p0.50-d1-8-s4,4,sparse-bernoulli-0.50,6869996990457277544,2,960,0.035000,soft,privileged-intermediate-target,0.400000,16,true
sparse-p0.50-d1-8-s4,4,sparse-bernoulli-0.50,6869996990457277544,2,960,0.035000,2.0000,privileged-intermediate-target,0.500000,16,true
sparse-p0.50-d1-8-s4,4,sparse-bernoulli-0.50,6869996990457277544,2,960,0.035000,1.0000,privileged-intermediate-target,0.532500,16,true
sparse-p0.50-d1-8-s4,4,sparse-bernoulli-0.50,6869996990457277544,2,960,0.035000,hard,privileged-intermediate-target,0.265000,16,true
sparse-p0.50-d1-8-s4,4,sparse-bernoulli-0.50,6869996990457277544,2,960,0.035000,soft,shuffled-label,0.117500,16,true
sparse-p0.50-d1-8-s4,4,sparse-bernoulli-0.50,6869996990457277544,2,960,0.035000,2.0000,shuffled-label,0.240000,16,true
sparse-p0.50-d1-8-s4,4,sparse-bernoulli-0.50,6869996990457277544,2,960,0.035000,1.0000,shuffled-label,0.240000,16,true
sparse-p0.50-d1-8-s4,4,sparse-bernoulli-0.50,6869996990457277544,2,960,0.035000,hard,shuffled-label,0.365000,16,true
sparse-p0.50-d1-8-s4,4,sparse-bernoulli-0.50,18234682480328173695,2,960,0.035000,soft,privileged-intermediate-target,0.552500,17,true
sparse-p0.50-d1-8-s4,4,sparse-bernoulli-0.50,18234682480328173695,2,960,0.035000,2.0000,privileged-intermediate-target,0.442500,17,true
sparse-p0.50-d1-8-s4,4,sparse-bernoulli-0.50,18234682480328173695,2,960,0.035000,1.0000,privileged-intermediate-target,0.442500,17,true
sparse-p0.50-d1-8-s4,4,sparse-bernoulli-0.50,18234682480328173695,2,960,0.035000,hard,privileged-intermediate-target,0.442500,17,true
sparse-p0.50-d1-8-s4,4,sparse-bernoulli-0.50,18234682480328173695,2,960,0.035000,soft,shuffled-label,0.285000,17,true
sparse-p0.50-d1-8-s4,4,sparse-bernoulli-0.50,18234682480328173695,2,960,0.035000,2.0000,shuffled-label,0.355000,17,true
sparse-p0.50-d1-8-s4,4,sparse-bernoulli-0.50,18234682480328173695,2,960,0.035000,1.0000,shuffled-label,0.442500,17,true
sparse-p0.50-d1-8-s4,4,sparse-bernoulli-0.50,18234682480328173695,2,960,0.035000,hard,shuffled-label,0.397500,17,true
sparse-p0.50-d1-8-s4,4,sparse-bernoulli-0.50,2001310518681822354,2,960,0.035000,soft,privileged-intermediate-target,0.452500,13,true
sparse-p0.50-d1-8-s4,4,sparse-bernoulli-0.50,2001310518681822354,2,960,0.035000,2.0000,privileged-intermediate-target,0.335000,13,true
sparse-p0.50-d1-8-s4,4,sparse-bernoulli-0.50,2001310518681822354,2,960,0.035000,1.0000,privileged-intermediate-target,0.335000,13,true
sparse-p0.50-d1-8-s4,4,sparse-bernoulli-0.50,2001310518681822354,2,960,0.035000,hard,privileged-intermediate-target,0.340000,13,true
sparse-p0.50-d1-8-s4,4,sparse-bernoulli-0.50,2001310518681822354,2,960,0.035000,soft,shuffled-label,0.195000,13,true
sparse-p0.50-d1-8-s4,4,sparse-bernoulli-0.50,2001310518681822354,2,960,0.035000,2.0000,shuffled-label,0.000000,13,true
sparse-p0.50-d1-8-s4,4,sparse-bernoulli-0.50,2001310518681822354,2,960,0.035000,1.0000,shuffled-label,0.132500,13,true
sparse-p0.50-d1-8-s4,4,sparse-bernoulli-0.50,2001310518681822354,2,960,0.035000,hard,shuffled-label,0.327500,13,true
sparse-p0.50-d1-8-s4,4,sparse-bernoulli-0.50,13400896689310720169,2,960,0.035000,soft,privileged-intermediate-target,0.425000,13,true
sparse-p0.50-d1-8-s4,4,sparse-bernoulli-0.50,13400896689310720169,2,960,0.035000,2.0000,privileged-intermediate-target,0.385000,13,true
sparse-p0.50-d1-8-s4,4,sparse-bernoulli-0.50,13400896689310720169,2,960,0.035000,1.0000,privileged-intermediate-target,0.385000,13,true
sparse-p0.50-d1-8-s4,4,sparse-bernoulli-0.50,13400896689310720169,2,960,0.035000,hard,privileged-intermediate-target,0.385000,13,true
sparse-p0.50-d1-8-s4,4,sparse-bernoulli-0.50,13400896689310720169,2,960,0.035000,soft,shuffled-label,0.137500,13,true
sparse-p0.50-d1-8-s4,4,sparse-bernoulli-0.50,13400896689310720169,2,960,0.035000,2.0000,shuffled-label,0.170000,13,true
sparse-p0.50-d1-8-s4,4,sparse-bernoulli-0.50,13400896689310720169,2,960,0.035000,1.0000,shuffled-label,0.200000,13,true
sparse-p0.50-d1-8-s4,4,sparse-bernoulli-0.50,13400896689310720169,2,960,0.035000,hard,shuffled-label,0.197500,13,true
sparse-p0.50-d1-8-s4,4,sparse-bernoulli-0.50,15453320347936062484,2,960,0.070000,soft,privileged-intermediate-target,0.457500,14,true
sparse-p0.50-d1-8-s4,4,sparse-bernoulli-0.50,15453320347936062484,2,960,0.070000,2.0000,privileged-intermediate-target,0.507500,14,true
sparse-p0.50-d1-8-s4,4,sparse-bernoulli-0.50,15453320347936062484,2,960,0.070000,1.0000,privileged-intermediate-target,0.457500,14,true
sparse-p0.50-d1-8-s4,4,sparse-bernoulli-0.50,15453320347936062484,2,960,0.070000,hard,privileged-intermediate-target,0.457500,14,true
sparse-p0.50-d1-8-s4,4,sparse-bernoulli-0.50,15453320347936062484,2,960,0.070000,soft,shuffled-label,0.232500,14,true
sparse-p0.50-d1-8-s4,4,sparse-bernoulli-0.50,15453320347936062484,2,960,0.070000,2.0000,shuffled-label,0.252500,14,true
sparse-p0.50-d1-8-s4,4,sparse-bernoulli-0.50,15453320347936062484,2,960,0.070000,1.0000,shuffled-label,0.252500,14,true
sparse-p0.50-d1-8-s4,4,sparse-bernoulli-0.50,15453320347936062484,2,960,0.070000,hard,shuffled-label,0.427500,14,true
sparse-p0.50-d1-8-s4,4,sparse-bernoulli-0.50,8371261729603450923,2,960,0.070000,soft,privileged-intermediate-target,0.392500,16,true
sparse-p0.50-d1-8-s4,4,sparse-bernoulli-0.50,8371261729603450923,2,960,0.070000,2.0000,privileged-intermediate-target,0.350000,16,true
sparse-p0.50-d1-8-s4,4,sparse-bernoulli-0.50,8371261729603450923,2,960,0.070000,1.0000,privileged-intermediate-target,0.310000,16,true
sparse-p0.50-d1-8-s4,4,sparse-bernoulli-0.50,8371261729603450923,2,960,0.070000,hard,privileged-intermediate-target,0.307500,16,true
sparse-p0.50-d1-8-s4,4,sparse-bernoulli-0.50,8371261729603450923,2,960,0.070000,soft,shuffled-label,0.100000,16,true
sparse-p0.50-d1-8-s4,4,sparse-bernoulli-0.50,8371261729603450923,2,960,0.070000,2.0000,shuffled-label,0.207500,16,true
sparse-p0.50-d1-8-s4,4,sparse-bernoulli-0.50,8371261729603450923,2,960,0.070000,1.0000,shuffled-label,0.077500,16,true
sparse-p0.50-d1-8-s4,4,sparse-bernoulli-0.50,8371261729603450923,2,960,0.070000,hard,shuffled-label,0.100000,16,true
sparse-p0.50-d1-8-s4,4,sparse-bernoulli-0.50,10584633876018000958,2,960,0.070000,soft,privileged-intermediate-target,0.505000,19,true
sparse-p0.50-d1-8-s4,4,sparse-bernoulli-0.50,10584633876018000958,2,960,0.070000,2.0000,privileged-intermediate-target,0.567500,19,true
sparse-p0.50-d1-8-s4,4,sparse-bernoulli-0.50,10584633876018000958,2,960,0.070000,1.0000,privileged-intermediate-target,0.567500,19,true
sparse-p0.50-d1-8-s4,4,sparse-bernoulli-0.50,10584633876018000958,2,960,0.070000,hard,privileged-intermediate-target,0.405000,19,true
sparse-p0.50-d1-8-s4,4,sparse-bernoulli-0.50,10584633876018000958,2,960,0.070000,soft,shuffled-label,0.052500,19,true
sparse-p0.50-d1-8-s4,4,sparse-bernoulli-0.50,10584633876018000958,2,960,0.070000,2.0000,shuffled-label,0.345000,19,true
sparse-p0.50-d1-8-s4,4,sparse-bernoulli-0.50,10584633876018000958,2,960,0.070000,1.0000,shuffled-label,0.212500,19,true
sparse-p0.50-d1-8-s4,4,sparse-bernoulli-0.50,10584633876018000958,2,960,0.070000,hard,shuffled-label,0.052500,19,true
sparse-p0.50-d1-8-s4,4,sparse-bernoulli-0.50,3503703373795356757,2,960,0.070000,soft,privileged-intermediate-target,0.707500,17,true
sparse-p0.50-d1-8-s4,4,sparse-bernoulli-0.50,3503703373795356757,2,960,0.070000,2.0000,privileged-intermediate-target,0.297500,17,true
sparse-p0.50-d1-8-s4,4,sparse-bernoulli-0.50,3503703373795356757,2,960,0.070000,1.0000,privileged-intermediate-target,0.360000,17,true
sparse-p0.50-d1-8-s4,4,sparse-bernoulli-0.50,3503703373795356757,2,960,0.070000,hard,privileged-intermediate-target,0.317500,17,true
sparse-p0.50-d1-8-s4,4,sparse-bernoulli-0.50,3503703373795356757,2,960,0.070000,soft,shuffled-label,0.065000,17,true
sparse-p0.50-d1-8-s4,4,sparse-bernoulli-0.50,3503703373795356757,2,960,0.070000,2.0000,shuffled-label,0.165000,17,true
sparse-p0.50-d1-8-s4,4,sparse-bernoulli-0.50,3503703373795356757,2,960,0.070000,1.0000,shuffled-label,0.240000,17,true
sparse-p0.50-d1-8-s4,4,sparse-bernoulli-0.50,3503703373795356757,2,960,0.070000,hard,shuffled-label,0.482500,17,true
sparse-p0.50-d1-8-s4,4,sparse-bernoulli-0.50,6869996990457277544,2,960,0.070000,soft,privileged-intermediate-target,0.400000,16,true
sparse-p0.50-d1-8-s4,4,sparse-bernoulli-0.50,6869996990457277544,2,960,0.070000,2.0000,privileged-intermediate-target,0.555000,16,true
sparse-p0.50-d1-8-s4,4,sparse-bernoulli-0.50,6869996990457277544,2,960,0.070000,1.0000,privileged-intermediate-target,0.587500,16,true
sparse-p0.50-d1-8-s4,4,sparse-bernoulli-0.50,6869996990457277544,2,960,0.070000,hard,privileged-intermediate-target,0.265000,16,true
sparse-p0.50-d1-8-s4,4,sparse-bernoulli-0.50,6869996990457277544,2,960,0.070000,soft,shuffled-label,0.117500,16,true
sparse-p0.50-d1-8-s4,4,sparse-bernoulli-0.50,6869996990457277544,2,960,0.070000,2.0000,shuffled-label,0.172500,16,true
sparse-p0.50-d1-8-s4,4,sparse-bernoulli-0.50,6869996990457277544,2,960,0.070000,1.0000,shuffled-label,0.240000,16,true
sparse-p0.50-d1-8-s4,4,sparse-bernoulli-0.50,6869996990457277544,2,960,0.070000,hard,shuffled-label,0.365000,16,true
sparse-p0.50-d1-8-s4,4,sparse-bernoulli-0.50,18234682480328173695,2,960,0.070000,soft,privileged-intermediate-target,0.552500,17,true
sparse-p0.50-d1-8-s4,4,sparse-bernoulli-0.50,18234682480328173695,2,960,0.070000,2.0000,privileged-intermediate-target,0.442500,17,true
sparse-p0.50-d1-8-s4,4,sparse-bernoulli-0.50,18234682480328173695,2,960,0.070000,1.0000,privileged-intermediate-target,0.442500,17,true
sparse-p0.50-d1-8-s4,4,sparse-bernoulli-0.50,18234682480328173695,2,960,0.070000,hard,privileged-intermediate-target,0.442500,17,true
sparse-p0.50-d1-8-s4,4,sparse-bernoulli-0.50,18234682480328173695,2,960,0.070000,soft,shuffled-label,0.050000,17,true
sparse-p0.50-d1-8-s4,4,sparse-bernoulli-0.50,18234682480328173695,2,960,0.070000,2.0000,shuffled-label,0.250000,17,true
sparse-p0.50-d1-8-s4,4,sparse-bernoulli-0.50,18234682480328173695,2,960,0.070000,1.0000,shuffled-label,0.250000,17,true
sparse-p0.50-d1-8-s4,4,sparse-bernoulli-0.50,18234682480328173695,2,960,0.070000,hard,shuffled-label,0.310000,17,true
sparse-p0.50-d1-8-s4,4,sparse-bernoulli-0.50,2001310518681822354,2,960,0.070000,soft,privileged-intermediate-target,0.377500,13,true
sparse-p0.50-d1-8-s4,4,sparse-bernoulli-0.50,2001310518681822354,2,960,0.070000,2.0000,privileged-intermediate-target,0.335000,13,true
sparse-p0.50-d1-8-s4,4,sparse-bernoulli-0.50,2001310518681822354,2,960,0.070000,1.0000,privileged-intermediate-target,0.420000,13,true
sparse-p0.50-d1-8-s4,4,sparse-bernoulli-0.50,2001310518681822354,2,960,0.070000,hard,privileged-intermediate-target,0.340000,13,true
sparse-p0.50-d1-8-s4,4,sparse-bernoulli-0.50,2001310518681822354,2,960,0.070000,soft,shuffled-label,0.195000,13,true
sparse-p0.50-d1-8-s4,4,sparse-bernoulli-0.50,2001310518681822354,2,960,0.070000,2.0000,shuffled-label,0.070000,13,true
sparse-p0.50-d1-8-s4,4,sparse-bernoulli-0.50,2001310518681822354,2,960,0.070000,1.0000,shuffled-label,0.077500,13,true
sparse-p0.50-d1-8-s4,4,sparse-bernoulli-0.50,2001310518681822354,2,960,0.070000,hard,shuffled-label,0.327500,13,true
sparse-p0.50-d1-8-s4,4,sparse-bernoulli-0.50,13400896689310720169,2,960,0.070000,soft,privileged-intermediate-target,0.482500,13,true
sparse-p0.50-d1-8-s4,4,sparse-bernoulli-0.50,13400896689310720169,2,960,0.070000,2.0000,privileged-intermediate-target,0.385000,13,true
sparse-p0.50-d1-8-s4,4,sparse-bernoulli-0.50,13400896689310720169,2,960,0.070000,1.0000,privileged-intermediate-target,0.385000,13,true
sparse-p0.50-d1-8-s4,4,sparse-bernoulli-0.50,13400896689310720169,2,960,0.070000,hard,privileged-intermediate-target,0.385000,13,true
sparse-p0.50-d1-8-s4,4,sparse-bernoulli-0.50,13400896689310720169,2,960,0.070000,soft,shuffled-label,0.107500,13,true
sparse-p0.50-d1-8-s4,4,sparse-bernoulli-0.50,13400896689310720169,2,960,0.070000,2.0000,shuffled-label,0.300000,13,true
sparse-p0.50-d1-8-s4,4,sparse-bernoulli-0.50,13400896689310720169,2,960,0.070000,1.0000,shuffled-label,0.170000,13,true
sparse-p0.50-d1-8-s4,4,sparse-bernoulli-0.50,13400896689310720169,2,960,0.070000,hard,shuffled-label,0.375000,13,true
sparse-p0.50-d1-8-s4,4,sparse-bernoulli-0.50,15453320347936062484,3,960,0.035000,soft,privileged-intermediate-target,0.260000,14,true
sparse-p0.50-d1-8-s4,4,sparse-bernoulli-0.50,15453320347936062484,3,960,0.035000,2.0000,privileged-intermediate-target,0.232500,14,true
sparse-p0.50-d1-8-s4,4,sparse-bernoulli-0.50,15453320347936062484,3,960,0.035000,1.0000,privileged-intermediate-target,0.265000,14,true
sparse-p0.50-d1-8-s4,4,sparse-bernoulli-0.50,15453320347936062484,3,960,0.035000,hard,privileged-intermediate-target,0.232500,14,true
sparse-p0.50-d1-8-s4,4,sparse-bernoulli-0.50,15453320347936062484,3,960,0.035000,soft,shuffled-label,0.000000,14,true
sparse-p0.50-d1-8-s4,4,sparse-bernoulli-0.50,15453320347936062484,3,960,0.035000,2.0000,shuffled-label,0.180000,14,true
sparse-p0.50-d1-8-s4,4,sparse-bernoulli-0.50,15453320347936062484,3,960,0.035000,1.0000,shuffled-label,0.092500,14,true
sparse-p0.50-d1-8-s4,4,sparse-bernoulli-0.50,15453320347936062484,3,960,0.035000,hard,shuffled-label,0.000000,14,true
sparse-p0.50-d1-8-s4,4,sparse-bernoulli-0.50,8371261729603450923,3,960,0.035000,soft,privileged-intermediate-target,0.267500,16,true
sparse-p0.50-d1-8-s4,4,sparse-bernoulli-0.50,8371261729603450923,3,960,0.035000,2.0000,privileged-intermediate-target,0.307500,16,true
sparse-p0.50-d1-8-s4,4,sparse-bernoulli-0.50,8371261729603450923,3,960,0.035000,1.0000,privileged-intermediate-target,0.207500,16,true
sparse-p0.50-d1-8-s4,4,sparse-bernoulli-0.50,8371261729603450923,3,960,0.035000,hard,privileged-intermediate-target,0.245000,16,true
sparse-p0.50-d1-8-s4,4,sparse-bernoulli-0.50,8371261729603450923,3,960,0.035000,soft,shuffled-label,0.000000,16,true
sparse-p0.50-d1-8-s4,4,sparse-bernoulli-0.50,8371261729603450923,3,960,0.035000,2.0000,shuffled-label,0.292500,16,true
sparse-p0.50-d1-8-s4,4,sparse-bernoulli-0.50,8371261729603450923,3,960,0.035000,1.0000,shuffled-label,0.065000,16,true
sparse-p0.50-d1-8-s4,4,sparse-bernoulli-0.50,8371261729603450923,3,960,0.035000,hard,shuffled-label,0.000000,16,true
sparse-p0.50-d1-8-s4,4,sparse-bernoulli-0.50,10584633876018000958,3,960,0.035000,soft,privileged-intermediate-target,0.290000,19,true
sparse-p0.50-d1-8-s4,4,sparse-bernoulli-0.50,10584633876018000958,3,960,0.035000,2.0000,privileged-intermediate-target,0.332500,19,true
sparse-p0.50-d1-8-s4,4,sparse-bernoulli-0.50,10584633876018000958,3,960,0.035000,1.0000,privileged-intermediate-target,0.352500,19,true
sparse-p0.50-d1-8-s4,4,sparse-bernoulli-0.50,10584633876018000958,3,960,0.035000,hard,privileged-intermediate-target,0.285000,19,true
sparse-p0.50-d1-8-s4,4,sparse-bernoulli-0.50,10584633876018000958,3,960,0.035000,soft,shuffled-label,0.000000,19,true
sparse-p0.50-d1-8-s4,4,sparse-bernoulli-0.50,10584633876018000958,3,960,0.035000,2.0000,shuffled-label,0.247500,19,true
sparse-p0.50-d1-8-s4,4,sparse-bernoulli-0.50,10584633876018000958,3,960,0.035000,1.0000,shuffled-label,0.067500,19,true
sparse-p0.50-d1-8-s4,4,sparse-bernoulli-0.50,10584633876018000958,3,960,0.035000,hard,shuffled-label,0.000000,19,true
sparse-p0.50-d1-8-s4,4,sparse-bernoulli-0.50,3503703373795356757,3,960,0.035000,soft,privileged-intermediate-target,0.525000,17,true
sparse-p0.50-d1-8-s4,4,sparse-bernoulli-0.50,3503703373795356757,3,960,0.035000,2.0000,privileged-intermediate-target,0.272500,17,true
sparse-p0.50-d1-8-s4,4,sparse-bernoulli-0.50,3503703373795356757,3,960,0.035000,1.0000,privileged-intermediate-target,0.272500,17,true
sparse-p0.50-d1-8-s4,4,sparse-bernoulli-0.50,3503703373795356757,3,960,0.035000,hard,privileged-intermediate-target,0.360000,17,true
sparse-p0.50-d1-8-s4,4,sparse-bernoulli-0.50,3503703373795356757,3,960,0.035000,soft,shuffled-label,0.000000,17,true
sparse-p0.50-d1-8-s4,4,sparse-bernoulli-0.50,3503703373795356757,3,960,0.035000,2.0000,shuffled-label,0.252500,17,true
sparse-p0.50-d1-8-s4,4,sparse-bernoulli-0.50,3503703373795356757,3,960,0.035000,1.0000,shuffled-label,0.157500,17,true
sparse-p0.50-d1-8-s4,4,sparse-bernoulli-0.50,3503703373795356757,3,960,0.035000,hard,shuffled-label,0.000000,17,true
sparse-p0.50-d1-8-s4,4,sparse-bernoulli-0.50,6869996990457277544,3,960,0.035000,soft,privileged-intermediate-target,0.470000,16,true
sparse-p0.50-d1-8-s4,4,sparse-bernoulli-0.50,6869996990457277544,3,960,0.035000,2.0000,privileged-intermediate-target,0.345000,16,true
sparse-p0.50-d1-8-s4,4,sparse-bernoulli-0.50,6869996990457277544,3,960,0.035000,1.0000,privileged-intermediate-target,0.427500,16,true
sparse-p0.50-d1-8-s4,4,sparse-bernoulli-0.50,6869996990457277544,3,960,0.035000,hard,privileged-intermediate-target,0.340000,16,true
sparse-p0.50-d1-8-s4,4,sparse-bernoulli-0.50,6869996990457277544,3,960,0.035000,soft,shuffled-label,0.000000,16,true
sparse-p0.50-d1-8-s4,4,sparse-bernoulli-0.50,6869996990457277544,3,960,0.035000,2.0000,shuffled-label,0.260000,16,true
sparse-p0.50-d1-8-s4,4,sparse-bernoulli-0.50,6869996990457277544,3,960,0.035000,1.0000,shuffled-label,0.115000,16,true
sparse-p0.50-d1-8-s4,4,sparse-bernoulli-0.50,6869996990457277544,3,960,0.035000,hard,shuffled-label,0.000000,16,true
sparse-p0.50-d1-8-s4,4,sparse-bernoulli-0.50,18234682480328173695,3,960,0.035000,soft,privileged-intermediate-target,0.445000,17,true
sparse-p0.50-d1-8-s4,4,sparse-bernoulli-0.50,18234682480328173695,3,960,0.035000,2.0000,privileged-intermediate-target,0.285000,17,true
sparse-p0.50-d1-8-s4,4,sparse-bernoulli-0.50,18234682480328173695,3,960,0.035000,1.0000,privileged-intermediate-target,0.330000,17,true
sparse-p0.50-d1-8-s4,4,sparse-bernoulli-0.50,18234682480328173695,3,960,0.035000,hard,privileged-intermediate-target,0.330000,17,true
sparse-p0.50-d1-8-s4,4,sparse-bernoulli-0.50,18234682480328173695,3,960,0.035000,soft,shuffled-label,0.000000,17,true
sparse-p0.50-d1-8-s4,4,sparse-bernoulli-0.50,18234682480328173695,3,960,0.035000,2.0000,shuffled-label,0.095000,17,true
sparse-p0.50-d1-8-s4,4,sparse-bernoulli-0.50,18234682480328173695,3,960,0.035000,1.0000,shuffled-label,0.047500,17,true
sparse-p0.50-d1-8-s4,4,sparse-bernoulli-0.50,18234682480328173695,3,960,0.035000,hard,shuffled-label,0.000000,17,true
sparse-p0.50-d1-8-s4,4,sparse-bernoulli-0.50,2001310518681822354,3,960,0.035000,soft,privileged-intermediate-target,0.360000,13,true
sparse-p0.50-d1-8-s4,4,sparse-bernoulli-0.50,2001310518681822354,3,960,0.035000,2.0000,privileged-intermediate-target,0.332500,13,true
sparse-p0.50-d1-8-s4,4,sparse-bernoulli-0.50,2001310518681822354,3,960,0.035000,1.0000,privileged-intermediate-target,0.357500,13,true
sparse-p0.50-d1-8-s4,4,sparse-bernoulli-0.50,2001310518681822354,3,960,0.035000,hard,privileged-intermediate-target,0.250000,13,true
sparse-p0.50-d1-8-s4,4,sparse-bernoulli-0.50,2001310518681822354,3,960,0.035000,soft,shuffled-label,0.000000,13,true
sparse-p0.50-d1-8-s4,4,sparse-bernoulli-0.50,2001310518681822354,3,960,0.035000,2.0000,shuffled-label,0.215000,13,true
sparse-p0.50-d1-8-s4,4,sparse-bernoulli-0.50,2001310518681822354,3,960,0.035000,1.0000,shuffled-label,0.160000,13,true
sparse-p0.50-d1-8-s4,4,sparse-bernoulli-0.50,2001310518681822354,3,960,0.035000,hard,shuffled-label,0.000000,13,true
sparse-p0.50-d1-8-s4,4,sparse-bernoulli-0.50,13400896689310720169,3,960,0.035000,soft,privileged-intermediate-target,0.442500,13,true
sparse-p0.50-d1-8-s4,4,sparse-bernoulli-0.50,13400896689310720169,3,960,0.035000,2.0000,privileged-intermediate-target,0.300000,13,true
sparse-p0.50-d1-8-s4,4,sparse-bernoulli-0.50,13400896689310720169,3,960,0.035000,1.0000,privileged-intermediate-target,0.340000,13,true
sparse-p0.50-d1-8-s4,4,sparse-bernoulli-0.50,13400896689310720169,3,960,0.035000,hard,privileged-intermediate-target,0.305000,13,true
sparse-p0.50-d1-8-s4,4,sparse-bernoulli-0.50,13400896689310720169,3,960,0.035000,soft,shuffled-label,0.000000,13,true
sparse-p0.50-d1-8-s4,4,sparse-bernoulli-0.50,13400896689310720169,3,960,0.035000,2.0000,shuffled-label,0.290000,13,true
sparse-p0.50-d1-8-s4,4,sparse-bernoulli-0.50,13400896689310720169,3,960,0.035000,1.0000,shuffled-label,0.127500,13,true
sparse-p0.50-d1-8-s4,4,sparse-bernoulli-0.50,13400896689310720169,3,960,0.035000,hard,shuffled-label,0.000000,13,true
sparse-p0.50-d1-8-s4,4,sparse-bernoulli-0.50,15453320347936062484,3,960,0.070000,soft,privileged-intermediate-target,0.232500,14,true
sparse-p0.50-d1-8-s4,4,sparse-bernoulli-0.50,15453320347936062484,3,960,0.070000,2.0000,privileged-intermediate-target,0.325000,14,true
sparse-p0.50-d1-8-s4,4,sparse-bernoulli-0.50,15453320347936062484,3,960,0.070000,1.0000,privileged-intermediate-target,0.232500,14,true
sparse-p0.50-d1-8-s4,4,sparse-bernoulli-0.50,15453320347936062484,3,960,0.070000,hard,privileged-intermediate-target,0.232500,14,true
sparse-p0.50-d1-8-s4,4,sparse-bernoulli-0.50,15453320347936062484,3,960,0.070000,soft,shuffled-label,0.000000,14,true
sparse-p0.50-d1-8-s4,4,sparse-bernoulli-0.50,15453320347936062484,3,960,0.070000,2.0000,shuffled-label,0.125000,14,true
sparse-p0.50-d1-8-s4,4,sparse-bernoulli-0.50,15453320347936062484,3,960,0.070000,1.0000,shuffled-label,0.000000,14,true
sparse-p0.50-d1-8-s4,4,sparse-bernoulli-0.50,15453320347936062484,3,960,0.070000,hard,shuffled-label,0.000000,14,true
sparse-p0.50-d1-8-s4,4,sparse-bernoulli-0.50,8371261729603450923,3,960,0.070000,soft,privileged-intermediate-target,0.267500,16,true
sparse-p0.50-d1-8-s4,4,sparse-bernoulli-0.50,8371261729603450923,3,960,0.070000,2.0000,privileged-intermediate-target,0.307500,16,true
sparse-p0.50-d1-8-s4,4,sparse-bernoulli-0.50,8371261729603450923,3,960,0.070000,1.0000,privileged-intermediate-target,0.207500,16,true
sparse-p0.50-d1-8-s4,4,sparse-bernoulli-0.50,8371261729603450923,3,960,0.070000,hard,privileged-intermediate-target,0.245000,16,true
sparse-p0.50-d1-8-s4,4,sparse-bernoulli-0.50,8371261729603450923,3,960,0.070000,soft,shuffled-label,0.000000,16,true
sparse-p0.50-d1-8-s4,4,sparse-bernoulli-0.50,8371261729603450923,3,960,0.070000,2.0000,shuffled-label,0.262500,16,true
sparse-p0.50-d1-8-s4,4,sparse-bernoulli-0.50,8371261729603450923,3,960,0.070000,1.0000,shuffled-label,0.065000,16,true
sparse-p0.50-d1-8-s4,4,sparse-bernoulli-0.50,8371261729603450923,3,960,0.070000,hard,shuffled-label,0.000000,16,true
sparse-p0.50-d1-8-s4,4,sparse-bernoulli-0.50,10584633876018000958,3,960,0.070000,soft,privileged-intermediate-target,0.320000,19,true
sparse-p0.50-d1-8-s4,4,sparse-bernoulli-0.50,10584633876018000958,3,960,0.070000,2.0000,privileged-intermediate-target,0.352500,19,true
sparse-p0.50-d1-8-s4,4,sparse-bernoulli-0.50,10584633876018000958,3,960,0.070000,1.0000,privileged-intermediate-target,0.332500,19,true
sparse-p0.50-d1-8-s4,4,sparse-bernoulli-0.50,10584633876018000958,3,960,0.070000,hard,privileged-intermediate-target,0.285000,19,true
sparse-p0.50-d1-8-s4,4,sparse-bernoulli-0.50,10584633876018000958,3,960,0.070000,soft,shuffled-label,0.000000,19,true
sparse-p0.50-d1-8-s4,4,sparse-bernoulli-0.50,10584633876018000958,3,960,0.070000,2.0000,shuffled-label,0.247500,19,true
sparse-p0.50-d1-8-s4,4,sparse-bernoulli-0.50,10584633876018000958,3,960,0.070000,1.0000,shuffled-label,0.157500,19,true
sparse-p0.50-d1-8-s4,4,sparse-bernoulli-0.50,10584633876018000958,3,960,0.070000,hard,shuffled-label,0.000000,19,true
sparse-p0.50-d1-8-s4,4,sparse-bernoulli-0.50,3503703373795356757,3,960,0.070000,soft,privileged-intermediate-target,0.525000,17,true
sparse-p0.50-d1-8-s4,4,sparse-bernoulli-0.50,3503703373795356757,3,960,0.070000,2.0000,privileged-intermediate-target,0.310000,17,true
sparse-p0.50-d1-8-s4,4,sparse-bernoulli-0.50,3503703373795356757,3,960,0.070000,1.0000,privileged-intermediate-target,0.272500,17,true
sparse-p0.50-d1-8-s4,4,sparse-bernoulli-0.50,3503703373795356757,3,960,0.070000,hard,privileged-intermediate-target,0.360000,17,true
sparse-p0.50-d1-8-s4,4,sparse-bernoulli-0.50,3503703373795356757,3,960,0.070000,soft,shuffled-label,0.000000,17,true
sparse-p0.50-d1-8-s4,4,sparse-bernoulli-0.50,3503703373795356757,3,960,0.070000,2.0000,shuffled-label,0.252500,17,true
sparse-p0.50-d1-8-s4,4,sparse-bernoulli-0.50,3503703373795356757,3,960,0.070000,1.0000,shuffled-label,0.155000,17,true
sparse-p0.50-d1-8-s4,4,sparse-bernoulli-0.50,3503703373795356757,3,960,0.070000,hard,shuffled-label,0.000000,17,true
sparse-p0.50-d1-8-s4,4,sparse-bernoulli-0.50,6869996990457277544,3,960,0.070000,soft,privileged-intermediate-target,0.507500,16,true
sparse-p0.50-d1-8-s4,4,sparse-bernoulli-0.50,6869996990457277544,3,960,0.070000,2.0000,privileged-intermediate-target,0.507500,16,true
sparse-p0.50-d1-8-s4,4,sparse-bernoulli-0.50,6869996990457277544,3,960,0.070000,1.0000,privileged-intermediate-target,0.537500,16,true
sparse-p0.50-d1-8-s4,4,sparse-bernoulli-0.50,6869996990457277544,3,960,0.070000,hard,privileged-intermediate-target,0.340000,16,true
sparse-p0.50-d1-8-s4,4,sparse-bernoulli-0.50,6869996990457277544,3,960,0.070000,soft,shuffled-label,0.000000,16,true
sparse-p0.50-d1-8-s4,4,sparse-bernoulli-0.50,6869996990457277544,3,960,0.070000,2.0000,shuffled-label,0.260000,16,true
sparse-p0.50-d1-8-s4,4,sparse-bernoulli-0.50,6869996990457277544,3,960,0.070000,1.0000,shuffled-label,0.047500,16,true
sparse-p0.50-d1-8-s4,4,sparse-bernoulli-0.50,6869996990457277544,3,960,0.070000,hard,shuffled-label,0.000000,16,true
sparse-p0.50-d1-8-s4,4,sparse-bernoulli-0.50,18234682480328173695,3,960,0.070000,soft,privileged-intermediate-target,0.465000,17,true
sparse-p0.50-d1-8-s4,4,sparse-bernoulli-0.50,18234682480328173695,3,960,0.070000,2.0000,privileged-intermediate-target,0.330000,17,true
sparse-p0.50-d1-8-s4,4,sparse-bernoulli-0.50,18234682480328173695,3,960,0.070000,1.0000,privileged-intermediate-target,0.330000,17,true
sparse-p0.50-d1-8-s4,4,sparse-bernoulli-0.50,18234682480328173695,3,960,0.070000,hard,privileged-intermediate-target,0.330000,17,true
sparse-p0.50-d1-8-s4,4,sparse-bernoulli-0.50,18234682480328173695,3,960,0.070000,soft,shuffled-label,0.000000,17,true
sparse-p0.50-d1-8-s4,4,sparse-bernoulli-0.50,18234682480328173695,3,960,0.070000,2.0000,shuffled-label,0.122500,17,true
sparse-p0.50-d1-8-s4,4,sparse-bernoulli-0.50,18234682480328173695,3,960,0.070000,1.0000,shuffled-label,0.095000,17,true
sparse-p0.50-d1-8-s4,4,sparse-bernoulli-0.50,18234682480328173695,3,960,0.070000,hard,shuffled-label,0.000000,17,true
sparse-p0.50-d1-8-s4,4,sparse-bernoulli-0.50,2001310518681822354,3,960,0.070000,soft,privileged-intermediate-target,0.317500,13,true
sparse-p0.50-d1-8-s4,4,sparse-bernoulli-0.50,2001310518681822354,3,960,0.070000,2.0000,privileged-intermediate-target,0.332500,13,true
sparse-p0.50-d1-8-s4,4,sparse-bernoulli-0.50,2001310518681822354,3,960,0.070000,1.0000,privileged-intermediate-target,0.322500,13,true
sparse-p0.50-d1-8-s4,4,sparse-bernoulli-0.50,2001310518681822354,3,960,0.070000,hard,privileged-intermediate-target,0.250000,13,true
sparse-p0.50-d1-8-s4,4,sparse-bernoulli-0.50,2001310518681822354,3,960,0.070000,soft,shuffled-label,0.000000,13,true
sparse-p0.50-d1-8-s4,4,sparse-bernoulli-0.50,2001310518681822354,3,960,0.070000,2.0000,shuffled-label,0.235000,13,true
sparse-p0.50-d1-8-s4,4,sparse-bernoulli-0.50,2001310518681822354,3,960,0.070000,1.0000,shuffled-label,0.180000,13,true
sparse-p0.50-d1-8-s4,4,sparse-bernoulli-0.50,2001310518681822354,3,960,0.070000,hard,shuffled-label,0.000000,13,true
sparse-p0.50-d1-8-s4,4,sparse-bernoulli-0.50,13400896689310720169,3,960,0.070000,soft,privileged-intermediate-target,0.485000,13,true
sparse-p0.50-d1-8-s4,4,sparse-bernoulli-0.50,13400896689310720169,3,960,0.070000,2.0000,privileged-intermediate-target,0.300000,13,true
sparse-p0.50-d1-8-s4,4,sparse-bernoulli-0.50,13400896689310720169,3,960,0.070000,1.0000,privileged-intermediate-target,0.340000,13,true
sparse-p0.50-d1-8-s4,4,sparse-bernoulli-0.50,13400896689310720169,3,960,0.070000,hard,privileged-intermediate-target,0.305000,13,true
sparse-p0.50-d1-8-s4,4,sparse-bernoulli-0.50,13400896689310720169,3,960,0.070000,soft,shuffled-label,0.000000,13,true
sparse-p0.50-d1-8-s4,4,sparse-bernoulli-0.50,13400896689310720169,3,960,0.070000,2.0000,shuffled-label,0.290000,13,true
sparse-p0.50-d1-8-s4,4,sparse-bernoulli-0.50,13400896689310720169,3,960,0.070000,1.0000,shuffled-label,0.127500,13,true
sparse-p0.50-d1-8-s4,4,sparse-bernoulli-0.50,13400896689310720169,3,960,0.070000,hard,shuffled-label,0.000000,13,true
sparse-p0.50-d1-8-s4,4,sparse-bernoulli-0.50,15453320347936062484,4,960,0.035000,soft,privileged-intermediate-target,0.275000,14,true
sparse-p0.50-d1-8-s4,4,sparse-bernoulli-0.50,15453320347936062484,4,960,0.035000,2.0000,privileged-intermediate-target,0.277500,14,true
sparse-p0.50-d1-8-s4,4,sparse-bernoulli-0.50,15453320347936062484,4,960,0.035000,1.0000,privileged-intermediate-target,0.280000,14,true
sparse-p0.50-d1-8-s4,4,sparse-bernoulli-0.50,15453320347936062484,4,960,0.035000,hard,privileged-intermediate-target,0.270000,14,true
sparse-p0.50-d1-8-s4,4,sparse-bernoulli-0.50,15453320347936062484,4,960,0.035000,soft,shuffled-label,0.097500,14,true
sparse-p0.50-d1-8-s4,4,sparse-bernoulli-0.50,15453320347936062484,4,960,0.035000,2.0000,shuffled-label,0.247500,14,true
sparse-p0.50-d1-8-s4,4,sparse-bernoulli-0.50,15453320347936062484,4,960,0.035000,1.0000,shuffled-label,0.250000,14,true
sparse-p0.50-d1-8-s4,4,sparse-bernoulli-0.50,15453320347936062484,4,960,0.035000,hard,shuffled-label,0.302500,14,true
sparse-p0.50-d1-8-s4,4,sparse-bernoulli-0.50,8371261729603450923,4,960,0.035000,soft,privileged-intermediate-target,0.180000,16,true
sparse-p0.50-d1-8-s4,4,sparse-bernoulli-0.50,8371261729603450923,4,960,0.035000,2.0000,privileged-intermediate-target,0.282500,16,true
sparse-p0.50-d1-8-s4,4,sparse-bernoulli-0.50,8371261729603450923,4,960,0.035000,1.0000,privileged-intermediate-target,0.260000,16,true
sparse-p0.50-d1-8-s4,4,sparse-bernoulli-0.50,8371261729603450923,4,960,0.035000,hard,privileged-intermediate-target,0.277500,16,true
sparse-p0.50-d1-8-s4,4,sparse-bernoulli-0.50,8371261729603450923,4,960,0.035000,soft,shuffled-label,0.100000,16,true
sparse-p0.50-d1-8-s4,4,sparse-bernoulli-0.50,8371261729603450923,4,960,0.035000,2.0000,shuffled-label,0.250000,16,true
sparse-p0.50-d1-8-s4,4,sparse-bernoulli-0.50,8371261729603450923,4,960,0.035000,1.0000,shuffled-label,0.250000,16,true
sparse-p0.50-d1-8-s4,4,sparse-bernoulli-0.50,8371261729603450923,4,960,0.035000,hard,shuffled-label,0.365000,16,true
sparse-p0.50-d1-8-s4,4,sparse-bernoulli-0.50,10584633876018000958,4,960,0.035000,soft,privileged-intermediate-target,0.397500,19,true
sparse-p0.50-d1-8-s4,4,sparse-bernoulli-0.50,10584633876018000958,4,960,0.035000,2.0000,privileged-intermediate-target,0.322500,19,true
sparse-p0.50-d1-8-s4,4,sparse-bernoulli-0.50,10584633876018000958,4,960,0.035000,1.0000,privileged-intermediate-target,0.327500,19,true
sparse-p0.50-d1-8-s4,4,sparse-bernoulli-0.50,10584633876018000958,4,960,0.035000,hard,privileged-intermediate-target,0.280000,19,true
sparse-p0.50-d1-8-s4,4,sparse-bernoulli-0.50,10584633876018000958,4,960,0.035000,soft,shuffled-label,0.087500,19,true
sparse-p0.50-d1-8-s4,4,sparse-bernoulli-0.50,10584633876018000958,4,960,0.035000,2.0000,shuffled-label,0.252500,19,true
sparse-p0.50-d1-8-s4,4,sparse-bernoulli-0.50,10584633876018000958,4,960,0.035000,1.0000,shuffled-label,0.245000,19,true
sparse-p0.50-d1-8-s4,4,sparse-bernoulli-0.50,10584633876018000958,4,960,0.035000,hard,shuffled-label,0.370000,19,true
sparse-p0.50-d1-8-s4,4,sparse-bernoulli-0.50,3503703373795356757,4,960,0.035000,soft,privileged-intermediate-target,0.415000,17,true
sparse-p0.50-d1-8-s4,4,sparse-bernoulli-0.50,3503703373795356757,4,960,0.035000,2.0000,privileged-intermediate-target,0.295000,17,true
sparse-p0.50-d1-8-s4,4,sparse-bernoulli-0.50,3503703373795356757,4,960,0.035000,1.0000,privileged-intermediate-target,0.277500,17,true
sparse-p0.50-d1-8-s4,4,sparse-bernoulli-0.50,3503703373795356757,4,960,0.035000,hard,privileged-intermediate-target,0.360000,17,true
sparse-p0.50-d1-8-s4,4,sparse-bernoulli-0.50,3503703373795356757,4,960,0.035000,soft,shuffled-label,0.147500,17,true
sparse-p0.50-d1-8-s4,4,sparse-bernoulli-0.50,3503703373795356757,4,960,0.035000,2.0000,shuffled-label,0.255000,17,true
sparse-p0.50-d1-8-s4,4,sparse-bernoulli-0.50,3503703373795356757,4,960,0.035000,1.0000,shuffled-label,0.255000,17,true
sparse-p0.50-d1-8-s4,4,sparse-bernoulli-0.50,3503703373795356757,4,960,0.035000,hard,shuffled-label,0.272500,17,true
sparse-p0.50-d1-8-s4,4,sparse-bernoulli-0.50,6869996990457277544,4,960,0.035000,soft,privileged-intermediate-target,0.380000,16,true
sparse-p0.50-d1-8-s4,4,sparse-bernoulli-0.50,6869996990457277544,4,960,0.035000,2.0000,privileged-intermediate-target,0.220000,16,true
sparse-p0.50-d1-8-s4,4,sparse-bernoulli-0.50,6869996990457277544,4,960,0.035000,1.0000,privileged-intermediate-target,0.372500,16,true
sparse-p0.50-d1-8-s4,4,sparse-bernoulli-0.50,6869996990457277544,4,960,0.035000,hard,privileged-intermediate-target,0.360000,16,true
sparse-p0.50-d1-8-s4,4,sparse-bernoulli-0.50,6869996990457277544,4,960,0.035000,soft,shuffled-label,0.142500,16,true
sparse-p0.50-d1-8-s4,4,sparse-bernoulli-0.50,6869996990457277544,4,960,0.035000,2.0000,shuffled-label,0.260000,16,true
sparse-p0.50-d1-8-s4,4,sparse-bernoulli-0.50,6869996990457277544,4,960,0.035000,1.0000,shuffled-label,0.272500,16,true
sparse-p0.50-d1-8-s4,4,sparse-bernoulli-0.50,6869996990457277544,4,960,0.035000,hard,shuffled-label,0.295000,16,true
sparse-p0.50-d1-8-s4,4,sparse-bernoulli-0.50,18234682480328173695,4,960,0.035000,soft,privileged-intermediate-target,0.412500,17,true
sparse-p0.50-d1-8-s4,4,sparse-bernoulli-0.50,18234682480328173695,4,960,0.035000,2.0000,privileged-intermediate-target,0.275000,17,true
sparse-p0.50-d1-8-s4,4,sparse-bernoulli-0.50,18234682480328173695,4,960,0.035000,1.0000,privileged-intermediate-target,0.327500,17,true
sparse-p0.50-d1-8-s4,4,sparse-bernoulli-0.50,18234682480328173695,4,960,0.035000,hard,privileged-intermediate-target,0.295000,17,true
sparse-p0.50-d1-8-s4,4,sparse-bernoulli-0.50,18234682480328173695,4,960,0.035000,soft,shuffled-label,0.045000,17,true
sparse-p0.50-d1-8-s4,4,sparse-bernoulli-0.50,18234682480328173695,4,960,0.035000,2.0000,shuffled-label,0.277500,17,true
sparse-p0.50-d1-8-s4,4,sparse-bernoulli-0.50,18234682480328173695,4,960,0.035000,1.0000,shuffled-label,0.197500,17,true
sparse-p0.50-d1-8-s4,4,sparse-bernoulli-0.50,18234682480328173695,4,960,0.035000,hard,shuffled-label,0.367500,17,true
sparse-p0.50-d1-8-s4,4,sparse-bernoulli-0.50,2001310518681822354,4,960,0.035000,soft,privileged-intermediate-target,0.365000,13,true
sparse-p0.50-d1-8-s4,4,sparse-bernoulli-0.50,2001310518681822354,4,960,0.035000,2.0000,privileged-intermediate-target,0.252500,13,true
sparse-p0.50-d1-8-s4,4,sparse-bernoulli-0.50,2001310518681822354,4,960,0.035000,1.0000,privileged-intermediate-target,0.242500,13,true
sparse-p0.50-d1-8-s4,4,sparse-bernoulli-0.50,2001310518681822354,4,960,0.035000,hard,privileged-intermediate-target,0.260000,13,true
sparse-p0.50-d1-8-s4,4,sparse-bernoulli-0.50,2001310518681822354,4,960,0.035000,soft,shuffled-label,0.100000,13,true
sparse-p0.50-d1-8-s4,4,sparse-bernoulli-0.50,2001310518681822354,4,960,0.035000,2.0000,shuffled-label,0.220000,13,true
sparse-p0.50-d1-8-s4,4,sparse-bernoulli-0.50,2001310518681822354,4,960,0.035000,1.0000,shuffled-label,0.220000,13,true
sparse-p0.50-d1-8-s4,4,sparse-bernoulli-0.50,2001310518681822354,4,960,0.035000,hard,shuffled-label,0.387500,13,true
sparse-p0.50-d1-8-s4,4,sparse-bernoulli-0.50,13400896689310720169,4,960,0.035000,soft,privileged-intermediate-target,0.382500,13,true
sparse-p0.50-d1-8-s4,4,sparse-bernoulli-0.50,13400896689310720169,4,960,0.035000,2.0000,privileged-intermediate-target,0.310000,13,true
sparse-p0.50-d1-8-s4,4,sparse-bernoulli-0.50,13400896689310720169,4,960,0.035000,1.0000,privileged-intermediate-target,0.285000,13,true
sparse-p0.50-d1-8-s4,4,sparse-bernoulli-0.50,13400896689310720169,4,960,0.035000,hard,privileged-intermediate-target,0.290000,13,true
sparse-p0.50-d1-8-s4,4,sparse-bernoulli-0.50,13400896689310720169,4,960,0.035000,soft,shuffled-label,0.050000,13,true
sparse-p0.50-d1-8-s4,4,sparse-bernoulli-0.50,13400896689310720169,4,960,0.035000,2.0000,shuffled-label,0.217500,13,true
sparse-p0.50-d1-8-s4,4,sparse-bernoulli-0.50,13400896689310720169,4,960,0.035000,1.0000,shuffled-label,0.217500,13,true
sparse-p0.50-d1-8-s4,4,sparse-bernoulli-0.50,13400896689310720169,4,960,0.035000,hard,shuffled-label,0.415000,13,true
sparse-p0.50-d1-8-s4,4,sparse-bernoulli-0.50,15453320347936062484,4,960,0.070000,soft,privileged-intermediate-target,0.257500,14,true
sparse-p0.50-d1-8-s4,4,sparse-bernoulli-0.50,15453320347936062484,4,960,0.070000,2.0000,privileged-intermediate-target,0.257500,14,true
sparse-p0.50-d1-8-s4,4,sparse-bernoulli-0.50,15453320347936062484,4,960,0.070000,1.0000,privileged-intermediate-target,0.275000,14,true
sparse-p0.50-d1-8-s4,4,sparse-bernoulli-0.50,15453320347936062484,4,960,0.070000,hard,privileged-intermediate-target,0.270000,14,true
sparse-p0.50-d1-8-s4,4,sparse-bernoulli-0.50,15453320347936062484,4,960,0.070000,soft,shuffled-label,0.107500,14,true
sparse-p0.50-d1-8-s4,4,sparse-bernoulli-0.50,15453320347936062484,4,960,0.070000,2.0000,shuffled-label,0.280000,14,true
sparse-p0.50-d1-8-s4,4,sparse-bernoulli-0.50,15453320347936062484,4,960,0.070000,1.0000,shuffled-label,0.280000,14,true
sparse-p0.50-d1-8-s4,4,sparse-bernoulli-0.50,15453320347936062484,4,960,0.070000,hard,shuffled-label,0.245000,14,true
sparse-p0.50-d1-8-s4,4,sparse-bernoulli-0.50,8371261729603450923,4,960,0.070000,soft,privileged-intermediate-target,0.180000,16,true
sparse-p0.50-d1-8-s4,4,sparse-bernoulli-0.50,8371261729603450923,4,960,0.070000,2.0000,privileged-intermediate-target,0.287500,16,true
sparse-p0.50-d1-8-s4,4,sparse-bernoulli-0.50,8371261729603450923,4,960,0.070000,1.0000,privileged-intermediate-target,0.260000,16,true
sparse-p0.50-d1-8-s4,4,sparse-bernoulli-0.50,8371261729603450923,4,960,0.070000,hard,privileged-intermediate-target,0.277500,16,true
sparse-p0.50-d1-8-s4,4,sparse-bernoulli-0.50,8371261729603450923,4,960,0.070000,soft,shuffled-label,0.090000,16,true
sparse-p0.50-d1-8-s4,4,sparse-bernoulli-0.50,8371261729603450923,4,960,0.070000,2.0000,shuffled-label,0.257500,16,true
sparse-p0.50-d1-8-s4,4,sparse-bernoulli-0.50,8371261729603450923,4,960,0.070000,1.0000,shuffled-label,0.257500,16,true
sparse-p0.50-d1-8-s4,4,sparse-bernoulli-0.50,8371261729603450923,4,960,0.070000,hard,shuffled-label,0.400000,16,true
sparse-p0.50-d1-8-s4,4,sparse-bernoulli-0.50,10584633876018000958,4,960,0.070000,soft,privileged-intermediate-target,0.350000,19,true
sparse-p0.50-d1-8-s4,4,sparse-bernoulli-0.50,10584633876018000958,4,960,0.070000,2.0000,privileged-intermediate-target,0.342500,19,true
sparse-p0.50-d1-8-s4,4,sparse-bernoulli-0.50,10584633876018000958,4,960,0.070000,1.0000,privileged-intermediate-target,0.322500,19,true
sparse-p0.50-d1-8-s4,4,sparse-bernoulli-0.50,10584633876018000958,4,960,0.070000,hard,privileged-intermediate-target,0.280000,19,true
sparse-p0.50-d1-8-s4,4,sparse-bernoulli-0.50,10584633876018000958,4,960,0.070000,soft,shuffled-label,0.112500,19,true
sparse-p0.50-d1-8-s4,4,sparse-bernoulli-0.50,10584633876018000958,4,960,0.070000,2.0000,shuffled-label,0.240000,19,true
sparse-p0.50-d1-8-s4,4,sparse-bernoulli-0.50,10584633876018000958,4,960,0.070000,1.0000,shuffled-label,0.240000,19,true
sparse-p0.50-d1-8-s4,4,sparse-bernoulli-0.50,10584633876018000958,4,960,0.070000,hard,shuffled-label,0.285000,19,true
sparse-p0.50-d1-8-s4,4,sparse-bernoulli-0.50,3503703373795356757,4,960,0.070000,soft,privileged-intermediate-target,0.415000,17,true
sparse-p0.50-d1-8-s4,4,sparse-bernoulli-0.50,3503703373795356757,4,960,0.070000,2.0000,privileged-intermediate-target,0.297500,17,true
sparse-p0.50-d1-8-s4,4,sparse-bernoulli-0.50,3503703373795356757,4,960,0.070000,1.0000,privileged-intermediate-target,0.255000,17,true
sparse-p0.50-d1-8-s4,4,sparse-bernoulli-0.50,3503703373795356757,4,960,0.070000,hard,privileged-intermediate-target,0.360000,17,true
sparse-p0.50-d1-8-s4,4,sparse-bernoulli-0.50,3503703373795356757,4,960,0.070000,soft,shuffled-label,0.240000,17,true
sparse-p0.50-d1-8-s4,4,sparse-bernoulli-0.50,3503703373795356757,4,960,0.070000,2.0000,shuffled-label,0.245000,17,true
sparse-p0.50-d1-8-s4,4,sparse-bernoulli-0.50,3503703373795356757,4,960,0.070000,1.0000,shuffled-label,0.245000,17,true
sparse-p0.50-d1-8-s4,4,sparse-bernoulli-0.50,3503703373795356757,4,960,0.070000,hard,shuffled-label,0.390000,17,true
sparse-p0.50-d1-8-s4,4,sparse-bernoulli-0.50,6869996990457277544,4,960,0.070000,soft,privileged-intermediate-target,0.355000,16,true
sparse-p0.50-d1-8-s4,4,sparse-bernoulli-0.50,6869996990457277544,4,960,0.070000,2.0000,privileged-intermediate-target,0.355000,16,true
sparse-p0.50-d1-8-s4,4,sparse-bernoulli-0.50,6869996990457277544,4,960,0.070000,1.0000,privileged-intermediate-target,0.417500,16,true
sparse-p0.50-d1-8-s4,4,sparse-bernoulli-0.50,6869996990457277544,4,960,0.070000,hard,privileged-intermediate-target,0.360000,16,true
sparse-p0.50-d1-8-s4,4,sparse-bernoulli-0.50,6869996990457277544,4,960,0.070000,soft,shuffled-label,0.100000,16,true
sparse-p0.50-d1-8-s4,4,sparse-bernoulli-0.50,6869996990457277544,4,960,0.070000,2.0000,shuffled-label,0.260000,16,true
sparse-p0.50-d1-8-s4,4,sparse-bernoulli-0.50,6869996990457277544,4,960,0.070000,1.0000,shuffled-label,0.260000,16,true
sparse-p0.50-d1-8-s4,4,sparse-bernoulli-0.50,6869996990457277544,4,960,0.070000,hard,shuffled-label,0.295000,16,true
sparse-p0.50-d1-8-s4,4,sparse-bernoulli-0.50,18234682480328173695,4,960,0.070000,soft,privileged-intermediate-target,0.465000,17,true
sparse-p0.50-d1-8-s4,4,sparse-bernoulli-0.50,18234682480328173695,4,960,0.070000,2.0000,privileged-intermediate-target,0.327500,17,true
sparse-p0.50-d1-8-s4,4,sparse-bernoulli-0.50,18234682480328173695,4,960,0.070000,1.0000,privileged-intermediate-target,0.305000,17,true
sparse-p0.50-d1-8-s4,4,sparse-bernoulli-0.50,18234682480328173695,4,960,0.070000,hard,privileged-intermediate-target,0.295000,17,true
sparse-p0.50-d1-8-s4,4,sparse-bernoulli-0.50,18234682480328173695,4,960,0.070000,soft,shuffled-label,0.067500,17,true
sparse-p0.50-d1-8-s4,4,sparse-bernoulli-0.50,18234682480328173695,4,960,0.070000,2.0000,shuffled-label,0.245000,17,true
sparse-p0.50-d1-8-s4,4,sparse-bernoulli-0.50,18234682480328173695,4,960,0.070000,1.0000,shuffled-label,0.247500,17,true
sparse-p0.50-d1-8-s4,4,sparse-bernoulli-0.50,18234682480328173695,4,960,0.070000,hard,shuffled-label,0.242500,17,true
sparse-p0.50-d1-8-s4,4,sparse-bernoulli-0.50,2001310518681822354,4,960,0.070000,soft,privileged-intermediate-target,0.402500,13,true
sparse-p0.50-d1-8-s4,4,sparse-bernoulli-0.50,2001310518681822354,4,960,0.070000,2.0000,privileged-intermediate-target,0.252500,13,true
sparse-p0.50-d1-8-s4,4,sparse-bernoulli-0.50,2001310518681822354,4,960,0.070000,1.0000,privileged-intermediate-target,0.297500,13,true
sparse-p0.50-d1-8-s4,4,sparse-bernoulli-0.50,2001310518681822354,4,960,0.070000,hard,privileged-intermediate-target,0.260000,13,true
sparse-p0.50-d1-8-s4,4,sparse-bernoulli-0.50,2001310518681822354,4,960,0.070000,soft,shuffled-label,0.122500,13,true
sparse-p0.50-d1-8-s4,4,sparse-bernoulli-0.50,2001310518681822354,4,960,0.070000,2.0000,shuffled-label,0.207500,13,true
sparse-p0.50-d1-8-s4,4,sparse-bernoulli-0.50,2001310518681822354,4,960,0.070000,1.0000,shuffled-label,0.207500,13,true
sparse-p0.50-d1-8-s4,4,sparse-bernoulli-0.50,2001310518681822354,4,960,0.070000,hard,shuffled-label,0.245000,13,true
sparse-p0.50-d1-8-s4,4,sparse-bernoulli-0.50,13400896689310720169,4,960,0.070000,soft,privileged-intermediate-target,0.420000,13,true
sparse-p0.50-d1-8-s4,4,sparse-bernoulli-0.50,13400896689310720169,4,960,0.070000,2.0000,privileged-intermediate-target,0.285000,13,true
sparse-p0.50-d1-8-s4,4,sparse-bernoulli-0.50,13400896689310720169,4,960,0.070000,1.0000,privileged-intermediate-target,0.300000,13,true
sparse-p0.50-d1-8-s4,4,sparse-bernoulli-0.50,13400896689310720169,4,960,0.070000,hard,privileged-intermediate-target,0.290000,13,true
sparse-p0.50-d1-8-s4,4,sparse-bernoulli-0.50,13400896689310720169,4,960,0.070000,soft,shuffled-label,0.170000,13,true
sparse-p0.50-d1-8-s4,4,sparse-bernoulli-0.50,13400896689310720169,4,960,0.070000,2.0000,shuffled-label,0.280000,13,true
sparse-p0.50-d1-8-s4,4,sparse-bernoulli-0.50,13400896689310720169,4,960,0.070000,1.0000,shuffled-label,0.280000,13,true
sparse-p0.50-d1-8-s4,4,sparse-bernoulli-0.50,13400896689310720169,4,960,0.070000,hard,shuffled-label,0.302500,13,true
sparse-p0.50-d1-8-s4,4,sparse-bernoulli-0.50,15453320347936062484,5,960,0.035000,soft,privileged-intermediate-target,0.225000,14,true
sparse-p0.50-d1-8-s4,4,sparse-bernoulli-0.50,15453320347936062484,5,960,0.035000,2.0000,privileged-intermediate-target,0.297500,14,true
sparse-p0.50-d1-8-s4,4,sparse-bernoulli-0.50,15453320347936062484,5,960,0.035000,1.0000,privileged-intermediate-target,0.240000,14,true
sparse-p0.50-d1-8-s4,4,sparse-bernoulli-0.50,15453320347936062484,5,960,0.035000,hard,privileged-intermediate-target,0.190000,14,true
sparse-p0.50-d1-8-s4,4,sparse-bernoulli-0.50,15453320347936062484,5,960,0.035000,soft,shuffled-label,0.000000,14,true
sparse-p0.50-d1-8-s4,4,sparse-bernoulli-0.50,15453320347936062484,5,960,0.035000,2.0000,shuffled-label,0.252500,14,true
sparse-p0.50-d1-8-s4,4,sparse-bernoulli-0.50,15453320347936062484,5,960,0.035000,1.0000,shuffled-label,0.242500,14,true
sparse-p0.50-d1-8-s4,4,sparse-bernoulli-0.50,15453320347936062484,5,960,0.035000,hard,shuffled-label,0.000000,14,true
sparse-p0.50-d1-8-s4,4,sparse-bernoulli-0.50,8371261729603450923,5,960,0.035000,soft,privileged-intermediate-target,0.305000,16,true
sparse-p0.50-d1-8-s4,4,sparse-bernoulli-0.50,8371261729603450923,5,960,0.035000,2.0000,privileged-intermediate-target,0.275000,16,true
sparse-p0.50-d1-8-s4,4,sparse-bernoulli-0.50,8371261729603450923,5,960,0.035000,1.0000,privileged-intermediate-target,0.275000,16,true
sparse-p0.50-d1-8-s4,4,sparse-bernoulli-0.50,8371261729603450923,5,960,0.035000,hard,privileged-intermediate-target,0.242500,16,true
sparse-p0.50-d1-8-s4,4,sparse-bernoulli-0.50,8371261729603450923,5,960,0.035000,soft,shuffled-label,0.000000,16,true
sparse-p0.50-d1-8-s4,4,sparse-bernoulli-0.50,8371261729603450923,5,960,0.035000,2.0000,shuffled-label,0.252500,16,true
sparse-p0.50-d1-8-s4,4,sparse-bernoulli-0.50,8371261729603450923,5,960,0.035000,1.0000,shuffled-label,0.260000,16,true
sparse-p0.50-d1-8-s4,4,sparse-bernoulli-0.50,8371261729603450923,5,960,0.035000,hard,shuffled-label,0.000000,16,true
sparse-p0.50-d1-8-s4,4,sparse-bernoulli-0.50,10584633876018000958,5,960,0.035000,soft,privileged-intermediate-target,0.337500,19,true
sparse-p0.50-d1-8-s4,4,sparse-bernoulli-0.50,10584633876018000958,5,960,0.035000,2.0000,privileged-intermediate-target,0.240000,19,true
sparse-p0.50-d1-8-s4,4,sparse-bernoulli-0.50,10584633876018000958,5,960,0.035000,1.0000,privileged-intermediate-target,0.192500,19,true
sparse-p0.50-d1-8-s4,4,sparse-bernoulli-0.50,10584633876018000958,5,960,0.035000,hard,privileged-intermediate-target,0.245000,19,true
sparse-p0.50-d1-8-s4,4,sparse-bernoulli-0.50,10584633876018000958,5,960,0.035000,soft,shuffled-label,0.000000,19,true
sparse-p0.50-d1-8-s4,4,sparse-bernoulli-0.50,10584633876018000958,5,960,0.035000,2.0000,shuffled-label,0.242500,19,true
sparse-p0.50-d1-8-s4,4,sparse-bernoulli-0.50,10584633876018000958,5,960,0.035000,1.0000,shuffled-label,0.240000,19,true
sparse-p0.50-d1-8-s4,4,sparse-bernoulli-0.50,10584633876018000958,5,960,0.035000,hard,shuffled-label,0.000000,19,true
sparse-p0.50-d1-8-s4,4,sparse-bernoulli-0.50,3503703373795356757,5,960,0.035000,soft,privileged-intermediate-target,0.402500,17,true
sparse-p0.50-d1-8-s4,4,sparse-bernoulli-0.50,3503703373795356757,5,960,0.035000,2.0000,privileged-intermediate-target,0.255000,17,true
sparse-p0.50-d1-8-s4,4,sparse-bernoulli-0.50,3503703373795356757,5,960,0.035000,1.0000,privileged-intermediate-target,0.265000,17,true
sparse-p0.50-d1-8-s4,4,sparse-bernoulli-0.50,3503703373795356757,5,960,0.035000,hard,privileged-intermediate-target,0.360000,17,true
sparse-p0.50-d1-8-s4,4,sparse-bernoulli-0.50,3503703373795356757,5,960,0.035000,soft,shuffled-label,0.000000,17,true
sparse-p0.50-d1-8-s4,4,sparse-bernoulli-0.50,3503703373795356757,5,960,0.035000,2.0000,shuffled-label,0.220000,17,true
sparse-p0.50-d1-8-s4,4,sparse-bernoulli-0.50,3503703373795356757,5,960,0.035000,1.0000,shuffled-label,0.227500,17,true
sparse-p0.50-d1-8-s4,4,sparse-bernoulli-0.50,3503703373795356757,5,960,0.035000,hard,shuffled-label,0.000000,17,true
sparse-p0.50-d1-8-s4,4,sparse-bernoulli-0.50,6869996990457277544,5,960,0.035000,soft,privileged-intermediate-target,0.295000,16,true
sparse-p0.50-d1-8-s4,4,sparse-bernoulli-0.50,6869996990457277544,5,960,0.035000,2.0000,privileged-intermediate-target,0.210000,16,true
sparse-p0.50-d1-8-s4,4,sparse-bernoulli-0.50,6869996990457277544,5,960,0.035000,1.0000,privileged-intermediate-target,0.280000,16,true
sparse-p0.50-d1-8-s4,4,sparse-bernoulli-0.50,6869996990457277544,5,960,0.035000,hard,privileged-intermediate-target,0.337500,16,true
sparse-p0.50-d1-8-s4,4,sparse-bernoulli-0.50,6869996990457277544,5,960,0.035000,soft,shuffled-label,0.000000,16,true
sparse-p0.50-d1-8-s4,4,sparse-bernoulli-0.50,6869996990457277544,5,960,0.035000,2.0000,shuffled-label,0.227500,16,true
sparse-p0.50-d1-8-s4,4,sparse-bernoulli-0.50,6869996990457277544,5,960,0.035000,1.0000,shuffled-label,0.212500,16,true
sparse-p0.50-d1-8-s4,4,sparse-bernoulli-0.50,6869996990457277544,5,960,0.035000,hard,shuffled-label,0.000000,16,true
sparse-p0.50-d1-8-s4,4,sparse-bernoulli-0.50,18234682480328173695,5,960,0.035000,soft,privileged-intermediate-target,0.385000,17,true
sparse-p0.50-d1-8-s4,4,sparse-bernoulli-0.50,18234682480328173695,5,960,0.035000,2.0000,privileged-intermediate-target,0.237500,17,true
sparse-p0.50-d1-8-s4,4,sparse-bernoulli-0.50,18234682480328173695,5,960,0.035000,1.0000,privileged-intermediate-target,0.277500,17,true
sparse-p0.50-d1-8-s4,4,sparse-bernoulli-0.50,18234682480328173695,5,960,0.035000,hard,privileged-intermediate-target,0.227500,17,true
sparse-p0.50-d1-8-s4,4,sparse-bernoulli-0.50,18234682480328173695,5,960,0.035000,soft,shuffled-label,0.000000,17,true
sparse-p0.50-d1-8-s4,4,sparse-bernoulli-0.50,18234682480328173695,5,960,0.035000,2.0000,shuffled-label,0.300000,17,true
sparse-p0.50-d1-8-s4,4,sparse-bernoulli-0.50,18234682480328173695,5,960,0.035000,1.0000,shuffled-label,0.300000,17,true
sparse-p0.50-d1-8-s4,4,sparse-bernoulli-0.50,18234682480328173695,5,960,0.035000,hard,shuffled-label,0.000000,17,true
sparse-p0.50-d1-8-s4,4,sparse-bernoulli-0.50,2001310518681822354,5,960,0.035000,soft,privileged-intermediate-target,0.332500,13,true
sparse-p0.50-d1-8-s4,4,sparse-bernoulli-0.50,2001310518681822354,5,960,0.035000,2.0000,privileged-intermediate-target,0.262500,13,true
sparse-p0.50-d1-8-s4,4,sparse-bernoulli-0.50,2001310518681822354,5,960,0.035000,1.0000,privileged-intermediate-target,0.262500,13,true
sparse-p0.50-d1-8-s4,4,sparse-bernoulli-0.50,2001310518681822354,5,960,0.035000,hard,privileged-intermediate-target,0.235000,13,true
sparse-p0.50-d1-8-s4,4,sparse-bernoulli-0.50,2001310518681822354,5,960,0.035000,soft,shuffled-label,0.000000,13,true
sparse-p0.50-d1-8-s4,4,sparse-bernoulli-0.50,2001310518681822354,5,960,0.035000,2.0000,shuffled-label,0.240000,13,true
sparse-p0.50-d1-8-s4,4,sparse-bernoulli-0.50,2001310518681822354,5,960,0.035000,1.0000,shuffled-label,0.207500,13,true
sparse-p0.50-d1-8-s4,4,sparse-bernoulli-0.50,2001310518681822354,5,960,0.035000,hard,shuffled-label,0.000000,13,true
sparse-p0.50-d1-8-s4,4,sparse-bernoulli-0.50,13400896689310720169,5,960,0.035000,soft,privileged-intermediate-target,0.397500,13,true
sparse-p0.50-d1-8-s4,4,sparse-bernoulli-0.50,13400896689310720169,5,960,0.035000,2.0000,privileged-intermediate-target,0.307500,13,true
sparse-p0.50-d1-8-s4,4,sparse-bernoulli-0.50,13400896689310720169,5,960,0.035000,1.0000,privileged-intermediate-target,0.307500,13,true
sparse-p0.50-d1-8-s4,4,sparse-bernoulli-0.50,13400896689310720169,5,960,0.035000,hard,privileged-intermediate-target,0.312500,13,true
sparse-p0.50-d1-8-s4,4,sparse-bernoulli-0.50,13400896689310720169,5,960,0.035000,soft,shuffled-label,0.000000,13,true
sparse-p0.50-d1-8-s4,4,sparse-bernoulli-0.50,13400896689310720169,5,960,0.035000,2.0000,shuffled-label,0.270000,13,true
sparse-p0.50-d1-8-s4,4,sparse-bernoulli-0.50,13400896689310720169,5,960,0.035000,1.0000,shuffled-label,0.270000,13,true
sparse-p0.50-d1-8-s4,4,sparse-bernoulli-0.50,13400896689310720169,5,960,0.035000,hard,shuffled-label,0.000000,13,true
sparse-p0.50-d1-8-s4,4,sparse-bernoulli-0.50,15453320347936062484,5,960,0.070000,soft,privileged-intermediate-target,0.250000,14,true
sparse-p0.50-d1-8-s4,4,sparse-bernoulli-0.50,15453320347936062484,5,960,0.070000,2.0000,privileged-intermediate-target,0.300000,14,true
sparse-p0.50-d1-8-s4,4,sparse-bernoulli-0.50,15453320347936062484,5,960,0.070000,1.0000,privileged-intermediate-target,0.212500,14,true
sparse-p0.50-d1-8-s4,4,sparse-bernoulli-0.50,15453320347936062484,5,960,0.070000,hard,privileged-intermediate-target,0.190000,14,true
sparse-p0.50-d1-8-s4,4,sparse-bernoulli-0.50,15453320347936062484,5,960,0.070000,soft,shuffled-label,0.000000,14,true
sparse-p0.50-d1-8-s4,4,sparse-bernoulli-0.50,15453320347936062484,5,960,0.070000,2.0000,shuffled-label,0.252500,14,true
sparse-p0.50-d1-8-s4,4,sparse-bernoulli-0.50,15453320347936062484,5,960,0.070000,1.0000,shuffled-label,0.252500,14,true
sparse-p0.50-d1-8-s4,4,sparse-bernoulli-0.50,15453320347936062484,5,960,0.070000,hard,shuffled-label,0.000000,14,true
sparse-p0.50-d1-8-s4,4,sparse-bernoulli-0.50,8371261729603450923,5,960,0.070000,soft,privileged-intermediate-target,0.280000,16,true
sparse-p0.50-d1-8-s4,4,sparse-bernoulli-0.50,8371261729603450923,5,960,0.070000,2.0000,privileged-intermediate-target,0.290000,16,true
sparse-p0.50-d1-8-s4,4,sparse-bernoulli-0.50,8371261729603450923,5,960,0.070000,1.0000,privileged-intermediate-target,0.275000,16,true
sparse-p0.50-d1-8-s4,4,sparse-bernoulli-0.50,8371261729603450923,5,960,0.070000,hard,privileged-intermediate-target,0.242500,16,true
sparse-p0.50-d1-8-s4,4,sparse-bernoulli-0.50,8371261729603450923,5,960,0.070000,soft,shuffled-label,0.000000,16,true
sparse-p0.50-d1-8-s4,4,sparse-bernoulli-0.50,8371261729603450923,5,960,0.070000,2.0000,shuffled-label,0.252500,16,true
sparse-p0.50-d1-8-s4,4,sparse-bernoulli-0.50,8371261729603450923,5,960,0.070000,1.0000,shuffled-label,0.260000,16,true
sparse-p0.50-d1-8-s4,4,sparse-bernoulli-0.50,8371261729603450923,5,960,0.070000,hard,shuffled-label,0.000000,16,true
sparse-p0.50-d1-8-s4,4,sparse-bernoulli-0.50,10584633876018000958,5,960,0.070000,soft,privileged-intermediate-target,0.352500,19,true
sparse-p0.50-d1-8-s4,4,sparse-bernoulli-0.50,10584633876018000958,5,960,0.070000,2.0000,privileged-intermediate-target,0.240000,19,true
sparse-p0.50-d1-8-s4,4,sparse-bernoulli-0.50,10584633876018000958,5,960,0.070000,1.0000,privileged-intermediate-target,0.192500,19,true
sparse-p0.50-d1-8-s4,4,sparse-bernoulli-0.50,10584633876018000958,5,960,0.070000,hard,privileged-intermediate-target,0.245000,19,true
sparse-p0.50-d1-8-s4,4,sparse-bernoulli-0.50,10584633876018000958,5,960,0.070000,soft,shuffled-label,0.000000,19,true
sparse-p0.50-d1-8-s4,4,sparse-bernoulli-0.50,10584633876018000958,5,960,0.070000,2.0000,shuffled-label,0.242500,19,true
sparse-p0.50-d1-8-s4,4,sparse-bernoulli-0.50,10584633876018000958,5,960,0.070000,1.0000,shuffled-label,0.242500,19,true
sparse-p0.50-d1-8-s4,4,sparse-bernoulli-0.50,10584633876018000958,5,960,0.070000,hard,shuffled-label,0.000000,19,true
sparse-p0.50-d1-8-s4,4,sparse-bernoulli-0.50,3503703373795356757,5,960,0.070000,soft,privileged-intermediate-target,0.425000,17,true
sparse-p0.50-d1-8-s4,4,sparse-bernoulli-0.50,3503703373795356757,5,960,0.070000,2.0000,privileged-intermediate-target,0.235000,17,true
sparse-p0.50-d1-8-s4,4,sparse-bernoulli-0.50,3503703373795356757,5,960,0.070000,1.0000,privileged-intermediate-target,0.257500,17,true
sparse-p0.50-d1-8-s4,4,sparse-bernoulli-0.50,3503703373795356757,5,960,0.070000,hard,privileged-intermediate-target,0.360000,17,true
sparse-p0.50-d1-8-s4,4,sparse-bernoulli-0.50,3503703373795356757,5,960,0.070000,soft,shuffled-label,0.000000,17,true
sparse-p0.50-d1-8-s4,4,sparse-bernoulli-0.50,3503703373795356757,5,960,0.070000,2.0000,shuffled-label,0.220000,17,true
sparse-p0.50-d1-8-s4,4,sparse-bernoulli-0.50,3503703373795356757,5,960,0.070000,1.0000,shuffled-label,0.215000,17,true
sparse-p0.50-d1-8-s4,4,sparse-bernoulli-0.50,3503703373795356757,5,960,0.070000,hard,shuffled-label,0.000000,17,true
sparse-p0.50-d1-8-s4,4,sparse-bernoulli-0.50,6869996990457277544,5,960,0.070000,soft,privileged-intermediate-target,0.340000,16,true
sparse-p0.50-d1-8-s4,4,sparse-bernoulli-0.50,6869996990457277544,5,960,0.070000,2.0000,privileged-intermediate-target,0.255000,16,true
sparse-p0.50-d1-8-s4,4,sparse-bernoulli-0.50,6869996990457277544,5,960,0.070000,1.0000,privileged-intermediate-target,0.365000,16,true
sparse-p0.50-d1-8-s4,4,sparse-bernoulli-0.50,6869996990457277544,5,960,0.070000,hard,privileged-intermediate-target,0.337500,16,true
sparse-p0.50-d1-8-s4,4,sparse-bernoulli-0.50,6869996990457277544,5,960,0.070000,soft,shuffled-label,0.000000,16,true
sparse-p0.50-d1-8-s4,4,sparse-bernoulli-0.50,6869996990457277544,5,960,0.070000,2.0000,shuffled-label,0.237500,16,true
sparse-p0.50-d1-8-s4,4,sparse-bernoulli-0.50,6869996990457277544,5,960,0.070000,1.0000,shuffled-label,0.215000,16,true
sparse-p0.50-d1-8-s4,4,sparse-bernoulli-0.50,6869996990457277544,5,960,0.070000,hard,shuffled-label,0.000000,16,true
sparse-p0.50-d1-8-s4,4,sparse-bernoulli-0.50,18234682480328173695,5,960,0.070000,soft,privileged-intermediate-target,0.397500,17,true
sparse-p0.50-d1-8-s4,4,sparse-bernoulli-0.50,18234682480328173695,5,960,0.070000,2.0000,privileged-intermediate-target,0.280000,17,true
sparse-p0.50-d1-8-s4,4,sparse-bernoulli-0.50,18234682480328173695,5,960,0.070000,1.0000,privileged-intermediate-target,0.255000,17,true
sparse-p0.50-d1-8-s4,4,sparse-bernoulli-0.50,18234682480328173695,5,960,0.070000,hard,privileged-intermediate-target,0.227500,17,true
sparse-p0.50-d1-8-s4,4,sparse-bernoulli-0.50,18234682480328173695,5,960,0.070000,soft,shuffled-label,0.000000,17,true
sparse-p0.50-d1-8-s4,4,sparse-bernoulli-0.50,18234682480328173695,5,960,0.070000,2.0000,shuffled-label,0.285000,17,true
sparse-p0.50-d1-8-s4,4,sparse-bernoulli-0.50,18234682480328173695,5,960,0.070000,1.0000,shuffled-label,0.285000,17,true
sparse-p0.50-d1-8-s4,4,sparse-bernoulli-0.50,18234682480328173695,5,960,0.070000,hard,shuffled-label,0.000000,17,true
sparse-p0.50-d1-8-s4,4,sparse-bernoulli-0.50,2001310518681822354,5,960,0.070000,soft,privileged-intermediate-target,0.320000,13,true
sparse-p0.50-d1-8-s4,4,sparse-bernoulli-0.50,2001310518681822354,5,960,0.070000,2.0000,privileged-intermediate-target,0.252500,13,true
sparse-p0.50-d1-8-s4,4,sparse-bernoulli-0.50,2001310518681822354,5,960,0.070000,1.0000,privileged-intermediate-target,0.272500,13,true
sparse-p0.50-d1-8-s4,4,sparse-bernoulli-0.50,2001310518681822354,5,960,0.070000,hard,privileged-intermediate-target,0.235000,13,true
sparse-p0.50-d1-8-s4,4,sparse-bernoulli-0.50,2001310518681822354,5,960,0.070000,soft,shuffled-label,0.000000,13,true
sparse-p0.50-d1-8-s4,4,sparse-bernoulli-0.50,2001310518681822354,5,960,0.070000,2.0000,shuffled-label,0.225000,13,true
sparse-p0.50-d1-8-s4,4,sparse-bernoulli-0.50,2001310518681822354,5,960,0.070000,1.0000,shuffled-label,0.217500,13,true
sparse-p0.50-d1-8-s4,4,sparse-bernoulli-0.50,2001310518681822354,5,960,0.070000,hard,shuffled-label,0.000000,13,true
sparse-p0.50-d1-8-s4,4,sparse-bernoulli-0.50,13400896689310720169,5,960,0.070000,soft,privileged-intermediate-target,0.365000,13,true
sparse-p0.50-d1-8-s4,4,sparse-bernoulli-0.50,13400896689310720169,5,960,0.070000,2.0000,privileged-intermediate-target,0.307500,13,true
sparse-p0.50-d1-8-s4,4,sparse-bernoulli-0.50,13400896689310720169,5,960,0.070000,1.0000,privileged-intermediate-target,0.310000,13,true
sparse-p0.50-d1-8-s4,4,sparse-bernoulli-0.50,13400896689310720169,5,960,0.070000,hard,privileged-intermediate-target,0.312500,13,true
sparse-p0.50-d1-8-s4,4,sparse-bernoulli-0.50,13400896689310720169,5,960,0.070000,soft,shuffled-label,0.070000,13,true
sparse-p0.50-d1-8-s4,4,sparse-bernoulli-0.50,13400896689310720169,5,960,0.070000,2.0000,shuffled-label,0.280000,13,true
sparse-p0.50-d1-8-s4,4,sparse-bernoulli-0.50,13400896689310720169,5,960,0.070000,1.0000,shuffled-label,0.280000,13,true
sparse-p0.50-d1-8-s4,4,sparse-bernoulli-0.50,13400896689310720169,5,960,0.070000,hard,shuffled-label,0.000000,13,true
sparse-p0.50-d1-8-s4,4,sparse-bernoulli-0.50,15453320347936062484,6,960,0.035000,soft,privileged-intermediate-target,0.275000,14,true
sparse-p0.50-d1-8-s4,4,sparse-bernoulli-0.50,15453320347936062484,6,960,0.035000,2.0000,privileged-intermediate-target,0.267500,14,true
sparse-p0.50-d1-8-s4,4,sparse-bernoulli-0.50,15453320347936062484,6,960,0.035000,1.0000,privileged-intermediate-target,0.280000,14,true
sparse-p0.50-d1-8-s4,4,sparse-bernoulli-0.50,15453320347936062484,6,960,0.035000,hard,privileged-intermediate-target,0.300000,14,true
sparse-p0.50-d1-8-s4,4,sparse-bernoulli-0.50,15453320347936062484,6,960,0.035000,soft,shuffled-label,0.085000,14,true
sparse-p0.50-d1-8-s4,4,sparse-bernoulli-0.50,15453320347936062484,6,960,0.035000,2.0000,shuffled-label,0.240000,14,true
sparse-p0.50-d1-8-s4,4,sparse-bernoulli-0.50,15453320347936062484,6,960,0.035000,1.0000,shuffled-label,0.240000,14,true
sparse-p0.50-d1-8-s4,4,sparse-bernoulli-0.50,15453320347936062484,6,960,0.035000,hard,shuffled-label,0.305000,14,true
sparse-p0.50-d1-8-s4,4,sparse-bernoulli-0.50,8371261729603450923,6,960,0.035000,soft,privileged-intermediate-target,0.292500,16,true
sparse-p0.50-d1-8-s4,4,sparse-bernoulli-0.50,8371261729603450923,6,960,0.035000,2.0000,privileged-intermediate-target,0.232500,16,true
sparse-p0.50-d1-8-s4,4,sparse-bernoulli-0.50,8371261729603450923,6,960,0.035000,1.0000,privileged-intermediate-target,0.237500,16,true
sparse-p0.50-d1-8-s4,4,sparse-bernoulli-0.50,8371261729603450923,6,960,0.035000,hard,privileged-intermediate-target,0.277500,16,true
sparse-p0.50-d1-8-s4,4,sparse-bernoulli-0.50,8371261729603450923,6,960,0.035000,soft,shuffled-label,0.072500,16,true
sparse-p0.50-d1-8-s4,4,sparse-bernoulli-0.50,8371261729603450923,6,960,0.035000,2.0000,shuffled-label,0.255000,16,true
sparse-p0.50-d1-8-s4,4,sparse-bernoulli-0.50,8371261729603450923,6,960,0.035000,1.0000,shuffled-label,0.255000,16,true
sparse-p0.50-d1-8-s4,4,sparse-bernoulli-0.50,8371261729603450923,6,960,0.035000,hard,shuffled-label,0.255000,16,true
sparse-p0.50-d1-8-s4,4,sparse-bernoulli-0.50,10584633876018000958,6,960,0.035000,soft,privileged-intermediate-target,0.330000,19,true
sparse-p0.50-d1-8-s4,4,sparse-bernoulli-0.50,10584633876018000958,6,960,0.035000,2.0000,privileged-intermediate-target,0.252500,19,true
sparse-p0.50-d1-8-s4,4,sparse-bernoulli-0.50,10584633876018000958,6,960,0.035000,1.0000,privileged-intermediate-target,0.265000,19,true
sparse-p0.50-d1-8-s4,4,sparse-bernoulli-0.50,10584633876018000958,6,960,0.035000,hard,privileged-intermediate-target,0.282500,19,true
sparse-p0.50-d1-8-s4,4,sparse-bernoulli-0.50,10584633876018000958,6,960,0.035000,soft,shuffled-label,0.025000,19,true
sparse-p0.50-d1-8-s4,4,sparse-bernoulli-0.50,10584633876018000958,6,960,0.035000,2.0000,shuffled-label,0.290000,19,true
sparse-p0.50-d1-8-s4,4,sparse-bernoulli-0.50,10584633876018000958,6,960,0.035000,1.0000,shuffled-label,0.290000,19,true
sparse-p0.50-d1-8-s4,4,sparse-bernoulli-0.50,10584633876018000958,6,960,0.035000,hard,shuffled-label,0.557500,19,true
sparse-p0.50-d1-8-s4,4,sparse-bernoulli-0.50,3503703373795356757,6,960,0.035000,soft,privileged-intermediate-target,0.332500,17,true
sparse-p0.50-d1-8-s4,4,sparse-bernoulli-0.50,3503703373795356757,6,960,0.035000,2.0000,privileged-intermediate-target,0.245000,17,true
sparse-p0.50-d1-8-s4,4,sparse-bernoulli-0.50,3503703373795356757,6,960,0.035000,1.0000,privileged-intermediate-target,0.267500,17,true
sparse-p0.50-d1-8-s4,4,sparse-bernoulli-0.50,3503703373795356757,6,960,0.035000,hard,privileged-intermediate-target,0.382500,17,true
sparse-p0.50-d1-8-s4,4,sparse-bernoulli-0.50,3503703373795356757,6,960,0.035000,soft,shuffled-label,0.112500,17,true
sparse-p0.50-d1-8-s4,4,sparse-bernoulli-0.50,3503703373795356757,6,960,0.035000,2.0000,shuffled-label,0.215000,17,true
sparse-p0.50-d1-8-s4,4,sparse-bernoulli-0.50,3503703373795356757,6,960,0.035000,1.0000,shuffled-label,0.230000,17,true
sparse-p0.50-d1-8-s4,4,sparse-bernoulli-0.50,3503703373795356757,6,960,0.035000,hard,shuffled-label,0.492500,17,true
sparse-p0.50-d1-8-s4,4,sparse-bernoulli-0.50,6869996990457277544,6,960,0.035000,soft,privileged-intermediate-target,0.230000,16,true
sparse-p0.50-d1-8-s4,4,sparse-bernoulli-0.50,6869996990457277544,6,960,0.035000,2.0000,privileged-intermediate-target,0.257500,16,true
sparse-p0.50-d1-8-s4,4,sparse-bernoulli-0.50,6869996990457277544,6,960,0.035000,1.0000,privileged-intermediate-target,0.317500,16,true
sparse-p0.50-d1-8-s4,4,sparse-bernoulli-0.50,6869996990457277544,6,960,0.035000,hard,privileged-intermediate-target,0.352500,16,true
sparse-p0.50-d1-8-s4,4,sparse-bernoulli-0.50,6869996990457277544,6,960,0.035000,soft,shuffled-label,0.065000,16,true
sparse-p0.50-d1-8-s4,4,sparse-bernoulli-0.50,6869996990457277544,6,960,0.035000,2.0000,shuffled-label,0.237500,16,true
sparse-p0.50-d1-8-s4,4,sparse-bernoulli-0.50,6869996990457277544,6,960,0.035000,1.0000,shuffled-label,0.237500,16,true
sparse-p0.50-d1-8-s4,4,sparse-bernoulli-0.50,6869996990457277544,6,960,0.035000,hard,shuffled-label,0.372500,16,true
sparse-p0.50-d1-8-s4,4,sparse-bernoulli-0.50,18234682480328173695,6,960,0.035000,soft,privileged-intermediate-target,0.397500,17,true
sparse-p0.50-d1-8-s4,4,sparse-bernoulli-0.50,18234682480328173695,6,960,0.035000,2.0000,privileged-intermediate-target,0.237500,17,true
sparse-p0.50-d1-8-s4,4,sparse-bernoulli-0.50,18234682480328173695,6,960,0.035000,1.0000,privileged-intermediate-target,0.247500,17,true
sparse-p0.50-d1-8-s4,4,sparse-bernoulli-0.50,18234682480328173695,6,960,0.035000,hard,privileged-intermediate-target,0.247500,17,true
sparse-p0.50-d1-8-s4,4,sparse-bernoulli-0.50,18234682480328173695,6,960,0.035000,soft,shuffled-label,0.027500,17,true
sparse-p0.50-d1-8-s4,4,sparse-bernoulli-0.50,18234682480328173695,6,960,0.035000,2.0000,shuffled-label,0.242500,17,true
sparse-p0.50-d1-8-s4,4,sparse-bernoulli-0.50,18234682480328173695,6,960,0.035000,1.0000,shuffled-label,0.242500,17,true
sparse-p0.50-d1-8-s4,4,sparse-bernoulli-0.50,18234682480328173695,6,960,0.035000,hard,shuffled-label,0.510000,17,true
sparse-p0.50-d1-8-s4,4,sparse-bernoulli-0.50,2001310518681822354,6,960,0.035000,soft,privileged-intermediate-target,0.362500,13,true
sparse-p0.50-d1-8-s4,4,sparse-bernoulli-0.50,2001310518681822354,6,960,0.035000,2.0000,privileged-intermediate-target,0.265000,13,true
sparse-p0.50-d1-8-s4,4,sparse-bernoulli-0.50,2001310518681822354,6,960,0.035000,1.0000,privileged-intermediate-target,0.260000,13,true
sparse-p0.50-d1-8-s4,4,sparse-bernoulli-0.50,2001310518681822354,6,960,0.035000,hard,privileged-intermediate-target,0.270000,13,true
sparse-p0.50-d1-8-s4,4,sparse-bernoulli-0.50,2001310518681822354,6,960,0.035000,soft,shuffled-label,0.065000,13,true
sparse-p0.50-d1-8-s4,4,sparse-bernoulli-0.50,2001310518681822354,6,960,0.035000,2.0000,shuffled-label,0.252500,13,true
sparse-p0.50-d1-8-s4,4,sparse-bernoulli-0.50,2001310518681822354,6,960,0.035000,1.0000,shuffled-label,0.245000,13,true
sparse-p0.50-d1-8-s4,4,sparse-bernoulli-0.50,2001310518681822354,6,960,0.035000,hard,shuffled-label,0.425000,13,true
sparse-p0.50-d1-8-s4,4,sparse-bernoulli-0.50,13400896689310720169,6,960,0.035000,soft,privileged-intermediate-target,0.310000,13,true
sparse-p0.50-d1-8-s4,4,sparse-bernoulli-0.50,13400896689310720169,6,960,0.035000,2.0000,privileged-intermediate-target,0.225000,13,true
sparse-p0.50-d1-8-s4,4,sparse-bernoulli-0.50,13400896689310720169,6,960,0.035000,1.0000,privileged-intermediate-target,0.220000,13,true
sparse-p0.50-d1-8-s4,4,sparse-bernoulli-0.50,13400896689310720169,6,960,0.035000,hard,privileged-intermediate-target,0.232500,13,true
sparse-p0.50-d1-8-s4,4,sparse-bernoulli-0.50,13400896689310720169,6,960,0.035000,soft,shuffled-label,0.060000,13,true
sparse-p0.50-d1-8-s4,4,sparse-bernoulli-0.50,13400896689310720169,6,960,0.035000,2.0000,shuffled-label,0.227500,13,true
sparse-p0.50-d1-8-s4,4,sparse-bernoulli-0.50,13400896689310720169,6,960,0.035000,1.0000,shuffled-label,0.245000,13,true
sparse-p0.50-d1-8-s4,4,sparse-bernoulli-0.50,13400896689310720169,6,960,0.035000,hard,shuffled-label,0.252500,13,true
sparse-p0.50-d1-8-s4,4,sparse-bernoulli-0.50,15453320347936062484,6,960,0.070000,soft,privileged-intermediate-target,0.320000,14,true
sparse-p0.50-d1-8-s4,4,sparse-bernoulli-0.50,15453320347936062484,6,960,0.070000,2.0000,privileged-intermediate-target,0.270000,14,true
sparse-p0.50-d1-8-s4,4,sparse-bernoulli-0.50,15453320347936062484,6,960,0.070000,1.0000,privileged-intermediate-target,0.280000,14,true
sparse-p0.50-d1-8-s4,4,sparse-bernoulli-0.50,15453320347936062484,6,960,0.070000,hard,privileged-intermediate-target,0.300000,14,true
sparse-p0.50-d1-8-s4,4,sparse-bernoulli-0.50,15453320347936062484,6,960,0.070000,soft,shuffled-label,0.050000,14,true
sparse-p0.50-d1-8-s4,4,sparse-bernoulli-0.50,15453320347936062484,6,960,0.070000,2.0000,shuffled-label,0.197500,14,true
sparse-p0.50-d1-8-s4,4,sparse-bernoulli-0.50,15453320347936062484,6,960,0.070000,1.0000,shuffled-label,0.212500,14,true
sparse-p0.50-d1-8-s4,4,sparse-bernoulli-0.50,15453320347936062484,6,960,0.070000,hard,shuffled-label,0.395000,14,true
sparse-p0.50-d1-8-s4,4,sparse-bernoulli-0.50,8371261729603450923,6,960,0.070000,soft,privileged-intermediate-target,0.285000,16,true
sparse-p0.50-d1-8-s4,4,sparse-bernoulli-0.50,8371261729603450923,6,960,0.070000,2.0000,privileged-intermediate-target,0.232500,16,true
sparse-p0.50-d1-8-s4,4,sparse-bernoulli-0.50,8371261729603450923,6,960,0.070000,1.0000,privileged-intermediate-target,0.237500,16,true
sparse-p0.50-d1-8-s4,4,sparse-bernoulli-0.50,8371261729603450923,6,960,0.070000,hard,privileged-intermediate-target,0.277500,16,true
sparse-p0.50-d1-8-s4,4,sparse-bernoulli-0.50,8371261729603450923,6,960,0.070000,soft,shuffled-label,0.130000,16,true
sparse-p0.50-d1-8-s4,4,sparse-bernoulli-0.50,8371261729603450923,6,960,0.070000,2.0000,shuffled-label,0.255000,16,true
sparse-p0.50-d1-8-s4,4,sparse-bernoulli-0.50,8371261729603450923,6,960,0.070000,1.0000,shuffled-label,0.255000,16,true
sparse-p0.50-d1-8-s4,4,sparse-bernoulli-0.50,8371261729603450923,6,960,0.070000,hard,shuffled-label,0.250000,16,true
sparse-p0.50-d1-8-s4,4,sparse-bernoulli-0.50,10584633876018000958,6,960,0.070000,soft,privileged-intermediate-target,0.347500,19,true
sparse-p0.50-d1-8-s4,4,sparse-bernoulli-0.50,10584633876018000958,6,960,0.070000,2.0000,privileged-intermediate-target,0.272500,19,true
sparse-p0.50-d1-8-s4,4,sparse-bernoulli-0.50,10584633876018000958,6,960,0.070000,1.0000,privileged-intermediate-target,0.255000,19,true
sparse-p0.50-d1-8-s4,4,sparse-bernoulli-0.50,10584633876018000958,6,960,0.070000,hard,privileged-intermediate-target,0.282500,19,true
sparse-p0.50-d1-8-s4,4,sparse-bernoulli-0.50,10584633876018000958,6,960,0.070000,soft,shuffled-label,0.040000,19,true
sparse-p0.50-d1-8-s4,4,sparse-bernoulli-0.50,10584633876018000958,6,960,0.070000,2.0000,shuffled-label,0.202500,19,true
sparse-p0.50-d1-8-s4,4,sparse-bernoulli-0.50,10584633876018000958,6,960,0.070000,1.0000,shuffled-label,0.202500,19,true
sparse-p0.50-d1-8-s4,4,sparse-bernoulli-0.50,10584633876018000958,6,960,0.070000,hard,shuffled-label,0.492500,19,true
sparse-p0.50-d1-8-s4,4,sparse-bernoulli-0.50,3503703373795356757,6,960,0.070000,soft,privileged-intermediate-target,0.327500,17,true
sparse-p0.50-d1-8-s4,4,sparse-bernoulli-0.50,3503703373795356757,6,960,0.070000,2.0000,privileged-intermediate-target,0.255000,17,true
sparse-p0.50-d1-8-s4,4,sparse-bernoulli-0.50,3503703373795356757,6,960,0.070000,1.0000,privileged-intermediate-target,0.267500,17,true
sparse-p0.50-d1-8-s4,4,sparse-bernoulli-0.50,3503703373795356757,6,960,0.070000,hard,privileged-intermediate-target,0.382500,17,true
sparse-p0.50-d1-8-s4,4,sparse-bernoulli-0.50,3503703373795356757,6,960,0.070000,soft,shuffled-label,0.082500,17,true
sparse-p0.50-d1-8-s4,4,sparse-bernoulli-0.50,3503703373795356757,6,960,0.070000,2.0000,shuffled-label,0.285000,17,true
sparse-p0.50-d1-8-s4,4,sparse-bernoulli-0.50,3503703373795356757,6,960,0.070000,1.0000,shuffled-label,0.285000,17,true
sparse-p0.50-d1-8-s4,4,sparse-bernoulli-0.50,3503703373795356757,6,960,0.070000,hard,shuffled-label,0.492500,17,true
sparse-p0.50-d1-8-s4,4,sparse-bernoulli-0.50,6869996990457277544,6,960,0.070000,soft,privileged-intermediate-target,0.247500,16,true
sparse-p0.50-d1-8-s4,4,sparse-bernoulli-0.50,6869996990457277544,6,960,0.070000,2.0000,privileged-intermediate-target,0.272500,16,true
sparse-p0.50-d1-8-s4,4,sparse-bernoulli-0.50,6869996990457277544,6,960,0.070000,1.0000,privileged-intermediate-target,0.375000,16,true
sparse-p0.50-d1-8-s4,4,sparse-bernoulli-0.50,6869996990457277544,6,960,0.070000,hard,privileged-intermediate-target,0.352500,16,true
sparse-p0.50-d1-8-s4,4,sparse-bernoulli-0.50,6869996990457277544,6,960,0.070000,soft,shuffled-label,0.130000,16,true
sparse-p0.50-d1-8-s4,4,sparse-bernoulli-0.50,6869996990457277544,6,960,0.070000,2.0000,shuffled-label,0.237500,16,true
sparse-p0.50-d1-8-s4,4,sparse-bernoulli-0.50,6869996990457277544,6,960,0.070000,1.0000,shuffled-label,0.237500,16,true
sparse-p0.50-d1-8-s4,4,sparse-bernoulli-0.50,6869996990457277544,6,960,0.070000,hard,shuffled-label,0.372500,16,true
sparse-p0.50-d1-8-s4,4,sparse-bernoulli-0.50,18234682480328173695,6,960,0.070000,soft,privileged-intermediate-target,0.427500,17,true
sparse-p0.50-d1-8-s4,4,sparse-bernoulli-0.50,18234682480328173695,6,960,0.070000,2.0000,privileged-intermediate-target,0.260000,17,true
sparse-p0.50-d1-8-s4,4,sparse-bernoulli-0.50,18234682480328173695,6,960,0.070000,1.0000,privileged-intermediate-target,0.245000,17,true
sparse-p0.50-d1-8-s4,4,sparse-bernoulli-0.50,18234682480328173695,6,960,0.070000,hard,privileged-intermediate-target,0.247500,17,true
sparse-p0.50-d1-8-s4,4,sparse-bernoulli-0.50,18234682480328173695,6,960,0.070000,soft,shuffled-label,0.137500,17,true
sparse-p0.50-d1-8-s4,4,sparse-bernoulli-0.50,18234682480328173695,6,960,0.070000,2.0000,shuffled-label,0.277500,17,true
sparse-p0.50-d1-8-s4,4,sparse-bernoulli-0.50,18234682480328173695,6,960,0.070000,1.0000,shuffled-label,0.277500,17,true
sparse-p0.50-d1-8-s4,4,sparse-bernoulli-0.50,18234682480328173695,6,960,0.070000,hard,shuffled-label,0.285000,17,true
sparse-p0.50-d1-8-s4,4,sparse-bernoulli-0.50,2001310518681822354,6,960,0.070000,soft,privileged-intermediate-target,0.332500,13,true
sparse-p0.50-d1-8-s4,4,sparse-bernoulli-0.50,2001310518681822354,6,960,0.070000,2.0000,privileged-intermediate-target,0.257500,13,true
sparse-p0.50-d1-8-s4,4,sparse-bernoulli-0.50,2001310518681822354,6,960,0.070000,1.0000,privileged-intermediate-target,0.262500,13,true
sparse-p0.50-d1-8-s4,4,sparse-bernoulli-0.50,2001310518681822354,6,960,0.070000,hard,privileged-intermediate-target,0.270000,13,true
sparse-p0.50-d1-8-s4,4,sparse-bernoulli-0.50,2001310518681822354,6,960,0.070000,soft,shuffled-label,0.110000,13,true
sparse-p0.50-d1-8-s4,4,sparse-bernoulli-0.50,2001310518681822354,6,960,0.070000,2.0000,shuffled-label,0.270000,13,true
sparse-p0.50-d1-8-s4,4,sparse-bernoulli-0.50,2001310518681822354,6,960,0.070000,1.0000,shuffled-label,0.270000,13,true
sparse-p0.50-d1-8-s4,4,sparse-bernoulli-0.50,2001310518681822354,6,960,0.070000,hard,shuffled-label,0.295000,13,true
sparse-p0.50-d1-8-s4,4,sparse-bernoulli-0.50,13400896689310720169,6,960,0.070000,soft,privileged-intermediate-target,0.342500,13,true
sparse-p0.50-d1-8-s4,4,sparse-bernoulli-0.50,13400896689310720169,6,960,0.070000,2.0000,privileged-intermediate-target,0.215000,13,true
sparse-p0.50-d1-8-s4,4,sparse-bernoulli-0.50,13400896689310720169,6,960,0.070000,1.0000,privileged-intermediate-target,0.232500,13,true
sparse-p0.50-d1-8-s4,4,sparse-bernoulli-0.50,13400896689310720169,6,960,0.070000,hard,privileged-intermediate-target,0.232500,13,true
sparse-p0.50-d1-8-s4,4,sparse-bernoulli-0.50,13400896689310720169,6,960,0.070000,soft,shuffled-label,0.120000,13,true
sparse-p0.50-d1-8-s4,4,sparse-bernoulli-0.50,13400896689310720169,6,960,0.070000,2.0000,shuffled-label,0.250000,13,true
sparse-p0.50-d1-8-s4,4,sparse-bernoulli-0.50,13400896689310720169,6,960,0.070000,1.0000,shuffled-label,0.272500,13,true
sparse-p0.50-d1-8-s4,4,sparse-bernoulli-0.50,13400896689310720169,6,960,0.070000,hard,shuffled-label,0.242500,13,true
sparse-p0.50-d1-8-s4,4,sparse-bernoulli-0.50,15453320347936062484,7,960,0.035000,soft,privileged-intermediate-target,0.285000,14,true
sparse-p0.50-d1-8-s4,4,sparse-bernoulli-0.50,15453320347936062484,7,960,0.035000,2.0000,privileged-intermediate-target,0.262500,14,true
sparse-p0.50-d1-8-s4,4,sparse-bernoulli-0.50,15453320347936062484,7,960,0.035000,1.0000,privileged-intermediate-target,0.257500,14,true
sparse-p0.50-d1-8-s4,4,sparse-bernoulli-0.50,15453320347936062484,7,960,0.035000,hard,privileged-intermediate-target,0.260000,14,true
sparse-p0.50-d1-8-s4,4,sparse-bernoulli-0.50,15453320347936062484,7,960,0.035000,soft,shuffled-label,0.000000,14,true
sparse-p0.50-d1-8-s4,4,sparse-bernoulli-0.50,15453320347936062484,7,960,0.035000,2.0000,shuffled-label,0.245000,14,true
sparse-p0.50-d1-8-s4,4,sparse-bernoulli-0.50,15453320347936062484,7,960,0.035000,1.0000,shuffled-label,0.245000,14,true
sparse-p0.50-d1-8-s4,4,sparse-bernoulli-0.50,15453320347936062484,7,960,0.035000,hard,shuffled-label,0.000000,14,true
sparse-p0.50-d1-8-s4,4,sparse-bernoulli-0.50,8371261729603450923,7,960,0.035000,soft,privileged-intermediate-target,0.290000,16,true
sparse-p0.50-d1-8-s4,4,sparse-bernoulli-0.50,8371261729603450923,7,960,0.035000,2.0000,privileged-intermediate-target,0.312500,16,true
sparse-p0.50-d1-8-s4,4,sparse-bernoulli-0.50,8371261729603450923,7,960,0.035000,1.0000,privileged-intermediate-target,0.290000,16,true
sparse-p0.50-d1-8-s4,4,sparse-bernoulli-0.50,8371261729603450923,7,960,0.035000,hard,privileged-intermediate-target,0.272500,16,true
sparse-p0.50-d1-8-s4,4,sparse-bernoulli-0.50,8371261729603450923,7,960,0.035000,soft,shuffled-label,0.000000,16,true
sparse-p0.50-d1-8-s4,4,sparse-bernoulli-0.50,8371261729603450923,7,960,0.035000,2.0000,shuffled-label,0.262500,16,true
sparse-p0.50-d1-8-s4,4,sparse-bernoulli-0.50,8371261729603450923,7,960,0.035000,1.0000,shuffled-label,0.262500,16,true
sparse-p0.50-d1-8-s4,4,sparse-bernoulli-0.50,8371261729603450923,7,960,0.035000,hard,shuffled-label,0.000000,16,true
sparse-p0.50-d1-8-s4,4,sparse-bernoulli-0.50,10584633876018000958,7,960,0.035000,soft,privileged-intermediate-target,0.370000,19,true
sparse-p0.50-d1-8-s4,4,sparse-bernoulli-0.50,10584633876018000958,7,960,0.035000,2.0000,privileged-intermediate-target,0.227500,19,true
sparse-p0.50-d1-8-s4,4,sparse-bernoulli-0.50,10584633876018000958,7,960,0.035000,1.0000,privileged-intermediate-target,0.240000,19,true
sparse-p0.50-d1-8-s4,4,sparse-bernoulli-0.50,10584633876018000958,7,960,0.035000,hard,privileged-intermediate-target,0.252500,19,true
sparse-p0.50-d1-8-s4,4,sparse-bernoulli-0.50,10584633876018000958,7,960,0.035000,soft,shuffled-label,0.000000,19,true
sparse-p0.50-d1-8-s4,4,sparse-bernoulli-0.50,10584633876018000958,7,960,0.035000,2.0000,shuffled-label,0.230000,19,true
sparse-p0.50-d1-8-s4,4,sparse-bernoulli-0.50,10584633876018000958,7,960,0.035000,1.0000,shuffled-label,0.230000,19,true
sparse-p0.50-d1-8-s4,4,sparse-bernoulli-0.50,10584633876018000958,7,960,0.035000,hard,shuffled-label,0.000000,19,true
sparse-p0.50-d1-8-s4,4,sparse-bernoulli-0.50,3503703373795356757,7,960,0.035000,soft,privileged-intermediate-target,0.270000,17,true
sparse-p0.50-d1-8-s4,4,sparse-bernoulli-0.50,3503703373795356757,7,960,0.035000,2.0000,privileged-intermediate-target,0.230000,17,true
sparse-p0.50-d1-8-s4,4,sparse-bernoulli-0.50,3503703373795356757,7,960,0.035000,1.0000,privileged-intermediate-target,0.242500,17,true
sparse-p0.50-d1-8-s4,4,sparse-bernoulli-0.50,3503703373795356757,7,960,0.035000,hard,privileged-intermediate-target,0.330000,17,true
sparse-p0.50-d1-8-s4,4,sparse-bernoulli-0.50,3503703373795356757,7,960,0.035000,soft,shuffled-label,0.000000,17,true
sparse-p0.50-d1-8-s4,4,sparse-bernoulli-0.50,3503703373795356757,7,960,0.035000,2.0000,shuffled-label,0.225000,17,true
sparse-p0.50-d1-8-s4,4,sparse-bernoulli-0.50,3503703373795356757,7,960,0.035000,1.0000,shuffled-label,0.225000,17,true
sparse-p0.50-d1-8-s4,4,sparse-bernoulli-0.50,3503703373795356757,7,960,0.035000,hard,shuffled-label,0.000000,17,true
sparse-p0.50-d1-8-s4,4,sparse-bernoulli-0.50,6869996990457277544,7,960,0.035000,soft,privileged-intermediate-target,0.357500,16,true
sparse-p0.50-d1-8-s4,4,sparse-bernoulli-0.50,6869996990457277544,7,960,0.035000,2.0000,privileged-intermediate-target,0.270000,16,true
sparse-p0.50-d1-8-s4,4,sparse-bernoulli-0.50,6869996990457277544,7,960,0.035000,1.0000,privileged-intermediate-target,0.290000,16,true
sparse-p0.50-d1-8-s4,4,sparse-bernoulli-0.50,6869996990457277544,7,960,0.035000,hard,privileged-intermediate-target,0.342500,16,true
sparse-p0.50-d1-8-s4,4,sparse-bernoulli-0.50,6869996990457277544,7,960,0.035000,soft,shuffled-label,0.000000,16,true
sparse-p0.50-d1-8-s4,4,sparse-bernoulli-0.50,6869996990457277544,7,960,0.035000,2.0000,shuffled-label,0.270000,16,true
sparse-p0.50-d1-8-s4,4,sparse-bernoulli-0.50,6869996990457277544,7,960,0.035000,1.0000,shuffled-label,0.270000,16,true
sparse-p0.50-d1-8-s4,4,sparse-bernoulli-0.50,6869996990457277544,7,960,0.035000,hard,shuffled-label,0.000000,16,true
sparse-p0.50-d1-8-s4,4,sparse-bernoulli-0.50,18234682480328173695,7,960,0.035000,soft,privileged-intermediate-target,0.322500,17,true
sparse-p0.50-d1-8-s4,4,sparse-bernoulli-0.50,18234682480328173695,7,960,0.035000,2.0000,privileged-intermediate-target,0.235000,17,true
sparse-p0.50-d1-8-s4,4,sparse-bernoulli-0.50,18234682480328173695,7,960,0.035000,1.0000,privileged-intermediate-target,0.240000,17,true
sparse-p0.50-d1-8-s4,4,sparse-bernoulli-0.50,18234682480328173695,7,960,0.035000,hard,privileged-intermediate-target,0.230000,17,true
sparse-p0.50-d1-8-s4,4,sparse-bernoulli-0.50,18234682480328173695,7,960,0.035000,soft,shuffled-label,0.000000,17,true
sparse-p0.50-d1-8-s4,4,sparse-bernoulli-0.50,18234682480328173695,7,960,0.035000,2.0000,shuffled-label,0.275000,17,true
sparse-p0.50-d1-8-s4,4,sparse-bernoulli-0.50,18234682480328173695,7,960,0.035000,1.0000,shuffled-label,0.255000,17,true
sparse-p0.50-d1-8-s4,4,sparse-bernoulli-0.50,18234682480328173695,7,960,0.035000,hard,shuffled-label,0.000000,17,true
sparse-p0.50-d1-8-s4,4,sparse-bernoulli-0.50,2001310518681822354,7,960,0.035000,soft,privileged-intermediate-target,0.325000,13,true
sparse-p0.50-d1-8-s4,4,sparse-bernoulli-0.50,2001310518681822354,7,960,0.035000,2.0000,privileged-intermediate-target,0.267500,13,true
sparse-p0.50-d1-8-s4,4,sparse-bernoulli-0.50,2001310518681822354,7,960,0.035000,1.0000,privileged-intermediate-target,0.277500,13,true
sparse-p0.50-d1-8-s4,4,sparse-bernoulli-0.50,2001310518681822354,7,960,0.035000,hard,privileged-intermediate-target,0.262500,13,true
sparse-p0.50-d1-8-s4,4,sparse-bernoulli-0.50,2001310518681822354,7,960,0.035000,soft,shuffled-label,0.000000,13,true
sparse-p0.50-d1-8-s4,4,sparse-bernoulli-0.50,2001310518681822354,7,960,0.035000,2.0000,shuffled-label,0.247500,13,true
sparse-p0.50-d1-8-s4,4,sparse-bernoulli-0.50,2001310518681822354,7,960,0.035000,1.0000,shuffled-label,0.247500,13,true
sparse-p0.50-d1-8-s4,4,sparse-bernoulli-0.50,2001310518681822354,7,960,0.035000,hard,shuffled-label,0.000000,13,true
sparse-p0.50-d1-8-s4,4,sparse-bernoulli-0.50,13400896689310720169,7,960,0.035000,soft,privileged-intermediate-target,0.325000,13,true
sparse-p0.50-d1-8-s4,4,sparse-bernoulli-0.50,13400896689310720169,7,960,0.035000,2.0000,privileged-intermediate-target,0.257500,13,true
sparse-p0.50-d1-8-s4,4,sparse-bernoulli-0.50,13400896689310720169,7,960,0.035000,1.0000,privileged-intermediate-target,0.260000,13,true
sparse-p0.50-d1-8-s4,4,sparse-bernoulli-0.50,13400896689310720169,7,960,0.035000,hard,privileged-intermediate-target,0.257500,13,true
sparse-p0.50-d1-8-s4,4,sparse-bernoulli-0.50,13400896689310720169,7,960,0.035000,soft,shuffled-label,0.000000,13,true
sparse-p0.50-d1-8-s4,4,sparse-bernoulli-0.50,13400896689310720169,7,960,0.035000,2.0000,shuffled-label,0.232500,13,true
sparse-p0.50-d1-8-s4,4,sparse-bernoulli-0.50,13400896689310720169,7,960,0.035000,1.0000,shuffled-label,0.232500,13,true
sparse-p0.50-d1-8-s4,4,sparse-bernoulli-0.50,13400896689310720169,7,960,0.035000,hard,shuffled-label,0.000000,13,true
sparse-p0.50-d1-8-s4,4,sparse-bernoulli-0.50,15453320347936062484,7,960,0.070000,soft,privileged-intermediate-target,0.315000,14,true
sparse-p0.50-d1-8-s4,4,sparse-bernoulli-0.50,15453320347936062484,7,960,0.070000,2.0000,privileged-intermediate-target,0.280000,14,true
sparse-p0.50-d1-8-s4,4,sparse-bernoulli-0.50,15453320347936062484,7,960,0.070000,1.0000,privileged-intermediate-target,0.250000,14,true
sparse-p0.50-d1-8-s4,4,sparse-bernoulli-0.50,15453320347936062484,7,960,0.070000,hard,privileged-intermediate-target,0.260000,14,true
sparse-p0.50-d1-8-s4,4,sparse-bernoulli-0.50,15453320347936062484,7,960,0.070000,soft,shuffled-label,0.265000,14,true
sparse-p0.50-d1-8-s4,4,sparse-bernoulli-0.50,15453320347936062484,7,960,0.070000,2.0000,shuffled-label,0.265000,14,true
sparse-p0.50-d1-8-s4,4,sparse-bernoulli-0.50,15453320347936062484,7,960,0.070000,1.0000,shuffled-label,0.265000,14,true
sparse-p0.50-d1-8-s4,4,sparse-bernoulli-0.50,15453320347936062484,7,960,0.070000,hard,shuffled-label,0.265000,14,true
sparse-p0.50-d1-8-s4,4,sparse-bernoulli-0.50,8371261729603450923,7,960,0.070000,soft,privileged-intermediate-target,0.307500,16,true
sparse-p0.50-d1-8-s4,4,sparse-bernoulli-0.50,8371261729603450923,7,960,0.070000,2.0000,privileged-intermediate-target,0.307500,16,true
sparse-p0.50-d1-8-s4,4,sparse-bernoulli-0.50,8371261729603450923,7,960,0.070000,1.0000,privileged-intermediate-target,0.295000,16,true
sparse-p0.50-d1-8-s4,4,sparse-bernoulli-0.50,8371261729603450923,7,960,0.070000,hard,privileged-intermediate-target,0.272500,16,true
sparse-p0.50-d1-8-s4,4,sparse-bernoulli-0.50,8371261729603450923,7,960,0.070000,soft,shuffled-label,0.000000,16,true
sparse-p0.50-d1-8-s4,4,sparse-bernoulli-0.50,8371261729603450923,7,960,0.070000,2.0000,shuffled-label,0.262500,16,true
sparse-p0.50-d1-8-s4,4,sparse-bernoulli-0.50,8371261729603450923,7,960,0.070000,1.0000,shuffled-label,0.262500,16,true
sparse-p0.50-d1-8-s4,4,sparse-bernoulli-0.50,8371261729603450923,7,960,0.070000,hard,shuffled-label,0.000000,16,true
sparse-p0.50-d1-8-s4,4,sparse-bernoulli-0.50,10584633876018000958,7,960,0.070000,soft,privileged-intermediate-target,0.355000,19,true
sparse-p0.50-d1-8-s4,4,sparse-bernoulli-0.50,10584633876018000958,7,960,0.070000,2.0000,privileged-intermediate-target,0.240000,19,true
sparse-p0.50-d1-8-s4,4,sparse-bernoulli-0.50,10584633876018000958,7,960,0.070000,1.0000,privileged-intermediate-target,0.207500,19,true
sparse-p0.50-d1-8-s4,4,sparse-bernoulli-0.50,10584633876018000958,7,960,0.070000,hard,privileged-intermediate-target,0.252500,19,true
sparse-p0.50-d1-8-s4,4,sparse-bernoulli-0.50,10584633876018000958,7,960,0.070000,soft,shuffled-label,0.000000,19,true
sparse-p0.50-d1-8-s4,4,sparse-bernoulli-0.50,10584633876018000958,7,960,0.070000,2.0000,shuffled-label,0.230000,19,true
sparse-p0.50-d1-8-s4,4,sparse-bernoulli-0.50,10584633876018000958,7,960,0.070000,1.0000,shuffled-label,0.230000,19,true
sparse-p0.50-d1-8-s4,4,sparse-bernoulli-0.50,10584633876018000958,7,960,0.070000,hard,shuffled-label,0.000000,19,true
sparse-p0.50-d1-8-s4,4,sparse-bernoulli-0.50,3503703373795356757,7,960,0.070000,soft,privileged-intermediate-target,0.270000,17,true
sparse-p0.50-d1-8-s4,4,sparse-bernoulli-0.50,3503703373795356757,7,960,0.070000,2.0000,privileged-intermediate-target,0.212500,17,true
sparse-p0.50-d1-8-s4,4,sparse-bernoulli-0.50,3503703373795356757,7,960,0.070000,1.0000,privileged-intermediate-target,0.227500,17,true
sparse-p0.50-d1-8-s4,4,sparse-bernoulli-0.50,3503703373795356757,7,960,0.070000,hard,privileged-intermediate-target,0.330000,17,true
sparse-p0.50-d1-8-s4,4,sparse-bernoulli-0.50,3503703373795356757,7,960,0.070000,soft,shuffled-label,0.000000,17,true
sparse-p0.50-d1-8-s4,4,sparse-bernoulli-0.50,3503703373795356757,7,960,0.070000,2.0000,shuffled-label,0.225000,17,true
sparse-p0.50-d1-8-s4,4,sparse-bernoulli-0.50,3503703373795356757,7,960,0.070000,1.0000,shuffled-label,0.225000,17,true
sparse-p0.50-d1-8-s4,4,sparse-bernoulli-0.50,3503703373795356757,7,960,0.070000,hard,shuffled-label,0.000000,17,true
sparse-p0.50-d1-8-s4,4,sparse-bernoulli-0.50,6869996990457277544,7,960,0.070000,soft,privileged-intermediate-target,0.335000,16,true
sparse-p0.50-d1-8-s4,4,sparse-bernoulli-0.50,6869996990457277544,7,960,0.070000,2.0000,privileged-intermediate-target,0.270000,16,true
sparse-p0.50-d1-8-s4,4,sparse-bernoulli-0.50,6869996990457277544,7,960,0.070000,1.0000,privileged-intermediate-target,0.347500,16,true
sparse-p0.50-d1-8-s4,4,sparse-bernoulli-0.50,6869996990457277544,7,960,0.070000,hard,privileged-intermediate-target,0.342500,16,true
sparse-p0.50-d1-8-s4,4,sparse-bernoulli-0.50,6869996990457277544,7,960,0.070000,soft,shuffled-label,0.240000,16,true
sparse-p0.50-d1-8-s4,4,sparse-bernoulli-0.50,6869996990457277544,7,960,0.070000,2.0000,shuffled-label,0.240000,16,true
sparse-p0.50-d1-8-s4,4,sparse-bernoulli-0.50,6869996990457277544,7,960,0.070000,1.0000,shuffled-label,0.240000,16,true
sparse-p0.50-d1-8-s4,4,sparse-bernoulli-0.50,6869996990457277544,7,960,0.070000,hard,shuffled-label,0.240000,16,true
sparse-p0.50-d1-8-s4,4,sparse-bernoulli-0.50,18234682480328173695,7,960,0.070000,soft,privileged-intermediate-target,0.297500,17,true
sparse-p0.50-d1-8-s4,4,sparse-bernoulli-0.50,18234682480328173695,7,960,0.070000,2.0000,privileged-intermediate-target,0.240000,17,true
sparse-p0.50-d1-8-s4,4,sparse-bernoulli-0.50,18234682480328173695,7,960,0.070000,1.0000,privileged-intermediate-target,0.240000,17,true
sparse-p0.50-d1-8-s4,4,sparse-bernoulli-0.50,18234682480328173695,7,960,0.070000,hard,privileged-intermediate-target,0.230000,17,true
sparse-p0.50-d1-8-s4,4,sparse-bernoulli-0.50,18234682480328173695,7,960,0.070000,soft,shuffled-label,0.000000,17,true
sparse-p0.50-d1-8-s4,4,sparse-bernoulli-0.50,18234682480328173695,7,960,0.070000,2.0000,shuffled-label,0.262500,17,true
sparse-p0.50-d1-8-s4,4,sparse-bernoulli-0.50,18234682480328173695,7,960,0.070000,1.0000,shuffled-label,0.235000,17,true
sparse-p0.50-d1-8-s4,4,sparse-bernoulli-0.50,18234682480328173695,7,960,0.070000,hard,shuffled-label,0.000000,17,true
sparse-p0.50-d1-8-s4,4,sparse-bernoulli-0.50,2001310518681822354,7,960,0.070000,soft,privileged-intermediate-target,0.322500,13,true
sparse-p0.50-d1-8-s4,4,sparse-bernoulli-0.50,2001310518681822354,7,960,0.070000,2.0000,privileged-intermediate-target,0.262500,13,true
sparse-p0.50-d1-8-s4,4,sparse-bernoulli-0.50,2001310518681822354,7,960,0.070000,1.0000,privileged-intermediate-target,0.267500,13,true
sparse-p0.50-d1-8-s4,4,sparse-bernoulli-0.50,2001310518681822354,7,960,0.070000,hard,privileged-intermediate-target,0.262500,13,true
sparse-p0.50-d1-8-s4,4,sparse-bernoulli-0.50,2001310518681822354,7,960,0.070000,soft,shuffled-label,0.000000,13,true
sparse-p0.50-d1-8-s4,4,sparse-bernoulli-0.50,2001310518681822354,7,960,0.070000,2.0000,shuffled-label,0.260000,13,true
sparse-p0.50-d1-8-s4,4,sparse-bernoulli-0.50,2001310518681822354,7,960,0.070000,1.0000,shuffled-label,0.232500,13,true
sparse-p0.50-d1-8-s4,4,sparse-bernoulli-0.50,2001310518681822354,7,960,0.070000,hard,shuffled-label,0.000000,13,true
sparse-p0.50-d1-8-s4,4,sparse-bernoulli-0.50,13400896689310720169,7,960,0.070000,soft,privileged-intermediate-target,0.325000,13,true
sparse-p0.50-d1-8-s4,4,sparse-bernoulli-0.50,13400896689310720169,7,960,0.070000,2.0000,privileged-intermediate-target,0.262500,13,true
sparse-p0.50-d1-8-s4,4,sparse-bernoulli-0.50,13400896689310720169,7,960,0.070000,1.0000,privileged-intermediate-target,0.262500,13,true
sparse-p0.50-d1-8-s4,4,sparse-bernoulli-0.50,13400896689310720169,7,960,0.070000,hard,privileged-intermediate-target,0.257500,13,true
sparse-p0.50-d1-8-s4,4,sparse-bernoulli-0.50,13400896689310720169,7,960,0.070000,soft,shuffled-label,0.000000,13,true
sparse-p0.50-d1-8-s4,4,sparse-bernoulli-0.50,13400896689310720169,7,960,0.070000,2.0000,shuffled-label,0.260000,13,true
sparse-p0.50-d1-8-s4,4,sparse-bernoulli-0.50,13400896689310720169,7,960,0.070000,1.0000,shuffled-label,0.260000,13,true
sparse-p0.50-d1-8-s4,4,sparse-bernoulli-0.50,13400896689310720169,7,960,0.070000,hard,shuffled-label,0.000000,13,true
sparse-p0.50-d1-8-s4,4,sparse-bernoulli-0.50,15453320347936062484,8,960,0.035000,soft,privileged-intermediate-target,0.265000,14,true
sparse-p0.50-d1-8-s4,4,sparse-bernoulli-0.50,15453320347936062484,8,960,0.035000,2.0000,privileged-intermediate-target,0.280000,14,true
sparse-p0.50-d1-8-s4,4,sparse-bernoulli-0.50,15453320347936062484,8,960,0.035000,1.0000,privileged-intermediate-target,0.267500,14,true
sparse-p0.50-d1-8-s4,4,sparse-bernoulli-0.50,15453320347936062484,8,960,0.035000,hard,privileged-intermediate-target,0.270000,14,true
sparse-p0.50-d1-8-s4,4,sparse-bernoulli-0.50,15453320347936062484,8,960,0.035000,soft,shuffled-label,0.055000,14,true
sparse-p0.50-d1-8-s4,4,sparse-bernoulli-0.50,15453320347936062484,8,960,0.035000,2.0000,shuffled-label,0.240000,14,true
sparse-p0.50-d1-8-s4,4,sparse-bernoulli-0.50,15453320347936062484,8,960,0.035000,1.0000,shuffled-label,0.240000,14,true
sparse-p0.50-d1-8-s4,4,sparse-bernoulli-0.50,15453320347936062484,8,960,0.035000,hard,shuffled-label,0.375000,14,true
sparse-p0.50-d1-8-s4,4,sparse-bernoulli-0.50,8371261729603450923,8,960,0.035000,soft,privileged-intermediate-target,0.310000,16,true
sparse-p0.50-d1-8-s4,4,sparse-bernoulli-0.50,8371261729603450923,8,960,0.035000,2.0000,privileged-intermediate-target,0.295000,16,true
sparse-p0.50-d1-8-s4,4,sparse-bernoulli-0.50,8371261729603450923,8,960,0.035000,1.0000,privileged-intermediate-target,0.267500,16,true
sparse-p0.50-d1-8-s4,4,sparse-bernoulli-0.50,8371261729603450923,8,960,0.035000,hard,privileged-intermediate-target,0.317500,16,true
sparse-p0.50-d1-8-s4,4,sparse-bernoulli-0.50,8371261729603450923,8,960,0.035000,soft,shuffled-label,0.040000,16,true
sparse-p0.50-d1-8-s4,4,sparse-bernoulli-0.50,8371261729603450923,8,960,0.035000,2.0000,shuffled-label,0.240000,16,true
sparse-p0.50-d1-8-s4,4,sparse-bernoulli-0.50,8371261729603450923,8,960,0.035000,1.0000,shuffled-label,0.240000,16,true
sparse-p0.50-d1-8-s4,4,sparse-bernoulli-0.50,8371261729603450923,8,960,0.035000,hard,shuffled-label,0.440000,16,true
sparse-p0.50-d1-8-s4,4,sparse-bernoulli-0.50,10584633876018000958,8,960,0.035000,soft,privileged-intermediate-target,0.345000,19,true
sparse-p0.50-d1-8-s4,4,sparse-bernoulli-0.50,10584633876018000958,8,960,0.035000,2.0000,privileged-intermediate-target,0.232500,19,true
sparse-p0.50-d1-8-s4,4,sparse-bernoulli-0.50,10584633876018000958,8,960,0.035000,1.0000,privileged-intermediate-target,0.235000,19,true
sparse-p0.50-d1-8-s4,4,sparse-bernoulli-0.50,10584633876018000958,8,960,0.035000,hard,privileged-intermediate-target,0.287500,19,true
sparse-p0.50-d1-8-s4,4,sparse-bernoulli-0.50,10584633876018000958,8,960,0.035000,soft,shuffled-label,0.025000,19,true
sparse-p0.50-d1-8-s4,4,sparse-bernoulli-0.50,10584633876018000958,8,960,0.035000,2.0000,shuffled-label,0.275000,19,true
sparse-p0.50-d1-8-s4,4,sparse-bernoulli-0.50,10584633876018000958,8,960,0.035000,1.0000,shuffled-label,0.275000,19,true
sparse-p0.50-d1-8-s4,4,sparse-bernoulli-0.50,10584633876018000958,8,960,0.035000,hard,shuffled-label,0.485000,19,true
sparse-p0.50-d1-8-s4,4,sparse-bernoulli-0.50,3503703373795356757,8,960,0.035000,soft,privileged-intermediate-target,0.322500,17,true
sparse-p0.50-d1-8-s4,4,sparse-bernoulli-0.50,3503703373795356757,8,960,0.035000,2.0000,privileged-intermediate-target,0.257500,17,true
sparse-p0.50-d1-8-s4,4,sparse-bernoulli-0.50,3503703373795356757,8,960,0.035000,1.0000,privileged-intermediate-target,0.277500,17,true
sparse-p0.50-d1-8-s4,4,sparse-bernoulli-0.50,3503703373795356757,8,960,0.035000,hard,privileged-intermediate-target,0.405000,17,true
sparse-p0.50-d1-8-s4,4,sparse-bernoulli-0.50,3503703373795356757,8,960,0.035000,soft,shuffled-label,0.097500,17,true
sparse-p0.50-d1-8-s4,4,sparse-bernoulli-0.50,3503703373795356757,8,960,0.035000,2.0000,shuffled-label,0.272500,17,true
sparse-p0.50-d1-8-s4,4,sparse-bernoulli-0.50,3503703373795356757,8,960,0.035000,1.0000,shuffled-label,0.272500,17,true
sparse-p0.50-d1-8-s4,4,sparse-bernoulli-0.50,3503703373795356757,8,960,0.035000,hard,shuffled-label,0.510000,17,true
sparse-p0.50-d1-8-s4,4,sparse-bernoulli-0.50,6869996990457277544,8,960,0.035000,soft,privileged-intermediate-target,0.292500,16,true
sparse-p0.50-d1-8-s4,4,sparse-bernoulli-0.50,6869996990457277544,8,960,0.035000,2.0000,privileged-intermediate-target,0.287500,16,true
sparse-p0.50-d1-8-s4,4,sparse-bernoulli-0.50,6869996990457277544,8,960,0.035000,1.0000,privileged-intermediate-target,0.290000,16,true
sparse-p0.50-d1-8-s4,4,sparse-bernoulli-0.50,6869996990457277544,8,960,0.035000,hard,privileged-intermediate-target,0.307500,16,true
sparse-p0.50-d1-8-s4,4,sparse-bernoulli-0.50,6869996990457277544,8,960,0.035000,soft,shuffled-label,0.107500,16,true
sparse-p0.50-d1-8-s4,4,sparse-bernoulli-0.50,6869996990457277544,8,960,0.035000,2.0000,shuffled-label,0.242500,16,true
sparse-p0.50-d1-8-s4,4,sparse-bernoulli-0.50,6869996990457277544,8,960,0.035000,1.0000,shuffled-label,0.242500,16,true
sparse-p0.50-d1-8-s4,4,sparse-bernoulli-0.50,6869996990457277544,8,960,0.035000,hard,shuffled-label,0.470000,16,true
sparse-p0.50-d1-8-s4,4,sparse-bernoulli-0.50,18234682480328173695,8,960,0.035000,soft,privileged-intermediate-target,0.327500,17,true
sparse-p0.50-d1-8-s4,4,sparse-bernoulli-0.50,18234682480328173695,8,960,0.035000,2.0000,privileged-intermediate-target,0.235000,17,true
sparse-p0.50-d1-8-s4,4,sparse-bernoulli-0.50,18234682480328173695,8,960,0.035000,1.0000,privileged-intermediate-target,0.222500,17,true
sparse-p0.50-d1-8-s4,4,sparse-bernoulli-0.50,18234682480328173695,8,960,0.035000,hard,privileged-intermediate-target,0.225000,17,true
sparse-p0.50-d1-8-s4,4,sparse-bernoulli-0.50,18234682480328173695,8,960,0.035000,soft,shuffled-label,0.015000,17,true
sparse-p0.50-d1-8-s4,4,sparse-bernoulli-0.50,18234682480328173695,8,960,0.035000,2.0000,shuffled-label,0.220000,17,true
sparse-p0.50-d1-8-s4,4,sparse-bernoulli-0.50,18234682480328173695,8,960,0.035000,1.0000,shuffled-label,0.220000,17,true
sparse-p0.50-d1-8-s4,4,sparse-bernoulli-0.50,18234682480328173695,8,960,0.035000,hard,shuffled-label,0.572500,17,true
sparse-p0.50-d1-8-s4,4,sparse-bernoulli-0.50,2001310518681822354,8,960,0.035000,soft,privileged-intermediate-target,0.295000,13,true
sparse-p0.50-d1-8-s4,4,sparse-bernoulli-0.50,2001310518681822354,8,960,0.035000,2.0000,privileged-intermediate-target,0.250000,13,true
sparse-p0.50-d1-8-s4,4,sparse-bernoulli-0.50,2001310518681822354,8,960,0.035000,1.0000,privileged-intermediate-target,0.255000,13,true
sparse-p0.50-d1-8-s4,4,sparse-bernoulli-0.50,2001310518681822354,8,960,0.035000,hard,privileged-intermediate-target,0.267500,13,true
sparse-p0.50-d1-8-s4,4,sparse-bernoulli-0.50,2001310518681822354,8,960,0.035000,soft,shuffled-label,0.127500,13,true
sparse-p0.50-d1-8-s4,4,sparse-bernoulli-0.50,2001310518681822354,8,960,0.035000,2.0000,shuffled-label,0.272500,13,true
sparse-p0.50-d1-8-s4,4,sparse-bernoulli-0.50,2001310518681822354,8,960,0.035000,1.0000,shuffled-label,0.272500,13,true
sparse-p0.50-d1-8-s4,4,sparse-bernoulli-0.50,2001310518681822354,8,960,0.035000,hard,shuffled-label,0.405000,13,true
sparse-p0.50-d1-8-s4,4,sparse-bernoulli-0.50,13400896689310720169,8,960,0.035000,soft,privileged-intermediate-target,0.317500,13,true
sparse-p0.50-d1-8-s4,4,sparse-bernoulli-0.50,13400896689310720169,8,960,0.035000,2.0000,privileged-intermediate-target,0.280000,13,true
sparse-p0.50-d1-8-s4,4,sparse-bernoulli-0.50,13400896689310720169,8,960,0.035000,1.0000,privileged-intermediate-target,0.275000,13,true
sparse-p0.50-d1-8-s4,4,sparse-bernoulli-0.50,13400896689310720169,8,960,0.035000,hard,privileged-intermediate-target,0.272500,13,true
sparse-p0.50-d1-8-s4,4,sparse-bernoulli-0.50,13400896689310720169,8,960,0.035000,soft,shuffled-label,0.062500,13,true
sparse-p0.50-d1-8-s4,4,sparse-bernoulli-0.50,13400896689310720169,8,960,0.035000,2.0000,shuffled-label,0.235000,13,true
sparse-p0.50-d1-8-s4,4,sparse-bernoulli-0.50,13400896689310720169,8,960,0.035000,1.0000,shuffled-label,0.235000,13,true
sparse-p0.50-d1-8-s4,4,sparse-bernoulli-0.50,13400896689310720169,8,960,0.035000,hard,shuffled-label,0.390000,13,true
sparse-p0.50-d1-8-s4,4,sparse-bernoulli-0.50,15453320347936062484,8,960,0.070000,soft,privileged-intermediate-target,0.272500,14,true
sparse-p0.50-d1-8-s4,4,sparse-bernoulli-0.50,15453320347936062484,8,960,0.070000,2.0000,privileged-intermediate-target,0.287500,14,true
sparse-p0.50-d1-8-s4,4,sparse-bernoulli-0.50,15453320347936062484,8,960,0.070000,1.0000,privileged-intermediate-target,0.252500,14,true
sparse-p0.50-d1-8-s4,4,sparse-bernoulli-0.50,15453320347936062484,8,960,0.070000,hard,privileged-intermediate-target,0.270000,14,true
sparse-p0.50-d1-8-s4,4,sparse-bernoulli-0.50,15453320347936062484,8,960,0.070000,soft,shuffled-label,0.287500,14,true
sparse-p0.50-d1-8-s4,4,sparse-bernoulli-0.50,15453320347936062484,8,960,0.070000,2.0000,shuffled-label,0.287500,14,true
sparse-p0.50-d1-8-s4,4,sparse-bernoulli-0.50,15453320347936062484,8,960,0.070000,1.0000,shuffled-label,0.287500,14,true
sparse-p0.50-d1-8-s4,4,sparse-bernoulli-0.50,15453320347936062484,8,960,0.070000,hard,shuffled-label,0.287500,14,true
sparse-p0.50-d1-8-s4,4,sparse-bernoulli-0.50,8371261729603450923,8,960,0.070000,soft,privileged-intermediate-target,0.312500,16,true
sparse-p0.50-d1-8-s4,4,sparse-bernoulli-0.50,8371261729603450923,8,960,0.070000,2.0000,privileged-intermediate-target,0.302500,16,true
sparse-p0.50-d1-8-s4,4,sparse-bernoulli-0.50,8371261729603450923,8,960,0.070000,1.0000,privileged-intermediate-target,0.260000,16,true
sparse-p0.50-d1-8-s4,4,sparse-bernoulli-0.50,8371261729603450923,8,960,0.070000,hard,privileged-intermediate-target,0.317500,16,true
sparse-p0.50-d1-8-s4,4,sparse-bernoulli-0.50,8371261729603450923,8,960,0.070000,soft,shuffled-label,0.225000,16,true
sparse-p0.50-d1-8-s4,4,sparse-bernoulli-0.50,8371261729603450923,8,960,0.070000,2.0000,shuffled-label,0.297500,16,true
sparse-p0.50-d1-8-s4,4,sparse-bernoulli-0.50,8371261729603450923,8,960,0.070000,1.0000,shuffled-label,0.297500,16,true
sparse-p0.50-d1-8-s4,4,sparse-bernoulli-0.50,8371261729603450923,8,960,0.070000,hard,shuffled-label,0.260000,16,true
sparse-p0.50-d1-8-s4,4,sparse-bernoulli-0.50,10584633876018000958,8,960,0.070000,soft,privileged-intermediate-target,0.327500,19,true
sparse-p0.50-d1-8-s4,4,sparse-bernoulli-0.50,10584633876018000958,8,960,0.070000,2.0000,privileged-intermediate-target,0.222500,19,true
sparse-p0.50-d1-8-s4,4,sparse-bernoulli-0.50,10584633876018000958,8,960,0.070000,1.0000,privileged-intermediate-target,0.232500,19,true
sparse-p0.50-d1-8-s4,4,sparse-bernoulli-0.50,10584633876018000958,8,960,0.070000,hard,privileged-intermediate-target,0.287500,19,true
sparse-p0.50-d1-8-s4,4,sparse-bernoulli-0.50,10584633876018000958,8,960,0.070000,soft,shuffled-label,0.275000,19,true
sparse-p0.50-d1-8-s4,4,sparse-bernoulli-0.50,10584633876018000958,8,960,0.070000,2.0000,shuffled-label,0.275000,19,true
sparse-p0.50-d1-8-s4,4,sparse-bernoulli-0.50,10584633876018000958,8,960,0.070000,1.0000,shuffled-label,0.275000,19,true
sparse-p0.50-d1-8-s4,4,sparse-bernoulli-0.50,10584633876018000958,8,960,0.070000,hard,shuffled-label,0.275000,19,true
sparse-p0.50-d1-8-s4,4,sparse-bernoulli-0.50,3503703373795356757,8,960,0.070000,soft,privileged-intermediate-target,0.320000,17,true
sparse-p0.50-d1-8-s4,4,sparse-bernoulli-0.50,3503703373795356757,8,960,0.070000,2.0000,privileged-intermediate-target,0.267500,17,true
sparse-p0.50-d1-8-s4,4,sparse-bernoulli-0.50,3503703373795356757,8,960,0.070000,1.0000,privileged-intermediate-target,0.280000,17,true
sparse-p0.50-d1-8-s4,4,sparse-bernoulli-0.50,3503703373795356757,8,960,0.070000,hard,privileged-intermediate-target,0.405000,17,true
sparse-p0.50-d1-8-s4,4,sparse-bernoulli-0.50,3503703373795356757,8,960,0.070000,soft,shuffled-label,0.260000,17,true
sparse-p0.50-d1-8-s4,4,sparse-bernoulli-0.50,3503703373795356757,8,960,0.070000,2.0000,shuffled-label,0.237500,17,true
sparse-p0.50-d1-8-s4,4,sparse-bernoulli-0.50,3503703373795356757,8,960,0.070000,1.0000,shuffled-label,0.237500,17,true
sparse-p0.50-d1-8-s4,4,sparse-bernoulli-0.50,3503703373795356757,8,960,0.070000,hard,shuffled-label,0.300000,17,true
sparse-p0.50-d1-8-s4,4,sparse-bernoulli-0.50,6869996990457277544,8,960,0.070000,soft,privileged-intermediate-target,0.287500,16,true
sparse-p0.50-d1-8-s4,4,sparse-bernoulli-0.50,6869996990457277544,8,960,0.070000,2.0000,privileged-intermediate-target,0.267500,16,true
sparse-p0.50-d1-8-s4,4,sparse-bernoulli-0.50,6869996990457277544,8,960,0.070000,1.0000,privileged-intermediate-target,0.325000,16,true
sparse-p0.50-d1-8-s4,4,sparse-bernoulli-0.50,6869996990457277544,8,960,0.070000,hard,privileged-intermediate-target,0.307500,16,true
sparse-p0.50-d1-8-s4,4,sparse-bernoulli-0.50,6869996990457277544,8,960,0.070000,soft,shuffled-label,0.220000,16,true
sparse-p0.50-d1-8-s4,4,sparse-bernoulli-0.50,6869996990457277544,8,960,0.070000,2.0000,shuffled-label,0.220000,16,true
sparse-p0.50-d1-8-s4,4,sparse-bernoulli-0.50,6869996990457277544,8,960,0.070000,1.0000,shuffled-label,0.220000,16,true
sparse-p0.50-d1-8-s4,4,sparse-bernoulli-0.50,6869996990457277544,8,960,0.070000,hard,shuffled-label,0.220000,16,true
sparse-p0.50-d1-8-s4,4,sparse-bernoulli-0.50,18234682480328173695,8,960,0.070000,soft,privileged-intermediate-target,0.322500,17,true
sparse-p0.50-d1-8-s4,4,sparse-bernoulli-0.50,18234682480328173695,8,960,0.070000,2.0000,privileged-intermediate-target,0.227500,17,true
sparse-p0.50-d1-8-s4,4,sparse-bernoulli-0.50,18234682480328173695,8,960,0.070000,1.0000,privileged-intermediate-target,0.222500,17,true
sparse-p0.50-d1-8-s4,4,sparse-bernoulli-0.50,18234682480328173695,8,960,0.070000,hard,privileged-intermediate-target,0.225000,17,true
sparse-p0.50-d1-8-s4,4,sparse-bernoulli-0.50,18234682480328173695,8,960,0.070000,soft,shuffled-label,0.037500,17,true
sparse-p0.50-d1-8-s4,4,sparse-bernoulli-0.50,18234682480328173695,8,960,0.070000,2.0000,shuffled-label,0.220000,17,true
sparse-p0.50-d1-8-s4,4,sparse-bernoulli-0.50,18234682480328173695,8,960,0.070000,1.0000,shuffled-label,0.220000,17,true
sparse-p0.50-d1-8-s4,4,sparse-bernoulli-0.50,18234682480328173695,8,960,0.070000,hard,shuffled-label,0.255000,17,true
sparse-p0.50-d1-8-s4,4,sparse-bernoulli-0.50,2001310518681822354,8,960,0.070000,soft,privileged-intermediate-target,0.267500,13,true
sparse-p0.50-d1-8-s4,4,sparse-bernoulli-0.50,2001310518681822354,8,960,0.070000,2.0000,privileged-intermediate-target,0.252500,13,true
sparse-p0.50-d1-8-s4,4,sparse-bernoulli-0.50,2001310518681822354,8,960,0.070000,1.0000,privileged-intermediate-target,0.265000,13,true
sparse-p0.50-d1-8-s4,4,sparse-bernoulli-0.50,2001310518681822354,8,960,0.070000,hard,privileged-intermediate-target,0.267500,13,true
sparse-p0.50-d1-8-s4,4,sparse-bernoulli-0.50,2001310518681822354,8,960,0.070000,soft,shuffled-label,0.135000,13,true
sparse-p0.50-d1-8-s4,4,sparse-bernoulli-0.50,2001310518681822354,8,960,0.070000,2.0000,shuffled-label,0.247500,13,true
sparse-p0.50-d1-8-s4,4,sparse-bernoulli-0.50,2001310518681822354,8,960,0.070000,1.0000,shuffled-label,0.247500,13,true
sparse-p0.50-d1-8-s4,4,sparse-bernoulli-0.50,2001310518681822354,8,960,0.070000,hard,shuffled-label,0.405000,13,true
sparse-p0.50-d1-8-s4,4,sparse-bernoulli-0.50,13400896689310720169,8,960,0.070000,soft,privileged-intermediate-target,0.307500,13,true
sparse-p0.50-d1-8-s4,4,sparse-bernoulli-0.50,13400896689310720169,8,960,0.070000,2.0000,privileged-intermediate-target,0.280000,13,true
sparse-p0.50-d1-8-s4,4,sparse-bernoulli-0.50,13400896689310720169,8,960,0.070000,1.0000,privileged-intermediate-target,0.275000,13,true
sparse-p0.50-d1-8-s4,4,sparse-bernoulli-0.50,13400896689310720169,8,960,0.070000,hard,privileged-intermediate-target,0.272500,13,true
sparse-p0.50-d1-8-s4,4,sparse-bernoulli-0.50,13400896689310720169,8,960,0.070000,soft,shuffled-label,0.255000,13,true
sparse-p0.50-d1-8-s4,4,sparse-bernoulli-0.50,13400896689310720169,8,960,0.070000,2.0000,shuffled-label,0.255000,13,true
sparse-p0.50-d1-8-s4,4,sparse-bernoulli-0.50,13400896689310720169,8,960,0.070000,1.0000,shuffled-label,0.255000,13,true
sparse-p0.50-d1-8-s4,4,sparse-bernoulli-0.50,13400896689310720169,8,960,0.070000,hard,shuffled-label,0.255000,13,true
shallow-dense-d1-3-s4,4,dense,15453320347936062484,1,240,0.035000,soft,direct-terminal,0.882500,32,true
shallow-dense-d1-3-s4,4,dense,15453320347936062484,1,240,0.035000,2.0000,direct-terminal,0.882500,32,true
shallow-dense-d1-3-s4,4,dense,15453320347936062484,1,240,0.035000,1.0000,direct-terminal,0.882500,32,true
shallow-dense-d1-3-s4,4,dense,15453320347936062484,1,240,0.035000,hard,direct-terminal,0.882500,32,true
shallow-dense-d1-3-s4,4,dense,8371261729603450923,1,240,0.035000,soft,direct-terminal,0.870000,32,true
shallow-dense-d1-3-s4,4,dense,8371261729603450923,1,240,0.035000,2.0000,direct-terminal,0.870000,32,true
shallow-dense-d1-3-s4,4,dense,8371261729603450923,1,240,0.035000,1.0000,direct-terminal,0.870000,32,true
shallow-dense-d1-3-s4,4,dense,8371261729603450923,1,240,0.035000,hard,direct-terminal,0.870000,32,true
shallow-dense-d1-3-s4,4,dense,10584633876018000958,1,240,0.035000,soft,direct-terminal,0.880000,32,true
shallow-dense-d1-3-s4,4,dense,10584633876018000958,1,240,0.035000,2.0000,direct-terminal,0.880000,32,true
shallow-dense-d1-3-s4,4,dense,10584633876018000958,1,240,0.035000,1.0000,direct-terminal,0.880000,32,true
shallow-dense-d1-3-s4,4,dense,10584633876018000958,1,240,0.035000,hard,direct-terminal,0.880000,32,true
shallow-dense-d1-3-s4,4,dense,3503703373795356757,1,240,0.035000,soft,direct-terminal,1.000000,32,true
shallow-dense-d1-3-s4,4,dense,3503703373795356757,1,240,0.035000,2.0000,direct-terminal,1.000000,32,true
shallow-dense-d1-3-s4,4,dense,3503703373795356757,1,240,0.035000,1.0000,direct-terminal,1.000000,32,true
shallow-dense-d1-3-s4,4,dense,3503703373795356757,1,240,0.035000,hard,direct-terminal,1.000000,32,true
shallow-dense-d1-3-s4,4,dense,6869996990457277544,1,240,0.035000,soft,direct-terminal,0.867500,32,true
shallow-dense-d1-3-s4,4,dense,6869996990457277544,1,240,0.035000,2.0000,direct-terminal,0.867500,32,true
shallow-dense-d1-3-s4,4,dense,6869996990457277544,1,240,0.035000,1.0000,direct-terminal,0.867500,32,true
shallow-dense-d1-3-s4,4,dense,6869996990457277544,1,240,0.035000,hard,direct-terminal,0.867500,32,true
shallow-dense-d1-3-s4,4,dense,18234682480328173695,1,240,0.035000,soft,direct-terminal,0.720000,32,true
shallow-dense-d1-3-s4,4,dense,18234682480328173695,1,240,0.035000,2.0000,direct-terminal,0.720000,32,true
shallow-dense-d1-3-s4,4,dense,18234682480328173695,1,240,0.035000,1.0000,direct-terminal,0.720000,32,true
shallow-dense-d1-3-s4,4,dense,18234682480328173695,1,240,0.035000,hard,direct-terminal,0.720000,32,true
shallow-dense-d1-3-s4,4,dense,2001310518681822354,1,240,0.035000,soft,direct-terminal,0.890000,32,true
shallow-dense-d1-3-s4,4,dense,2001310518681822354,1,240,0.035000,2.0000,direct-terminal,0.890000,32,true
shallow-dense-d1-3-s4,4,dense,2001310518681822354,1,240,0.035000,1.0000,direct-terminal,0.890000,32,true
shallow-dense-d1-3-s4,4,dense,2001310518681822354,1,240,0.035000,hard,direct-terminal,0.890000,32,true
shallow-dense-d1-3-s4,4,dense,13400896689310720169,1,240,0.035000,soft,direct-terminal,1.000000,32,true
shallow-dense-d1-3-s4,4,dense,13400896689310720169,1,240,0.035000,2.0000,direct-terminal,1.000000,32,true
shallow-dense-d1-3-s4,4,dense,13400896689310720169,1,240,0.035000,1.0000,direct-terminal,1.000000,32,true
shallow-dense-d1-3-s4,4,dense,13400896689310720169,1,240,0.035000,hard,direct-terminal,1.000000,32,true
shallow-dense-d1-3-s4,4,dense,15453320347936062484,1,240,0.070000,soft,direct-terminal,1.000000,32,true
shallow-dense-d1-3-s4,4,dense,15453320347936062484,1,240,0.070000,2.0000,direct-terminal,1.000000,32,true
shallow-dense-d1-3-s4,4,dense,15453320347936062484,1,240,0.070000,1.0000,direct-terminal,1.000000,32,true
shallow-dense-d1-3-s4,4,dense,15453320347936062484,1,240,0.070000,hard,direct-terminal,1.000000,32,true
shallow-dense-d1-3-s4,4,dense,8371261729603450923,1,240,0.070000,soft,direct-terminal,1.000000,32,true
shallow-dense-d1-3-s4,4,dense,8371261729603450923,1,240,0.070000,2.0000,direct-terminal,1.000000,32,true
shallow-dense-d1-3-s4,4,dense,8371261729603450923,1,240,0.070000,1.0000,direct-terminal,1.000000,32,true
shallow-dense-d1-3-s4,4,dense,8371261729603450923,1,240,0.070000,hard,direct-terminal,1.000000,32,true
shallow-dense-d1-3-s4,4,dense,10584633876018000958,1,240,0.070000,soft,direct-terminal,1.000000,32,true
shallow-dense-d1-3-s4,4,dense,10584633876018000958,1,240,0.070000,2.0000,direct-terminal,1.000000,32,true
shallow-dense-d1-3-s4,4,dense,10584633876018000958,1,240,0.070000,1.0000,direct-terminal,1.000000,32,true
shallow-dense-d1-3-s4,4,dense,10584633876018000958,1,240,0.070000,hard,direct-terminal,1.000000,32,true
shallow-dense-d1-3-s4,4,dense,3503703373795356757,1,240,0.070000,soft,direct-terminal,1.000000,32,true
shallow-dense-d1-3-s4,4,dense,3503703373795356757,1,240,0.070000,2.0000,direct-terminal,1.000000,32,true
shallow-dense-d1-3-s4,4,dense,3503703373795356757,1,240,0.070000,1.0000,direct-terminal,1.000000,32,true
shallow-dense-d1-3-s4,4,dense,3503703373795356757,1,240,0.070000,hard,direct-terminal,1.000000,32,true
shallow-dense-d1-3-s4,4,dense,6869996990457277544,1,240,0.070000,soft,direct-terminal,1.000000,32,true
shallow-dense-d1-3-s4,4,dense,6869996990457277544,1,240,0.070000,2.0000,direct-terminal,1.000000,32,true
shallow-dense-d1-3-s4,4,dense,6869996990457277544,1,240,0.070000,1.0000,direct-terminal,1.000000,32,true
shallow-dense-d1-3-s4,4,dense,6869996990457277544,1,240,0.070000,hard,direct-terminal,1.000000,32,true
shallow-dense-d1-3-s4,4,dense,18234682480328173695,1,240,0.070000,soft,direct-terminal,1.000000,32,true
shallow-dense-d1-3-s4,4,dense,18234682480328173695,1,240,0.070000,2.0000,direct-terminal,1.000000,32,true
shallow-dense-d1-3-s4,4,dense,18234682480328173695,1,240,0.070000,1.0000,direct-terminal,1.000000,32,true
shallow-dense-d1-3-s4,4,dense,18234682480328173695,1,240,0.070000,hard,direct-terminal,1.000000,32,true
shallow-dense-d1-3-s4,4,dense,2001310518681822354,1,240,0.070000,soft,direct-terminal,1.000000,32,true
shallow-dense-d1-3-s4,4,dense,2001310518681822354,1,240,0.070000,2.0000,direct-terminal,1.000000,32,true
shallow-dense-d1-3-s4,4,dense,2001310518681822354,1,240,0.070000,1.0000,direct-terminal,1.000000,32,true
shallow-dense-d1-3-s4,4,dense,2001310518681822354,1,240,0.070000,hard,direct-terminal,1.000000,32,true
shallow-dense-d1-3-s4,4,dense,13400896689310720169,1,240,0.070000,soft,direct-terminal,1.000000,32,true
shallow-dense-d1-3-s4,4,dense,13400896689310720169,1,240,0.070000,2.0000,direct-terminal,1.000000,32,true
shallow-dense-d1-3-s4,4,dense,13400896689310720169,1,240,0.070000,1.0000,direct-terminal,1.000000,32,true
shallow-dense-d1-3-s4,4,dense,13400896689310720169,1,240,0.070000,hard,direct-terminal,1.000000,32,true
shallow-dense-d1-3-s4,4,dense,15453320347936062484,1,960,0.035000,soft,direct-terminal,1.000000,32,true
shallow-dense-d1-3-s4,4,dense,15453320347936062484,1,960,0.035000,2.0000,direct-terminal,1.000000,32,true
shallow-dense-d1-3-s4,4,dense,15453320347936062484,1,960,0.035000,1.0000,direct-terminal,1.000000,32,true
shallow-dense-d1-3-s4,4,dense,15453320347936062484,1,960,0.035000,hard,direct-terminal,1.000000,32,true
shallow-dense-d1-3-s4,4,dense,8371261729603450923,1,960,0.035000,soft,direct-terminal,1.000000,32,true
shallow-dense-d1-3-s4,4,dense,8371261729603450923,1,960,0.035000,2.0000,direct-terminal,1.000000,32,true
shallow-dense-d1-3-s4,4,dense,8371261729603450923,1,960,0.035000,1.0000,direct-terminal,1.000000,32,true
shallow-dense-d1-3-s4,4,dense,8371261729603450923,1,960,0.035000,hard,direct-terminal,1.000000,32,true
shallow-dense-d1-3-s4,4,dense,10584633876018000958,1,960,0.035000,soft,direct-terminal,1.000000,32,true
shallow-dense-d1-3-s4,4,dense,10584633876018000958,1,960,0.035000,2.0000,direct-terminal,1.000000,32,true
shallow-dense-d1-3-s4,4,dense,10584633876018000958,1,960,0.035000,1.0000,direct-terminal,1.000000,32,true
shallow-dense-d1-3-s4,4,dense,10584633876018000958,1,960,0.035000,hard,direct-terminal,1.000000,32,true
shallow-dense-d1-3-s4,4,dense,3503703373795356757,1,960,0.035000,soft,direct-terminal,1.000000,32,true
shallow-dense-d1-3-s4,4,dense,3503703373795356757,1,960,0.035000,2.0000,direct-terminal,1.000000,32,true
shallow-dense-d1-3-s4,4,dense,3503703373795356757,1,960,0.035000,1.0000,direct-terminal,1.000000,32,true
shallow-dense-d1-3-s4,4,dense,3503703373795356757,1,960,0.035000,hard,direct-terminal,1.000000,32,true
shallow-dense-d1-3-s4,4,dense,6869996990457277544,1,960,0.035000,soft,direct-terminal,1.000000,32,true
shallow-dense-d1-3-s4,4,dense,6869996990457277544,1,960,0.035000,2.0000,direct-terminal,1.000000,32,true
shallow-dense-d1-3-s4,4,dense,6869996990457277544,1,960,0.035000,1.0000,direct-terminal,1.000000,32,true
shallow-dense-d1-3-s4,4,dense,6869996990457277544,1,960,0.035000,hard,direct-terminal,1.000000,32,true
shallow-dense-d1-3-s4,4,dense,18234682480328173695,1,960,0.035000,soft,direct-terminal,1.000000,32,true
shallow-dense-d1-3-s4,4,dense,18234682480328173695,1,960,0.035000,2.0000,direct-terminal,1.000000,32,true
shallow-dense-d1-3-s4,4,dense,18234682480328173695,1,960,0.035000,1.0000,direct-terminal,1.000000,32,true
shallow-dense-d1-3-s4,4,dense,18234682480328173695,1,960,0.035000,hard,direct-terminal,1.000000,32,true
shallow-dense-d1-3-s4,4,dense,2001310518681822354,1,960,0.035000,soft,direct-terminal,1.000000,32,true
shallow-dense-d1-3-s4,4,dense,2001310518681822354,1,960,0.035000,2.0000,direct-terminal,1.000000,32,true
shallow-dense-d1-3-s4,4,dense,2001310518681822354,1,960,0.035000,1.0000,direct-terminal,1.000000,32,true
shallow-dense-d1-3-s4,4,dense,2001310518681822354,1,960,0.035000,hard,direct-terminal,1.000000,32,true
shallow-dense-d1-3-s4,4,dense,13400896689310720169,1,960,0.035000,soft,direct-terminal,1.000000,32,true
shallow-dense-d1-3-s4,4,dense,13400896689310720169,1,960,0.035000,2.0000,direct-terminal,1.000000,32,true
shallow-dense-d1-3-s4,4,dense,13400896689310720169,1,960,0.035000,1.0000,direct-terminal,1.000000,32,true
shallow-dense-d1-3-s4,4,dense,13400896689310720169,1,960,0.035000,hard,direct-terminal,1.000000,32,true
shallow-dense-d1-3-s4,4,dense,15453320347936062484,1,960,0.070000,soft,direct-terminal,1.000000,32,true
shallow-dense-d1-3-s4,4,dense,15453320347936062484,1,960,0.070000,2.0000,direct-terminal,1.000000,32,true
shallow-dense-d1-3-s4,4,dense,15453320347936062484,1,960,0.070000,1.0000,direct-terminal,1.000000,32,true
shallow-dense-d1-3-s4,4,dense,15453320347936062484,1,960,0.070000,hard,direct-terminal,1.000000,32,true
shallow-dense-d1-3-s4,4,dense,8371261729603450923,1,960,0.070000,soft,direct-terminal,1.000000,32,true
shallow-dense-d1-3-s4,4,dense,8371261729603450923,1,960,0.070000,2.0000,direct-terminal,1.000000,32,true
shallow-dense-d1-3-s4,4,dense,8371261729603450923,1,960,0.070000,1.0000,direct-terminal,1.000000,32,true
shallow-dense-d1-3-s4,4,dense,8371261729603450923,1,960,0.070000,hard,direct-terminal,1.000000,32,true
shallow-dense-d1-3-s4,4,dense,10584633876018000958,1,960,0.070000,soft,direct-terminal,1.000000,32,true
shallow-dense-d1-3-s4,4,dense,10584633876018000958,1,960,0.070000,2.0000,direct-terminal,1.000000,32,true
shallow-dense-d1-3-s4,4,dense,10584633876018000958,1,960,0.070000,1.0000,direct-terminal,1.000000,32,true
shallow-dense-d1-3-s4,4,dense,10584633876018000958,1,960,0.070000,hard,direct-terminal,1.000000,32,true
shallow-dense-d1-3-s4,4,dense,3503703373795356757,1,960,0.070000,soft,direct-terminal,1.000000,32,true
shallow-dense-d1-3-s4,4,dense,3503703373795356757,1,960,0.070000,2.0000,direct-terminal,1.000000,32,true
shallow-dense-d1-3-s4,4,dense,3503703373795356757,1,960,0.070000,1.0000,direct-terminal,1.000000,32,true
shallow-dense-d1-3-s4,4,dense,3503703373795356757,1,960,0.070000,hard,direct-terminal,1.000000,32,true
shallow-dense-d1-3-s4,4,dense,6869996990457277544,1,960,0.070000,soft,direct-terminal,1.000000,32,true
shallow-dense-d1-3-s4,4,dense,6869996990457277544,1,960,0.070000,2.0000,direct-terminal,1.000000,32,true
shallow-dense-d1-3-s4,4,dense,6869996990457277544,1,960,0.070000,1.0000,direct-terminal,1.000000,32,true
shallow-dense-d1-3-s4,4,dense,6869996990457277544,1,960,0.070000,hard,direct-terminal,1.000000,32,true
shallow-dense-d1-3-s4,4,dense,18234682480328173695,1,960,0.070000,soft,direct-terminal,1.000000,32,true
shallow-dense-d1-3-s4,4,dense,18234682480328173695,1,960,0.070000,2.0000,direct-terminal,1.000000,32,true
shallow-dense-d1-3-s4,4,dense,18234682480328173695,1,960,0.070000,1.0000,direct-terminal,1.000000,32,true
shallow-dense-d1-3-s4,4,dense,18234682480328173695,1,960,0.070000,hard,direct-terminal,1.000000,32,true
shallow-dense-d1-3-s4,4,dense,2001310518681822354,1,960,0.070000,soft,direct-terminal,1.000000,32,true
shallow-dense-d1-3-s4,4,dense,2001310518681822354,1,960,0.070000,2.0000,direct-terminal,1.000000,32,true
shallow-dense-d1-3-s4,4,dense,2001310518681822354,1,960,0.070000,1.0000,direct-terminal,1.000000,32,true
shallow-dense-d1-3-s4,4,dense,2001310518681822354,1,960,0.070000,hard,direct-terminal,1.000000,32,true
shallow-dense-d1-3-s4,4,dense,13400896689310720169,1,960,0.070000,soft,direct-terminal,1.000000,32,true
shallow-dense-d1-3-s4,4,dense,13400896689310720169,1,960,0.070000,2.0000,direct-terminal,1.000000,32,true
shallow-dense-d1-3-s4,4,dense,13400896689310720169,1,960,0.070000,1.0000,direct-terminal,1.000000,32,true
shallow-dense-d1-3-s4,4,dense,13400896689310720169,1,960,0.070000,hard,direct-terminal,1.000000,32,true
shallow-dense-d1-3-s4,4,dense,15453320347936062484,2,240,0.035000,soft,direct-terminal,0.660000,32,true
shallow-dense-d1-3-s4,4,dense,15453320347936062484,2,240,0.035000,2.0000,direct-terminal,0.610000,32,true
shallow-dense-d1-3-s4,4,dense,15453320347936062484,2,240,0.035000,1.0000,direct-terminal,0.610000,32,true
shallow-dense-d1-3-s4,4,dense,15453320347936062484,2,240,0.035000,hard,direct-terminal,0.585000,32,true
shallow-dense-d1-3-s4,4,dense,8371261729603450923,2,240,0.035000,soft,direct-terminal,0.647500,32,true
shallow-dense-d1-3-s4,4,dense,8371261729603450923,2,240,0.035000,2.0000,direct-terminal,0.647500,32,true
shallow-dense-d1-3-s4,4,dense,8371261729603450923,2,240,0.035000,1.0000,direct-terminal,0.647500,32,true
shallow-dense-d1-3-s4,4,dense,8371261729603450923,2,240,0.035000,hard,direct-terminal,0.572500,32,true
shallow-dense-d1-3-s4,4,dense,10584633876018000958,2,240,0.035000,soft,direct-terminal,0.710000,32,true
shallow-dense-d1-3-s4,4,dense,10584633876018000958,2,240,0.035000,2.0000,direct-terminal,0.637500,32,true
shallow-dense-d1-3-s4,4,dense,10584633876018000958,2,240,0.035000,1.0000,direct-terminal,0.710000,32,true
shallow-dense-d1-3-s4,4,dense,10584633876018000958,2,240,0.035000,hard,direct-terminal,0.522500,32,true
shallow-dense-d1-3-s4,4,dense,3503703373795356757,2,240,0.035000,soft,direct-terminal,0.685000,32,true
shallow-dense-d1-3-s4,4,dense,3503703373795356757,2,240,0.035000,2.0000,direct-terminal,0.640000,32,true
shallow-dense-d1-3-s4,4,dense,3503703373795356757,2,240,0.035000,1.0000,direct-terminal,0.640000,32,true
shallow-dense-d1-3-s4,4,dense,3503703373795356757,2,240,0.035000,hard,direct-terminal,0.580000,32,true
shallow-dense-d1-3-s4,4,dense,6869996990457277544,2,240,0.035000,soft,direct-terminal,0.602500,32,true
shallow-dense-d1-3-s4,4,dense,6869996990457277544,2,240,0.035000,2.0000,direct-terminal,0.685000,32,true
shallow-dense-d1-3-s4,4,dense,6869996990457277544,2,240,0.035000,1.0000,direct-terminal,0.685000,32,true
shallow-dense-d1-3-s4,4,dense,6869996990457277544,2,240,0.035000,hard,direct-terminal,0.685000,32,true
shallow-dense-d1-3-s4,4,dense,18234682480328173695,2,240,0.035000,soft,direct-terminal,0.660000,32,true
shallow-dense-d1-3-s4,4,dense,18234682480328173695,2,240,0.035000,2.0000,direct-terminal,0.665000,32,true
shallow-dense-d1-3-s4,4,dense,18234682480328173695,2,240,0.035000,1.0000,direct-terminal,0.515000,32,true
shallow-dense-d1-3-s4,4,dense,18234682480328173695,2,240,0.035000,hard,direct-terminal,0.532500,32,true
shallow-dense-d1-3-s4,4,dense,2001310518681822354,2,240,0.035000,soft,direct-terminal,0.645000,32,true
shallow-dense-d1-3-s4,4,dense,2001310518681822354,2,240,0.035000,2.0000,direct-terminal,0.662500,32,true
shallow-dense-d1-3-s4,4,dense,2001310518681822354,2,240,0.035000,1.0000,direct-terminal,0.592500,32,true
shallow-dense-d1-3-s4,4,dense,2001310518681822354,2,240,0.035000,hard,direct-terminal,0.522500,32,true
shallow-dense-d1-3-s4,4,dense,13400896689310720169,2,240,0.035000,soft,direct-terminal,0.500000,32,true
shallow-dense-d1-3-s4,4,dense,13400896689310720169,2,240,0.035000,2.0000,direct-terminal,0.652500,32,true
shallow-dense-d1-3-s4,4,dense,13400896689310720169,2,240,0.035000,1.0000,direct-terminal,0.515000,32,true
shallow-dense-d1-3-s4,4,dense,13400896689310720169,2,240,0.035000,hard,direct-terminal,0.480000,32,true
shallow-dense-d1-3-s4,4,dense,15453320347936062484,2,240,0.070000,soft,direct-terminal,0.597500,32,true
shallow-dense-d1-3-s4,4,dense,15453320347936062484,2,240,0.070000,2.0000,direct-terminal,0.615000,32,true
shallow-dense-d1-3-s4,4,dense,15453320347936062484,2,240,0.070000,1.0000,direct-terminal,0.540000,32,true
shallow-dense-d1-3-s4,4,dense,15453320347936062484,2,240,0.070000,hard,direct-terminal,0.470000,32,true
shallow-dense-d1-3-s4,4,dense,8371261729603450923,2,240,0.070000,soft,direct-terminal,0.695000,32,true
shallow-dense-d1-3-s4,4,dense,8371261729603450923,2,240,0.070000,2.0000,direct-terminal,0.662500,32,true
shallow-dense-d1-3-s4,4,dense,8371261729603450923,2,240,0.070000,1.0000,direct-terminal,0.612500,32,true
shallow-dense-d1-3-s4,4,dense,8371261729603450923,2,240,0.070000,hard,direct-terminal,0.547500,32,true
shallow-dense-d1-3-s4,4,dense,10584633876018000958,2,240,0.070000,soft,direct-terminal,0.577500,32,true
shallow-dense-d1-3-s4,4,dense,10584633876018000958,2,240,0.070000,2.0000,direct-terminal,0.637500,32,true
shallow-dense-d1-3-s4,4,dense,10584633876018000958,2,240,0.070000,1.0000,direct-terminal,0.615000,32,true
shallow-dense-d1-3-s4,4,dense,10584633876018000958,2,240,0.070000,hard,direct-terminal,0.545000,32,true
shallow-dense-d1-3-s4,4,dense,3503703373795356757,2,240,0.070000,soft,direct-terminal,0.887500,32,true
shallow-dense-d1-3-s4,4,dense,3503703373795356757,2,240,0.070000,2.0000,direct-terminal,0.775000,32,true
shallow-dense-d1-3-s4,4,dense,3503703373795356757,2,240,0.070000,1.0000,direct-terminal,0.775000,32,true
shallow-dense-d1-3-s4,4,dense,3503703373795356757,2,240,0.070000,hard,direct-terminal,0.580000,32,true
shallow-dense-d1-3-s4,4,dense,6869996990457277544,2,240,0.070000,soft,direct-terminal,0.667500,32,true
shallow-dense-d1-3-s4,4,dense,6869996990457277544,2,240,0.070000,2.0000,direct-terminal,0.667500,32,true
shallow-dense-d1-3-s4,4,dense,6869996990457277544,2,240,0.070000,1.0000,direct-terminal,0.612500,32,true
shallow-dense-d1-3-s4,4,dense,6869996990457277544,2,240,0.070000,hard,direct-terminal,0.612500,32,true
shallow-dense-d1-3-s4,4,dense,18234682480328173695,2,240,0.070000,soft,direct-terminal,0.690000,32,true
shallow-dense-d1-3-s4,4,dense,18234682480328173695,2,240,0.070000,2.0000,direct-terminal,0.622500,32,true
shallow-dense-d1-3-s4,4,dense,18234682480328173695,2,240,0.070000,1.0000,direct-terminal,0.622500,32,true
shallow-dense-d1-3-s4,4,dense,18234682480328173695,2,240,0.070000,hard,direct-terminal,0.485000,32,true
shallow-dense-d1-3-s4,4,dense,2001310518681822354,2,240,0.070000,soft,direct-terminal,0.645000,32,true
shallow-dense-d1-3-s4,4,dense,2001310518681822354,2,240,0.070000,2.0000,direct-terminal,0.662500,32,true
shallow-dense-d1-3-s4,4,dense,2001310518681822354,2,240,0.070000,1.0000,direct-terminal,0.592500,32,true
shallow-dense-d1-3-s4,4,dense,2001310518681822354,2,240,0.070000,hard,direct-terminal,0.592500,32,true
shallow-dense-d1-3-s4,4,dense,13400896689310720169,2,240,0.070000,soft,direct-terminal,0.580000,32,true
shallow-dense-d1-3-s4,4,dense,13400896689310720169,2,240,0.070000,2.0000,direct-terminal,0.517500,32,true
shallow-dense-d1-3-s4,4,dense,13400896689310720169,2,240,0.070000,1.0000,direct-terminal,0.580000,32,true
shallow-dense-d1-3-s4,4,dense,13400896689310720169,2,240,0.070000,hard,direct-terminal,0.560000,32,true
shallow-dense-d1-3-s4,4,dense,15453320347936062484,2,960,0.035000,soft,direct-terminal,1.000000,32,true
shallow-dense-d1-3-s4,4,dense,15453320347936062484,2,960,0.035000,2.0000,direct-terminal,1.000000,32,true
shallow-dense-d1-3-s4,4,dense,15453320347936062484,2,960,0.035000,1.0000,direct-terminal,1.000000,32,true
shallow-dense-d1-3-s4,4,dense,15453320347936062484,2,960,0.035000,hard,direct-terminal,0.607500,32,true
shallow-dense-d1-3-s4,4,dense,8371261729603450923,2,960,0.035000,soft,direct-terminal,1.000000,32,true
shallow-dense-d1-3-s4,4,dense,8371261729603450923,2,960,0.035000,2.0000,direct-terminal,1.000000,32,true
shallow-dense-d1-3-s4,4,dense,8371261729603450923,2,960,0.035000,1.0000,direct-terminal,1.000000,32,true
shallow-dense-d1-3-s4,4,dense,8371261729603450923,2,960,0.035000,hard,direct-terminal,0.530000,32,true
shallow-dense-d1-3-s4,4,dense,10584633876018000958,2,960,0.035000,soft,direct-terminal,1.000000,32,true
shallow-dense-d1-3-s4,4,dense,10584633876018000958,2,960,0.035000,2.0000,direct-terminal,0.937500,32,true
shallow-dense-d1-3-s4,4,dense,10584633876018000958,2,960,0.035000,1.0000,direct-terminal,0.937500,32,true
shallow-dense-d1-3-s4,4,dense,10584633876018000958,2,960,0.035000,hard,direct-terminal,0.580000,32,true
shallow-dense-d1-3-s4,4,dense,3503703373795356757,2,960,0.035000,soft,direct-terminal,1.000000,32,true
shallow-dense-d1-3-s4,4,dense,3503703373795356757,2,960,0.035000,2.0000,direct-terminal,1.000000,32,true
shallow-dense-d1-3-s4,4,dense,3503703373795356757,2,960,0.035000,1.0000,direct-terminal,1.000000,32,true
shallow-dense-d1-3-s4,4,dense,3503703373795356757,2,960,0.035000,hard,direct-terminal,0.557500,32,true
shallow-dense-d1-3-s4,4,dense,6869996990457277544,2,960,0.035000,soft,direct-terminal,1.000000,32,true
shallow-dense-d1-3-s4,4,dense,6869996990457277544,2,960,0.035000,2.0000,direct-terminal,1.000000,32,true
shallow-dense-d1-3-s4,4,dense,6869996990457277544,2,960,0.035000,1.0000,direct-terminal,1.000000,32,true
shallow-dense-d1-3-s4,4,dense,6869996990457277544,2,960,0.035000,hard,direct-terminal,0.612500,32,true
shallow-dense-d1-3-s4,4,dense,18234682480328173695,2,960,0.035000,soft,direct-terminal,1.000000,32,true
shallow-dense-d1-3-s4,4,dense,18234682480328173695,2,960,0.035000,2.0000,direct-terminal,0.737500,32,true
shallow-dense-d1-3-s4,4,dense,18234682480328173695,2,960,0.035000,1.0000,direct-terminal,0.797500,32,true
shallow-dense-d1-3-s4,4,dense,18234682480328173695,2,960,0.035000,hard,direct-terminal,0.605000,32,true
shallow-dense-d1-3-s4,4,dense,2001310518681822354,2,960,0.035000,soft,direct-terminal,0.847500,32,true
shallow-dense-d1-3-s4,4,dense,2001310518681822354,2,960,0.035000,2.0000,direct-terminal,0.662500,32,true
shallow-dense-d1-3-s4,4,dense,2001310518681822354,2,960,0.035000,1.0000,direct-terminal,0.662500,32,true
shallow-dense-d1-3-s4,4,dense,2001310518681822354,2,960,0.035000,hard,direct-terminal,0.592500,32,true
shallow-dense-d1-3-s4,4,dense,13400896689310720169,2,960,0.035000,soft,direct-terminal,1.000000,32,true
shallow-dense-d1-3-s4,4,dense,13400896689310720169,2,960,0.035000,2.0000,direct-terminal,1.000000,32,true
shallow-dense-d1-3-s4,4,dense,13400896689310720169,2,960,0.035000,1.0000,direct-terminal,1.000000,32,true
shallow-dense-d1-3-s4,4,dense,13400896689310720169,2,960,0.035000,hard,direct-terminal,0.637500,32,true
shallow-dense-d1-3-s4,4,dense,15453320347936062484,2,960,0.070000,soft,direct-terminal,1.000000,32,true
shallow-dense-d1-3-s4,4,dense,15453320347936062484,2,960,0.070000,2.0000,direct-terminal,1.000000,32,true
shallow-dense-d1-3-s4,4,dense,15453320347936062484,2,960,0.070000,1.0000,direct-terminal,1.000000,32,true
shallow-dense-d1-3-s4,4,dense,15453320347936062484,2,960,0.070000,hard,direct-terminal,0.550000,32,true
shallow-dense-d1-3-s4,4,dense,8371261729603450923,2,960,0.070000,soft,direct-terminal,1.000000,32,true
shallow-dense-d1-3-s4,4,dense,8371261729603450923,2,960,0.070000,2.0000,direct-terminal,1.000000,32,true
shallow-dense-d1-3-s4,4,dense,8371261729603450923,2,960,0.070000,1.0000,direct-terminal,1.000000,32,true
shallow-dense-d1-3-s4,4,dense,8371261729603450923,2,960,0.070000,hard,direct-terminal,0.572500,32,true
shallow-dense-d1-3-s4,4,dense,10584633876018000958,2,960,0.070000,soft,direct-terminal,1.000000,32,true
shallow-dense-d1-3-s4,4,dense,10584633876018000958,2,960,0.070000,2.0000,direct-terminal,1.000000,32,true
shallow-dense-d1-3-s4,4,dense,10584633876018000958,2,960,0.070000,1.0000,direct-terminal,1.000000,32,true
shallow-dense-d1-3-s4,4,dense,10584633876018000958,2,960,0.070000,hard,direct-terminal,0.672500,32,true
shallow-dense-d1-3-s4,4,dense,3503703373795356757,2,960,0.070000,soft,direct-terminal,1.000000,32,true
shallow-dense-d1-3-s4,4,dense,3503703373795356757,2,960,0.070000,2.0000,direct-terminal,1.000000,32,true
shallow-dense-d1-3-s4,4,dense,3503703373795356757,2,960,0.070000,1.0000,direct-terminal,1.000000,32,true
shallow-dense-d1-3-s4,4,dense,3503703373795356757,2,960,0.070000,hard,direct-terminal,0.557500,32,true
shallow-dense-d1-3-s4,4,dense,6869996990457277544,2,960,0.070000,soft,direct-terminal,1.000000,32,true
shallow-dense-d1-3-s4,4,dense,6869996990457277544,2,960,0.070000,2.0000,direct-terminal,1.000000,32,true
shallow-dense-d1-3-s4,4,dense,6869996990457277544,2,960,0.070000,1.0000,direct-terminal,1.000000,32,true
shallow-dense-d1-3-s4,4,dense,6869996990457277544,2,960,0.070000,hard,direct-terminal,0.612500,32,true
shallow-dense-d1-3-s4,4,dense,18234682480328173695,2,960,0.070000,soft,direct-terminal,1.000000,32,true
shallow-dense-d1-3-s4,4,dense,18234682480328173695,2,960,0.070000,2.0000,direct-terminal,0.932500,32,true
shallow-dense-d1-3-s4,4,dense,18234682480328173695,2,960,0.070000,1.0000,direct-terminal,0.932500,32,true
shallow-dense-d1-3-s4,4,dense,18234682480328173695,2,960,0.070000,hard,direct-terminal,0.605000,32,true
shallow-dense-d1-3-s4,4,dense,2001310518681822354,2,960,0.070000,soft,direct-terminal,1.000000,32,true
shallow-dense-d1-3-s4,4,dense,2001310518681822354,2,960,0.070000,2.0000,direct-terminal,0.472500,32,true
shallow-dense-d1-3-s4,4,dense,2001310518681822354,2,960,0.070000,1.0000,direct-terminal,0.595000,32,true
shallow-dense-d1-3-s4,4,dense,2001310518681822354,2,960,0.070000,hard,direct-terminal,0.592500,32,true
shallow-dense-d1-3-s4,4,dense,13400896689310720169,2,960,0.070000,soft,direct-terminal,1.000000,32,true
shallow-dense-d1-3-s4,4,dense,13400896689310720169,2,960,0.070000,2.0000,direct-terminal,1.000000,32,true
shallow-dense-d1-3-s4,4,dense,13400896689310720169,2,960,0.070000,1.0000,direct-terminal,1.000000,32,true
shallow-dense-d1-3-s4,4,dense,13400896689310720169,2,960,0.070000,hard,direct-terminal,0.637500,32,true
shallow-dense-d1-3-s4,4,dense,15453320347936062484,3,240,0.035000,soft,direct-terminal,0.315000,32,true
shallow-dense-d1-3-s4,4,dense,15453320347936062484,3,240,0.035000,2.0000,direct-terminal,0.235000,32,true
shallow-dense-d1-3-s4,4,dense,15453320347936062484,3,240,0.035000,1.0000,direct-terminal,0.235000,32,true
shallow-dense-d1-3-s4,4,dense,15453320347936062484,3,240,0.035000,hard,direct-terminal,0.000000,32,true
shallow-dense-d1-3-s4,4,dense,8371261729603450923,3,240,0.035000,soft,direct-terminal,0.367500,32,true
shallow-dense-d1-3-s4,4,dense,8371261729603450923,3,240,0.035000,2.0000,direct-terminal,0.302500,32,true
shallow-dense-d1-3-s4,4,dense,8371261729603450923,3,240,0.035000,1.0000,direct-terminal,0.335000,32,true
shallow-dense-d1-3-s4,4,dense,8371261729603450923,3,240,0.035000,hard,direct-terminal,0.000000,32,true
shallow-dense-d1-3-s4,4,dense,10584633876018000958,3,240,0.035000,soft,direct-terminal,0.347500,32,true
shallow-dense-d1-3-s4,4,dense,10584633876018000958,3,240,0.035000,2.0000,direct-terminal,0.270000,32,true
shallow-dense-d1-3-s4,4,dense,10584633876018000958,3,240,0.035000,1.0000,direct-terminal,0.307500,32,true
shallow-dense-d1-3-s4,4,dense,10584633876018000958,3,240,0.035000,hard,direct-terminal,0.000000,32,true
shallow-dense-d1-3-s4,4,dense,3503703373795356757,3,240,0.035000,soft,direct-terminal,0.360000,32,true
shallow-dense-d1-3-s4,4,dense,3503703373795356757,3,240,0.035000,2.0000,direct-terminal,0.272500,32,true
shallow-dense-d1-3-s4,4,dense,3503703373795356757,3,240,0.035000,1.0000,direct-terminal,0.272500,32,true
shallow-dense-d1-3-s4,4,dense,3503703373795356757,3,240,0.035000,hard,direct-terminal,0.000000,32,true
shallow-dense-d1-3-s4,4,dense,6869996990457277544,3,240,0.035000,soft,direct-terminal,0.500000,32,true
shallow-dense-d1-3-s4,4,dense,6869996990457277544,3,240,0.035000,2.0000,direct-terminal,0.297500,32,true
shallow-dense-d1-3-s4,4,dense,6869996990457277544,3,240,0.035000,1.0000,direct-terminal,0.340000,32,true
shallow-dense-d1-3-s4,4,dense,6869996990457277544,3,240,0.035000,hard,direct-terminal,0.000000,32,true
shallow-dense-d1-3-s4,4,dense,18234682480328173695,3,240,0.035000,soft,direct-terminal,0.342500,32,true
shallow-dense-d1-3-s4,4,dense,18234682480328173695,3,240,0.035000,2.0000,direct-terminal,0.245000,32,true
shallow-dense-d1-3-s4,4,dense,18234682480328173695,3,240,0.035000,1.0000,direct-terminal,0.272500,32,true
shallow-dense-d1-3-s4,4,dense,18234682480328173695,3,240,0.035000,hard,direct-terminal,0.115000,32,true
shallow-dense-d1-3-s4,4,dense,2001310518681822354,3,240,0.035000,soft,direct-terminal,0.372500,32,true
shallow-dense-d1-3-s4,4,dense,2001310518681822354,3,240,0.035000,2.0000,direct-terminal,0.277500,32,true
shallow-dense-d1-3-s4,4,dense,2001310518681822354,3,240,0.035000,1.0000,direct-terminal,0.342500,32,true
shallow-dense-d1-3-s4,4,dense,2001310518681822354,3,240,0.035000,hard,direct-terminal,0.160000,32,true
shallow-dense-d1-3-s4,4,dense,13400896689310720169,3,240,0.035000,soft,direct-terminal,0.397500,32,true
shallow-dense-d1-3-s4,4,dense,13400896689310720169,3,240,0.035000,2.0000,direct-terminal,0.260000,32,true
shallow-dense-d1-3-s4,4,dense,13400896689310720169,3,240,0.035000,1.0000,direct-terminal,0.425000,32,true
shallow-dense-d1-3-s4,4,dense,13400896689310720169,3,240,0.035000,hard,direct-terminal,0.000000,32,true
shallow-dense-d1-3-s4,4,dense,15453320347936062484,3,240,0.070000,soft,direct-terminal,0.592500,32,true
shallow-dense-d1-3-s4,4,dense,15453320347936062484,3,240,0.070000,2.0000,direct-terminal,0.237500,32,true
shallow-dense-d1-3-s4,4,dense,15453320347936062484,3,240,0.070000,1.0000,direct-terminal,0.237500,32,true
shallow-dense-d1-3-s4,4,dense,15453320347936062484,3,240,0.070000,hard,direct-terminal,0.130000,32,true
shallow-dense-d1-3-s4,4,dense,8371261729603450923,3,240,0.070000,soft,direct-terminal,0.575000,32,true
shallow-dense-d1-3-s4,4,dense,8371261729603450923,3,240,0.070000,2.0000,direct-terminal,0.275000,32,true
shallow-dense-d1-3-s4,4,dense,8371261729603450923,3,240,0.070000,1.0000,direct-terminal,0.372500,32,true
shallow-dense-d1-3-s4,4,dense,8371261729603450923,3,240,0.070000,hard,direct-terminal,0.165000,32,true
shallow-dense-d1-3-s4,4,dense,10584633876018000958,3,240,0.070000,soft,direct-terminal,0.572500,32,true
shallow-dense-d1-3-s4,4,dense,10584633876018000958,3,240,0.070000,2.0000,direct-terminal,0.307500,32,true
shallow-dense-d1-3-s4,4,dense,10584633876018000958,3,240,0.070000,1.0000,direct-terminal,0.302500,32,true
shallow-dense-d1-3-s4,4,dense,10584633876018000958,3,240,0.070000,hard,direct-terminal,0.262500,32,true
shallow-dense-d1-3-s4,4,dense,3503703373795356757,3,240,0.070000,soft,direct-terminal,0.572500,32,true
shallow-dense-d1-3-s4,4,dense,3503703373795356757,3,240,0.070000,2.0000,direct-terminal,0.265000,32,true
shallow-dense-d1-3-s4,4,dense,3503703373795356757,3,240,0.070000,1.0000,direct-terminal,0.320000,32,true
shallow-dense-d1-3-s4,4,dense,3503703373795356757,3,240,0.070000,hard,direct-terminal,0.000000,32,true
shallow-dense-d1-3-s4,4,dense,6869996990457277544,3,240,0.070000,soft,direct-terminal,0.592500,32,true
shallow-dense-d1-3-s4,4,dense,6869996990457277544,3,240,0.070000,2.0000,direct-terminal,0.297500,32,true
shallow-dense-d1-3-s4,4,dense,6869996990457277544,3,240,0.070000,1.0000,direct-terminal,0.337500,32,true
shallow-dense-d1-3-s4,4,dense,6869996990457277544,3,240,0.070000,hard,direct-terminal,0.232500,32,true
shallow-dense-d1-3-s4,4,dense,18234682480328173695,3,240,0.070000,soft,direct-terminal,0.535000,32,true
shallow-dense-d1-3-s4,4,dense,18234682480328173695,3,240,0.070000,2.0000,direct-terminal,0.322500,32,true
shallow-dense-d1-3-s4,4,dense,18234682480328173695,3,240,0.070000,1.0000,direct-terminal,0.350000,32,true
shallow-dense-d1-3-s4,4,dense,18234682480328173695,3,240,0.070000,hard,direct-terminal,0.217500,32,true
shallow-dense-d1-3-s4,4,dense,2001310518681822354,3,240,0.070000,soft,direct-terminal,0.650000,32,true
shallow-dense-d1-3-s4,4,dense,2001310518681822354,3,240,0.070000,2.0000,direct-terminal,0.320000,32,true
shallow-dense-d1-3-s4,4,dense,2001310518681822354,3,240,0.070000,1.0000,direct-terminal,0.345000,32,true
shallow-dense-d1-3-s4,4,dense,2001310518681822354,3,240,0.070000,hard,direct-terminal,0.220000,32,true
shallow-dense-d1-3-s4,4,dense,13400896689310720169,3,240,0.070000,soft,direct-terminal,0.552500,32,true
shallow-dense-d1-3-s4,4,dense,13400896689310720169,3,240,0.070000,2.0000,direct-terminal,0.332500,32,true
shallow-dense-d1-3-s4,4,dense,13400896689310720169,3,240,0.070000,1.0000,direct-terminal,0.415000,32,true
shallow-dense-d1-3-s4,4,dense,13400896689310720169,3,240,0.070000,hard,direct-terminal,0.192500,32,true
shallow-dense-d1-3-s4,4,dense,15453320347936062484,3,960,0.035000,soft,direct-terminal,0.707500,32,true
shallow-dense-d1-3-s4,4,dense,15453320347936062484,3,960,0.035000,2.0000,direct-terminal,0.267500,32,true
shallow-dense-d1-3-s4,4,dense,15453320347936062484,3,960,0.035000,1.0000,direct-terminal,0.267500,32,true
shallow-dense-d1-3-s4,4,dense,15453320347936062484,3,960,0.035000,hard,direct-terminal,0.205000,32,true
shallow-dense-d1-3-s4,4,dense,8371261729603450923,3,960,0.035000,soft,direct-terminal,0.740000,32,true
shallow-dense-d1-3-s4,4,dense,8371261729603450923,3,960,0.035000,2.0000,direct-terminal,0.257500,32,true
shallow-dense-d1-3-s4,4,dense,8371261729603450923,3,960,0.035000,1.0000,direct-terminal,0.287500,32,true
shallow-dense-d1-3-s4,4,dense,8371261729603450923,3,960,0.035000,hard,direct-terminal,0.285000,32,true
shallow-dense-d1-3-s4,4,dense,10584633876018000958,3,960,0.035000,soft,direct-terminal,0.712500,32,true
shallow-dense-d1-3-s4,4,dense,10584633876018000958,3,960,0.035000,2.0000,direct-terminal,0.255000,32,true
shallow-dense-d1-3-s4,4,dense,10584633876018000958,3,960,0.035000,1.0000,direct-terminal,0.417500,32,true
shallow-dense-d1-3-s4,4,dense,10584633876018000958,3,960,0.035000,hard,direct-terminal,0.150000,32,true
shallow-dense-d1-3-s4,4,dense,3503703373795356757,3,960,0.035000,soft,direct-terminal,0.625000,32,true
shallow-dense-d1-3-s4,4,dense,3503703373795356757,3,960,0.035000,2.0000,direct-terminal,0.282500,32,true
shallow-dense-d1-3-s4,4,dense,3503703373795356757,3,960,0.035000,1.0000,direct-terminal,0.342500,32,true
shallow-dense-d1-3-s4,4,dense,3503703373795356757,3,960,0.035000,hard,direct-terminal,0.135000,32,true
shallow-dense-d1-3-s4,4,dense,6869996990457277544,3,960,0.035000,soft,direct-terminal,0.700000,32,true
shallow-dense-d1-3-s4,4,dense,6869996990457277544,3,960,0.035000,2.0000,direct-terminal,0.297500,32,true
shallow-dense-d1-3-s4,4,dense,6869996990457277544,3,960,0.035000,1.0000,direct-terminal,0.340000,32,true
shallow-dense-d1-3-s4,4,dense,6869996990457277544,3,960,0.035000,hard,direct-terminal,0.260000,32,true
shallow-dense-d1-3-s4,4,dense,18234682480328173695,3,960,0.035000,soft,direct-terminal,0.612500,32,true
shallow-dense-d1-3-s4,4,dense,18234682480328173695,3,960,0.035000,2.0000,direct-terminal,0.275000,32,true
shallow-dense-d1-3-s4,4,dense,18234682480328173695,3,960,0.035000,1.0000,direct-terminal,0.332500,32,true
shallow-dense-d1-3-s4,4,dense,18234682480328173695,3,960,0.035000,hard,direct-terminal,0.115000,32,true
shallow-dense-d1-3-s4,4,dense,2001310518681822354,3,960,0.035000,soft,direct-terminal,1.000000,32,true
shallow-dense-d1-3-s4,4,dense,2001310518681822354,3,960,0.035000,2.0000,direct-terminal,0.405000,32,true
shallow-dense-d1-3-s4,4,dense,2001310518681822354,3,960,0.035000,1.0000,direct-terminal,0.447500,32,true
shallow-dense-d1-3-s4,4,dense,2001310518681822354,3,960,0.035000,hard,direct-terminal,0.500000,32,true
shallow-dense-d1-3-s4,4,dense,13400896689310720169,3,960,0.035000,soft,direct-terminal,0.640000,32,true
shallow-dense-d1-3-s4,4,dense,13400896689310720169,3,960,0.035000,2.0000,direct-terminal,0.367500,32,true
shallow-dense-d1-3-s4,4,dense,13400896689310720169,3,960,0.035000,1.0000,direct-terminal,0.432500,32,true
shallow-dense-d1-3-s4,4,dense,13400896689310720169,3,960,0.035000,hard,direct-terminal,0.160000,32,true
shallow-dense-d1-3-s4,4,dense,15453320347936062484,3,960,0.070000,soft,direct-terminal,0.742500,32,true
shallow-dense-d1-3-s4,4,dense,15453320347936062484,3,960,0.070000,2.0000,direct-terminal,0.267500,32,true
shallow-dense-d1-3-s4,4,dense,15453320347936062484,3,960,0.070000,1.0000,direct-terminal,0.267500,32,true
shallow-dense-d1-3-s4,4,dense,15453320347936062484,3,960,0.070000,hard,direct-terminal,0.215000,32,true
shallow-dense-d1-3-s4,4,dense,8371261729603450923,3,960,0.070000,soft,direct-terminal,1.000000,32,true
shallow-dense-d1-3-s4,4,dense,8371261729603450923,3,960,0.070000,2.0000,direct-terminal,0.257500,32,true
shallow-dense-d1-3-s4,4,dense,8371261729603450923,3,960,0.070000,1.0000,direct-terminal,0.287500,32,true
shallow-dense-d1-3-s4,4,dense,8371261729603450923,3,960,0.070000,hard,direct-terminal,0.532500,32,true
shallow-dense-d1-3-s4,4,dense,10584633876018000958,3,960,0.070000,soft,direct-terminal,1.000000,32,true
shallow-dense-d1-3-s4,4,dense,10584633876018000958,3,960,0.070000,2.0000,direct-terminal,0.270000,32,true
shallow-dense-d1-3-s4,4,dense,10584633876018000958,3,960,0.070000,1.0000,direct-terminal,0.327500,32,true
shallow-dense-d1-3-s4,4,dense,10584633876018000958,3,960,0.070000,hard,direct-terminal,0.327500,32,true
shallow-dense-d1-3-s4,4,dense,3503703373795356757,3,960,0.070000,soft,direct-terminal,1.000000,32,true
shallow-dense-d1-3-s4,4,dense,3503703373795356757,3,960,0.070000,2.0000,direct-terminal,0.300000,32,true
shallow-dense-d1-3-s4,4,dense,3503703373795356757,3,960,0.070000,1.0000,direct-terminal,0.397500,32,true
shallow-dense-d1-3-s4,4,dense,3503703373795356757,3,960,0.070000,hard,direct-terminal,0.532500,32,true
shallow-dense-d1-3-s4,4,dense,6869996990457277544,3,960,0.070000,soft,direct-terminal,0.882500,32,true
shallow-dense-d1-3-s4,4,dense,6869996990457277544,3,960,0.070000,2.0000,direct-terminal,0.260000,32,true
shallow-dense-d1-3-s4,4,dense,6869996990457277544,3,960,0.070000,1.0000,direct-terminal,0.260000,32,true
shallow-dense-d1-3-s4,4,dense,6869996990457277544,3,960,0.070000,hard,direct-terminal,0.297500,32,true
shallow-dense-d1-3-s4,4,dense,18234682480328173695,3,960,0.070000,soft,direct-terminal,0.742500,32,true
shallow-dense-d1-3-s4,4,dense,18234682480328173695,3,960,0.070000,2.0000,direct-terminal,0.232500,32,true
shallow-dense-d1-3-s4,4,dense,18234682480328173695,3,960,0.070000,1.0000,direct-terminal,0.232500,32,true
shallow-dense-d1-3-s4,4,dense,18234682480328173695,3,960,0.070000,hard,direct-terminal,0.240000,32,true
shallow-dense-d1-3-s4,4,dense,2001310518681822354,3,960,0.070000,soft,direct-terminal,1.000000,32,true
shallow-dense-d1-3-s4,4,dense,2001310518681822354,3,960,0.070000,2.0000,direct-terminal,0.405000,32,true
shallow-dense-d1-3-s4,4,dense,2001310518681822354,3,960,0.070000,1.0000,direct-terminal,0.502500,32,true
shallow-dense-d1-3-s4,4,dense,2001310518681822354,3,960,0.070000,hard,direct-terminal,0.500000,32,true
shallow-dense-d1-3-s4,4,dense,13400896689310720169,3,960,0.070000,soft,direct-terminal,0.722500,32,true
shallow-dense-d1-3-s4,4,dense,13400896689310720169,3,960,0.070000,2.0000,direct-terminal,0.290000,32,true
shallow-dense-d1-3-s4,4,dense,13400896689310720169,3,960,0.070000,1.0000,direct-terminal,0.400000,32,true
shallow-dense-d1-3-s4,4,dense,13400896689310720169,3,960,0.070000,hard,direct-terminal,0.160000,32,true
shallow-dense-d1-3-s4,4,dense,15453320347936062484,1,960,0.035000,soft,privileged-intermediate-target,1.000000,32,true
shallow-dense-d1-3-s4,4,dense,15453320347936062484,1,960,0.035000,2.0000,privileged-intermediate-target,1.000000,32,true
shallow-dense-d1-3-s4,4,dense,15453320347936062484,1,960,0.035000,1.0000,privileged-intermediate-target,1.000000,32,true
shallow-dense-d1-3-s4,4,dense,15453320347936062484,1,960,0.035000,hard,privileged-intermediate-target,1.000000,32,true
shallow-dense-d1-3-s4,4,dense,15453320347936062484,1,960,0.035000,soft,shuffled-label,0.000000,32,true
shallow-dense-d1-3-s4,4,dense,15453320347936062484,1,960,0.035000,2.0000,shuffled-label,0.000000,32,true
shallow-dense-d1-3-s4,4,dense,15453320347936062484,1,960,0.035000,1.0000,shuffled-label,0.000000,32,true
shallow-dense-d1-3-s4,4,dense,15453320347936062484,1,960,0.035000,hard,shuffled-label,0.000000,32,true
shallow-dense-d1-3-s4,4,dense,8371261729603450923,1,960,0.035000,soft,privileged-intermediate-target,1.000000,32,true
shallow-dense-d1-3-s4,4,dense,8371261729603450923,1,960,0.035000,2.0000,privileged-intermediate-target,1.000000,32,true
shallow-dense-d1-3-s4,4,dense,8371261729603450923,1,960,0.035000,1.0000,privileged-intermediate-target,1.000000,32,true
shallow-dense-d1-3-s4,4,dense,8371261729603450923,1,960,0.035000,hard,privileged-intermediate-target,1.000000,32,true
shallow-dense-d1-3-s4,4,dense,8371261729603450923,1,960,0.035000,soft,shuffled-label,0.000000,32,true
shallow-dense-d1-3-s4,4,dense,8371261729603450923,1,960,0.035000,2.0000,shuffled-label,0.000000,32,true
shallow-dense-d1-3-s4,4,dense,8371261729603450923,1,960,0.035000,1.0000,shuffled-label,0.000000,32,true
shallow-dense-d1-3-s4,4,dense,8371261729603450923,1,960,0.035000,hard,shuffled-label,0.000000,32,true
shallow-dense-d1-3-s4,4,dense,10584633876018000958,1,960,0.035000,soft,privileged-intermediate-target,1.000000,32,true
shallow-dense-d1-3-s4,4,dense,10584633876018000958,1,960,0.035000,2.0000,privileged-intermediate-target,1.000000,32,true
shallow-dense-d1-3-s4,4,dense,10584633876018000958,1,960,0.035000,1.0000,privileged-intermediate-target,1.000000,32,true
shallow-dense-d1-3-s4,4,dense,10584633876018000958,1,960,0.035000,hard,privileged-intermediate-target,1.000000,32,true
shallow-dense-d1-3-s4,4,dense,10584633876018000958,1,960,0.035000,soft,shuffled-label,0.000000,32,true
shallow-dense-d1-3-s4,4,dense,10584633876018000958,1,960,0.035000,2.0000,shuffled-label,0.000000,32,true
shallow-dense-d1-3-s4,4,dense,10584633876018000958,1,960,0.035000,1.0000,shuffled-label,0.000000,32,true
shallow-dense-d1-3-s4,4,dense,10584633876018000958,1,960,0.035000,hard,shuffled-label,0.000000,32,true
shallow-dense-d1-3-s4,4,dense,3503703373795356757,1,960,0.035000,soft,privileged-intermediate-target,1.000000,32,true
shallow-dense-d1-3-s4,4,dense,3503703373795356757,1,960,0.035000,2.0000,privileged-intermediate-target,1.000000,32,true
shallow-dense-d1-3-s4,4,dense,3503703373795356757,1,960,0.035000,1.0000,privileged-intermediate-target,1.000000,32,true
shallow-dense-d1-3-s4,4,dense,3503703373795356757,1,960,0.035000,hard,privileged-intermediate-target,1.000000,32,true
shallow-dense-d1-3-s4,4,dense,3503703373795356757,1,960,0.035000,soft,shuffled-label,0.000000,32,true
shallow-dense-d1-3-s4,4,dense,3503703373795356757,1,960,0.035000,2.0000,shuffled-label,0.000000,32,true
shallow-dense-d1-3-s4,4,dense,3503703373795356757,1,960,0.035000,1.0000,shuffled-label,0.000000,32,true
shallow-dense-d1-3-s4,4,dense,3503703373795356757,1,960,0.035000,hard,shuffled-label,0.000000,32,true
shallow-dense-d1-3-s4,4,dense,6869996990457277544,1,960,0.035000,soft,privileged-intermediate-target,1.000000,32,true
shallow-dense-d1-3-s4,4,dense,6869996990457277544,1,960,0.035000,2.0000,privileged-intermediate-target,1.000000,32,true
shallow-dense-d1-3-s4,4,dense,6869996990457277544,1,960,0.035000,1.0000,privileged-intermediate-target,1.000000,32,true
shallow-dense-d1-3-s4,4,dense,6869996990457277544,1,960,0.035000,hard,privileged-intermediate-target,1.000000,32,true
shallow-dense-d1-3-s4,4,dense,6869996990457277544,1,960,0.035000,soft,shuffled-label,0.000000,32,true
shallow-dense-d1-3-s4,4,dense,6869996990457277544,1,960,0.035000,2.0000,shuffled-label,0.000000,32,true
shallow-dense-d1-3-s4,4,dense,6869996990457277544,1,960,0.035000,1.0000,shuffled-label,0.000000,32,true
shallow-dense-d1-3-s4,4,dense,6869996990457277544,1,960,0.035000,hard,shuffled-label,0.000000,32,true
shallow-dense-d1-3-s4,4,dense,18234682480328173695,1,960,0.035000,soft,privileged-intermediate-target,1.000000,32,true
shallow-dense-d1-3-s4,4,dense,18234682480328173695,1,960,0.035000,2.0000,privileged-intermediate-target,1.000000,32,true
shallow-dense-d1-3-s4,4,dense,18234682480328173695,1,960,0.035000,1.0000,privileged-intermediate-target,1.000000,32,true
shallow-dense-d1-3-s4,4,dense,18234682480328173695,1,960,0.035000,hard,privileged-intermediate-target,1.000000,32,true
shallow-dense-d1-3-s4,4,dense,18234682480328173695,1,960,0.035000,soft,shuffled-label,0.000000,32,true
shallow-dense-d1-3-s4,4,dense,18234682480328173695,1,960,0.035000,2.0000,shuffled-label,0.000000,32,true
shallow-dense-d1-3-s4,4,dense,18234682480328173695,1,960,0.035000,1.0000,shuffled-label,0.000000,32,true
shallow-dense-d1-3-s4,4,dense,18234682480328173695,1,960,0.035000,hard,shuffled-label,0.000000,32,true
shallow-dense-d1-3-s4,4,dense,2001310518681822354,1,960,0.035000,soft,privileged-intermediate-target,1.000000,32,true
shallow-dense-d1-3-s4,4,dense,2001310518681822354,1,960,0.035000,2.0000,privileged-intermediate-target,1.000000,32,true
shallow-dense-d1-3-s4,4,dense,2001310518681822354,1,960,0.035000,1.0000,privileged-intermediate-target,1.000000,32,true
shallow-dense-d1-3-s4,4,dense,2001310518681822354,1,960,0.035000,hard,privileged-intermediate-target,1.000000,32,true
shallow-dense-d1-3-s4,4,dense,2001310518681822354,1,960,0.035000,soft,shuffled-label,0.000000,32,true
shallow-dense-d1-3-s4,4,dense,2001310518681822354,1,960,0.035000,2.0000,shuffled-label,0.000000,32,true
shallow-dense-d1-3-s4,4,dense,2001310518681822354,1,960,0.035000,1.0000,shuffled-label,0.000000,32,true
shallow-dense-d1-3-s4,4,dense,2001310518681822354,1,960,0.035000,hard,shuffled-label,0.000000,32,true
shallow-dense-d1-3-s4,4,dense,13400896689310720169,1,960,0.035000,soft,privileged-intermediate-target,1.000000,32,true
shallow-dense-d1-3-s4,4,dense,13400896689310720169,1,960,0.035000,2.0000,privileged-intermediate-target,1.000000,32,true
shallow-dense-d1-3-s4,4,dense,13400896689310720169,1,960,0.035000,1.0000,privileged-intermediate-target,1.000000,32,true
shallow-dense-d1-3-s4,4,dense,13400896689310720169,1,960,0.035000,hard,privileged-intermediate-target,1.000000,32,true
shallow-dense-d1-3-s4,4,dense,13400896689310720169,1,960,0.035000,soft,shuffled-label,0.000000,32,true
shallow-dense-d1-3-s4,4,dense,13400896689310720169,1,960,0.035000,2.0000,shuffled-label,0.000000,32,true
shallow-dense-d1-3-s4,4,dense,13400896689310720169,1,960,0.035000,1.0000,shuffled-label,0.000000,32,true
shallow-dense-d1-3-s4,4,dense,13400896689310720169,1,960,0.035000,hard,shuffled-label,0.000000,32,true
shallow-dense-d1-3-s4,4,dense,15453320347936062484,1,960,0.070000,soft,privileged-intermediate-target,1.000000,32,true
shallow-dense-d1-3-s4,4,dense,15453320347936062484,1,960,0.070000,2.0000,privileged-intermediate-target,1.000000,32,true
shallow-dense-d1-3-s4,4,dense,15453320347936062484,1,960,0.070000,1.0000,privileged-intermediate-target,1.000000,32,true
shallow-dense-d1-3-s4,4,dense,15453320347936062484,1,960,0.070000,hard,privileged-intermediate-target,1.000000,32,true
shallow-dense-d1-3-s4,4,dense,15453320347936062484,1,960,0.070000,soft,shuffled-label,0.000000,32,true
shallow-dense-d1-3-s4,4,dense,15453320347936062484,1,960,0.070000,2.0000,shuffled-label,0.000000,32,true
shallow-dense-d1-3-s4,4,dense,15453320347936062484,1,960,0.070000,1.0000,shuffled-label,0.000000,32,true
shallow-dense-d1-3-s4,4,dense,15453320347936062484,1,960,0.070000,hard,shuffled-label,0.000000,32,true
shallow-dense-d1-3-s4,4,dense,8371261729603450923,1,960,0.070000,soft,privileged-intermediate-target,1.000000,32,true
shallow-dense-d1-3-s4,4,dense,8371261729603450923,1,960,0.070000,2.0000,privileged-intermediate-target,1.000000,32,true
shallow-dense-d1-3-s4,4,dense,8371261729603450923,1,960,0.070000,1.0000,privileged-intermediate-target,1.000000,32,true
shallow-dense-d1-3-s4,4,dense,8371261729603450923,1,960,0.070000,hard,privileged-intermediate-target,1.000000,32,true
shallow-dense-d1-3-s4,4,dense,8371261729603450923,1,960,0.070000,soft,shuffled-label,0.000000,32,true
shallow-dense-d1-3-s4,4,dense,8371261729603450923,1,960,0.070000,2.0000,shuffled-label,0.000000,32,true
shallow-dense-d1-3-s4,4,dense,8371261729603450923,1,960,0.070000,1.0000,shuffled-label,0.000000,32,true
shallow-dense-d1-3-s4,4,dense,8371261729603450923,1,960,0.070000,hard,shuffled-label,0.000000,32,true
shallow-dense-d1-3-s4,4,dense,10584633876018000958,1,960,0.070000,soft,privileged-intermediate-target,1.000000,32,true
shallow-dense-d1-3-s4,4,dense,10584633876018000958,1,960,0.070000,2.0000,privileged-intermediate-target,1.000000,32,true
shallow-dense-d1-3-s4,4,dense,10584633876018000958,1,960,0.070000,1.0000,privileged-intermediate-target,1.000000,32,true
shallow-dense-d1-3-s4,4,dense,10584633876018000958,1,960,0.070000,hard,privileged-intermediate-target,1.000000,32,true
shallow-dense-d1-3-s4,4,dense,10584633876018000958,1,960,0.070000,soft,shuffled-label,0.000000,32,true
shallow-dense-d1-3-s4,4,dense,10584633876018000958,1,960,0.070000,2.0000,shuffled-label,0.000000,32,true
shallow-dense-d1-3-s4,4,dense,10584633876018000958,1,960,0.070000,1.0000,shuffled-label,0.000000,32,true
shallow-dense-d1-3-s4,4,dense,10584633876018000958,1,960,0.070000,hard,shuffled-label,0.000000,32,true
shallow-dense-d1-3-s4,4,dense,3503703373795356757,1,960,0.070000,soft,privileged-intermediate-target,1.000000,32,true
shallow-dense-d1-3-s4,4,dense,3503703373795356757,1,960,0.070000,2.0000,privileged-intermediate-target,1.000000,32,true
shallow-dense-d1-3-s4,4,dense,3503703373795356757,1,960,0.070000,1.0000,privileged-intermediate-target,1.000000,32,true
shallow-dense-d1-3-s4,4,dense,3503703373795356757,1,960,0.070000,hard,privileged-intermediate-target,1.000000,32,true
shallow-dense-d1-3-s4,4,dense,3503703373795356757,1,960,0.070000,soft,shuffled-label,0.000000,32,true
shallow-dense-d1-3-s4,4,dense,3503703373795356757,1,960,0.070000,2.0000,shuffled-label,0.000000,32,true
shallow-dense-d1-3-s4,4,dense,3503703373795356757,1,960,0.070000,1.0000,shuffled-label,0.000000,32,true
shallow-dense-d1-3-s4,4,dense,3503703373795356757,1,960,0.070000,hard,shuffled-label,0.000000,32,true
shallow-dense-d1-3-s4,4,dense,6869996990457277544,1,960,0.070000,soft,privileged-intermediate-target,1.000000,32,true
shallow-dense-d1-3-s4,4,dense,6869996990457277544,1,960,0.070000,2.0000,privileged-intermediate-target,1.000000,32,true
shallow-dense-d1-3-s4,4,dense,6869996990457277544,1,960,0.070000,1.0000,privileged-intermediate-target,1.000000,32,true
shallow-dense-d1-3-s4,4,dense,6869996990457277544,1,960,0.070000,hard,privileged-intermediate-target,1.000000,32,true
shallow-dense-d1-3-s4,4,dense,6869996990457277544,1,960,0.070000,soft,shuffled-label,0.000000,32,true
shallow-dense-d1-3-s4,4,dense,6869996990457277544,1,960,0.070000,2.0000,shuffled-label,0.000000,32,true
shallow-dense-d1-3-s4,4,dense,6869996990457277544,1,960,0.070000,1.0000,shuffled-label,0.000000,32,true
shallow-dense-d1-3-s4,4,dense,6869996990457277544,1,960,0.070000,hard,shuffled-label,0.000000,32,true
shallow-dense-d1-3-s4,4,dense,18234682480328173695,1,960,0.070000,soft,privileged-intermediate-target,1.000000,32,true
shallow-dense-d1-3-s4,4,dense,18234682480328173695,1,960,0.070000,2.0000,privileged-intermediate-target,1.000000,32,true
shallow-dense-d1-3-s4,4,dense,18234682480328173695,1,960,0.070000,1.0000,privileged-intermediate-target,1.000000,32,true
shallow-dense-d1-3-s4,4,dense,18234682480328173695,1,960,0.070000,hard,privileged-intermediate-target,1.000000,32,true
shallow-dense-d1-3-s4,4,dense,18234682480328173695,1,960,0.070000,soft,shuffled-label,0.000000,32,true
shallow-dense-d1-3-s4,4,dense,18234682480328173695,1,960,0.070000,2.0000,shuffled-label,0.000000,32,true
shallow-dense-d1-3-s4,4,dense,18234682480328173695,1,960,0.070000,1.0000,shuffled-label,0.000000,32,true
shallow-dense-d1-3-s4,4,dense,18234682480328173695,1,960,0.070000,hard,shuffled-label,0.000000,32,true
shallow-dense-d1-3-s4,4,dense,2001310518681822354,1,960,0.070000,soft,privileged-intermediate-target,1.000000,32,true
shallow-dense-d1-3-s4,4,dense,2001310518681822354,1,960,0.070000,2.0000,privileged-intermediate-target,1.000000,32,true
shallow-dense-d1-3-s4,4,dense,2001310518681822354,1,960,0.070000,1.0000,privileged-intermediate-target,1.000000,32,true
shallow-dense-d1-3-s4,4,dense,2001310518681822354,1,960,0.070000,hard,privileged-intermediate-target,1.000000,32,true
shallow-dense-d1-3-s4,4,dense,2001310518681822354,1,960,0.070000,soft,shuffled-label,0.000000,32,true
shallow-dense-d1-3-s4,4,dense,2001310518681822354,1,960,0.070000,2.0000,shuffled-label,0.000000,32,true
shallow-dense-d1-3-s4,4,dense,2001310518681822354,1,960,0.070000,1.0000,shuffled-label,0.000000,32,true
shallow-dense-d1-3-s4,4,dense,2001310518681822354,1,960,0.070000,hard,shuffled-label,0.000000,32,true
shallow-dense-d1-3-s4,4,dense,13400896689310720169,1,960,0.070000,soft,privileged-intermediate-target,1.000000,32,true
shallow-dense-d1-3-s4,4,dense,13400896689310720169,1,960,0.070000,2.0000,privileged-intermediate-target,1.000000,32,true
shallow-dense-d1-3-s4,4,dense,13400896689310720169,1,960,0.070000,1.0000,privileged-intermediate-target,1.000000,32,true
shallow-dense-d1-3-s4,4,dense,13400896689310720169,1,960,0.070000,hard,privileged-intermediate-target,1.000000,32,true
shallow-dense-d1-3-s4,4,dense,13400896689310720169,1,960,0.070000,soft,shuffled-label,0.000000,32,true
shallow-dense-d1-3-s4,4,dense,13400896689310720169,1,960,0.070000,2.0000,shuffled-label,0.000000,32,true
shallow-dense-d1-3-s4,4,dense,13400896689310720169,1,960,0.070000,1.0000,shuffled-label,0.000000,32,true
shallow-dense-d1-3-s4,4,dense,13400896689310720169,1,960,0.070000,hard,shuffled-label,0.000000,32,true
shallow-dense-d1-3-s4,4,dense,15453320347936062484,2,960,0.035000,soft,privileged-intermediate-target,1.000000,32,true
shallow-dense-d1-3-s4,4,dense,15453320347936062484,2,960,0.035000,2.0000,privileged-intermediate-target,1.000000,32,true
shallow-dense-d1-3-s4,4,dense,15453320347936062484,2,960,0.035000,1.0000,privileged-intermediate-target,1.000000,32,true
shallow-dense-d1-3-s4,4,dense,15453320347936062484,2,960,0.035000,hard,privileged-intermediate-target,1.000000,32,true
shallow-dense-d1-3-s4,4,dense,15453320347936062484,2,960,0.035000,soft,shuffled-label,0.060000,32,true
shallow-dense-d1-3-s4,4,dense,15453320347936062484,2,960,0.035000,2.0000,shuffled-label,0.122500,32,true
shallow-dense-d1-3-s4,4,dense,15453320347936062484,2,960,0.035000,1.0000,shuffled-label,0.122500,32,true
shallow-dense-d1-3-s4,4,dense,15453320347936062484,2,960,0.035000,hard,shuffled-label,0.122500,32,true
shallow-dense-d1-3-s4,4,dense,8371261729603450923,2,960,0.035000,soft,privileged-intermediate-target,1.000000,32,true
shallow-dense-d1-3-s4,4,dense,8371261729603450923,2,960,0.035000,2.0000,privileged-intermediate-target,1.000000,32,true
shallow-dense-d1-3-s4,4,dense,8371261729603450923,2,960,0.035000,1.0000,privileged-intermediate-target,1.000000,32,true
shallow-dense-d1-3-s4,4,dense,8371261729603450923,2,960,0.035000,hard,privileged-intermediate-target,1.000000,32,true
shallow-dense-d1-3-s4,4,dense,8371261729603450923,2,960,0.035000,soft,shuffled-label,0.082500,32,true
shallow-dense-d1-3-s4,4,dense,8371261729603450923,2,960,0.035000,2.0000,shuffled-label,0.192500,32,true
shallow-dense-d1-3-s4,4,dense,8371261729603450923,2,960,0.035000,1.0000,shuffled-label,0.192500,32,true
shallow-dense-d1-3-s4,4,dense,8371261729603450923,2,960,0.035000,hard,shuffled-label,0.110000,32,true
shallow-dense-d1-3-s4,4,dense,10584633876018000958,2,960,0.035000,soft,privileged-intermediate-target,1.000000,32,true
shallow-dense-d1-3-s4,4,dense,10584633876018000958,2,960,0.035000,2.0000,privileged-intermediate-target,1.000000,32,true
shallow-dense-d1-3-s4,4,dense,10584633876018000958,2,960,0.035000,1.0000,privileged-intermediate-target,1.000000,32,true
shallow-dense-d1-3-s4,4,dense,10584633876018000958,2,960,0.035000,hard,privileged-intermediate-target,1.000000,32,true
shallow-dense-d1-3-s4,4,dense,10584633876018000958,2,960,0.035000,soft,shuffled-label,0.052500,32,true
shallow-dense-d1-3-s4,4,dense,10584633876018000958,2,960,0.035000,2.0000,shuffled-label,0.292500,32,true
shallow-dense-d1-3-s4,4,dense,10584633876018000958,2,960,0.035000,1.0000,shuffled-label,0.292500,32,true
shallow-dense-d1-3-s4,4,dense,10584633876018000958,2,960,0.035000,hard,shuffled-label,0.152500,32,true
shallow-dense-d1-3-s4,4,dense,3503703373795356757,2,960,0.035000,soft,privileged-intermediate-target,1.000000,32,true
shallow-dense-d1-3-s4,4,dense,3503703373795356757,2,960,0.035000,2.0000,privileged-intermediate-target,1.000000,32,true
shallow-dense-d1-3-s4,4,dense,3503703373795356757,2,960,0.035000,1.0000,privileged-intermediate-target,1.000000,32,true
shallow-dense-d1-3-s4,4,dense,3503703373795356757,2,960,0.035000,hard,privileged-intermediate-target,1.000000,32,true
shallow-dense-d1-3-s4,4,dense,3503703373795356757,2,960,0.035000,soft,shuffled-label,0.000000,32,true
shallow-dense-d1-3-s4,4,dense,3503703373795356757,2,960,0.035000,2.0000,shuffled-label,0.270000,32,true
shallow-dense-d1-3-s4,4,dense,3503703373795356757,2,960,0.035000,1.0000,shuffled-label,0.212500,32,true
shallow-dense-d1-3-s4,4,dense,3503703373795356757,2,960,0.035000,hard,shuffled-label,0.252500,32,true
shallow-dense-d1-3-s4,4,dense,6869996990457277544,2,960,0.035000,soft,privileged-intermediate-target,1.000000,32,true
shallow-dense-d1-3-s4,4,dense,6869996990457277544,2,960,0.035000,2.0000,privileged-intermediate-target,1.000000,32,true
shallow-dense-d1-3-s4,4,dense,6869996990457277544,2,960,0.035000,1.0000,privileged-intermediate-target,1.000000,32,true
shallow-dense-d1-3-s4,4,dense,6869996990457277544,2,960,0.035000,hard,privileged-intermediate-target,1.000000,32,true
shallow-dense-d1-3-s4,4,dense,6869996990457277544,2,960,0.035000,soft,shuffled-label,0.055000,32,true
shallow-dense-d1-3-s4,4,dense,6869996990457277544,2,960,0.035000,2.0000,shuffled-label,0.055000,32,true
shallow-dense-d1-3-s4,4,dense,6869996990457277544,2,960,0.035000,1.0000,shuffled-label,0.110000,32,true
shallow-dense-d1-3-s4,4,dense,6869996990457277544,2,960,0.035000,hard,shuffled-label,0.127500,32,true
shallow-dense-d1-3-s4,4,dense,18234682480328173695,2,960,0.035000,soft,privileged-intermediate-target,1.000000,32,true
shallow-dense-d1-3-s4,4,dense,18234682480328173695,2,960,0.035000,2.0000,privileged-intermediate-target,1.000000,32,true
shallow-dense-d1-3-s4,4,dense,18234682480328173695,2,960,0.035000,1.0000,privileged-intermediate-target,1.000000,32,true
shallow-dense-d1-3-s4,4,dense,18234682480328173695,2,960,0.035000,hard,privileged-intermediate-target,1.000000,32,true
shallow-dense-d1-3-s4,4,dense,18234682480328173695,2,960,0.035000,soft,shuffled-label,0.000000,32,true
shallow-dense-d1-3-s4,4,dense,18234682480328173695,2,960,0.035000,2.0000,shuffled-label,0.315000,32,true
shallow-dense-d1-3-s4,4,dense,18234682480328173695,2,960,0.035000,1.0000,shuffled-label,0.315000,32,true
shallow-dense-d1-3-s4,4,dense,18234682480328173695,2,960,0.035000,hard,shuffled-label,0.162500,32,true
shallow-dense-d1-3-s4,4,dense,2001310518681822354,2,960,0.035000,soft,privileged-intermediate-target,1.000000,32,true
shallow-dense-d1-3-s4,4,dense,2001310518681822354,2,960,0.035000,2.0000,privileged-intermediate-target,1.000000,32,true
shallow-dense-d1-3-s4,4,dense,2001310518681822354,2,960,0.035000,1.0000,privileged-intermediate-target,1.000000,32,true
shallow-dense-d1-3-s4,4,dense,2001310518681822354,2,960,0.035000,hard,privileged-intermediate-target,1.000000,32,true
shallow-dense-d1-3-s4,4,dense,2001310518681822354,2,960,0.035000,soft,shuffled-label,0.077500,32,true
shallow-dense-d1-3-s4,4,dense,2001310518681822354,2,960,0.035000,2.0000,shuffled-label,0.212500,32,true
shallow-dense-d1-3-s4,4,dense,2001310518681822354,2,960,0.035000,1.0000,shuffled-label,0.212500,32,true
shallow-dense-d1-3-s4,4,dense,2001310518681822354,2,960,0.035000,hard,shuffled-label,0.112500,32,true
shallow-dense-d1-3-s4,4,dense,13400896689310720169,2,960,0.035000,soft,privileged-intermediate-target,1.000000,32,true
shallow-dense-d1-3-s4,4,dense,13400896689310720169,2,960,0.035000,2.0000,privileged-intermediate-target,1.000000,32,true
shallow-dense-d1-3-s4,4,dense,13400896689310720169,2,960,0.035000,1.0000,privileged-intermediate-target,1.000000,32,true
shallow-dense-d1-3-s4,4,dense,13400896689310720169,2,960,0.035000,hard,privileged-intermediate-target,1.000000,32,true
shallow-dense-d1-3-s4,4,dense,13400896689310720169,2,960,0.035000,soft,shuffled-label,0.000000,32,true
shallow-dense-d1-3-s4,4,dense,13400896689310720169,2,960,0.035000,2.0000,shuffled-label,0.287500,32,true
shallow-dense-d1-3-s4,4,dense,13400896689310720169,2,960,0.035000,1.0000,shuffled-label,0.077500,32,true
shallow-dense-d1-3-s4,4,dense,13400896689310720169,2,960,0.035000,hard,shuffled-label,0.312500,32,true
shallow-dense-d1-3-s4,4,dense,15453320347936062484,2,960,0.070000,soft,privileged-intermediate-target,1.000000,32,true
shallow-dense-d1-3-s4,4,dense,15453320347936062484,2,960,0.070000,2.0000,privileged-intermediate-target,1.000000,32,true
shallow-dense-d1-3-s4,4,dense,15453320347936062484,2,960,0.070000,1.0000,privileged-intermediate-target,1.000000,32,true
shallow-dense-d1-3-s4,4,dense,15453320347936062484,2,960,0.070000,hard,privileged-intermediate-target,1.000000,32,true
shallow-dense-d1-3-s4,4,dense,15453320347936062484,2,960,0.070000,soft,shuffled-label,0.000000,32,true
shallow-dense-d1-3-s4,4,dense,15453320347936062484,2,960,0.070000,2.0000,shuffled-label,0.182500,32,true
shallow-dense-d1-3-s4,4,dense,15453320347936062484,2,960,0.070000,1.0000,shuffled-label,0.312500,32,true
shallow-dense-d1-3-s4,4,dense,15453320347936062484,2,960,0.070000,hard,shuffled-label,0.252500,32,true
shallow-dense-d1-3-s4,4,dense,8371261729603450923,2,960,0.070000,soft,privileged-intermediate-target,1.000000,32,true
shallow-dense-d1-3-s4,4,dense,8371261729603450923,2,960,0.070000,2.0000,privileged-intermediate-target,1.000000,32,true
shallow-dense-d1-3-s4,4,dense,8371261729603450923,2,960,0.070000,1.0000,privileged-intermediate-target,1.000000,32,true
shallow-dense-d1-3-s4,4,dense,8371261729603450923,2,960,0.070000,hard,privileged-intermediate-target,1.000000,32,true
shallow-dense-d1-3-s4,4,dense,8371261729603450923,2,960,0.070000,soft,shuffled-label,0.000000,32,true
shallow-dense-d1-3-s4,4,dense,8371261729603450923,2,960,0.070000,2.0000,shuffled-label,0.245000,32,true
shallow-dense-d1-3-s4,4,dense,8371261729603450923,2,960,0.070000,1.0000,shuffled-label,0.257500,32,true
shallow-dense-d1-3-s4,4,dense,8371261729603450923,2,960,0.070000,hard,shuffled-label,0.252500,32,true
shallow-dense-d1-3-s4,4,dense,10584633876018000958,2,960,0.070000,soft,privileged-intermediate-target,1.000000,32,true
shallow-dense-d1-3-s4,4,dense,10584633876018000958,2,960,0.070000,2.0000,privileged-intermediate-target,1.000000,32,true
shallow-dense-d1-3-s4,4,dense,10584633876018000958,2,960,0.070000,1.0000,privileged-intermediate-target,1.000000,32,true
shallow-dense-d1-3-s4,4,dense,10584633876018000958,2,960,0.070000,hard,privileged-intermediate-target,1.000000,32,true
shallow-dense-d1-3-s4,4,dense,10584633876018000958,2,960,0.070000,soft,shuffled-label,0.052500,32,true
shallow-dense-d1-3-s4,4,dense,10584633876018000958,2,960,0.070000,2.0000,shuffled-label,0.292500,32,true
shallow-dense-d1-3-s4,4,dense,10584633876018000958,2,960,0.070000,1.0000,shuffled-label,0.197500,32,true
shallow-dense-d1-3-s4,4,dense,10584633876018000958,2,960,0.070000,hard,shuffled-label,0.032500,32,true
shallow-dense-d1-3-s4,4,dense,3503703373795356757,2,960,0.070000,soft,privileged-intermediate-target,1.000000,32,true
shallow-dense-d1-3-s4,4,dense,3503703373795356757,2,960,0.070000,2.0000,privileged-intermediate-target,1.000000,32,true
shallow-dense-d1-3-s4,4,dense,3503703373795356757,2,960,0.070000,1.0000,privileged-intermediate-target,1.000000,32,true
shallow-dense-d1-3-s4,4,dense,3503703373795356757,2,960,0.070000,hard,privileged-intermediate-target,1.000000,32,true
shallow-dense-d1-3-s4,4,dense,3503703373795356757,2,960,0.070000,soft,shuffled-label,0.000000,32,true
shallow-dense-d1-3-s4,4,dense,3503703373795356757,2,960,0.070000,2.0000,shuffled-label,0.232500,32,true
shallow-dense-d1-3-s4,4,dense,3503703373795356757,2,960,0.070000,1.0000,shuffled-label,0.252500,32,true
shallow-dense-d1-3-s4,4,dense,3503703373795356757,2,960,0.070000,hard,shuffled-label,0.252500,32,true
shallow-dense-d1-3-s4,4,dense,6869996990457277544,2,960,0.070000,soft,privileged-intermediate-target,1.000000,32,true
shallow-dense-d1-3-s4,4,dense,6869996990457277544,2,960,0.070000,2.0000,privileged-intermediate-target,1.000000,32,true
shallow-dense-d1-3-s4,4,dense,6869996990457277544,2,960,0.070000,1.0000,privileged-intermediate-target,1.000000,32,true
shallow-dense-d1-3-s4,4,dense,6869996990457277544,2,960,0.070000,hard,privileged-intermediate-target,1.000000,32,true
shallow-dense-d1-3-s4,4,dense,6869996990457277544,2,960,0.070000,soft,shuffled-label,0.000000,32,true
shallow-dense-d1-3-s4,4,dense,6869996990457277544,2,960,0.070000,2.0000,shuffled-label,0.280000,32,true
shallow-dense-d1-3-s4,4,dense,6869996990457277544,2,960,0.070000,1.0000,shuffled-label,0.150000,32,true
shallow-dense-d1-3-s4,4,dense,6869996990457277544,2,960,0.070000,hard,shuffled-label,0.222500,32,true
shallow-dense-d1-3-s4,4,dense,18234682480328173695,2,960,0.070000,soft,privileged-intermediate-target,1.000000,32,true
shallow-dense-d1-3-s4,4,dense,18234682480328173695,2,960,0.070000,2.0000,privileged-intermediate-target,1.000000,32,true
shallow-dense-d1-3-s4,4,dense,18234682480328173695,2,960,0.070000,1.0000,privileged-intermediate-target,1.000000,32,true
shallow-dense-d1-3-s4,4,dense,18234682480328173695,2,960,0.070000,hard,privileged-intermediate-target,1.000000,32,true
shallow-dense-d1-3-s4,4,dense,18234682480328173695,2,960,0.070000,soft,shuffled-label,0.000000,32,true
shallow-dense-d1-3-s4,4,dense,18234682480328173695,2,960,0.070000,2.0000,shuffled-label,0.185000,32,true
shallow-dense-d1-3-s4,4,dense,18234682480328173695,2,960,0.070000,1.0000,shuffled-label,0.185000,32,true
shallow-dense-d1-3-s4,4,dense,18234682480328173695,2,960,0.070000,hard,shuffled-label,0.162500,32,true
shallow-dense-d1-3-s4,4,dense,2001310518681822354,2,960,0.070000,soft,privileged-intermediate-target,1.000000,32,true
shallow-dense-d1-3-s4,4,dense,2001310518681822354,2,960,0.070000,2.0000,privileged-intermediate-target,1.000000,32,true
shallow-dense-d1-3-s4,4,dense,2001310518681822354,2,960,0.070000,1.0000,privileged-intermediate-target,1.000000,32,true
shallow-dense-d1-3-s4,4,dense,2001310518681822354,2,960,0.070000,hard,privileged-intermediate-target,1.000000,32,true
shallow-dense-d1-3-s4,4,dense,2001310518681822354,2,960,0.070000,soft,shuffled-label,0.000000,32,true
shallow-dense-d1-3-s4,4,dense,2001310518681822354,2,960,0.070000,2.0000,shuffled-label,0.275000,32,true
shallow-dense-d1-3-s4,4,dense,2001310518681822354,2,960,0.070000,1.0000,shuffled-label,0.212500,32,true
shallow-dense-d1-3-s4,4,dense,2001310518681822354,2,960,0.070000,hard,shuffled-label,0.130000,32,true
shallow-dense-d1-3-s4,4,dense,13400896689310720169,2,960,0.070000,soft,privileged-intermediate-target,1.000000,32,true
shallow-dense-d1-3-s4,4,dense,13400896689310720169,2,960,0.070000,2.0000,privileged-intermediate-target,1.000000,32,true
shallow-dense-d1-3-s4,4,dense,13400896689310720169,2,960,0.070000,1.0000,privileged-intermediate-target,1.000000,32,true
shallow-dense-d1-3-s4,4,dense,13400896689310720169,2,960,0.070000,hard,privileged-intermediate-target,1.000000,32,true
shallow-dense-d1-3-s4,4,dense,13400896689310720169,2,960,0.070000,soft,shuffled-label,0.000000,32,true
shallow-dense-d1-3-s4,4,dense,13400896689310720169,2,960,0.070000,2.0000,shuffled-label,0.227500,32,true
shallow-dense-d1-3-s4,4,dense,13400896689310720169,2,960,0.070000,1.0000,shuffled-label,0.155000,32,true
shallow-dense-d1-3-s4,4,dense,13400896689310720169,2,960,0.070000,hard,shuffled-label,0.130000,32,true
shallow-dense-d1-3-s4,4,dense,15453320347936062484,3,960,0.035000,soft,privileged-intermediate-target,1.000000,32,true
shallow-dense-d1-3-s4,4,dense,15453320347936062484,3,960,0.035000,2.0000,privileged-intermediate-target,1.000000,32,true
shallow-dense-d1-3-s4,4,dense,15453320347936062484,3,960,0.035000,1.0000,privileged-intermediate-target,1.000000,32,true
shallow-dense-d1-3-s4,4,dense,15453320347936062484,3,960,0.035000,hard,privileged-intermediate-target,1.000000,32,true
shallow-dense-d1-3-s4,4,dense,15453320347936062484,3,960,0.035000,soft,shuffled-label,0.000000,32,true
shallow-dense-d1-3-s4,4,dense,15453320347936062484,3,960,0.035000,2.0000,shuffled-label,0.245000,32,true
shallow-dense-d1-3-s4,4,dense,15453320347936062484,3,960,0.035000,1.0000,shuffled-label,0.000000,32,true
shallow-dense-d1-3-s4,4,dense,15453320347936062484,3,960,0.035000,hard,shuffled-label,0.000000,32,true
shallow-dense-d1-3-s4,4,dense,8371261729603450923,3,960,0.035000,soft,privileged-intermediate-target,1.000000,32,true
shallow-dense-d1-3-s4,4,dense,8371261729603450923,3,960,0.035000,2.0000,privileged-intermediate-target,1.000000,32,true
shallow-dense-d1-3-s4,4,dense,8371261729603450923,3,960,0.035000,1.0000,privileged-intermediate-target,1.000000,32,true
shallow-dense-d1-3-s4,4,dense,8371261729603450923,3,960,0.035000,hard,privileged-intermediate-target,1.000000,32,true
shallow-dense-d1-3-s4,4,dense,8371261729603450923,3,960,0.035000,soft,shuffled-label,0.000000,32,true
shallow-dense-d1-3-s4,4,dense,8371261729603450923,3,960,0.035000,2.0000,shuffled-label,0.085000,32,true
shallow-dense-d1-3-s4,4,dense,8371261729603450923,3,960,0.035000,1.0000,shuffled-label,0.000000,32,true
shallow-dense-d1-3-s4,4,dense,8371261729603450923,3,960,0.035000,hard,shuffled-label,0.000000,32,true
shallow-dense-d1-3-s4,4,dense,10584633876018000958,3,960,0.035000,soft,privileged-intermediate-target,1.000000,32,true
shallow-dense-d1-3-s4,4,dense,10584633876018000958,3,960,0.035000,2.0000,privileged-intermediate-target,1.000000,32,true
shallow-dense-d1-3-s4,4,dense,10584633876018000958,3,960,0.035000,1.0000,privileged-intermediate-target,1.000000,32,true
shallow-dense-d1-3-s4,4,dense,10584633876018000958,3,960,0.035000,hard,privileged-intermediate-target,1.000000,32,true
shallow-dense-d1-3-s4,4,dense,10584633876018000958,3,960,0.035000,soft,shuffled-label,0.000000,32,true
shallow-dense-d1-3-s4,4,dense,10584633876018000958,3,960,0.035000,2.0000,shuffled-label,0.000000,32,true
shallow-dense-d1-3-s4,4,dense,10584633876018000958,3,960,0.035000,1.0000,shuffled-label,0.000000,32,true
shallow-dense-d1-3-s4,4,dense,10584633876018000958,3,960,0.035000,hard,shuffled-label,0.000000,32,true
shallow-dense-d1-3-s4,4,dense,3503703373795356757,3,960,0.035000,soft,privileged-intermediate-target,1.000000,32,true
shallow-dense-d1-3-s4,4,dense,3503703373795356757,3,960,0.035000,2.0000,privileged-intermediate-target,1.000000,32,true
shallow-dense-d1-3-s4,4,dense,3503703373795356757,3,960,0.035000,1.0000,privileged-intermediate-target,1.000000,32,true
shallow-dense-d1-3-s4,4,dense,3503703373795356757,3,960,0.035000,hard,privileged-intermediate-target,1.000000,32,true
shallow-dense-d1-3-s4,4,dense,3503703373795356757,3,960,0.035000,soft,shuffled-label,0.000000,32,true
shallow-dense-d1-3-s4,4,dense,3503703373795356757,3,960,0.035000,2.0000,shuffled-label,0.122500,32,true
shallow-dense-d1-3-s4,4,dense,3503703373795356757,3,960,0.035000,1.0000,shuffled-label,0.000000,32,true
shallow-dense-d1-3-s4,4,dense,3503703373795356757,3,960,0.035000,hard,shuffled-label,0.000000,32,true
shallow-dense-d1-3-s4,4,dense,6869996990457277544,3,960,0.035000,soft,privileged-intermediate-target,1.000000,32,true
shallow-dense-d1-3-s4,4,dense,6869996990457277544,3,960,0.035000,2.0000,privileged-intermediate-target,1.000000,32,true
shallow-dense-d1-3-s4,4,dense,6869996990457277544,3,960,0.035000,1.0000,privileged-intermediate-target,1.000000,32,true
shallow-dense-d1-3-s4,4,dense,6869996990457277544,3,960,0.035000,hard,privileged-intermediate-target,1.000000,32,true
shallow-dense-d1-3-s4,4,dense,6869996990457277544,3,960,0.035000,soft,shuffled-label,0.000000,32,true
shallow-dense-d1-3-s4,4,dense,6869996990457277544,3,960,0.035000,2.0000,shuffled-label,0.272500,32,true
shallow-dense-d1-3-s4,4,dense,6869996990457277544,3,960,0.035000,1.0000,shuffled-label,0.052500,32,true
shallow-dense-d1-3-s4,4,dense,6869996990457277544,3,960,0.035000,hard,shuffled-label,0.000000,32,true
shallow-dense-d1-3-s4,4,dense,18234682480328173695,3,960,0.035000,soft,privileged-intermediate-target,1.000000,32,true
shallow-dense-d1-3-s4,4,dense,18234682480328173695,3,960,0.035000,2.0000,privileged-intermediate-target,1.000000,32,true
shallow-dense-d1-3-s4,4,dense,18234682480328173695,3,960,0.035000,1.0000,privileged-intermediate-target,1.000000,32,true
shallow-dense-d1-3-s4,4,dense,18234682480328173695,3,960,0.035000,hard,privileged-intermediate-target,1.000000,32,true
shallow-dense-d1-3-s4,4,dense,18234682480328173695,3,960,0.035000,soft,shuffled-label,0.000000,32,true
shallow-dense-d1-3-s4,4,dense,18234682480328173695,3,960,0.035000,2.0000,shuffled-label,0.217500,32,true
shallow-dense-d1-3-s4,4,dense,18234682480328173695,3,960,0.035000,1.0000,shuffled-label,0.062500,32,true
shallow-dense-d1-3-s4,4,dense,18234682480328173695,3,960,0.035000,hard,shuffled-label,0.000000,32,true
shallow-dense-d1-3-s4,4,dense,2001310518681822354,3,960,0.035000,soft,privileged-intermediate-target,1.000000,32,true
shallow-dense-d1-3-s4,4,dense,2001310518681822354,3,960,0.035000,2.0000,privileged-intermediate-target,1.000000,32,true
shallow-dense-d1-3-s4,4,dense,2001310518681822354,3,960,0.035000,1.0000,privileged-intermediate-target,1.000000,32,true
shallow-dense-d1-3-s4,4,dense,2001310518681822354,3,960,0.035000,hard,privileged-intermediate-target,1.000000,32,true
shallow-dense-d1-3-s4,4,dense,2001310518681822354,3,960,0.035000,soft,shuffled-label,0.000000,32,true
shallow-dense-d1-3-s4,4,dense,2001310518681822354,3,960,0.035000,2.0000,shuffled-label,0.185000,32,true
shallow-dense-d1-3-s4,4,dense,2001310518681822354,3,960,0.035000,1.0000,shuffled-label,0.000000,32,true
shallow-dense-d1-3-s4,4,dense,2001310518681822354,3,960,0.035000,hard,shuffled-label,0.000000,32,true
shallow-dense-d1-3-s4,4,dense,13400896689310720169,3,960,0.035000,soft,privileged-intermediate-target,1.000000,32,true
shallow-dense-d1-3-s4,4,dense,13400896689310720169,3,960,0.035000,2.0000,privileged-intermediate-target,1.000000,32,true
shallow-dense-d1-3-s4,4,dense,13400896689310720169,3,960,0.035000,1.0000,privileged-intermediate-target,1.000000,32,true
shallow-dense-d1-3-s4,4,dense,13400896689310720169,3,960,0.035000,hard,privileged-intermediate-target,1.000000,32,true
shallow-dense-d1-3-s4,4,dense,13400896689310720169,3,960,0.035000,soft,shuffled-label,0.000000,32,true
shallow-dense-d1-3-s4,4,dense,13400896689310720169,3,960,0.035000,2.0000,shuffled-label,0.185000,32,true
shallow-dense-d1-3-s4,4,dense,13400896689310720169,3,960,0.035000,1.0000,shuffled-label,0.000000,32,true
shallow-dense-d1-3-s4,4,dense,13400896689310720169,3,960,0.035000,hard,shuffled-label,0.000000,32,true
shallow-dense-d1-3-s4,4,dense,15453320347936062484,3,960,0.070000,soft,privileged-intermediate-target,1.000000,32,true
shallow-dense-d1-3-s4,4,dense,15453320347936062484,3,960,0.070000,2.0000,privileged-intermediate-target,1.000000,32,true
shallow-dense-d1-3-s4,4,dense,15453320347936062484,3,960,0.070000,1.0000,privileged-intermediate-target,1.000000,32,true
shallow-dense-d1-3-s4,4,dense,15453320347936062484,3,960,0.070000,hard,privileged-intermediate-target,1.000000,32,true
shallow-dense-d1-3-s4,4,dense,15453320347936062484,3,960,0.070000,soft,shuffled-label,0.000000,32,true
shallow-dense-d1-3-s4,4,dense,15453320347936062484,3,960,0.070000,2.0000,shuffled-label,0.240000,32,true
shallow-dense-d1-3-s4,4,dense,15453320347936062484,3,960,0.070000,1.0000,shuffled-label,0.115000,32,true
shallow-dense-d1-3-s4,4,dense,15453320347936062484,3,960,0.070000,hard,shuffled-label,0.000000,32,true
shallow-dense-d1-3-s4,4,dense,8371261729603450923,3,960,0.070000,soft,privileged-intermediate-target,1.000000,32,true
shallow-dense-d1-3-s4,4,dense,8371261729603450923,3,960,0.070000,2.0000,privileged-intermediate-target,1.000000,32,true
shallow-dense-d1-3-s4,4,dense,8371261729603450923,3,960,0.070000,1.0000,privileged-intermediate-target,1.000000,32,true
shallow-dense-d1-3-s4,4,dense,8371261729603450923,3,960,0.070000,hard,privileged-intermediate-target,1.000000,32,true
shallow-dense-d1-3-s4,4,dense,8371261729603450923,3,960,0.070000,soft,shuffled-label,0.000000,32,true
shallow-dense-d1-3-s4,4,dense,8371261729603450923,3,960,0.070000,2.0000,shuffled-label,0.257500,32,true
shallow-dense-d1-3-s4,4,dense,8371261729603450923,3,960,0.070000,1.0000,shuffled-label,0.220000,32,true
shallow-dense-d1-3-s4,4,dense,8371261729603450923,3,960,0.070000,hard,shuffled-label,0.000000,32,true
shallow-dense-d1-3-s4,4,dense,10584633876018000958,3,960,0.070000,soft,privileged-intermediate-target,1.000000,32,true
shallow-dense-d1-3-s4,4,dense,10584633876018000958,3,960,0.070000,2.0000,privileged-intermediate-target,1.000000,32,true
shallow-dense-d1-3-s4,4,dense,10584633876018000958,3,960,0.070000,1.0000,privileged-intermediate-target,1.000000,32,true
shallow-dense-d1-3-s4,4,dense,10584633876018000958,3,960,0.070000,hard,privileged-intermediate-target,1.000000,32,true
shallow-dense-d1-3-s4,4,dense,10584633876018000958,3,960,0.070000,soft,shuffled-label,0.000000,32,true
shallow-dense-d1-3-s4,4,dense,10584633876018000958,3,960,0.070000,2.0000,shuffled-label,0.170000,32,true
shallow-dense-d1-3-s4,4,dense,10584633876018000958,3,960,0.070000,1.0000,shuffled-label,0.000000,32,true
shallow-dense-d1-3-s4,4,dense,10584633876018000958,3,960,0.070000,hard,shuffled-label,0.000000,32,true
shallow-dense-d1-3-s4,4,dense,3503703373795356757,3,960,0.070000,soft,privileged-intermediate-target,1.000000,32,true
shallow-dense-d1-3-s4,4,dense,3503703373795356757,3,960,0.070000,2.0000,privileged-intermediate-target,1.000000,32,true
shallow-dense-d1-3-s4,4,dense,3503703373795356757,3,960,0.070000,1.0000,privileged-intermediate-target,1.000000,32,true
shallow-dense-d1-3-s4,4,dense,3503703373795356757,3,960,0.070000,hard,privileged-intermediate-target,1.000000,32,true
shallow-dense-d1-3-s4,4,dense,3503703373795356757,3,960,0.070000,soft,shuffled-label,0.000000,32,true
shallow-dense-d1-3-s4,4,dense,3503703373795356757,3,960,0.070000,2.0000,shuffled-label,0.122500,32,true
shallow-dense-d1-3-s4,4,dense,3503703373795356757,3,960,0.070000,1.0000,shuffled-label,0.065000,32,true
shallow-dense-d1-3-s4,4,dense,3503703373795356757,3,960,0.070000,hard,shuffled-label,0.000000,32,true
shallow-dense-d1-3-s4,4,dense,6869996990457277544,3,960,0.070000,soft,privileged-intermediate-target,1.000000,32,true
shallow-dense-d1-3-s4,4,dense,6869996990457277544,3,960,0.070000,2.0000,privileged-intermediate-target,1.000000,32,true
shallow-dense-d1-3-s4,4,dense,6869996990457277544,3,960,0.070000,1.0000,privileged-intermediate-target,1.000000,32,true
shallow-dense-d1-3-s4,4,dense,6869996990457277544,3,960,0.070000,hard,privileged-intermediate-target,1.000000,32,true
shallow-dense-d1-3-s4,4,dense,6869996990457277544,3,960,0.070000,soft,shuffled-label,0.000000,32,true
shallow-dense-d1-3-s4,4,dense,6869996990457277544,3,960,0.070000,2.0000,shuffled-label,0.097500,32,true
shallow-dense-d1-3-s4,4,dense,6869996990457277544,3,960,0.070000,1.0000,shuffled-label,0.070000,32,true
shallow-dense-d1-3-s4,4,dense,6869996990457277544,3,960,0.070000,hard,shuffled-label,0.000000,32,true
shallow-dense-d1-3-s4,4,dense,18234682480328173695,3,960,0.070000,soft,privileged-intermediate-target,1.000000,32,true
shallow-dense-d1-3-s4,4,dense,18234682480328173695,3,960,0.070000,2.0000,privileged-intermediate-target,1.000000,32,true
shallow-dense-d1-3-s4,4,dense,18234682480328173695,3,960,0.070000,1.0000,privileged-intermediate-target,1.000000,32,true
shallow-dense-d1-3-s4,4,dense,18234682480328173695,3,960,0.070000,hard,privileged-intermediate-target,1.000000,32,true
shallow-dense-d1-3-s4,4,dense,18234682480328173695,3,960,0.070000,soft,shuffled-label,0.000000,32,true
shallow-dense-d1-3-s4,4,dense,18234682480328173695,3,960,0.070000,2.0000,shuffled-label,0.165000,32,true
shallow-dense-d1-3-s4,4,dense,18234682480328173695,3,960,0.070000,1.0000,shuffled-label,0.142500,32,true
shallow-dense-d1-3-s4,4,dense,18234682480328173695,3,960,0.070000,hard,shuffled-label,0.000000,32,true
shallow-dense-d1-3-s4,4,dense,2001310518681822354,3,960,0.070000,soft,privileged-intermediate-target,1.000000,32,true
shallow-dense-d1-3-s4,4,dense,2001310518681822354,3,960,0.070000,2.0000,privileged-intermediate-target,1.000000,32,true
shallow-dense-d1-3-s4,4,dense,2001310518681822354,3,960,0.070000,1.0000,privileged-intermediate-target,1.000000,32,true
shallow-dense-d1-3-s4,4,dense,2001310518681822354,3,960,0.070000,hard,privileged-intermediate-target,1.000000,32,true
shallow-dense-d1-3-s4,4,dense,2001310518681822354,3,960,0.070000,soft,shuffled-label,0.000000,32,true
shallow-dense-d1-3-s4,4,dense,2001310518681822354,3,960,0.070000,2.0000,shuffled-label,0.262500,32,true
shallow-dense-d1-3-s4,4,dense,2001310518681822354,3,960,0.070000,1.0000,shuffled-label,0.165000,32,true
shallow-dense-d1-3-s4,4,dense,2001310518681822354,3,960,0.070000,hard,shuffled-label,0.000000,32,true
shallow-dense-d1-3-s4,4,dense,13400896689310720169,3,960,0.070000,soft,privileged-intermediate-target,1.000000,32,true
shallow-dense-d1-3-s4,4,dense,13400896689310720169,3,960,0.070000,2.0000,privileged-intermediate-target,1.000000,32,true
shallow-dense-d1-3-s4,4,dense,13400896689310720169,3,960,0.070000,1.0000,privileged-intermediate-target,1.000000,32,true
shallow-dense-d1-3-s4,4,dense,13400896689310720169,3,960,0.070000,hard,privileged-intermediate-target,1.000000,32,true
shallow-dense-d1-3-s4,4,dense,13400896689310720169,3,960,0.070000,soft,shuffled-label,0.000000,32,true
shallow-dense-d1-3-s4,4,dense,13400896689310720169,3,960,0.070000,2.0000,shuffled-label,0.062500,32,true
shallow-dense-d1-3-s4,4,dense,13400896689310720169,3,960,0.070000,1.0000,shuffled-label,0.062500,32,true
shallow-dense-d1-3-s4,4,dense,13400896689310720169,3,960,0.070000,hard,shuffled-label,0.000000,32,true
deep-dense-d5-8-s4,4,dense,15453320347936062484,5,240,0.035000,soft,direct-terminal,0.537500,32,true
deep-dense-d5-8-s4,4,dense,15453320347936062484,5,240,0.035000,2.0000,direct-terminal,0.257500,32,true
deep-dense-d5-8-s4,4,dense,15453320347936062484,5,240,0.035000,1.0000,direct-terminal,0.250000,32,true
deep-dense-d5-8-s4,4,dense,15453320347936062484,5,240,0.035000,hard,direct-terminal,0.000000,32,true
deep-dense-d5-8-s4,4,dense,8371261729603450923,5,240,0.035000,soft,direct-terminal,0.445000,32,true
deep-dense-d5-8-s4,4,dense,8371261729603450923,5,240,0.035000,2.0000,direct-terminal,0.262500,32,true
deep-dense-d5-8-s4,4,dense,8371261729603450923,5,240,0.035000,1.0000,direct-terminal,0.262500,32,true
deep-dense-d5-8-s4,4,dense,8371261729603450923,5,240,0.035000,hard,direct-terminal,0.000000,32,true
deep-dense-d5-8-s4,4,dense,10584633876018000958,5,240,0.035000,soft,direct-terminal,0.545000,32,true
deep-dense-d5-8-s4,4,dense,10584633876018000958,5,240,0.035000,2.0000,direct-terminal,0.232500,32,true
deep-dense-d5-8-s4,4,dense,10584633876018000958,5,240,0.035000,1.0000,direct-terminal,0.232500,32,true
deep-dense-d5-8-s4,4,dense,10584633876018000958,5,240,0.035000,hard,direct-terminal,0.000000,32,true
deep-dense-d5-8-s4,4,dense,3503703373795356757,5,240,0.035000,soft,direct-terminal,0.547500,32,true
deep-dense-d5-8-s4,4,dense,3503703373795356757,5,240,0.035000,2.0000,direct-terminal,0.255000,32,true
deep-dense-d5-8-s4,4,dense,3503703373795356757,5,240,0.035000,1.0000,direct-terminal,0.202500,32,true
deep-dense-d5-8-s4,4,dense,3503703373795356757,5,240,0.035000,hard,direct-terminal,0.000000,32,true
deep-dense-d5-8-s4,4,dense,6869996990457277544,5,240,0.035000,soft,direct-terminal,0.492500,32,true
deep-dense-d5-8-s4,4,dense,6869996990457277544,5,240,0.035000,2.0000,direct-terminal,0.280000,32,true
deep-dense-d5-8-s4,4,dense,6869996990457277544,5,240,0.035000,1.0000,direct-terminal,0.280000,32,true
deep-dense-d5-8-s4,4,dense,6869996990457277544,5,240,0.035000,hard,direct-terminal,0.000000,32,true
deep-dense-d5-8-s4,4,dense,18234682480328173695,5,240,0.035000,soft,direct-terminal,0.465000,32,true
deep-dense-d5-8-s4,4,dense,18234682480328173695,5,240,0.035000,2.0000,direct-terminal,0.282500,32,true
deep-dense-d5-8-s4,4,dense,18234682480328173695,5,240,0.035000,1.0000,direct-terminal,0.282500,32,true
deep-dense-d5-8-s4,4,dense,18234682480328173695,5,240,0.035000,hard,direct-terminal,0.000000,32,true
deep-dense-d5-8-s4,4,dense,2001310518681822354,5,240,0.035000,soft,direct-terminal,0.487500,32,true
deep-dense-d5-8-s4,4,dense,2001310518681822354,5,240,0.035000,2.0000,direct-terminal,0.260000,32,true
deep-dense-d5-8-s4,4,dense,2001310518681822354,5,240,0.035000,1.0000,direct-terminal,0.260000,32,true
deep-dense-d5-8-s4,4,dense,2001310518681822354,5,240,0.035000,hard,direct-terminal,0.000000,32,true
deep-dense-d5-8-s4,4,dense,13400896689310720169,5,240,0.035000,soft,direct-terminal,0.500000,32,true
deep-dense-d5-8-s4,4,dense,13400896689310720169,5,240,0.035000,2.0000,direct-terminal,0.280000,32,true
deep-dense-d5-8-s4,4,dense,13400896689310720169,5,240,0.035000,1.0000,direct-terminal,0.280000,32,true
deep-dense-d5-8-s4,4,dense,13400896689310720169,5,240,0.035000,hard,direct-terminal,0.000000,32,true
deep-dense-d5-8-s4,4,dense,15453320347936062484,5,240,0.070000,soft,direct-terminal,0.527500,32,true
deep-dense-d5-8-s4,4,dense,15453320347936062484,5,240,0.070000,2.0000,direct-terminal,0.272500,32,true
deep-dense-d5-8-s4,4,dense,15453320347936062484,5,240,0.070000,1.0000,direct-terminal,0.272500,32,true
deep-dense-d5-8-s4,4,dense,15453320347936062484,5,240,0.070000,hard,direct-terminal,0.000000,32,true
deep-dense-d5-8-s4,4,dense,8371261729603450923,5,240,0.070000,soft,direct-terminal,0.405000,32,true
deep-dense-d5-8-s4,4,dense,8371261729603450923,5,240,0.070000,2.0000,direct-terminal,0.245000,32,true
deep-dense-d5-8-s4,4,dense,8371261729603450923,5,240,0.070000,1.0000,direct-terminal,0.255000,32,true
deep-dense-d5-8-s4,4,dense,8371261729603450923,5,240,0.070000,hard,direct-terminal,0.000000,32,true
deep-dense-d5-8-s4,4,dense,10584633876018000958,5,240,0.070000,soft,direct-terminal,0.445000,32,true
deep-dense-d5-8-s4,4,dense,10584633876018000958,5,240,0.070000,2.0000,direct-terminal,0.232500,32,true
deep-dense-d5-8-s4,4,dense,10584633876018000958,5,240,0.070000,1.0000,direct-terminal,0.232500,32,true
deep-dense-d5-8-s4,4,dense,10584633876018000958,5,240,0.070000,hard,direct-terminal,0.107500,32,true
deep-dense-d5-8-s4,4,dense,3503703373795356757,5,240,0.070000,soft,direct-terminal,0.492500,32,true
deep-dense-d5-8-s4,4,dense,3503703373795356757,5,240,0.070000,2.0000,direct-terminal,0.247500,32,true
deep-dense-d5-8-s4,4,dense,3503703373795356757,5,240,0.070000,1.0000,direct-terminal,0.195000,32,true
deep-dense-d5-8-s4,4,dense,3503703373795356757,5,240,0.070000,hard,direct-terminal,0.000000,32,true
deep-dense-d5-8-s4,4,dense,6869996990457277544,5,240,0.070000,soft,direct-terminal,0.507500,32,true
deep-dense-d5-8-s4,4,dense,6869996990457277544,5,240,0.070000,2.0000,direct-terminal,0.280000,32,true
deep-dense-d5-8-s4,4,dense,6869996990457277544,5,240,0.070000,1.0000,direct-terminal,0.280000,32,true
deep-dense-d5-8-s4,4,dense,6869996990457277544,5,240,0.070000,hard,direct-terminal,0.000000,32,true
deep-dense-d5-8-s4,4,dense,18234682480328173695,5,240,0.070000,soft,direct-terminal,0.472500,32,true
deep-dense-d5-8-s4,4,dense,18234682480328173695,5,240,0.070000,2.0000,direct-terminal,0.255000,32,true
deep-dense-d5-8-s4,4,dense,18234682480328173695,5,240,0.070000,1.0000,direct-terminal,0.255000,32,true
deep-dense-d5-8-s4,4,dense,18234682480328173695,5,240,0.070000,hard,direct-terminal,0.217500,32,true
deep-dense-d5-8-s4,4,dense,2001310518681822354,5,240,0.070000,soft,direct-terminal,0.525000,32,true
deep-dense-d5-8-s4,4,dense,2001310518681822354,5,240,0.070000,2.0000,direct-terminal,0.260000,32,true
deep-dense-d5-8-s4,4,dense,2001310518681822354,5,240,0.070000,1.0000,direct-terminal,0.260000,32,true
deep-dense-d5-8-s4,4,dense,2001310518681822354,5,240,0.070000,hard,direct-terminal,0.000000,32,true
deep-dense-d5-8-s4,4,dense,13400896689310720169,5,240,0.070000,soft,direct-terminal,0.515000,32,true
deep-dense-d5-8-s4,4,dense,13400896689310720169,5,240,0.070000,2.0000,direct-terminal,0.260000,32,true
deep-dense-d5-8-s4,4,dense,13400896689310720169,5,240,0.070000,1.0000,direct-terminal,0.260000,32,true
deep-dense-d5-8-s4,4,dense,13400896689310720169,5,240,0.070000,hard,direct-terminal,0.125000,32,true
deep-dense-d5-8-s4,4,dense,15453320347936062484,5,960,0.035000,soft,direct-terminal,0.520000,32,true
deep-dense-d5-8-s4,4,dense,15453320347936062484,5,960,0.035000,2.0000,direct-terminal,0.270000,32,true
deep-dense-d5-8-s4,4,dense,15453320347936062484,5,960,0.035000,1.0000,direct-terminal,0.270000,32,true
deep-dense-d5-8-s4,4,dense,15453320347936062484,5,960,0.035000,hard,direct-terminal,0.000000,32,true
deep-dense-d5-8-s4,4,dense,8371261729603450923,5,960,0.035000,soft,direct-terminal,0.447500,32,true
deep-dense-d5-8-s4,4,dense,8371261729603450923,5,960,0.035000,2.0000,direct-terminal,0.262500,32,true
deep-dense-d5-8-s4,4,dense,8371261729603450923,5,960,0.035000,1.0000,direct-terminal,0.262500,32,true
deep-dense-d5-8-s4,4,dense,8371261729603450923,5,960,0.035000,hard,direct-terminal,0.000000,32,true
deep-dense-d5-8-s4,4,dense,10584633876018000958,5,960,0.035000,soft,direct-terminal,0.537500,32,true
deep-dense-d5-8-s4,4,dense,10584633876018000958,5,960,0.035000,2.0000,direct-terminal,0.232500,32,true
deep-dense-d5-8-s4,4,dense,10584633876018000958,5,960,0.035000,1.0000,direct-terminal,0.232500,32,true
deep-dense-d5-8-s4,4,dense,10584633876018000958,5,960,0.035000,hard,direct-terminal,0.000000,32,true
deep-dense-d5-8-s4,4,dense,3503703373795356757,5,960,0.035000,soft,direct-terminal,0.450000,32,true
deep-dense-d5-8-s4,4,dense,3503703373795356757,5,960,0.035000,2.0000,direct-terminal,0.195000,32,true
deep-dense-d5-8-s4,4,dense,3503703373795356757,5,960,0.035000,1.0000,direct-terminal,0.195000,32,true
deep-dense-d5-8-s4,4,dense,3503703373795356757,5,960,0.035000,hard,direct-terminal,0.000000,32,true
deep-dense-d5-8-s4,4,dense,6869996990457277544,5,960,0.035000,soft,direct-terminal,0.510000,32,true
deep-dense-d5-8-s4,4,dense,6869996990457277544,5,960,0.035000,2.0000,direct-terminal,0.277500,32,true
deep-dense-d5-8-s4,4,dense,6869996990457277544,5,960,0.035000,1.0000,direct-terminal,0.282500,32,true
deep-dense-d5-8-s4,4,dense,6869996990457277544,5,960,0.035000,hard,direct-terminal,0.142500,32,true
deep-dense-d5-8-s4,4,dense,18234682480328173695,5,960,0.035000,soft,direct-terminal,0.485000,32,true
deep-dense-d5-8-s4,4,dense,18234682480328173695,5,960,0.035000,2.0000,direct-terminal,0.255000,32,true
deep-dense-d5-8-s4,4,dense,18234682480328173695,5,960,0.035000,1.0000,direct-terminal,0.255000,32,true
deep-dense-d5-8-s4,4,dense,18234682480328173695,5,960,0.035000,hard,direct-terminal,0.142500,32,true
deep-dense-d5-8-s4,4,dense,2001310518681822354,5,960,0.035000,soft,direct-terminal,0.480000,32,true
deep-dense-d5-8-s4,4,dense,2001310518681822354,5,960,0.035000,2.0000,direct-terminal,0.260000,32,true
deep-dense-d5-8-s4,4,dense,2001310518681822354,5,960,0.035000,1.0000,direct-terminal,0.260000,32,true
deep-dense-d5-8-s4,4,dense,2001310518681822354,5,960,0.035000,hard,direct-terminal,0.000000,32,true
deep-dense-d5-8-s4,4,dense,13400896689310720169,5,960,0.035000,soft,direct-terminal,0.467500,32,true
deep-dense-d5-8-s4,4,dense,13400896689310720169,5,960,0.035000,2.0000,direct-terminal,0.260000,32,true
deep-dense-d5-8-s4,4,dense,13400896689310720169,5,960,0.035000,1.0000,direct-terminal,0.260000,32,true
deep-dense-d5-8-s4,4,dense,13400896689310720169,5,960,0.035000,hard,direct-terminal,0.000000,32,true
deep-dense-d5-8-s4,4,dense,15453320347936062484,5,960,0.070000,soft,direct-terminal,0.522500,32,true
deep-dense-d5-8-s4,4,dense,15453320347936062484,5,960,0.070000,2.0000,direct-terminal,0.260000,32,true
deep-dense-d5-8-s4,4,dense,15453320347936062484,5,960,0.070000,1.0000,direct-terminal,0.260000,32,true
deep-dense-d5-8-s4,4,dense,15453320347936062484,5,960,0.070000,hard,direct-terminal,0.000000,32,true
deep-dense-d5-8-s4,4,dense,8371261729603450923,5,960,0.070000,soft,direct-terminal,0.470000,32,true
deep-dense-d5-8-s4,4,dense,8371261729603450923,5,960,0.070000,2.0000,direct-terminal,0.245000,32,true
deep-dense-d5-8-s4,4,dense,8371261729603450923,5,960,0.070000,1.0000,direct-terminal,0.245000,32,true
deep-dense-d5-8-s4,4,dense,8371261729603450923,5,960,0.070000,hard,direct-terminal,0.000000,32,true
deep-dense-d5-8-s4,4,dense,10584633876018000958,5,960,0.070000,soft,direct-terminal,0.537500,32,true
deep-dense-d5-8-s4,4,dense,10584633876018000958,5,960,0.070000,2.0000,direct-terminal,0.267500,32,true
deep-dense-d5-8-s4,4,dense,10584633876018000958,5,960,0.070000,1.0000,direct-terminal,0.225000,32,true
deep-dense-d5-8-s4,4,dense,10584633876018000958,5,960,0.070000,hard,direct-terminal,0.000000,32,true
deep-dense-d5-8-s4,4,dense,3503703373795356757,5,960,0.070000,soft,direct-terminal,0.507500,32,true
deep-dense-d5-8-s4,4,dense,3503703373795356757,5,960,0.070000,2.0000,direct-terminal,0.195000,32,true
deep-dense-d5-8-s4,4,dense,3503703373795356757,5,960,0.070000,1.0000,direct-terminal,0.195000,32,true
deep-dense-d5-8-s4,4,dense,3503703373795356757,5,960,0.070000,hard,direct-terminal,0.000000,32,true
deep-dense-d5-8-s4,4,dense,6869996990457277544,5,960,0.070000,soft,direct-terminal,0.500000,32,true
deep-dense-d5-8-s4,4,dense,6869996990457277544,5,960,0.070000,2.0000,direct-terminal,0.277500,32,true
deep-dense-d5-8-s4,4,dense,6869996990457277544,5,960,0.070000,1.0000,direct-terminal,0.277500,32,true
deep-dense-d5-8-s4,4,dense,6869996990457277544,5,960,0.070000,hard,direct-terminal,0.000000,32,true
deep-dense-d5-8-s4,4,dense,18234682480328173695,5,960,0.070000,soft,direct-terminal,0.450000,32,true
deep-dense-d5-8-s4,4,dense,18234682480328173695,5,960,0.070000,2.0000,direct-terminal,0.255000,32,true
deep-dense-d5-8-s4,4,dense,18234682480328173695,5,960,0.070000,1.0000,direct-terminal,0.255000,32,true
deep-dense-d5-8-s4,4,dense,18234682480328173695,5,960,0.070000,hard,direct-terminal,0.000000,32,true
deep-dense-d5-8-s4,4,dense,2001310518681822354,5,960,0.070000,soft,direct-terminal,0.482500,32,true
deep-dense-d5-8-s4,4,dense,2001310518681822354,5,960,0.070000,2.0000,direct-terminal,0.262500,32,true
deep-dense-d5-8-s4,4,dense,2001310518681822354,5,960,0.070000,1.0000,direct-terminal,0.262500,32,true
deep-dense-d5-8-s4,4,dense,2001310518681822354,5,960,0.070000,hard,direct-terminal,0.215000,32,true
deep-dense-d5-8-s4,4,dense,13400896689310720169,5,960,0.070000,soft,direct-terminal,0.460000,32,true
deep-dense-d5-8-s4,4,dense,13400896689310720169,5,960,0.070000,2.0000,direct-terminal,0.260000,32,true
deep-dense-d5-8-s4,4,dense,13400896689310720169,5,960,0.070000,1.0000,direct-terminal,0.260000,32,true
deep-dense-d5-8-s4,4,dense,13400896689310720169,5,960,0.070000,hard,direct-terminal,0.000000,32,true
deep-dense-d5-8-s4,4,dense,15453320347936062484,6,240,0.035000,soft,direct-terminal,0.467500,32,true
deep-dense-d5-8-s4,4,dense,15453320347936062484,6,240,0.035000,2.0000,direct-terminal,0.245000,32,true
deep-dense-d5-8-s4,4,dense,15453320347936062484,6,240,0.035000,1.0000,direct-terminal,0.222500,32,true
deep-dense-d5-8-s4,4,dense,15453320347936062484,6,240,0.035000,hard,direct-terminal,0.505000,32,true
deep-dense-d5-8-s4,4,dense,8371261729603450923,6,240,0.035000,soft,direct-terminal,0.487500,32,true
deep-dense-d5-8-s4,4,dense,8371261729603450923,6,240,0.035000,2.0000,direct-terminal,0.235000,32,true
deep-dense-d5-8-s4,4,dense,8371261729603450923,6,240,0.035000,1.0000,direct-terminal,0.290000,32,true
deep-dense-d5-8-s4,4,dense,8371261729603450923,6,240,0.035000,hard,direct-terminal,0.530000,32,true
deep-dense-d5-8-s4,4,dense,10584633876018000958,6,240,0.035000,soft,direct-terminal,0.500000,32,true
deep-dense-d5-8-s4,4,dense,10584633876018000958,6,240,0.035000,2.0000,direct-terminal,0.250000,32,true
deep-dense-d5-8-s4,4,dense,10584633876018000958,6,240,0.035000,1.0000,direct-terminal,0.267500,32,true
deep-dense-d5-8-s4,4,dense,10584633876018000958,6,240,0.035000,hard,direct-terminal,0.557500,32,true
deep-dense-d5-8-s4,4,dense,3503703373795356757,6,240,0.035000,soft,direct-terminal,0.487500,32,true
deep-dense-d5-8-s4,4,dense,3503703373795356757,6,240,0.035000,2.0000,direct-terminal,0.257500,32,true
deep-dense-d5-8-s4,4,dense,3503703373795356757,6,240,0.035000,1.0000,direct-terminal,0.257500,32,true
deep-dense-d5-8-s4,4,dense,3503703373795356757,6,240,0.035000,hard,direct-terminal,0.492500,32,true
deep-dense-d5-8-s4,4,dense,6869996990457277544,6,240,0.035000,soft,direct-terminal,0.465000,32,true
deep-dense-d5-8-s4,4,dense,6869996990457277544,6,240,0.035000,2.0000,direct-terminal,0.237500,32,true
deep-dense-d5-8-s4,4,dense,6869996990457277544,6,240,0.035000,1.0000,direct-terminal,0.237500,32,true
deep-dense-d5-8-s4,4,dense,6869996990457277544,6,240,0.035000,hard,direct-terminal,0.485000,32,true
deep-dense-d5-8-s4,4,dense,18234682480328173695,6,240,0.035000,soft,direct-terminal,0.502500,32,true
deep-dense-d5-8-s4,4,dense,18234682480328173695,6,240,0.035000,2.0000,direct-terminal,0.227500,32,true
deep-dense-d5-8-s4,4,dense,18234682480328173695,6,240,0.035000,1.0000,direct-terminal,0.227500,32,true
deep-dense-d5-8-s4,4,dense,18234682480328173695,6,240,0.035000,hard,direct-terminal,0.515000,32,true
deep-dense-d5-8-s4,4,dense,2001310518681822354,6,240,0.035000,soft,direct-terminal,0.527500,32,true
deep-dense-d5-8-s4,4,dense,2001310518681822354,6,240,0.035000,2.0000,direct-terminal,0.225000,32,true
deep-dense-d5-8-s4,4,dense,2001310518681822354,6,240,0.035000,1.0000,direct-terminal,0.225000,32,true
deep-dense-d5-8-s4,4,dense,2001310518681822354,6,240,0.035000,hard,direct-terminal,0.520000,32,true
deep-dense-d5-8-s4,4,dense,13400896689310720169,6,240,0.035000,soft,direct-terminal,0.535000,32,true
deep-dense-d5-8-s4,4,dense,13400896689310720169,6,240,0.035000,2.0000,direct-terminal,0.277500,32,true
deep-dense-d5-8-s4,4,dense,13400896689310720169,6,240,0.035000,1.0000,direct-terminal,0.277500,32,true
deep-dense-d5-8-s4,4,dense,13400896689310720169,6,240,0.035000,hard,direct-terminal,0.480000,32,true
deep-dense-d5-8-s4,4,dense,15453320347936062484,6,240,0.070000,soft,direct-terminal,0.510000,32,true
deep-dense-d5-8-s4,4,dense,15453320347936062484,6,240,0.070000,2.0000,direct-terminal,0.245000,32,true
deep-dense-d5-8-s4,4,dense,15453320347936062484,6,240,0.070000,1.0000,direct-terminal,0.245000,32,true
deep-dense-d5-8-s4,4,dense,15453320347936062484,6,240,0.070000,hard,direct-terminal,0.520000,32,true
deep-dense-d5-8-s4,4,dense,8371261729603450923,6,240,0.070000,soft,direct-terminal,0.487500,32,true
deep-dense-d5-8-s4,4,dense,8371261729603450923,6,240,0.070000,2.0000,direct-terminal,0.255000,32,true
deep-dense-d5-8-s4,4,dense,8371261729603450923,6,240,0.070000,1.0000,direct-terminal,0.255000,32,true
deep-dense-d5-8-s4,4,dense,8371261729603450923,6,240,0.070000,hard,direct-terminal,0.487500,32,true
deep-dense-d5-8-s4,4,dense,10584633876018000958,6,240,0.070000,soft,direct-terminal,0.487500,32,true
deep-dense-d5-8-s4,4,dense,10584633876018000958,6,240,0.070000,2.0000,direct-terminal,0.232500,32,true
deep-dense-d5-8-s4,4,dense,10584633876018000958,6,240,0.070000,1.0000,direct-terminal,0.232500,32,true
deep-dense-d5-8-s4,4,dense,10584633876018000958,6,240,0.070000,hard,direct-terminal,0.487500,32,true
deep-dense-d5-8-s4,4,dense,3503703373795356757,6,240,0.070000,soft,direct-terminal,0.482500,32,true
deep-dense-d5-8-s4,4,dense,3503703373795356757,6,240,0.070000,2.0000,direct-terminal,0.217500,32,true
deep-dense-d5-8-s4,4,dense,3503703373795356757,6,240,0.070000,1.0000,direct-terminal,0.217500,32,true
deep-dense-d5-8-s4,4,dense,3503703373795356757,6,240,0.070000,hard,direct-terminal,0.452500,32,true
deep-dense-d5-8-s4,4,dense,6869996990457277544,6,240,0.070000,soft,direct-terminal,0.455000,32,true
deep-dense-d5-8-s4,4,dense,6869996990457277544,6,240,0.070000,2.0000,direct-terminal,0.200000,32,true
deep-dense-d5-8-s4,4,dense,6869996990457277544,6,240,0.070000,1.0000,direct-terminal,0.200000,32,true
deep-dense-d5-8-s4,4,dense,6869996990457277544,6,240,0.070000,hard,direct-terminal,0.475000,32,true
deep-dense-d5-8-s4,4,dense,18234682480328173695,6,240,0.070000,soft,direct-terminal,0.487500,32,true
deep-dense-d5-8-s4,4,dense,18234682480328173695,6,240,0.070000,2.0000,direct-terminal,0.220000,32,true
deep-dense-d5-8-s4,4,dense,18234682480328173695,6,240,0.070000,1.0000,direct-terminal,0.220000,32,true
deep-dense-d5-8-s4,4,dense,18234682480328173695,6,240,0.070000,hard,direct-terminal,0.512500,32,true
deep-dense-d5-8-s4,4,dense,2001310518681822354,6,240,0.070000,soft,direct-terminal,0.545000,32,true
deep-dense-d5-8-s4,4,dense,2001310518681822354,6,240,0.070000,2.0000,direct-terminal,0.225000,32,true
deep-dense-d5-8-s4,4,dense,2001310518681822354,6,240,0.070000,1.0000,direct-terminal,0.225000,32,true
deep-dense-d5-8-s4,4,dense,2001310518681822354,6,240,0.070000,hard,direct-terminal,0.532500,32,true
deep-dense-d5-8-s4,4,dense,13400896689310720169,6,240,0.070000,soft,direct-terminal,0.535000,32,true
deep-dense-d5-8-s4,4,dense,13400896689310720169,6,240,0.070000,2.0000,direct-terminal,0.250000,32,true
deep-dense-d5-8-s4,4,dense,13400896689310720169,6,240,0.070000,1.0000,direct-terminal,0.282500,32,true
deep-dense-d5-8-s4,4,dense,13400896689310720169,6,240,0.070000,hard,direct-terminal,0.535000,32,true
deep-dense-d5-8-s4,4,dense,15453320347936062484,6,960,0.035000,soft,direct-terminal,0.462500,32,true
deep-dense-d5-8-s4,4,dense,15453320347936062484,6,960,0.035000,2.0000,direct-terminal,0.257500,32,true
deep-dense-d5-8-s4,4,dense,15453320347936062484,6,960,0.035000,1.0000,direct-terminal,0.297500,32,true
deep-dense-d5-8-s4,4,dense,15453320347936062484,6,960,0.035000,hard,direct-terminal,0.450000,32,true
deep-dense-d5-8-s4,4,dense,8371261729603450923,6,960,0.035000,soft,direct-terminal,0.500000,32,true
deep-dense-d5-8-s4,4,dense,8371261729603450923,6,960,0.035000,2.0000,direct-terminal,0.262500,32,true
deep-dense-d5-8-s4,4,dense,8371261729603450923,6,960,0.035000,1.0000,direct-terminal,0.285000,32,true
deep-dense-d5-8-s4,4,dense,8371261729603450923,6,960,0.035000,hard,direct-terminal,0.532500,32,true
deep-dense-d5-8-s4,4,dense,10584633876018000958,6,960,0.035000,soft,direct-terminal,0.437500,32,true
deep-dense-d5-8-s4,4,dense,10584633876018000958,6,960,0.035000,2.0000,direct-terminal,0.235000,32,true
deep-dense-d5-8-s4,4,dense,10584633876018000958,6,960,0.035000,1.0000,direct-terminal,0.235000,32,true
deep-dense-d5-8-s4,4,dense,10584633876018000958,6,960,0.035000,hard,direct-terminal,0.435000,32,true
deep-dense-d5-8-s4,4,dense,3503703373795356757,6,960,0.035000,soft,direct-terminal,0.485000,32,true
deep-dense-d5-8-s4,4,dense,3503703373795356757,6,960,0.035000,2.0000,direct-terminal,0.257500,32,true
deep-dense-d5-8-s4,4,dense,3503703373795356757,6,960,0.035000,1.0000,direct-terminal,0.280000,32,true
deep-dense-d5-8-s4,4,dense,3503703373795356757,6,960,0.035000,hard,direct-terminal,0.462500,32,true
deep-dense-d5-8-s4,4,dense,6869996990457277544,6,960,0.035000,soft,direct-terminal,0.457500,32,true
deep-dense-d5-8-s4,4,dense,6869996990457277544,6,960,0.035000,2.0000,direct-terminal,0.275000,32,true
deep-dense-d5-8-s4,4,dense,6869996990457277544,6,960,0.035000,1.0000,direct-terminal,0.275000,32,true
deep-dense-d5-8-s4,4,dense,6869996990457277544,6,960,0.035000,hard,direct-terminal,0.505000,32,true
deep-dense-d5-8-s4,4,dense,18234682480328173695,6,960,0.035000,soft,direct-terminal,0.502500,32,true
deep-dense-d5-8-s4,4,dense,18234682480328173695,6,960,0.035000,2.0000,direct-terminal,0.247500,32,true
deep-dense-d5-8-s4,4,dense,18234682480328173695,6,960,0.035000,1.0000,direct-terminal,0.247500,32,true
deep-dense-d5-8-s4,4,dense,18234682480328173695,6,960,0.035000,hard,direct-terminal,0.465000,32,true
deep-dense-d5-8-s4,4,dense,2001310518681822354,6,960,0.035000,soft,direct-terminal,0.497500,32,true
deep-dense-d5-8-s4,4,dense,2001310518681822354,6,960,0.035000,2.0000,direct-terminal,0.225000,32,true
deep-dense-d5-8-s4,4,dense,2001310518681822354,6,960,0.035000,1.0000,direct-terminal,0.237500,32,true
deep-dense-d5-8-s4,4,dense,2001310518681822354,6,960,0.035000,hard,direct-terminal,0.540000,32,true
deep-dense-d5-8-s4,4,dense,13400896689310720169,6,960,0.035000,soft,direct-terminal,0.497500,32,true
deep-dense-d5-8-s4,4,dense,13400896689310720169,6,960,0.035000,2.0000,direct-terminal,0.277500,32,true
deep-dense-d5-8-s4,4,dense,13400896689310720169,6,960,0.035000,1.0000,direct-terminal,0.277500,32,true
deep-dense-d5-8-s4,4,dense,13400896689310720169,6,960,0.035000,hard,direct-terminal,0.475000,32,true
deep-dense-d5-8-s4,4,dense,15453320347936062484,6,960,0.070000,soft,direct-terminal,0.460000,32,true
deep-dense-d5-8-s4,4,dense,15453320347936062484,6,960,0.070000,2.0000,direct-terminal,0.217500,32,true
deep-dense-d5-8-s4,4,dense,15453320347936062484,6,960,0.070000,1.0000,direct-terminal,0.235000,32,true
deep-dense-d5-8-s4,4,dense,15453320347936062484,6,960,0.070000,hard,direct-terminal,0.457500,32,true
deep-dense-d5-8-s4,4,dense,8371261729603450923,6,960,0.070000,soft,direct-terminal,0.487500,32,true
deep-dense-d5-8-s4,4,dense,8371261729603450923,6,960,0.070000,2.0000,direct-terminal,0.262500,32,true
deep-dense-d5-8-s4,4,dense,8371261729603450923,6,960,0.070000,1.0000,direct-terminal,0.310000,32,true
deep-dense-d5-8-s4,4,dense,8371261729603450923,6,960,0.070000,hard,direct-terminal,0.520000,32,true
deep-dense-d5-8-s4,4,dense,10584633876018000958,6,960,0.070000,soft,direct-terminal,0.452500,32,true
deep-dense-d5-8-s4,4,dense,10584633876018000958,6,960,0.070000,2.0000,direct-terminal,0.235000,32,true
deep-dense-d5-8-s4,4,dense,10584633876018000958,6,960,0.070000,1.0000,direct-terminal,0.235000,32,true
deep-dense-d5-8-s4,4,dense,10584633876018000958,6,960,0.070000,hard,direct-terminal,0.535000,32,true
deep-dense-d5-8-s4,4,dense,3503703373795356757,6,960,0.070000,soft,direct-terminal,0.467500,32,true
deep-dense-d5-8-s4,4,dense,3503703373795356757,6,960,0.070000,2.0000,direct-terminal,0.265000,32,true
deep-dense-d5-8-s4,4,dense,3503703373795356757,6,960,0.070000,1.0000,direct-terminal,0.265000,32,true
deep-dense-d5-8-s4,4,dense,3503703373795356757,6,960,0.070000,hard,direct-terminal,0.492500,32,true
deep-dense-d5-8-s4,4,dense,6869996990457277544,6,960,0.070000,soft,direct-terminal,0.457500,32,true
deep-dense-d5-8-s4,4,dense,6869996990457277544,6,960,0.070000,2.0000,direct-terminal,0.270000,32,true
deep-dense-d5-8-s4,4,dense,6869996990457277544,6,960,0.070000,1.0000,direct-terminal,0.270000,32,true
deep-dense-d5-8-s4,4,dense,6869996990457277544,6,960,0.070000,hard,direct-terminal,0.485000,32,true
deep-dense-d5-8-s4,4,dense,18234682480328173695,6,960,0.070000,soft,direct-terminal,0.520000,32,true
deep-dense-d5-8-s4,4,dense,18234682480328173695,6,960,0.070000,2.0000,direct-terminal,0.265000,32,true
deep-dense-d5-8-s4,4,dense,18234682480328173695,6,960,0.070000,1.0000,direct-terminal,0.265000,32,true
deep-dense-d5-8-s4,4,dense,18234682480328173695,6,960,0.070000,hard,direct-terminal,0.490000,32,true
deep-dense-d5-8-s4,4,dense,2001310518681822354,6,960,0.070000,soft,direct-terminal,0.535000,32,true
deep-dense-d5-8-s4,4,dense,2001310518681822354,6,960,0.070000,2.0000,direct-terminal,0.225000,32,true
deep-dense-d5-8-s4,4,dense,2001310518681822354,6,960,0.070000,1.0000,direct-terminal,0.225000,32,true
deep-dense-d5-8-s4,4,dense,2001310518681822354,6,960,0.070000,hard,direct-terminal,0.532500,32,true
deep-dense-d5-8-s4,4,dense,13400896689310720169,6,960,0.070000,soft,direct-terminal,0.497500,32,true
deep-dense-d5-8-s4,4,dense,13400896689310720169,6,960,0.070000,2.0000,direct-terminal,0.250000,32,true
deep-dense-d5-8-s4,4,dense,13400896689310720169,6,960,0.070000,1.0000,direct-terminal,0.230000,32,true
deep-dense-d5-8-s4,4,dense,13400896689310720169,6,960,0.070000,hard,direct-terminal,0.490000,32,true
deep-dense-d5-8-s4,4,dense,15453320347936062484,7,240,0.035000,soft,direct-terminal,0.522500,32,true
deep-dense-d5-8-s4,4,dense,15453320347936062484,7,240,0.035000,2.0000,direct-terminal,0.227500,32,true
deep-dense-d5-8-s4,4,dense,15453320347936062484,7,240,0.035000,1.0000,direct-terminal,0.227500,32,true
deep-dense-d5-8-s4,4,dense,15453320347936062484,7,240,0.035000,hard,direct-terminal,0.000000,32,true
deep-dense-d5-8-s4,4,dense,8371261729603450923,7,240,0.035000,soft,direct-terminal,0.530000,32,true
deep-dense-d5-8-s4,4,dense,8371261729603450923,7,240,0.035000,2.0000,direct-terminal,0.217500,32,true
deep-dense-d5-8-s4,4,dense,8371261729603450923,7,240,0.035000,1.0000,direct-terminal,0.217500,32,true
deep-dense-d5-8-s4,4,dense,8371261729603450923,7,240,0.035000,hard,direct-terminal,0.000000,32,true
deep-dense-d5-8-s4,4,dense,10584633876018000958,7,240,0.035000,soft,direct-terminal,0.537500,32,true
deep-dense-d5-8-s4,4,dense,10584633876018000958,7,240,0.035000,2.0000,direct-terminal,0.252500,32,true
deep-dense-d5-8-s4,4,dense,10584633876018000958,7,240,0.035000,1.0000,direct-terminal,0.252500,32,true
deep-dense-d5-8-s4,4,dense,10584633876018000958,7,240,0.035000,hard,direct-terminal,0.000000,32,true
deep-dense-d5-8-s4,4,dense,3503703373795356757,7,240,0.035000,soft,direct-terminal,0.457500,32,true
deep-dense-d5-8-s4,4,dense,3503703373795356757,7,240,0.035000,2.0000,direct-terminal,0.255000,32,true
deep-dense-d5-8-s4,4,dense,3503703373795356757,7,240,0.035000,1.0000,direct-terminal,0.235000,32,true
deep-dense-d5-8-s4,4,dense,3503703373795356757,7,240,0.035000,hard,direct-terminal,0.000000,32,true
deep-dense-d5-8-s4,4,dense,6869996990457277544,7,240,0.035000,soft,direct-terminal,0.487500,32,true
deep-dense-d5-8-s4,4,dense,6869996990457277544,7,240,0.035000,2.0000,direct-terminal,0.282500,32,true
deep-dense-d5-8-s4,4,dense,6869996990457277544,7,240,0.035000,1.0000,direct-terminal,0.282500,32,true
deep-dense-d5-8-s4,4,dense,6869996990457277544,7,240,0.035000,hard,direct-terminal,0.000000,32,true
deep-dense-d5-8-s4,4,dense,18234682480328173695,7,240,0.035000,soft,direct-terminal,0.517500,32,true
deep-dense-d5-8-s4,4,dense,18234682480328173695,7,240,0.035000,2.0000,direct-terminal,0.267500,32,true
deep-dense-d5-8-s4,4,dense,18234682480328173695,7,240,0.035000,1.0000,direct-terminal,0.267500,32,true
deep-dense-d5-8-s4,4,dense,18234682480328173695,7,240,0.035000,hard,direct-terminal,0.000000,32,true
deep-dense-d5-8-s4,4,dense,2001310518681822354,7,240,0.035000,soft,direct-terminal,0.445000,32,true
deep-dense-d5-8-s4,4,dense,2001310518681822354,7,240,0.035000,2.0000,direct-terminal,0.242500,32,true
deep-dense-d5-8-s4,4,dense,2001310518681822354,7,240,0.035000,1.0000,direct-terminal,0.242500,32,true
deep-dense-d5-8-s4,4,dense,2001310518681822354,7,240,0.035000,hard,direct-terminal,0.000000,32,true
deep-dense-d5-8-s4,4,dense,13400896689310720169,7,240,0.035000,soft,direct-terminal,0.515000,32,true
deep-dense-d5-8-s4,4,dense,13400896689310720169,7,240,0.035000,2.0000,direct-terminal,0.225000,32,true
deep-dense-d5-8-s4,4,dense,13400896689310720169,7,240,0.035000,1.0000,direct-terminal,0.225000,32,true
deep-dense-d5-8-s4,4,dense,13400896689310720169,7,240,0.035000,hard,direct-terminal,0.000000,32,true
deep-dense-d5-8-s4,4,dense,15453320347936062484,7,240,0.070000,soft,direct-terminal,0.327500,32,true
deep-dense-d5-8-s4,4,dense,15453320347936062484,7,240,0.070000,2.0000,direct-terminal,0.265000,32,true
deep-dense-d5-8-s4,4,dense,15453320347936062484,7,240,0.070000,1.0000,direct-terminal,0.265000,32,true
deep-dense-d5-8-s4,4,dense,15453320347936062484,7,240,0.070000,hard,direct-terminal,0.140000,32,true
deep-dense-d5-8-s4,4,dense,8371261729603450923,7,240,0.070000,soft,direct-terminal,0.310000,32,true
deep-dense-d5-8-s4,4,dense,8371261729603450923,7,240,0.070000,2.0000,direct-terminal,0.217500,32,true
deep-dense-d5-8-s4,4,dense,8371261729603450923,7,240,0.070000,1.0000,direct-terminal,0.217500,32,true
deep-dense-d5-8-s4,4,dense,8371261729603450923,7,240,0.070000,hard,direct-terminal,0.250000,32,true
deep-dense-d5-8-s4,4,dense,10584633876018000958,7,240,0.070000,soft,direct-terminal,0.535000,32,true
deep-dense-d5-8-s4,4,dense,10584633876018000958,7,240,0.070000,2.0000,direct-terminal,0.252500,32,true
deep-dense-d5-8-s4,4,dense,10584633876018000958,7,240,0.070000,1.0000,direct-terminal,0.250000,32,true
deep-dense-d5-8-s4,4,dense,10584633876018000958,7,240,0.070000,hard,direct-terminal,0.000000,32,true
deep-dense-d5-8-s4,4,dense,3503703373795356757,7,240,0.070000,soft,direct-terminal,0.215000,32,true
deep-dense-d5-8-s4,4,dense,3503703373795356757,7,240,0.070000,2.0000,direct-terminal,0.215000,32,true
deep-dense-d5-8-s4,4,dense,3503703373795356757,7,240,0.070000,1.0000,direct-terminal,0.215000,32,true
deep-dense-d5-8-s4,4,dense,3503703373795356757,7,240,0.070000,hard,direct-terminal,0.215000,32,true
deep-dense-d5-8-s4,4,dense,6869996990457277544,7,240,0.070000,soft,direct-terminal,0.320000,32,true
deep-dense-d5-8-s4,4,dense,6869996990457277544,7,240,0.070000,2.0000,direct-terminal,0.242500,32,true
deep-dense-d5-8-s4,4,dense,6869996990457277544,7,240,0.070000,1.0000,direct-terminal,0.242500,32,true
deep-dense-d5-8-s4,4,dense,6869996990457277544,7,240,0.070000,hard,direct-terminal,0.257500,32,true
deep-dense-d5-8-s4,4,dense,18234682480328173695,7,240,0.070000,soft,direct-terminal,0.350000,32,true
deep-dense-d5-8-s4,4,dense,18234682480328173695,7,240,0.070000,2.0000,direct-terminal,0.267500,32,true
deep-dense-d5-8-s4,4,dense,18234682480328173695,7,240,0.070000,1.0000,direct-terminal,0.265000,32,true
deep-dense-d5-8-s4,4,dense,18234682480328173695,7,240,0.070000,hard,direct-terminal,0.257500,32,true
deep-dense-d5-8-s4,4,dense,2001310518681822354,7,240,0.070000,soft,direct-terminal,0.387500,32,true
deep-dense-d5-8-s4,4,dense,2001310518681822354,7,240,0.070000,2.0000,direct-terminal,0.260000,32,true
deep-dense-d5-8-s4,4,dense,2001310518681822354,7,240,0.070000,1.0000,direct-terminal,0.260000,32,true
deep-dense-d5-8-s4,4,dense,2001310518681822354,7,240,0.070000,hard,direct-terminal,0.000000,32,true
deep-dense-d5-8-s4,4,dense,13400896689310720169,7,240,0.070000,soft,direct-terminal,0.422500,32,true
deep-dense-d5-8-s4,4,dense,13400896689310720169,7,240,0.070000,2.0000,direct-terminal,0.232500,32,true
deep-dense-d5-8-s4,4,dense,13400896689310720169,7,240,0.070000,1.0000,direct-terminal,0.232500,32,true
deep-dense-d5-8-s4,4,dense,13400896689310720169,7,240,0.070000,hard,direct-terminal,0.000000,32,true
deep-dense-d5-8-s4,4,dense,15453320347936062484,7,960,0.035000,soft,direct-terminal,0.510000,32,true
deep-dense-d5-8-s4,4,dense,15453320347936062484,7,960,0.035000,2.0000,direct-terminal,0.225000,32,true
deep-dense-d5-8-s4,4,dense,15453320347936062484,7,960,0.035000,1.0000,direct-terminal,0.225000,32,true
deep-dense-d5-8-s4,4,dense,15453320347936062484,7,960,0.035000,hard,direct-terminal,0.000000,32,true
deep-dense-d5-8-s4,4,dense,8371261729603450923,7,960,0.035000,soft,direct-terminal,0.490000,32,true
deep-dense-d5-8-s4,4,dense,8371261729603450923,7,960,0.035000,2.0000,direct-terminal,0.217500,32,true
deep-dense-d5-8-s4,4,dense,8371261729603450923,7,960,0.035000,1.0000,direct-terminal,0.217500,32,true
deep-dense-d5-8-s4,4,dense,8371261729603450923,7,960,0.035000,hard,direct-terminal,0.000000,32,true
deep-dense-d5-8-s4,4,dense,10584633876018000958,7,960,0.035000,soft,direct-terminal,0.505000,32,true
deep-dense-d5-8-s4,4,dense,10584633876018000958,7,960,0.035000,2.0000,direct-terminal,0.222500,32,true
deep-dense-d5-8-s4,4,dense,10584633876018000958,7,960,0.035000,1.0000,direct-terminal,0.222500,32,true
deep-dense-d5-8-s4,4,dense,10584633876018000958,7,960,0.035000,hard,direct-terminal,0.000000,32,true
deep-dense-d5-8-s4,4,dense,3503703373795356757,7,960,0.035000,soft,direct-terminal,0.530000,32,true
deep-dense-d5-8-s4,4,dense,3503703373795356757,7,960,0.035000,2.0000,direct-terminal,0.242500,32,true
deep-dense-d5-8-s4,4,dense,3503703373795356757,7,960,0.035000,1.0000,direct-terminal,0.242500,32,true
deep-dense-d5-8-s4,4,dense,3503703373795356757,7,960,0.035000,hard,direct-terminal,0.000000,32,true
deep-dense-d5-8-s4,4,dense,6869996990457277544,7,960,0.035000,soft,direct-terminal,0.470000,32,true
deep-dense-d5-8-s4,4,dense,6869996990457277544,7,960,0.035000,2.0000,direct-terminal,0.250000,32,true
deep-dense-d5-8-s4,4,dense,6869996990457277544,7,960,0.035000,1.0000,direct-terminal,0.207500,32,true
deep-dense-d5-8-s4,4,dense,6869996990457277544,7,960,0.035000,hard,direct-terminal,0.000000,32,true
deep-dense-d5-8-s4,4,dense,18234682480328173695,7,960,0.035000,soft,direct-terminal,0.507500,32,true
deep-dense-d5-8-s4,4,dense,18234682480328173695,7,960,0.035000,2.0000,direct-terminal,0.257500,32,true
deep-dense-d5-8-s4,4,dense,18234682480328173695,7,960,0.035000,1.0000,direct-terminal,0.257500,32,true
deep-dense-d5-8-s4,4,dense,18234682480328173695,7,960,0.035000,hard,direct-terminal,0.000000,32,true
deep-dense-d5-8-s4,4,dense,2001310518681822354,7,960,0.035000,soft,direct-terminal,0.505000,32,true
deep-dense-d5-8-s4,4,dense,2001310518681822354,7,960,0.035000,2.0000,direct-terminal,0.242500,32,true
deep-dense-d5-8-s4,4,dense,2001310518681822354,7,960,0.035000,1.0000,direct-terminal,0.242500,32,true
deep-dense-d5-8-s4,4,dense,2001310518681822354,7,960,0.035000,hard,direct-terminal,0.000000,32,true
deep-dense-d5-8-s4,4,dense,13400896689310720169,7,960,0.035000,soft,direct-terminal,0.527500,32,true
deep-dense-d5-8-s4,4,dense,13400896689310720169,7,960,0.035000,2.0000,direct-terminal,0.225000,32,true
deep-dense-d5-8-s4,4,dense,13400896689310720169,7,960,0.035000,1.0000,direct-terminal,0.225000,32,true
deep-dense-d5-8-s4,4,dense,13400896689310720169,7,960,0.035000,hard,direct-terminal,0.000000,32,true
deep-dense-d5-8-s4,4,dense,15453320347936062484,7,960,0.070000,soft,direct-terminal,0.517500,32,true
deep-dense-d5-8-s4,4,dense,15453320347936062484,7,960,0.070000,2.0000,direct-terminal,0.230000,32,true
deep-dense-d5-8-s4,4,dense,15453320347936062484,7,960,0.070000,1.0000,direct-terminal,0.230000,32,true
deep-dense-d5-8-s4,4,dense,15453320347936062484,7,960,0.070000,hard,direct-terminal,0.285000,32,true
deep-dense-d5-8-s4,4,dense,8371261729603450923,7,960,0.070000,soft,direct-terminal,0.355000,32,true
deep-dense-d5-8-s4,4,dense,8371261729603450923,7,960,0.070000,2.0000,direct-terminal,0.232500,32,true
deep-dense-d5-8-s4,4,dense,8371261729603450923,7,960,0.070000,1.0000,direct-terminal,0.232500,32,true
deep-dense-d5-8-s4,4,dense,8371261729603450923,7,960,0.070000,hard,direct-terminal,0.242500,32,true
deep-dense-d5-8-s4,4,dense,10584633876018000958,7,960,0.070000,soft,direct-terminal,0.267500,32,true
deep-dense-d5-8-s4,4,dense,10584633876018000958,7,960,0.070000,2.0000,direct-terminal,0.230000,32,true
deep-dense-d5-8-s4,4,dense,10584633876018000958,7,960,0.070000,1.0000,direct-terminal,0.230000,32,true
deep-dense-d5-8-s4,4,dense,10584633876018000958,7,960,0.070000,hard,direct-terminal,0.292500,32,true
deep-dense-d5-8-s4,4,dense,3503703373795356757,7,960,0.070000,soft,direct-terminal,0.215000,32,true
deep-dense-d5-8-s4,4,dense,3503703373795356757,7,960,0.070000,2.0000,direct-terminal,0.215000,32,true
deep-dense-d5-8-s4,4,dense,3503703373795356757,7,960,0.070000,1.0000,direct-terminal,0.215000,32,true
deep-dense-d5-8-s4,4,dense,3503703373795356757,7,960,0.070000,hard,direct-terminal,0.215000,32,true
deep-dense-d5-8-s4,4,dense,6869996990457277544,7,960,0.070000,soft,direct-terminal,0.230000,32,true
deep-dense-d5-8-s4,4,dense,6869996990457277544,7,960,0.070000,2.0000,direct-terminal,0.210000,32,true
deep-dense-d5-8-s4,4,dense,6869996990457277544,7,960,0.070000,1.0000,direct-terminal,0.210000,32,true
deep-dense-d5-8-s4,4,dense,6869996990457277544,7,960,0.070000,hard,direct-terminal,0.180000,32,true
deep-dense-d5-8-s4,4,dense,18234682480328173695,7,960,0.070000,soft,direct-terminal,0.302500,32,true
deep-dense-d5-8-s4,4,dense,18234682480328173695,7,960,0.070000,2.0000,direct-terminal,0.237500,32,true
deep-dense-d5-8-s4,4,dense,18234682480328173695,7,960,0.070000,1.0000,direct-terminal,0.237500,32,true
deep-dense-d5-8-s4,4,dense,18234682480328173695,7,960,0.070000,hard,direct-terminal,0.265000,32,true
deep-dense-d5-8-s4,4,dense,2001310518681822354,7,960,0.070000,soft,direct-terminal,0.385000,32,true
deep-dense-d5-8-s4,4,dense,2001310518681822354,7,960,0.070000,2.0000,direct-terminal,0.250000,32,true
deep-dense-d5-8-s4,4,dense,2001310518681822354,7,960,0.070000,1.0000,direct-terminal,0.250000,32,true
deep-dense-d5-8-s4,4,dense,2001310518681822354,7,960,0.070000,hard,direct-terminal,0.270000,32,true
deep-dense-d5-8-s4,4,dense,13400896689310720169,7,960,0.070000,soft,direct-terminal,0.225000,32,true
deep-dense-d5-8-s4,4,dense,13400896689310720169,7,960,0.070000,2.0000,direct-terminal,0.225000,32,true
deep-dense-d5-8-s4,4,dense,13400896689310720169,7,960,0.070000,1.0000,direct-terminal,0.225000,32,true
deep-dense-d5-8-s4,4,dense,13400896689310720169,7,960,0.070000,hard,direct-terminal,0.225000,32,true
deep-dense-d5-8-s4,4,dense,15453320347936062484,8,240,0.035000,soft,direct-terminal,0.490000,32,true
deep-dense-d5-8-s4,4,dense,15453320347936062484,8,240,0.035000,2.0000,direct-terminal,0.240000,32,true
deep-dense-d5-8-s4,4,dense,15453320347936062484,8,240,0.035000,1.0000,direct-terminal,0.240000,32,true
deep-dense-d5-8-s4,4,dense,15453320347936062484,8,240,0.035000,hard,direct-terminal,0.547500,32,true
deep-dense-d5-8-s4,4,dense,8371261729603450923,8,240,0.035000,soft,direct-terminal,0.537500,32,true
deep-dense-d5-8-s4,4,dense,8371261729603450923,8,240,0.035000,2.0000,direct-terminal,0.265000,32,true
deep-dense-d5-8-s4,4,dense,8371261729603450923,8,240,0.035000,1.0000,direct-terminal,0.265000,32,true
deep-dense-d5-8-s4,4,dense,8371261729603450923,8,240,0.035000,hard,direct-terminal,0.457500,32,true
deep-dense-d5-8-s4,4,dense,10584633876018000958,8,240,0.035000,soft,direct-terminal,0.535000,32,true
deep-dense-d5-8-s4,4,dense,10584633876018000958,8,240,0.035000,2.0000,direct-terminal,0.255000,32,true
deep-dense-d5-8-s4,4,dense,10584633876018000958,8,240,0.035000,1.0000,direct-terminal,0.255000,32,true
deep-dense-d5-8-s4,4,dense,10584633876018000958,8,240,0.035000,hard,direct-terminal,0.462500,32,true
deep-dense-d5-8-s4,4,dense,3503703373795356757,8,240,0.035000,soft,direct-terminal,0.497500,32,true
deep-dense-d5-8-s4,4,dense,3503703373795356757,8,240,0.035000,2.0000,direct-terminal,0.227500,32,true
deep-dense-d5-8-s4,4,dense,3503703373795356757,8,240,0.035000,1.0000,direct-terminal,0.220000,32,true
deep-dense-d5-8-s4,4,dense,3503703373795356757,8,240,0.035000,hard,direct-terminal,0.510000,32,true
deep-dense-d5-8-s4,4,dense,6869996990457277544,8,240,0.035000,soft,direct-terminal,0.512500,32,true
deep-dense-d5-8-s4,4,dense,6869996990457277544,8,240,0.035000,2.0000,direct-terminal,0.257500,32,true
deep-dense-d5-8-s4,4,dense,6869996990457277544,8,240,0.035000,1.0000,direct-terminal,0.250000,32,true
deep-dense-d5-8-s4,4,dense,6869996990457277544,8,240,0.035000,hard,direct-terminal,0.470000,32,true
deep-dense-d5-8-s4,4,dense,18234682480328173695,8,240,0.035000,soft,direct-terminal,0.505000,32,true
deep-dense-d5-8-s4,4,dense,18234682480328173695,8,240,0.035000,2.0000,direct-terminal,0.235000,32,true
deep-dense-d5-8-s4,4,dense,18234682480328173695,8,240,0.035000,1.0000,direct-terminal,0.235000,32,true
deep-dense-d5-8-s4,4,dense,18234682480328173695,8,240,0.035000,hard,direct-terminal,0.470000,32,true
deep-dense-d5-8-s4,4,dense,2001310518681822354,8,240,0.035000,soft,direct-terminal,0.500000,32,true
deep-dense-d5-8-s4,4,dense,2001310518681822354,8,240,0.035000,2.0000,direct-terminal,0.247500,32,true
deep-dense-d5-8-s4,4,dense,2001310518681822354,8,240,0.035000,1.0000,direct-terminal,0.247500,32,true
deep-dense-d5-8-s4,4,dense,2001310518681822354,8,240,0.035000,hard,direct-terminal,0.527500,32,true
deep-dense-d5-8-s4,4,dense,13400896689310720169,8,240,0.035000,soft,direct-terminal,0.505000,32,true
deep-dense-d5-8-s4,4,dense,13400896689310720169,8,240,0.035000,2.0000,direct-terminal,0.230000,32,true
deep-dense-d5-8-s4,4,dense,13400896689310720169,8,240,0.035000,1.0000,direct-terminal,0.230000,32,true
deep-dense-d5-8-s4,4,dense,13400896689310720169,8,240,0.035000,hard,direct-terminal,0.530000,32,true
deep-dense-d5-8-s4,4,dense,15453320347936062484,8,240,0.070000,soft,direct-terminal,0.287500,32,true
deep-dense-d5-8-s4,4,dense,15453320347936062484,8,240,0.070000,2.0000,direct-terminal,0.287500,32,true
deep-dense-d5-8-s4,4,dense,15453320347936062484,8,240,0.070000,1.0000,direct-terminal,0.287500,32,true
deep-dense-d5-8-s4,4,dense,15453320347936062484,8,240,0.070000,hard,direct-terminal,0.287500,32,true
deep-dense-d5-8-s4,4,dense,8371261729603450923,8,240,0.070000,soft,direct-terminal,0.247500,32,true
deep-dense-d5-8-s4,4,dense,8371261729603450923,8,240,0.070000,2.0000,direct-terminal,0.257500,32,true
deep-dense-d5-8-s4,4,dense,8371261729603450923,8,240,0.070000,1.0000,direct-terminal,0.257500,32,true
deep-dense-d5-8-s4,4,dense,8371261729603450923,8,240,0.070000,hard,direct-terminal,0.235000,32,true
deep-dense-d5-8-s4,4,dense,10584633876018000958,8,240,0.070000,soft,direct-terminal,0.250000,32,true
deep-dense-d5-8-s4,4,dense,10584633876018000958,8,240,0.070000,2.0000,direct-terminal,0.222500,32,true
deep-dense-d5-8-s4,4,dense,10584633876018000958,8,240,0.070000,1.0000,direct-terminal,0.222500,32,true
deep-dense-d5-8-s4,4,dense,10584633876018000958,8,240,0.070000,hard,direct-terminal,0.230000,32,true
deep-dense-d5-8-s4,4,dense,3503703373795356757,8,240,0.070000,soft,direct-terminal,0.455000,32,true
deep-dense-d5-8-s4,4,dense,3503703373795356757,8,240,0.070000,2.0000,direct-terminal,0.220000,32,true
deep-dense-d5-8-s4,4,dense,3503703373795356757,8,240,0.070000,1.0000,direct-terminal,0.220000,32,true
deep-dense-d5-8-s4,4,dense,3503703373795356757,8,240,0.070000,hard,direct-terminal,0.227500,32,true
deep-dense-d5-8-s4,4,dense,6869996990457277544,8,240,0.070000,soft,direct-terminal,0.310000,32,true
deep-dense-d5-8-s4,4,dense,6869996990457277544,8,240,0.070000,2.0000,direct-terminal,0.272500,32,true
deep-dense-d5-8-s4,4,dense,6869996990457277544,8,240,0.070000,1.0000,direct-terminal,0.272500,32,true
deep-dense-d5-8-s4,4,dense,6869996990457277544,8,240,0.070000,hard,direct-terminal,0.267500,32,true
deep-dense-d5-8-s4,4,dense,18234682480328173695,8,240,0.070000,soft,direct-terminal,0.342500,32,true
deep-dense-d5-8-s4,4,dense,18234682480328173695,8,240,0.070000,2.0000,direct-terminal,0.200000,32,true
deep-dense-d5-8-s4,4,dense,18234682480328173695,8,240,0.070000,1.0000,direct-terminal,0.200000,32,true
deep-dense-d5-8-s4,4,dense,18234682480328173695,8,240,0.070000,hard,direct-terminal,0.242500,32,true
deep-dense-d5-8-s4,4,dense,2001310518681822354,8,240,0.070000,soft,direct-terminal,0.202500,32,true
deep-dense-d5-8-s4,4,dense,2001310518681822354,8,240,0.070000,2.0000,direct-terminal,0.237500,32,true
deep-dense-d5-8-s4,4,dense,2001310518681822354,8,240,0.070000,1.0000,direct-terminal,0.237500,32,true
deep-dense-d5-8-s4,4,dense,2001310518681822354,8,240,0.070000,hard,direct-terminal,0.280000,32,true
deep-dense-d5-8-s4,4,dense,13400896689310720169,8,240,0.070000,soft,direct-terminal,0.230000,32,true
deep-dense-d5-8-s4,4,dense,13400896689310720169,8,240,0.070000,2.0000,direct-terminal,0.270000,32,true
deep-dense-d5-8-s4,4,dense,13400896689310720169,8,240,0.070000,1.0000,direct-terminal,0.270000,32,true
deep-dense-d5-8-s4,4,dense,13400896689310720169,8,240,0.070000,hard,direct-terminal,0.285000,32,true
deep-dense-d5-8-s4,4,dense,15453320347936062484,8,960,0.035000,soft,direct-terminal,0.452500,32,true
deep-dense-d5-8-s4,4,dense,15453320347936062484,8,960,0.035000,2.0000,direct-terminal,0.270000,32,true
deep-dense-d5-8-s4,4,dense,15453320347936062484,8,960,0.035000,1.0000,direct-terminal,0.270000,32,true
deep-dense-d5-8-s4,4,dense,15453320347936062484,8,960,0.035000,hard,direct-terminal,0.487500,32,true
deep-dense-d5-8-s4,4,dense,8371261729603450923,8,960,0.035000,soft,direct-terminal,0.442500,32,true
deep-dense-d5-8-s4,4,dense,8371261729603450923,8,960,0.035000,2.0000,direct-terminal,0.197500,32,true
deep-dense-d5-8-s4,4,dense,8371261729603450923,8,960,0.035000,1.0000,direct-terminal,0.197500,32,true
deep-dense-d5-8-s4,4,dense,8371261729603450923,8,960,0.035000,hard,direct-terminal,0.465000,32,true
deep-dense-d5-8-s4,4,dense,10584633876018000958,8,960,0.035000,soft,direct-terminal,0.465000,32,true
deep-dense-d5-8-s4,4,dense,10584633876018000958,8,960,0.035000,2.0000,direct-terminal,0.270000,32,true
deep-dense-d5-8-s4,4,dense,10584633876018000958,8,960,0.035000,1.0000,direct-terminal,0.270000,32,true
deep-dense-d5-8-s4,4,dense,10584633876018000958,8,960,0.035000,hard,direct-terminal,0.485000,32,true
deep-dense-d5-8-s4,4,dense,3503703373795356757,8,960,0.035000,soft,direct-terminal,0.487500,32,true
deep-dense-d5-8-s4,4,dense,3503703373795356757,8,960,0.035000,2.0000,direct-terminal,0.245000,32,true
deep-dense-d5-8-s4,4,dense,3503703373795356757,8,960,0.035000,1.0000,direct-terminal,0.245000,32,true
deep-dense-d5-8-s4,4,dense,3503703373795356757,8,960,0.035000,hard,direct-terminal,0.532500,32,true
deep-dense-d5-8-s4,4,dense,6869996990457277544,8,960,0.035000,soft,direct-terminal,0.515000,32,true
deep-dense-d5-8-s4,4,dense,6869996990457277544,8,960,0.035000,2.0000,direct-terminal,0.257500,32,true
deep-dense-d5-8-s4,4,dense,6869996990457277544,8,960,0.035000,1.0000,direct-terminal,0.257500,32,true
deep-dense-d5-8-s4,4,dense,6869996990457277544,8,960,0.035000,hard,direct-terminal,0.507500,32,true
deep-dense-d5-8-s4,4,dense,18234682480328173695,8,960,0.035000,soft,direct-terminal,0.465000,32,true
deep-dense-d5-8-s4,4,dense,18234682480328173695,8,960,0.035000,2.0000,direct-terminal,0.260000,32,true
deep-dense-d5-8-s4,4,dense,18234682480328173695,8,960,0.035000,1.0000,direct-terminal,0.260000,32,true
deep-dense-d5-8-s4,4,dense,18234682480328173695,8,960,0.035000,hard,direct-terminal,0.460000,32,true
deep-dense-d5-8-s4,4,dense,2001310518681822354,8,960,0.035000,soft,direct-terminal,0.517500,32,true
deep-dense-d5-8-s4,4,dense,2001310518681822354,8,960,0.035000,2.0000,direct-terminal,0.272500,32,true
deep-dense-d5-8-s4,4,dense,2001310518681822354,8,960,0.035000,1.0000,direct-terminal,0.272500,32,true
deep-dense-d5-8-s4,4,dense,2001310518681822354,8,960,0.035000,hard,direct-terminal,0.495000,32,true
deep-dense-d5-8-s4,4,dense,13400896689310720169,8,960,0.035000,soft,direct-terminal,0.490000,32,true
deep-dense-d5-8-s4,4,dense,13400896689310720169,8,960,0.035000,2.0000,direct-terminal,0.235000,32,true
deep-dense-d5-8-s4,4,dense,13400896689310720169,8,960,0.035000,1.0000,direct-terminal,0.235000,32,true
deep-dense-d5-8-s4,4,dense,13400896689310720169,8,960,0.035000,hard,direct-terminal,0.495000,32,true
deep-dense-d5-8-s4,4,dense,15453320347936062484,8,960,0.070000,soft,direct-terminal,0.287500,32,true
deep-dense-d5-8-s4,4,dense,15453320347936062484,8,960,0.070000,2.0000,direct-terminal,0.287500,32,true
deep-dense-d5-8-s4,4,dense,15453320347936062484,8,960,0.070000,1.0000,direct-terminal,0.287500,32,true
deep-dense-d5-8-s4,4,dense,15453320347936062484,8,960,0.070000,hard,direct-terminal,0.287500,32,true
deep-dense-d5-8-s4,4,dense,8371261729603450923,8,960,0.070000,soft,direct-terminal,0.282500,32,true
deep-dense-d5-8-s4,4,dense,8371261729603450923,8,960,0.070000,2.0000,direct-terminal,0.257500,32,true
deep-dense-d5-8-s4,4,dense,8371261729603450923,8,960,0.070000,1.0000,direct-terminal,0.257500,32,true
deep-dense-d5-8-s4,4,dense,8371261729603450923,8,960,0.070000,hard,direct-terminal,0.235000,32,true
deep-dense-d5-8-s4,4,dense,10584633876018000958,8,960,0.070000,soft,direct-terminal,0.230000,32,true
deep-dense-d5-8-s4,4,dense,10584633876018000958,8,960,0.070000,2.0000,direct-terminal,0.222500,32,true
deep-dense-d5-8-s4,4,dense,10584633876018000958,8,960,0.070000,1.0000,direct-terminal,0.222500,32,true
deep-dense-d5-8-s4,4,dense,10584633876018000958,8,960,0.070000,hard,direct-terminal,0.245000,32,true
deep-dense-d5-8-s4,4,dense,3503703373795356757,8,960,0.070000,soft,direct-terminal,0.272500,32,true
deep-dense-d5-8-s4,4,dense,3503703373795356757,8,960,0.070000,2.0000,direct-terminal,0.272500,32,true
deep-dense-d5-8-s4,4,dense,3503703373795356757,8,960,0.070000,1.0000,direct-terminal,0.272500,32,true
deep-dense-d5-8-s4,4,dense,3503703373795356757,8,960,0.070000,hard,direct-terminal,0.272500,32,true
deep-dense-d5-8-s4,4,dense,6869996990457277544,8,960,0.070000,soft,direct-terminal,0.360000,32,true
deep-dense-d5-8-s4,4,dense,6869996990457277544,8,960,0.070000,2.0000,direct-terminal,0.272500,32,true
deep-dense-d5-8-s4,4,dense,6869996990457277544,8,960,0.070000,1.0000,direct-terminal,0.272500,32,true
deep-dense-d5-8-s4,4,dense,6869996990457277544,8,960,0.070000,hard,direct-terminal,0.277500,32,true
deep-dense-d5-8-s4,4,dense,18234682480328173695,8,960,0.070000,soft,direct-terminal,0.245000,32,true
deep-dense-d5-8-s4,4,dense,18234682480328173695,8,960,0.070000,2.0000,direct-terminal,0.235000,32,true
deep-dense-d5-8-s4,4,dense,18234682480328173695,8,960,0.070000,1.0000,direct-terminal,0.235000,32,true
deep-dense-d5-8-s4,4,dense,18234682480328173695,8,960,0.070000,hard,direct-terminal,0.207500,32,true
deep-dense-d5-8-s4,4,dense,2001310518681822354,8,960,0.070000,soft,direct-terminal,0.267500,32,true
deep-dense-d5-8-s4,4,dense,2001310518681822354,8,960,0.070000,2.0000,direct-terminal,0.237500,32,true
deep-dense-d5-8-s4,4,dense,2001310518681822354,8,960,0.070000,1.0000,direct-terminal,0.237500,32,true
deep-dense-d5-8-s4,4,dense,2001310518681822354,8,960,0.070000,hard,direct-terminal,0.270000,32,true
deep-dense-d5-8-s4,4,dense,13400896689310720169,8,960,0.070000,soft,direct-terminal,0.255000,32,true
deep-dense-d5-8-s4,4,dense,13400896689310720169,8,960,0.070000,2.0000,direct-terminal,0.255000,32,true
deep-dense-d5-8-s4,4,dense,13400896689310720169,8,960,0.070000,1.0000,direct-terminal,0.255000,32,true
deep-dense-d5-8-s4,4,dense,13400896689310720169,8,960,0.070000,hard,direct-terminal,0.255000,32,true
deep-dense-d5-8-s4,4,dense,15453320347936062484,5,960,0.035000,soft,privileged-intermediate-target,1.000000,32,true
deep-dense-d5-8-s4,4,dense,15453320347936062484,5,960,0.035000,2.0000,privileged-intermediate-target,1.000000,32,true
deep-dense-d5-8-s4,4,dense,15453320347936062484,5,960,0.035000,1.0000,privileged-intermediate-target,1.000000,32,true
deep-dense-d5-8-s4,4,dense,15453320347936062484,5,960,0.035000,hard,privileged-intermediate-target,1.000000,32,true
deep-dense-d5-8-s4,4,dense,15453320347936062484,5,960,0.035000,soft,shuffled-label,0.000000,32,true
deep-dense-d5-8-s4,4,dense,15453320347936062484,5,960,0.035000,2.0000,shuffled-label,0.235000,32,true
deep-dense-d5-8-s4,4,dense,15453320347936062484,5,960,0.035000,1.0000,shuffled-label,0.140000,32,true
deep-dense-d5-8-s4,4,dense,15453320347936062484,5,960,0.035000,hard,shuffled-label,0.000000,32,true
deep-dense-d5-8-s4,4,dense,8371261729603450923,5,960,0.035000,soft,privileged-intermediate-target,1.000000,32,true
deep-dense-d5-8-s4,4,dense,8371261729603450923,5,960,0.035000,2.0000,privileged-intermediate-target,1.000000,32,true
deep-dense-d5-8-s4,4,dense,8371261729603450923,5,960,0.035000,1.0000,privileged-intermediate-target,1.000000,32,true
deep-dense-d5-8-s4,4,dense,8371261729603450923,5,960,0.035000,hard,privileged-intermediate-target,1.000000,32,true
deep-dense-d5-8-s4,4,dense,8371261729603450923,5,960,0.035000,soft,shuffled-label,0.000000,32,true
deep-dense-d5-8-s4,4,dense,8371261729603450923,5,960,0.035000,2.0000,shuffled-label,0.235000,32,true
deep-dense-d5-8-s4,4,dense,8371261729603450923,5,960,0.035000,1.0000,shuffled-label,0.187500,32,true
deep-dense-d5-8-s4,4,dense,8371261729603450923,5,960,0.035000,hard,shuffled-label,0.000000,32,true
deep-dense-d5-8-s4,4,dense,10584633876018000958,5,960,0.035000,soft,privileged-intermediate-target,1.000000,32,true
deep-dense-d5-8-s4,4,dense,10584633876018000958,5,960,0.035000,2.0000,privileged-intermediate-target,1.000000,32,true
deep-dense-d5-8-s4,4,dense,10584633876018000958,5,960,0.035000,1.0000,privileged-intermediate-target,1.000000,32,true
deep-dense-d5-8-s4,4,dense,10584633876018000958,5,960,0.035000,hard,privileged-intermediate-target,1.000000,32,true
deep-dense-d5-8-s4,4,dense,10584633876018000958,5,960,0.035000,soft,shuffled-label,0.000000,32,true
deep-dense-d5-8-s4,4,dense,10584633876018000958,5,960,0.035000,2.0000,shuffled-label,0.267500,32,true
deep-dense-d5-8-s4,4,dense,10584633876018000958,5,960,0.035000,1.0000,shuffled-label,0.167500,32,true
deep-dense-d5-8-s4,4,dense,10584633876018000958,5,960,0.035000,hard,shuffled-label,0.000000,32,true
deep-dense-d5-8-s4,4,dense,3503703373795356757,5,960,0.035000,soft,privileged-intermediate-target,1.000000,32,true
deep-dense-d5-8-s4,4,dense,3503703373795356757,5,960,0.035000,2.0000,privileged-intermediate-target,1.000000,32,true
deep-dense-d5-8-s4,4,dense,3503703373795356757,5,960,0.035000,1.0000,privileged-intermediate-target,1.000000,32,true
deep-dense-d5-8-s4,4,dense,3503703373795356757,5,960,0.035000,hard,privileged-intermediate-target,1.000000,32,true
deep-dense-d5-8-s4,4,dense,3503703373795356757,5,960,0.035000,soft,shuffled-label,0.000000,32,true
deep-dense-d5-8-s4,4,dense,3503703373795356757,5,960,0.035000,2.0000,shuffled-label,0.222500,32,true
deep-dense-d5-8-s4,4,dense,3503703373795356757,5,960,0.035000,1.0000,shuffled-label,0.130000,32,true
deep-dense-d5-8-s4,4,dense,3503703373795356757,5,960,0.035000,hard,shuffled-label,0.000000,32,true
deep-dense-d5-8-s4,4,dense,6869996990457277544,5,960,0.035000,soft,privileged-intermediate-target,1.000000,32,true
deep-dense-d5-8-s4,4,dense,6869996990457277544,5,960,0.035000,2.0000,privileged-intermediate-target,1.000000,32,true
deep-dense-d5-8-s4,4,dense,6869996990457277544,5,960,0.035000,1.0000,privileged-intermediate-target,1.000000,32,true
deep-dense-d5-8-s4,4,dense,6869996990457277544,5,960,0.035000,hard,privileged-intermediate-target,1.000000,32,true
deep-dense-d5-8-s4,4,dense,6869996990457277544,5,960,0.035000,soft,shuffled-label,0.000000,32,true
deep-dense-d5-8-s4,4,dense,6869996990457277544,5,960,0.035000,2.0000,shuffled-label,0.212500,32,true
deep-dense-d5-8-s4,4,dense,6869996990457277544,5,960,0.035000,1.0000,shuffled-label,0.000000,32,true
deep-dense-d5-8-s4,4,dense,6869996990457277544,5,960,0.035000,hard,shuffled-label,0.000000,32,true
deep-dense-d5-8-s4,4,dense,18234682480328173695,5,960,0.035000,soft,privileged-intermediate-target,1.000000,32,true
deep-dense-d5-8-s4,4,dense,18234682480328173695,5,960,0.035000,2.0000,privileged-intermediate-target,1.000000,32,true
deep-dense-d5-8-s4,4,dense,18234682480328173695,5,960,0.035000,1.0000,privileged-intermediate-target,1.000000,32,true
deep-dense-d5-8-s4,4,dense,18234682480328173695,5,960,0.035000,hard,privileged-intermediate-target,1.000000,32,true
deep-dense-d5-8-s4,4,dense,18234682480328173695,5,960,0.035000,soft,shuffled-label,0.000000,32,true
deep-dense-d5-8-s4,4,dense,18234682480328173695,5,960,0.035000,2.0000,shuffled-label,0.205000,32,true
deep-dense-d5-8-s4,4,dense,18234682480328173695,5,960,0.035000,1.0000,shuffled-label,0.157500,32,true
deep-dense-d5-8-s4,4,dense,18234682480328173695,5,960,0.035000,hard,shuffled-label,0.000000,32,true
deep-dense-d5-8-s4,4,dense,2001310518681822354,5,960,0.035000,soft,privileged-intermediate-target,1.000000,32,true
deep-dense-d5-8-s4,4,dense,2001310518681822354,5,960,0.035000,2.0000,privileged-intermediate-target,1.000000,32,true
deep-dense-d5-8-s4,4,dense,2001310518681822354,5,960,0.035000,1.0000,privileged-intermediate-target,1.000000,32,true
deep-dense-d5-8-s4,4,dense,2001310518681822354,5,960,0.035000,hard,privileged-intermediate-target,1.000000,32,true
deep-dense-d5-8-s4,4,dense,2001310518681822354,5,960,0.035000,soft,shuffled-label,0.000000,32,true
deep-dense-d5-8-s4,4,dense,2001310518681822354,5,960,0.035000,2.0000,shuffled-label,0.242500,32,true
deep-dense-d5-8-s4,4,dense,2001310518681822354,5,960,0.035000,1.0000,shuffled-label,0.242500,32,true
deep-dense-d5-8-s4,4,dense,2001310518681822354,5,960,0.035000,hard,shuffled-label,0.000000,32,true
deep-dense-d5-8-s4,4,dense,13400896689310720169,5,960,0.035000,soft,privileged-intermediate-target,1.000000,32,true
deep-dense-d5-8-s4,4,dense,13400896689310720169,5,960,0.035000,2.0000,privileged-intermediate-target,1.000000,32,true
deep-dense-d5-8-s4,4,dense,13400896689310720169,5,960,0.035000,1.0000,privileged-intermediate-target,1.000000,32,true
deep-dense-d5-8-s4,4,dense,13400896689310720169,5,960,0.035000,hard,privileged-intermediate-target,1.000000,32,true
deep-dense-d5-8-s4,4,dense,13400896689310720169,5,960,0.035000,soft,shuffled-label,0.000000,32,true
deep-dense-d5-8-s4,4,dense,13400896689310720169,5,960,0.035000,2.0000,shuffled-label,0.222500,32,true
deep-dense-d5-8-s4,4,dense,13400896689310720169,5,960,0.035000,1.0000,shuffled-label,0.200000,32,true
deep-dense-d5-8-s4,4,dense,13400896689310720169,5,960,0.035000,hard,shuffled-label,0.000000,32,true
deep-dense-d5-8-s4,4,dense,15453320347936062484,5,960,0.070000,soft,privileged-intermediate-target,1.000000,32,true
deep-dense-d5-8-s4,4,dense,15453320347936062484,5,960,0.070000,2.0000,privileged-intermediate-target,1.000000,32,true
deep-dense-d5-8-s4,4,dense,15453320347936062484,5,960,0.070000,1.0000,privileged-intermediate-target,1.000000,32,true
deep-dense-d5-8-s4,4,dense,15453320347936062484,5,960,0.070000,hard,privileged-intermediate-target,1.000000,32,true
deep-dense-d5-8-s4,4,dense,15453320347936062484,5,960,0.070000,soft,shuffled-label,0.000000,32,true
deep-dense-d5-8-s4,4,dense,15453320347936062484,5,960,0.070000,2.0000,shuffled-label,0.227500,32,true
deep-dense-d5-8-s4,4,dense,15453320347936062484,5,960,0.070000,1.0000,shuffled-label,0.212500,32,true
deep-dense-d5-8-s4,4,dense,15453320347936062484,5,960,0.070000,hard,shuffled-label,0.000000,32,true
deep-dense-d5-8-s4,4,dense,8371261729603450923,5,960,0.070000,soft,privileged-intermediate-target,1.000000,32,true
deep-dense-d5-8-s4,4,dense,8371261729603450923,5,960,0.070000,2.0000,privileged-intermediate-target,1.000000,32,true
deep-dense-d5-8-s4,4,dense,8371261729603450923,5,960,0.070000,1.0000,privileged-intermediate-target,1.000000,32,true
deep-dense-d5-8-s4,4,dense,8371261729603450923,5,960,0.070000,hard,privileged-intermediate-target,1.000000,32,true
deep-dense-d5-8-s4,4,dense,8371261729603450923,5,960,0.070000,soft,shuffled-label,0.000000,32,true
deep-dense-d5-8-s4,4,dense,8371261729603450923,5,960,0.070000,2.0000,shuffled-label,0.252500,32,true
deep-dense-d5-8-s4,4,dense,8371261729603450923,5,960,0.070000,1.0000,shuffled-label,0.237500,32,true
deep-dense-d5-8-s4,4,dense,8371261729603450923,5,960,0.070000,hard,shuffled-label,0.000000,32,true
deep-dense-d5-8-s4,4,dense,10584633876018000958,5,960,0.070000,soft,privileged-intermediate-target,1.000000,32,true
deep-dense-d5-8-s4,4,dense,10584633876018000958,5,960,0.070000,2.0000,privileged-intermediate-target,1.000000,32,true
deep-dense-d5-8-s4,4,dense,10584633876018000958,5,960,0.070000,1.0000,privileged-intermediate-target,1.000000,32,true
deep-dense-d5-8-s4,4,dense,10584633876018000958,5,960,0.070000,hard,privileged-intermediate-target,1.000000,32,true
deep-dense-d5-8-s4,4,dense,10584633876018000958,5,960,0.070000,soft,shuffled-label,0.000000,32,true
deep-dense-d5-8-s4,4,dense,10584633876018000958,5,960,0.070000,2.0000,shuffled-label,0.225000,32,true
deep-dense-d5-8-s4,4,dense,10584633876018000958,5,960,0.070000,1.0000,shuffled-label,0.225000,32,true
deep-dense-d5-8-s4,4,dense,10584633876018000958,5,960,0.070000,hard,shuffled-label,0.000000,32,true
deep-dense-d5-8-s4,4,dense,3503703373795356757,5,960,0.070000,soft,privileged-intermediate-target,1.000000,32,true
deep-dense-d5-8-s4,4,dense,3503703373795356757,5,960,0.070000,2.0000,privileged-intermediate-target,1.000000,32,true
deep-dense-d5-8-s4,4,dense,3503703373795356757,5,960,0.070000,1.0000,privileged-intermediate-target,1.000000,32,true
deep-dense-d5-8-s4,4,dense,3503703373795356757,5,960,0.070000,hard,privileged-intermediate-target,1.000000,32,true
deep-dense-d5-8-s4,4,dense,3503703373795356757,5,960,0.070000,soft,shuffled-label,0.000000,32,true
deep-dense-d5-8-s4,4,dense,3503703373795356757,5,960,0.070000,2.0000,shuffled-label,0.260000,32,true
deep-dense-d5-8-s4,4,dense,3503703373795356757,5,960,0.070000,1.0000,shuffled-label,0.222500,32,true
deep-dense-d5-8-s4,4,dense,3503703373795356757,5,960,0.070000,hard,shuffled-label,0.000000,32,true
deep-dense-d5-8-s4,4,dense,6869996990457277544,5,960,0.070000,soft,privileged-intermediate-target,1.000000,32,true
deep-dense-d5-8-s4,4,dense,6869996990457277544,5,960,0.070000,2.0000,privileged-intermediate-target,1.000000,32,true
deep-dense-d5-8-s4,4,dense,6869996990457277544,5,960,0.070000,1.0000,privileged-intermediate-target,1.000000,32,true
deep-dense-d5-8-s4,4,dense,6869996990457277544,5,960,0.070000,hard,privileged-intermediate-target,1.000000,32,true
deep-dense-d5-8-s4,4,dense,6869996990457277544,5,960,0.070000,soft,shuffled-label,0.000000,32,true
deep-dense-d5-8-s4,4,dense,6869996990457277544,5,960,0.070000,2.0000,shuffled-label,0.227500,32,true
deep-dense-d5-8-s4,4,dense,6869996990457277544,5,960,0.070000,1.0000,shuffled-label,0.190000,32,true
deep-dense-d5-8-s4,4,dense,6869996990457277544,5,960,0.070000,hard,shuffled-label,0.000000,32,true
deep-dense-d5-8-s4,4,dense,18234682480328173695,5,960,0.070000,soft,privileged-intermediate-target,1.000000,32,true
deep-dense-d5-8-s4,4,dense,18234682480328173695,5,960,0.070000,2.0000,privileged-intermediate-target,1.000000,32,true
deep-dense-d5-8-s4,4,dense,18234682480328173695,5,960,0.070000,1.0000,privileged-intermediate-target,1.000000,32,true
deep-dense-d5-8-s4,4,dense,18234682480328173695,5,960,0.070000,hard,privileged-intermediate-target,1.000000,32,true
deep-dense-d5-8-s4,4,dense,18234682480328173695,5,960,0.070000,soft,shuffled-label,0.000000,32,true
deep-dense-d5-8-s4,4,dense,18234682480328173695,5,960,0.070000,2.0000,shuffled-label,0.272500,32,true
deep-dense-d5-8-s4,4,dense,18234682480328173695,5,960,0.070000,1.0000,shuffled-label,0.267500,32,true
deep-dense-d5-8-s4,4,dense,18234682480328173695,5,960,0.070000,hard,shuffled-label,0.000000,32,true
deep-dense-d5-8-s4,4,dense,2001310518681822354,5,960,0.070000,soft,privileged-intermediate-target,1.000000,32,true
deep-dense-d5-8-s4,4,dense,2001310518681822354,5,960,0.070000,2.0000,privileged-intermediate-target,1.000000,32,true
deep-dense-d5-8-s4,4,dense,2001310518681822354,5,960,0.070000,1.0000,privileged-intermediate-target,1.000000,32,true
deep-dense-d5-8-s4,4,dense,2001310518681822354,5,960,0.070000,hard,privileged-intermediate-target,1.000000,32,true
deep-dense-d5-8-s4,4,dense,2001310518681822354,5,960,0.070000,soft,shuffled-label,0.000000,32,true
deep-dense-d5-8-s4,4,dense,2001310518681822354,5,960,0.070000,2.0000,shuffled-label,0.242500,32,true
deep-dense-d5-8-s4,4,dense,2001310518681822354,5,960,0.070000,1.0000,shuffled-label,0.197500,32,true
deep-dense-d5-8-s4,4,dense,2001310518681822354,5,960,0.070000,hard,shuffled-label,0.000000,32,true
deep-dense-d5-8-s4,4,dense,13400896689310720169,5,960,0.070000,soft,privileged-intermediate-target,1.000000,32,true
deep-dense-d5-8-s4,4,dense,13400896689310720169,5,960,0.070000,2.0000,privileged-intermediate-target,1.000000,32,true
deep-dense-d5-8-s4,4,dense,13400896689310720169,5,960,0.070000,1.0000,privileged-intermediate-target,1.000000,32,true
deep-dense-d5-8-s4,4,dense,13400896689310720169,5,960,0.070000,hard,privileged-intermediate-target,1.000000,32,true
deep-dense-d5-8-s4,4,dense,13400896689310720169,5,960,0.070000,soft,shuffled-label,0.000000,32,true
deep-dense-d5-8-s4,4,dense,13400896689310720169,5,960,0.070000,2.0000,shuffled-label,0.247500,32,true
deep-dense-d5-8-s4,4,dense,13400896689310720169,5,960,0.070000,1.0000,shuffled-label,0.190000,32,true
deep-dense-d5-8-s4,4,dense,13400896689310720169,5,960,0.070000,hard,shuffled-label,0.000000,32,true
deep-dense-d5-8-s4,4,dense,15453320347936062484,6,960,0.035000,soft,privileged-intermediate-target,1.000000,32,true
deep-dense-d5-8-s4,4,dense,15453320347936062484,6,960,0.035000,2.0000,privileged-intermediate-target,1.000000,32,true
deep-dense-d5-8-s4,4,dense,15453320347936062484,6,960,0.035000,1.0000,privileged-intermediate-target,1.000000,32,true
deep-dense-d5-8-s4,4,dense,15453320347936062484,6,960,0.035000,hard,privileged-intermediate-target,1.000000,32,true
deep-dense-d5-8-s4,4,dense,15453320347936062484,6,960,0.035000,soft,shuffled-label,0.000000,32,true
deep-dense-d5-8-s4,4,dense,15453320347936062484,6,960,0.035000,2.0000,shuffled-label,0.240000,32,true
deep-dense-d5-8-s4,4,dense,15453320347936062484,6,960,0.035000,1.0000,shuffled-label,0.240000,32,true
deep-dense-d5-8-s4,4,dense,15453320347936062484,6,960,0.035000,hard,shuffled-label,0.525000,32,true
deep-dense-d5-8-s4,4,dense,8371261729603450923,6,960,0.035000,soft,privileged-intermediate-target,1.000000,32,true
deep-dense-d5-8-s4,4,dense,8371261729603450923,6,960,0.035000,2.0000,privileged-intermediate-target,1.000000,32,true
deep-dense-d5-8-s4,4,dense,8371261729603450923,6,960,0.035000,1.0000,privileged-intermediate-target,1.000000,32,true
deep-dense-d5-8-s4,4,dense,8371261729603450923,6,960,0.035000,hard,privileged-intermediate-target,1.000000,32,true
deep-dense-d5-8-s4,4,dense,8371261729603450923,6,960,0.035000,soft,shuffled-label,0.000000,32,true
deep-dense-d5-8-s4,4,dense,8371261729603450923,6,960,0.035000,2.0000,shuffled-label,0.272500,32,true
deep-dense-d5-8-s4,4,dense,8371261729603450923,6,960,0.035000,1.0000,shuffled-label,0.272500,32,true
deep-dense-d5-8-s4,4,dense,8371261729603450923,6,960,0.035000,hard,shuffled-label,0.510000,32,true
deep-dense-d5-8-s4,4,dense,10584633876018000958,6,960,0.035000,soft,privileged-intermediate-target,1.000000,32,true
deep-dense-d5-8-s4,4,dense,10584633876018000958,6,960,0.035000,2.0000,privileged-intermediate-target,1.000000,32,true
deep-dense-d5-8-s4,4,dense,10584633876018000958,6,960,0.035000,1.0000,privileged-intermediate-target,1.000000,32,true
deep-dense-d5-8-s4,4,dense,10584633876018000958,6,960,0.035000,hard,privileged-intermediate-target,1.000000,32,true
deep-dense-d5-8-s4,4,dense,10584633876018000958,6,960,0.035000,soft,shuffled-label,0.000000,32,true
deep-dense-d5-8-s4,4,dense,10584633876018000958,6,960,0.035000,2.0000,shuffled-label,0.225000,32,true
deep-dense-d5-8-s4,4,dense,10584633876018000958,6,960,0.035000,1.0000,shuffled-label,0.225000,32,true
deep-dense-d5-8-s4,4,dense,10584633876018000958,6,960,0.035000,hard,shuffled-label,0.432500,32,true
deep-dense-d5-8-s4,4,dense,3503703373795356757,6,960,0.035000,soft,privileged-intermediate-target,1.000000,32,true
deep-dense-d5-8-s4,4,dense,3503703373795356757,6,960,0.035000,2.0000,privileged-intermediate-target,1.000000,32,true
deep-dense-d5-8-s4,4,dense,3503703373795356757,6,960,0.035000,1.0000,privileged-intermediate-target,1.000000,32,true
deep-dense-d5-8-s4,4,dense,3503703373795356757,6,960,0.035000,hard,privileged-intermediate-target,1.000000,32,true
deep-dense-d5-8-s4,4,dense,3503703373795356757,6,960,0.035000,soft,shuffled-label,0.000000,32,true
deep-dense-d5-8-s4,4,dense,3503703373795356757,6,960,0.035000,2.0000,shuffled-label,0.257500,32,true
deep-dense-d5-8-s4,4,dense,3503703373795356757,6,960,0.035000,1.0000,shuffled-label,0.257500,32,true
deep-dense-d5-8-s4,4,dense,3503703373795356757,6,960,0.035000,hard,shuffled-label,0.452500,32,true
deep-dense-d5-8-s4,4,dense,6869996990457277544,6,960,0.035000,soft,privileged-intermediate-target,1.000000,32,true
deep-dense-d5-8-s4,4,dense,6869996990457277544,6,960,0.035000,2.0000,privileged-intermediate-target,1.000000,32,true
deep-dense-d5-8-s4,4,dense,6869996990457277544,6,960,0.035000,1.0000,privileged-intermediate-target,1.000000,32,true
deep-dense-d5-8-s4,4,dense,6869996990457277544,6,960,0.035000,hard,privileged-intermediate-target,1.000000,32,true
deep-dense-d5-8-s4,4,dense,6869996990457277544,6,960,0.035000,soft,shuffled-label,0.000000,32,true
deep-dense-d5-8-s4,4,dense,6869996990457277544,6,960,0.035000,2.0000,shuffled-label,0.232500,32,true
deep-dense-d5-8-s4,4,dense,6869996990457277544,6,960,0.035000,1.0000,shuffled-label,0.232500,32,true
deep-dense-d5-8-s4,4,dense,6869996990457277544,6,960,0.035000,hard,shuffled-label,0.452500,32,true
deep-dense-d5-8-s4,4,dense,18234682480328173695,6,960,0.035000,soft,privileged-intermediate-target,1.000000,32,true
deep-dense-d5-8-s4,4,dense,18234682480328173695,6,960,0.035000,2.0000,privileged-intermediate-target,1.000000,32,true
deep-dense-d5-8-s4,4,dense,18234682480328173695,6,960,0.035000,1.0000,privileged-intermediate-target,1.000000,32,true
deep-dense-d5-8-s4,4,dense,18234682480328173695,6,960,0.035000,hard,privileged-intermediate-target,1.000000,32,true
deep-dense-d5-8-s4,4,dense,18234682480328173695,6,960,0.035000,soft,shuffled-label,0.000000,32,true
deep-dense-d5-8-s4,4,dense,18234682480328173695,6,960,0.035000,2.0000,shuffled-label,0.272500,32,true
deep-dense-d5-8-s4,4,dense,18234682480328173695,6,960,0.035000,1.0000,shuffled-label,0.272500,32,true
deep-dense-d5-8-s4,4,dense,18234682480328173695,6,960,0.035000,hard,shuffled-label,0.507500,32,true
deep-dense-d5-8-s4,4,dense,2001310518681822354,6,960,0.035000,soft,privileged-intermediate-target,1.000000,32,true
deep-dense-d5-8-s4,4,dense,2001310518681822354,6,960,0.035000,2.0000,privileged-intermediate-target,1.000000,32,true
deep-dense-d5-8-s4,4,dense,2001310518681822354,6,960,0.035000,1.0000,privileged-intermediate-target,1.000000,32,true
deep-dense-d5-8-s4,4,dense,2001310518681822354,6,960,0.035000,hard,privileged-intermediate-target,1.000000,32,true
deep-dense-d5-8-s4,4,dense,2001310518681822354,6,960,0.035000,soft,shuffled-label,0.000000,32,true
deep-dense-d5-8-s4,4,dense,2001310518681822354,6,960,0.035000,2.0000,shuffled-label,0.295000,32,true
deep-dense-d5-8-s4,4,dense,2001310518681822354,6,960,0.035000,1.0000,shuffled-label,0.295000,32,true
deep-dense-d5-8-s4,4,dense,2001310518681822354,6,960,0.035000,hard,shuffled-label,0.510000,32,true
deep-dense-d5-8-s4,4,dense,13400896689310720169,6,960,0.035000,soft,privileged-intermediate-target,1.000000,32,true
deep-dense-d5-8-s4,4,dense,13400896689310720169,6,960,0.035000,2.0000,privileged-intermediate-target,1.000000,32,true
deep-dense-d5-8-s4,4,dense,13400896689310720169,6,960,0.035000,1.0000,privileged-intermediate-target,1.000000,32,true
deep-dense-d5-8-s4,4,dense,13400896689310720169,6,960,0.035000,hard,privileged-intermediate-target,1.000000,32,true
deep-dense-d5-8-s4,4,dense,13400896689310720169,6,960,0.035000,soft,shuffled-label,0.000000,32,true
deep-dense-d5-8-s4,4,dense,13400896689310720169,6,960,0.035000,2.0000,shuffled-label,0.282500,32,true
deep-dense-d5-8-s4,4,dense,13400896689310720169,6,960,0.035000,1.0000,shuffled-label,0.282500,32,true
deep-dense-d5-8-s4,4,dense,13400896689310720169,6,960,0.035000,hard,shuffled-label,0.485000,32,true
deep-dense-d5-8-s4,4,dense,15453320347936062484,6,960,0.070000,soft,privileged-intermediate-target,1.000000,32,true
deep-dense-d5-8-s4,4,dense,15453320347936062484,6,960,0.070000,2.0000,privileged-intermediate-target,1.000000,32,true
deep-dense-d5-8-s4,4,dense,15453320347936062484,6,960,0.070000,1.0000,privileged-intermediate-target,1.000000,32,true
deep-dense-d5-8-s4,4,dense,15453320347936062484,6,960,0.070000,hard,privileged-intermediate-target,1.000000,32,true
deep-dense-d5-8-s4,4,dense,15453320347936062484,6,960,0.070000,soft,shuffled-label,0.000000,32,true
deep-dense-d5-8-s4,4,dense,15453320347936062484,6,960,0.070000,2.0000,shuffled-label,0.245000,32,true
deep-dense-d5-8-s4,4,dense,15453320347936062484,6,960,0.070000,1.0000,shuffled-label,0.245000,32,true
deep-dense-d5-8-s4,4,dense,15453320347936062484,6,960,0.070000,hard,shuffled-label,0.485000,32,true
deep-dense-d5-8-s4,4,dense,8371261729603450923,6,960,0.070000,soft,privileged-intermediate-target,1.000000,32,true
deep-dense-d5-8-s4,4,dense,8371261729603450923,6,960,0.070000,2.0000,privileged-intermediate-target,1.000000,32,true
deep-dense-d5-8-s4,4,dense,8371261729603450923,6,960,0.070000,1.0000,privileged-intermediate-target,1.000000,32,true
deep-dense-d5-8-s4,4,dense,8371261729603450923,6,960,0.070000,hard,privileged-intermediate-target,1.000000,32,true
deep-dense-d5-8-s4,4,dense,8371261729603450923,6,960,0.070000,soft,shuffled-label,0.000000,32,true
deep-dense-d5-8-s4,4,dense,8371261729603450923,6,960,0.070000,2.0000,shuffled-label,0.242500,32,true
deep-dense-d5-8-s4,4,dense,8371261729603450923,6,960,0.070000,1.0000,shuffled-label,0.255000,32,true
deep-dense-d5-8-s4,4,dense,8371261729603450923,6,960,0.070000,hard,shuffled-label,0.530000,32,true
deep-dense-d5-8-s4,4,dense,10584633876018000958,6,960,0.070000,soft,privileged-intermediate-target,1.000000,32,true
deep-dense-d5-8-s4,4,dense,10584633876018000958,6,960,0.070000,2.0000,privileged-intermediate-target,1.000000,32,true
deep-dense-d5-8-s4,4,dense,10584633876018000958,6,960,0.070000,1.0000,privileged-intermediate-target,1.000000,32,true
deep-dense-d5-8-s4,4,dense,10584633876018000958,6,960,0.070000,hard,privileged-intermediate-target,1.000000,32,true
deep-dense-d5-8-s4,4,dense,10584633876018000958,6,960,0.070000,soft,shuffled-label,0.167500,32,true
deep-dense-d5-8-s4,4,dense,10584633876018000958,6,960,0.070000,2.0000,shuffled-label,0.225000,32,true
deep-dense-d5-8-s4,4,dense,10584633876018000958,6,960,0.070000,1.0000,shuffled-label,0.225000,32,true
deep-dense-d5-8-s4,4,dense,10584633876018000958,6,960,0.070000,hard,shuffled-label,0.265000,32,true
deep-dense-d5-8-s4,4,dense,3503703373795356757,6,960,0.070000,soft,privileged-intermediate-target,1.000000,32,true
deep-dense-d5-8-s4,4,dense,3503703373795356757,6,960,0.070000,2.0000,privileged-intermediate-target,1.000000,32,true
deep-dense-d5-8-s4,4,dense,3503703373795356757,6,960,0.070000,1.0000,privileged-intermediate-target,1.000000,32,true
deep-dense-d5-8-s4,4,dense,3503703373795356757,6,960,0.070000,hard,privileged-intermediate-target,1.000000,32,true
deep-dense-d5-8-s4,4,dense,3503703373795356757,6,960,0.070000,soft,shuffled-label,0.000000,32,true
deep-dense-d5-8-s4,4,dense,3503703373795356757,6,960,0.070000,2.0000,shuffled-label,0.257500,32,true
deep-dense-d5-8-s4,4,dense,3503703373795356757,6,960,0.070000,1.0000,shuffled-label,0.257500,32,true
deep-dense-d5-8-s4,4,dense,3503703373795356757,6,960,0.070000,hard,shuffled-label,0.492500,32,true
deep-dense-d5-8-s4,4,dense,6869996990457277544,6,960,0.070000,soft,privileged-intermediate-target,1.000000,32,true
deep-dense-d5-8-s4,4,dense,6869996990457277544,6,960,0.070000,2.0000,privileged-intermediate-target,1.000000,32,true
deep-dense-d5-8-s4,4,dense,6869996990457277544,6,960,0.070000,1.0000,privileged-intermediate-target,1.000000,32,true
deep-dense-d5-8-s4,4,dense,6869996990457277544,6,960,0.070000,hard,privileged-intermediate-target,1.000000,32,true
deep-dense-d5-8-s4,4,dense,6869996990457277544,6,960,0.070000,soft,shuffled-label,0.000000,32,true
deep-dense-d5-8-s4,4,dense,6869996990457277544,6,960,0.070000,2.0000,shuffled-label,0.287500,32,true
deep-dense-d5-8-s4,4,dense,6869996990457277544,6,960,0.070000,1.0000,shuffled-label,0.287500,32,true
deep-dense-d5-8-s4,4,dense,6869996990457277544,6,960,0.070000,hard,shuffled-label,0.485000,32,true
deep-dense-d5-8-s4,4,dense,18234682480328173695,6,960,0.070000,soft,privileged-intermediate-target,1.000000,32,true
deep-dense-d5-8-s4,4,dense,18234682480328173695,6,960,0.070000,2.0000,privileged-intermediate-target,1.000000,32,true
deep-dense-d5-8-s4,4,dense,18234682480328173695,6,960,0.070000,1.0000,privileged-intermediate-target,1.000000,32,true
deep-dense-d5-8-s4,4,dense,18234682480328173695,6,960,0.070000,hard,privileged-intermediate-target,1.000000,32,true
deep-dense-d5-8-s4,4,dense,18234682480328173695,6,960,0.070000,soft,shuffled-label,0.000000,32,true
deep-dense-d5-8-s4,4,dense,18234682480328173695,6,960,0.070000,2.0000,shuffled-label,0.260000,32,true
deep-dense-d5-8-s4,4,dense,18234682480328173695,6,960,0.070000,1.0000,shuffled-label,0.262500,32,true
deep-dense-d5-8-s4,4,dense,18234682480328173695,6,960,0.070000,hard,shuffled-label,0.517500,32,true
deep-dense-d5-8-s4,4,dense,2001310518681822354,6,960,0.070000,soft,privileged-intermediate-target,1.000000,32,true
deep-dense-d5-8-s4,4,dense,2001310518681822354,6,960,0.070000,2.0000,privileged-intermediate-target,1.000000,32,true
deep-dense-d5-8-s4,4,dense,2001310518681822354,6,960,0.070000,1.0000,privileged-intermediate-target,1.000000,32,true
deep-dense-d5-8-s4,4,dense,2001310518681822354,6,960,0.070000,hard,privileged-intermediate-target,1.000000,32,true
deep-dense-d5-8-s4,4,dense,2001310518681822354,6,960,0.070000,soft,shuffled-label,0.000000,32,true
deep-dense-d5-8-s4,4,dense,2001310518681822354,6,960,0.070000,2.0000,shuffled-label,0.227500,32,true
deep-dense-d5-8-s4,4,dense,2001310518681822354,6,960,0.070000,1.0000,shuffled-label,0.295000,32,true
deep-dense-d5-8-s4,4,dense,2001310518681822354,6,960,0.070000,hard,shuffled-label,0.532500,32,true
deep-dense-d5-8-s4,4,dense,13400896689310720169,6,960,0.070000,soft,privileged-intermediate-target,1.000000,32,true
deep-dense-d5-8-s4,4,dense,13400896689310720169,6,960,0.070000,2.0000,privileged-intermediate-target,1.000000,32,true
deep-dense-d5-8-s4,4,dense,13400896689310720169,6,960,0.070000,1.0000,privileged-intermediate-target,1.000000,32,true
deep-dense-d5-8-s4,4,dense,13400896689310720169,6,960,0.070000,hard,privileged-intermediate-target,1.000000,32,true
deep-dense-d5-8-s4,4,dense,13400896689310720169,6,960,0.070000,soft,shuffled-label,0.000000,32,true
deep-dense-d5-8-s4,4,dense,13400896689310720169,6,960,0.070000,2.0000,shuffled-label,0.245000,32,true
deep-dense-d5-8-s4,4,dense,13400896689310720169,6,960,0.070000,1.0000,shuffled-label,0.250000,32,true
deep-dense-d5-8-s4,4,dense,13400896689310720169,6,960,0.070000,hard,shuffled-label,0.480000,32,true
deep-dense-d5-8-s4,4,dense,15453320347936062484,7,960,0.035000,soft,privileged-intermediate-target,1.000000,32,true
deep-dense-d5-8-s4,4,dense,15453320347936062484,7,960,0.035000,2.0000,privileged-intermediate-target,1.000000,32,true
deep-dense-d5-8-s4,4,dense,15453320347936062484,7,960,0.035000,1.0000,privileged-intermediate-target,1.000000,32,true
deep-dense-d5-8-s4,4,dense,15453320347936062484,7,960,0.035000,hard,privileged-intermediate-target,1.000000,32,true
deep-dense-d5-8-s4,4,dense,15453320347936062484,7,960,0.035000,soft,shuffled-label,0.000000,32,true
deep-dense-d5-8-s4,4,dense,15453320347936062484,7,960,0.035000,2.0000,shuffled-label,0.225000,32,true
deep-dense-d5-8-s4,4,dense,15453320347936062484,7,960,0.035000,1.0000,shuffled-label,0.225000,32,true
deep-dense-d5-8-s4,4,dense,15453320347936062484,7,960,0.035000,hard,shuffled-label,0.000000,32,true
deep-dense-d5-8-s4,4,dense,8371261729603450923,7,960,0.035000,soft,privileged-intermediate-target,1.000000,32,true
deep-dense-d5-8-s4,4,dense,8371261729603450923,7,960,0.035000,2.0000,privileged-intermediate-target,1.000000,32,true
deep-dense-d5-8-s4,4,dense,8371261729603450923,7,960,0.035000,1.0000,privileged-intermediate-target,1.000000,32,true
deep-dense-d5-8-s4,4,dense,8371261729603450923,7,960,0.035000,hard,privileged-intermediate-target,1.000000,32,true
deep-dense-d5-8-s4,4,dense,8371261729603450923,7,960,0.035000,soft,shuffled-label,0.000000,32,true
deep-dense-d5-8-s4,4,dense,8371261729603450923,7,960,0.035000,2.0000,shuffled-label,0.257500,32,true
deep-dense-d5-8-s4,4,dense,8371261729603450923,7,960,0.035000,1.0000,shuffled-label,0.257500,32,true
deep-dense-d5-8-s4,4,dense,8371261729603450923,7,960,0.035000,hard,shuffled-label,0.000000,32,true
deep-dense-d5-8-s4,4,dense,10584633876018000958,7,960,0.035000,soft,privileged-intermediate-target,1.000000,32,true
deep-dense-d5-8-s4,4,dense,10584633876018000958,7,960,0.035000,2.0000,privileged-intermediate-target,1.000000,32,true
deep-dense-d5-8-s4,4,dense,10584633876018000958,7,960,0.035000,1.0000,privileged-intermediate-target,1.000000,32,true
deep-dense-d5-8-s4,4,dense,10584633876018000958,7,960,0.035000,hard,privileged-intermediate-target,1.000000,32,true
deep-dense-d5-8-s4,4,dense,10584633876018000958,7,960,0.035000,soft,shuffled-label,0.000000,32,true
deep-dense-d5-8-s4,4,dense,10584633876018000958,7,960,0.035000,2.0000,shuffled-label,0.260000,32,true
deep-dense-d5-8-s4,4,dense,10584633876018000958,7,960,0.035000,1.0000,shuffled-label,0.260000,32,true
deep-dense-d5-8-s4,4,dense,10584633876018000958,7,960,0.035000,hard,shuffled-label,0.000000,32,true
deep-dense-d5-8-s4,4,dense,3503703373795356757,7,960,0.035000,soft,privileged-intermediate-target,1.000000,32,true
deep-dense-d5-8-s4,4,dense,3503703373795356757,7,960,0.035000,2.0000,privileged-intermediate-target,1.000000,32,true
deep-dense-d5-8-s4,4,dense,3503703373795356757,7,960,0.035000,1.0000,privileged-intermediate-target,1.000000,32,true
deep-dense-d5-8-s4,4,dense,3503703373795356757,7,960,0.035000,hard,privileged-intermediate-target,1.000000,32,true
deep-dense-d5-8-s4,4,dense,3503703373795356757,7,960,0.035000,soft,shuffled-label,0.000000,32,true
deep-dense-d5-8-s4,4,dense,3503703373795356757,7,960,0.035000,2.0000,shuffled-label,0.232500,32,true
deep-dense-d5-8-s4,4,dense,3503703373795356757,7,960,0.035000,1.0000,shuffled-label,0.232500,32,true
deep-dense-d5-8-s4,4,dense,3503703373795356757,7,960,0.035000,hard,shuffled-label,0.000000,32,true
deep-dense-d5-8-s4,4,dense,6869996990457277544,7,960,0.035000,soft,privileged-intermediate-target,1.000000,32,true
deep-dense-d5-8-s4,4,dense,6869996990457277544,7,960,0.035000,2.0000,privileged-intermediate-target,1.000000,32,true
deep-dense-d5-8-s4,4,dense,6869996990457277544,7,960,0.035000,1.0000,privileged-intermediate-target,1.000000,32,true
deep-dense-d5-8-s4,4,dense,6869996990457277544,7,960,0.035000,hard,privileged-intermediate-target,1.000000,32,true
deep-dense-d5-8-s4,4,dense,6869996990457277544,7,960,0.035000,soft,shuffled-label,0.000000,32,true
deep-dense-d5-8-s4,4,dense,6869996990457277544,7,960,0.035000,2.0000,shuffled-label,0.270000,32,true
deep-dense-d5-8-s4,4,dense,6869996990457277544,7,960,0.035000,1.0000,shuffled-label,0.265000,32,true
deep-dense-d5-8-s4,4,dense,6869996990457277544,7,960,0.035000,hard,shuffled-label,0.000000,32,true
deep-dense-d5-8-s4,4,dense,18234682480328173695,7,960,0.035000,soft,privileged-intermediate-target,1.000000,32,true
deep-dense-d5-8-s4,4,dense,18234682480328173695,7,960,0.035000,2.0000,privileged-intermediate-target,1.000000,32,true
deep-dense-d5-8-s4,4,dense,18234682480328173695,7,960,0.035000,1.0000,privileged-intermediate-target,1.000000,32,true
deep-dense-d5-8-s4,4,dense,18234682480328173695,7,960,0.035000,hard,privileged-intermediate-target,1.000000,32,true
deep-dense-d5-8-s4,4,dense,18234682480328173695,7,960,0.035000,soft,shuffled-label,0.000000,32,true
deep-dense-d5-8-s4,4,dense,18234682480328173695,7,960,0.035000,2.0000,shuffled-label,0.232500,32,true
deep-dense-d5-8-s4,4,dense,18234682480328173695,7,960,0.035000,1.0000,shuffled-label,0.232500,32,true
deep-dense-d5-8-s4,4,dense,18234682480328173695,7,960,0.035000,hard,shuffled-label,0.000000,32,true
deep-dense-d5-8-s4,4,dense,2001310518681822354,7,960,0.035000,soft,privileged-intermediate-target,1.000000,32,true
deep-dense-d5-8-s4,4,dense,2001310518681822354,7,960,0.035000,2.0000,privileged-intermediate-target,1.000000,32,true
deep-dense-d5-8-s4,4,dense,2001310518681822354,7,960,0.035000,1.0000,privileged-intermediate-target,1.000000,32,true
deep-dense-d5-8-s4,4,dense,2001310518681822354,7,960,0.035000,hard,privileged-intermediate-target,1.000000,32,true
deep-dense-d5-8-s4,4,dense,2001310518681822354,7,960,0.035000,soft,shuffled-label,0.000000,32,true
deep-dense-d5-8-s4,4,dense,2001310518681822354,7,960,0.035000,2.0000,shuffled-label,0.260000,32,true
deep-dense-d5-8-s4,4,dense,2001310518681822354,7,960,0.035000,1.0000,shuffled-label,0.260000,32,true
deep-dense-d5-8-s4,4,dense,2001310518681822354,7,960,0.035000,hard,shuffled-label,0.000000,32,true
deep-dense-d5-8-s4,4,dense,13400896689310720169,7,960,0.035000,soft,privileged-intermediate-target,1.000000,32,true
deep-dense-d5-8-s4,4,dense,13400896689310720169,7,960,0.035000,2.0000,privileged-intermediate-target,1.000000,32,true
deep-dense-d5-8-s4,4,dense,13400896689310720169,7,960,0.035000,1.0000,privileged-intermediate-target,1.000000,32,true
deep-dense-d5-8-s4,4,dense,13400896689310720169,7,960,0.035000,hard,privileged-intermediate-target,1.000000,32,true
deep-dense-d5-8-s4,4,dense,13400896689310720169,7,960,0.035000,soft,shuffled-label,0.000000,32,true
deep-dense-d5-8-s4,4,dense,13400896689310720169,7,960,0.035000,2.0000,shuffled-label,0.260000,32,true
deep-dense-d5-8-s4,4,dense,13400896689310720169,7,960,0.035000,1.0000,shuffled-label,0.260000,32,true
deep-dense-d5-8-s4,4,dense,13400896689310720169,7,960,0.035000,hard,shuffled-label,0.000000,32,true
deep-dense-d5-8-s4,4,dense,15453320347936062484,7,960,0.070000,soft,privileged-intermediate-target,1.000000,32,true
deep-dense-d5-8-s4,4,dense,15453320347936062484,7,960,0.070000,2.0000,privileged-intermediate-target,1.000000,32,true
deep-dense-d5-8-s4,4,dense,15453320347936062484,7,960,0.070000,1.0000,privileged-intermediate-target,1.000000,32,true
deep-dense-d5-8-s4,4,dense,15453320347936062484,7,960,0.070000,hard,privileged-intermediate-target,1.000000,32,true
deep-dense-d5-8-s4,4,dense,15453320347936062484,7,960,0.070000,soft,shuffled-label,0.000000,32,true
deep-dense-d5-8-s4,4,dense,15453320347936062484,7,960,0.070000,2.0000,shuffled-label,0.222500,32,true
deep-dense-d5-8-s4,4,dense,15453320347936062484,7,960,0.070000,1.0000,shuffled-label,0.222500,32,true
deep-dense-d5-8-s4,4,dense,15453320347936062484,7,960,0.070000,hard,shuffled-label,0.000000,32,true
deep-dense-d5-8-s4,4,dense,8371261729603450923,7,960,0.070000,soft,privileged-intermediate-target,1.000000,32,true
deep-dense-d5-8-s4,4,dense,8371261729603450923,7,960,0.070000,2.0000,privileged-intermediate-target,1.000000,32,true
deep-dense-d5-8-s4,4,dense,8371261729603450923,7,960,0.070000,1.0000,privileged-intermediate-target,1.000000,32,true
deep-dense-d5-8-s4,4,dense,8371261729603450923,7,960,0.070000,hard,privileged-intermediate-target,1.000000,32,true
deep-dense-d5-8-s4,4,dense,8371261729603450923,7,960,0.070000,soft,shuffled-label,0.000000,32,true
deep-dense-d5-8-s4,4,dense,8371261729603450923,7,960,0.070000,2.0000,shuffled-label,0.287500,32,true
deep-dense-d5-8-s4,4,dense,8371261729603450923,7,960,0.070000,1.0000,shuffled-label,0.287500,32,true
deep-dense-d5-8-s4,4,dense,8371261729603450923,7,960,0.070000,hard,shuffled-label,0.000000,32,true
deep-dense-d5-8-s4,4,dense,10584633876018000958,7,960,0.070000,soft,privileged-intermediate-target,1.000000,32,true
deep-dense-d5-8-s4,4,dense,10584633876018000958,7,960,0.070000,2.0000,privileged-intermediate-target,1.000000,32,true
deep-dense-d5-8-s4,4,dense,10584633876018000958,7,960,0.070000,1.0000,privileged-intermediate-target,1.000000,32,true
deep-dense-d5-8-s4,4,dense,10584633876018000958,7,960,0.070000,hard,privileged-intermediate-target,1.000000,32,true
deep-dense-d5-8-s4,4,dense,10584633876018000958,7,960,0.070000,soft,shuffled-label,0.010000,32,true
deep-dense-d5-8-s4,4,dense,10584633876018000958,7,960,0.070000,2.0000,shuffled-label,0.232500,32,true
deep-dense-d5-8-s4,4,dense,10584633876018000958,7,960,0.070000,1.0000,shuffled-label,0.242500,32,true
deep-dense-d5-8-s4,4,dense,10584633876018000958,7,960,0.070000,hard,shuffled-label,0.000000,32,true
deep-dense-d5-8-s4,4,dense,3503703373795356757,7,960,0.070000,soft,privileged-intermediate-target,1.000000,32,true
deep-dense-d5-8-s4,4,dense,3503703373795356757,7,960,0.070000,2.0000,privileged-intermediate-target,1.000000,32,true
deep-dense-d5-8-s4,4,dense,3503703373795356757,7,960,0.070000,1.0000,privileged-intermediate-target,1.000000,32,true
deep-dense-d5-8-s4,4,dense,3503703373795356757,7,960,0.070000,hard,privileged-intermediate-target,1.000000,32,true
deep-dense-d5-8-s4,4,dense,3503703373795356757,7,960,0.070000,soft,shuffled-label,0.000000,32,true
deep-dense-d5-8-s4,4,dense,3503703373795356757,7,960,0.070000,2.0000,shuffled-label,0.245000,32,true
deep-dense-d5-8-s4,4,dense,3503703373795356757,7,960,0.070000,1.0000,shuffled-label,0.245000,32,true
deep-dense-d5-8-s4,4,dense,3503703373795356757,7,960,0.070000,hard,shuffled-label,0.000000,32,true
deep-dense-d5-8-s4,4,dense,6869996990457277544,7,960,0.070000,soft,privileged-intermediate-target,1.000000,32,true
deep-dense-d5-8-s4,4,dense,6869996990457277544,7,960,0.070000,2.0000,privileged-intermediate-target,1.000000,32,true
deep-dense-d5-8-s4,4,dense,6869996990457277544,7,960,0.070000,1.0000,privileged-intermediate-target,1.000000,32,true
deep-dense-d5-8-s4,4,dense,6869996990457277544,7,960,0.070000,hard,privileged-intermediate-target,1.000000,32,true
deep-dense-d5-8-s4,4,dense,6869996990457277544,7,960,0.070000,soft,shuffled-label,0.000000,32,true
deep-dense-d5-8-s4,4,dense,6869996990457277544,7,960,0.070000,2.0000,shuffled-label,0.227500,32,true
deep-dense-d5-8-s4,4,dense,6869996990457277544,7,960,0.070000,1.0000,shuffled-label,0.240000,32,true
deep-dense-d5-8-s4,4,dense,6869996990457277544,7,960,0.070000,hard,shuffled-label,0.000000,32,true
deep-dense-d5-8-s4,4,dense,18234682480328173695,7,960,0.070000,soft,privileged-intermediate-target,1.000000,32,true
deep-dense-d5-8-s4,4,dense,18234682480328173695,7,960,0.070000,2.0000,privileged-intermediate-target,1.000000,32,true
deep-dense-d5-8-s4,4,dense,18234682480328173695,7,960,0.070000,1.0000,privileged-intermediate-target,1.000000,32,true
deep-dense-d5-8-s4,4,dense,18234682480328173695,7,960,0.070000,hard,privileged-intermediate-target,1.000000,32,true
deep-dense-d5-8-s4,4,dense,18234682480328173695,7,960,0.070000,soft,shuffled-label,0.002500,32,true
deep-dense-d5-8-s4,4,dense,18234682480328173695,7,960,0.070000,2.0000,shuffled-label,0.257500,32,true
deep-dense-d5-8-s4,4,dense,18234682480328173695,7,960,0.070000,1.0000,shuffled-label,0.257500,32,true
deep-dense-d5-8-s4,4,dense,18234682480328173695,7,960,0.070000,hard,shuffled-label,0.265000,32,true
deep-dense-d5-8-s4,4,dense,2001310518681822354,7,960,0.070000,soft,privileged-intermediate-target,1.000000,32,true
deep-dense-d5-8-s4,4,dense,2001310518681822354,7,960,0.070000,2.0000,privileged-intermediate-target,1.000000,32,true
deep-dense-d5-8-s4,4,dense,2001310518681822354,7,960,0.070000,1.0000,privileged-intermediate-target,1.000000,32,true
deep-dense-d5-8-s4,4,dense,2001310518681822354,7,960,0.070000,hard,privileged-intermediate-target,1.000000,32,true
deep-dense-d5-8-s4,4,dense,2001310518681822354,7,960,0.070000,soft,shuffled-label,0.000000,32,true
deep-dense-d5-8-s4,4,dense,2001310518681822354,7,960,0.070000,2.0000,shuffled-label,0.260000,32,true
deep-dense-d5-8-s4,4,dense,2001310518681822354,7,960,0.070000,1.0000,shuffled-label,0.257500,32,true
deep-dense-d5-8-s4,4,dense,2001310518681822354,7,960,0.070000,hard,shuffled-label,0.000000,32,true
deep-dense-d5-8-s4,4,dense,13400896689310720169,7,960,0.070000,soft,privileged-intermediate-target,1.000000,32,true
deep-dense-d5-8-s4,4,dense,13400896689310720169,7,960,0.070000,2.0000,privileged-intermediate-target,1.000000,32,true
deep-dense-d5-8-s4,4,dense,13400896689310720169,7,960,0.070000,1.0000,privileged-intermediate-target,1.000000,32,true
deep-dense-d5-8-s4,4,dense,13400896689310720169,7,960,0.070000,hard,privileged-intermediate-target,1.000000,32,true
deep-dense-d5-8-s4,4,dense,13400896689310720169,7,960,0.070000,soft,shuffled-label,0.225000,32,true
deep-dense-d5-8-s4,4,dense,13400896689310720169,7,960,0.070000,2.0000,shuffled-label,0.225000,32,true
deep-dense-d5-8-s4,4,dense,13400896689310720169,7,960,0.070000,1.0000,shuffled-label,0.225000,32,true
deep-dense-d5-8-s4,4,dense,13400896689310720169,7,960,0.070000,hard,shuffled-label,0.225000,32,true
deep-dense-d5-8-s4,4,dense,15453320347936062484,8,960,0.035000,soft,privileged-intermediate-target,1.000000,32,true
deep-dense-d5-8-s4,4,dense,15453320347936062484,8,960,0.035000,2.0000,privileged-intermediate-target,1.000000,32,true
deep-dense-d5-8-s4,4,dense,15453320347936062484,8,960,0.035000,1.0000,privileged-intermediate-target,1.000000,32,true
deep-dense-d5-8-s4,4,dense,15453320347936062484,8,960,0.035000,hard,privileged-intermediate-target,1.000000,32,true
deep-dense-d5-8-s4,4,dense,15453320347936062484,8,960,0.035000,soft,shuffled-label,0.120000,32,true
deep-dense-d5-8-s4,4,dense,15453320347936062484,8,960,0.035000,2.0000,shuffled-label,0.270000,32,true
deep-dense-d5-8-s4,4,dense,15453320347936062484,8,960,0.035000,1.0000,shuffled-label,0.270000,32,true
deep-dense-d5-8-s4,4,dense,15453320347936062484,8,960,0.035000,hard,shuffled-label,0.497500,32,true
deep-dense-d5-8-s4,4,dense,8371261729603450923,8,960,0.035000,soft,privileged-intermediate-target,1.000000,32,true
deep-dense-d5-8-s4,4,dense,8371261729603450923,8,960,0.035000,2.0000,privileged-intermediate-target,1.000000,32,true
deep-dense-d5-8-s4,4,dense,8371261729603450923,8,960,0.035000,1.0000,privileged-intermediate-target,1.000000,32,true
deep-dense-d5-8-s4,4,dense,8371261729603450923,8,960,0.035000,hard,privileged-intermediate-target,1.000000,32,true
deep-dense-d5-8-s4,4,dense,8371261729603450923,8,960,0.035000,soft,shuffled-label,0.000000,32,true
deep-dense-d5-8-s4,4,dense,8371261729603450923,8,960,0.035000,2.0000,shuffled-label,0.265000,32,true
deep-dense-d5-8-s4,4,dense,8371261729603450923,8,960,0.035000,1.0000,shuffled-label,0.265000,32,true
deep-dense-d5-8-s4,4,dense,8371261729603450923,8,960,0.035000,hard,shuffled-label,0.467500,32,true
deep-dense-d5-8-s4,4,dense,10584633876018000958,8,960,0.035000,soft,privileged-intermediate-target,1.000000,32,true
deep-dense-d5-8-s4,4,dense,10584633876018000958,8,960,0.035000,2.0000,privileged-intermediate-target,1.000000,32,true
deep-dense-d5-8-s4,4,dense,10584633876018000958,8,960,0.035000,1.0000,privileged-intermediate-target,1.000000,32,true
deep-dense-d5-8-s4,4,dense,10584633876018000958,8,960,0.035000,hard,privileged-intermediate-target,1.000000,32,true
deep-dense-d5-8-s4,4,dense,10584633876018000958,8,960,0.035000,soft,shuffled-label,0.000000,32,true
deep-dense-d5-8-s4,4,dense,10584633876018000958,8,960,0.035000,2.0000,shuffled-label,0.242500,32,true
deep-dense-d5-8-s4,4,dense,10584633876018000958,8,960,0.035000,1.0000,shuffled-label,0.242500,32,true
deep-dense-d5-8-s4,4,dense,10584633876018000958,8,960,0.035000,hard,shuffled-label,0.500000,32,true
deep-dense-d5-8-s4,4,dense,3503703373795356757,8,960,0.035000,soft,privileged-intermediate-target,1.000000,32,true
deep-dense-d5-8-s4,4,dense,3503703373795356757,8,960,0.035000,2.0000,privileged-intermediate-target,1.000000,32,true
deep-dense-d5-8-s4,4,dense,3503703373795356757,8,960,0.035000,1.0000,privileged-intermediate-target,1.000000,32,true
deep-dense-d5-8-s4,4,dense,3503703373795356757,8,960,0.035000,hard,privileged-intermediate-target,1.000000,32,true
deep-dense-d5-8-s4,4,dense,3503703373795356757,8,960,0.035000,soft,shuffled-label,0.000000,32,true
deep-dense-d5-8-s4,4,dense,3503703373795356757,8,960,0.035000,2.0000,shuffled-label,0.250000,32,true
deep-dense-d5-8-s4,4,dense,3503703373795356757,8,960,0.035000,1.0000,shuffled-label,0.250000,32,true
deep-dense-d5-8-s4,4,dense,3503703373795356757,8,960,0.035000,hard,shuffled-label,0.492500,32,true
deep-dense-d5-8-s4,4,dense,6869996990457277544,8,960,0.035000,soft,privileged-intermediate-target,1.000000,32,true
deep-dense-d5-8-s4,4,dense,6869996990457277544,8,960,0.035000,2.0000,privileged-intermediate-target,1.000000,32,true
deep-dense-d5-8-s4,4,dense,6869996990457277544,8,960,0.035000,1.0000,privileged-intermediate-target,1.000000,32,true
deep-dense-d5-8-s4,4,dense,6869996990457277544,8,960,0.035000,hard,privileged-intermediate-target,1.000000,32,true
deep-dense-d5-8-s4,4,dense,6869996990457277544,8,960,0.035000,soft,shuffled-label,0.000000,32,true
deep-dense-d5-8-s4,4,dense,6869996990457277544,8,960,0.035000,2.0000,shuffled-label,0.250000,32,true
deep-dense-d5-8-s4,4,dense,6869996990457277544,8,960,0.035000,1.0000,shuffled-label,0.250000,32,true
deep-dense-d5-8-s4,4,dense,6869996990457277544,8,960,0.035000,hard,shuffled-label,0.522500,32,true
deep-dense-d5-8-s4,4,dense,18234682480328173695,8,960,0.035000,soft,privileged-intermediate-target,1.000000,32,true
deep-dense-d5-8-s4,4,dense,18234682480328173695,8,960,0.035000,2.0000,privileged-intermediate-target,1.000000,32,true
deep-dense-d5-8-s4,4,dense,18234682480328173695,8,960,0.035000,1.0000,privileged-intermediate-target,1.000000,32,true
deep-dense-d5-8-s4,4,dense,18234682480328173695,8,960,0.035000,hard,privileged-intermediate-target,1.000000,32,true
deep-dense-d5-8-s4,4,dense,18234682480328173695,8,960,0.035000,soft,shuffled-label,0.000000,32,true
deep-dense-d5-8-s4,4,dense,18234682480328173695,8,960,0.035000,2.0000,shuffled-label,0.265000,32,true
deep-dense-d5-8-s4,4,dense,18234682480328173695,8,960,0.035000,1.0000,shuffled-label,0.310000,32,true
deep-dense-d5-8-s4,4,dense,18234682480328173695,8,960,0.035000,hard,shuffled-label,0.470000,32,true
deep-dense-d5-8-s4,4,dense,2001310518681822354,8,960,0.035000,soft,privileged-intermediate-target,1.000000,32,true
deep-dense-d5-8-s4,4,dense,2001310518681822354,8,960,0.035000,2.0000,privileged-intermediate-target,1.000000,32,true
deep-dense-d5-8-s4,4,dense,2001310518681822354,8,960,0.035000,1.0000,privileged-intermediate-target,1.000000,32,true
deep-dense-d5-8-s4,4,dense,2001310518681822354,8,960,0.035000,hard,privileged-intermediate-target,1.000000,32,true
deep-dense-d5-8-s4,4,dense,2001310518681822354,8,960,0.035000,soft,shuffled-label,0.000000,32,true
deep-dense-d5-8-s4,4,dense,2001310518681822354,8,960,0.035000,2.0000,shuffled-label,0.262500,32,true
deep-dense-d5-8-s4,4,dense,2001310518681822354,8,960,0.035000,1.0000,shuffled-label,0.262500,32,true
deep-dense-d5-8-s4,4,dense,2001310518681822354,8,960,0.035000,hard,shuffled-label,0.527500,32,true
deep-dense-d5-8-s4,4,dense,13400896689310720169,8,960,0.035000,soft,privileged-intermediate-target,1.000000,32,true
deep-dense-d5-8-s4,4,dense,13400896689310720169,8,960,0.035000,2.0000,privileged-intermediate-target,1.000000,32,true
deep-dense-d5-8-s4,4,dense,13400896689310720169,8,960,0.035000,1.0000,privileged-intermediate-target,1.000000,32,true
deep-dense-d5-8-s4,4,dense,13400896689310720169,8,960,0.035000,hard,privileged-intermediate-target,1.000000,32,true
deep-dense-d5-8-s4,4,dense,13400896689310720169,8,960,0.035000,soft,shuffled-label,0.000000,32,true
deep-dense-d5-8-s4,4,dense,13400896689310720169,8,960,0.035000,2.0000,shuffled-label,0.255000,32,true
deep-dense-d5-8-s4,4,dense,13400896689310720169,8,960,0.035000,1.0000,shuffled-label,0.255000,32,true
deep-dense-d5-8-s4,4,dense,13400896689310720169,8,960,0.035000,hard,shuffled-label,0.462500,32,true
deep-dense-d5-8-s4,4,dense,15453320347936062484,8,960,0.070000,soft,privileged-intermediate-target,1.000000,32,true
deep-dense-d5-8-s4,4,dense,15453320347936062484,8,960,0.070000,2.0000,privileged-intermediate-target,1.000000,32,true
deep-dense-d5-8-s4,4,dense,15453320347936062484,8,960,0.070000,1.0000,privileged-intermediate-target,1.000000,32,true
deep-dense-d5-8-s4,4,dense,15453320347936062484,8,960,0.070000,hard,privileged-intermediate-target,1.000000,32,true
deep-dense-d5-8-s4,4,dense,15453320347936062484,8,960,0.070000,soft,shuffled-label,0.105000,32,true
deep-dense-d5-8-s4,4,dense,15453320347936062484,8,960,0.070000,2.0000,shuffled-label,0.255000,32,true
deep-dense-d5-8-s4,4,dense,15453320347936062484,8,960,0.070000,1.0000,shuffled-label,0.255000,32,true
deep-dense-d5-8-s4,4,dense,15453320347936062484,8,960,0.070000,hard,shuffled-label,0.302500,32,true
deep-dense-d5-8-s4,4,dense,8371261729603450923,8,960,0.070000,soft,privileged-intermediate-target,1.000000,32,true
deep-dense-d5-8-s4,4,dense,8371261729603450923,8,960,0.070000,2.0000,privileged-intermediate-target,1.000000,32,true
deep-dense-d5-8-s4,4,dense,8371261729603450923,8,960,0.070000,1.0000,privileged-intermediate-target,1.000000,32,true
deep-dense-d5-8-s4,4,dense,8371261729603450923,8,960,0.070000,hard,privileged-intermediate-target,1.000000,32,true
deep-dense-d5-8-s4,4,dense,8371261729603450923,8,960,0.070000,soft,shuffled-label,0.307500,32,true
deep-dense-d5-8-s4,4,dense,8371261729603450923,8,960,0.070000,2.0000,shuffled-label,0.240000,32,true
deep-dense-d5-8-s4,4,dense,8371261729603450923,8,960,0.070000,1.0000,shuffled-label,0.240000,32,true
deep-dense-d5-8-s4,4,dense,8371261729603450923,8,960,0.070000,hard,shuffled-label,0.265000,32,true
deep-dense-d5-8-s4,4,dense,10584633876018000958,8,960,0.070000,soft,privileged-intermediate-target,1.000000,32,true
deep-dense-d5-8-s4,4,dense,10584633876018000958,8,960,0.070000,2.0000,privileged-intermediate-target,1.000000,32,true
deep-dense-d5-8-s4,4,dense,10584633876018000958,8,960,0.070000,1.0000,privileged-intermediate-target,1.000000,32,true
deep-dense-d5-8-s4,4,dense,10584633876018000958,8,960,0.070000,hard,privileged-intermediate-target,1.000000,32,true
deep-dense-d5-8-s4,4,dense,10584633876018000958,8,960,0.070000,soft,shuffled-label,0.100000,32,true
deep-dense-d5-8-s4,4,dense,10584633876018000958,8,960,0.070000,2.0000,shuffled-label,0.252500,32,true
deep-dense-d5-8-s4,4,dense,10584633876018000958,8,960,0.070000,1.0000,shuffled-label,0.252500,32,true
deep-dense-d5-8-s4,4,dense,10584633876018000958,8,960,0.070000,hard,shuffled-label,0.325000,32,true
deep-dense-d5-8-s4,4,dense,3503703373795356757,8,960,0.070000,soft,privileged-intermediate-target,1.000000,32,true
deep-dense-d5-8-s4,4,dense,3503703373795356757,8,960,0.070000,2.0000,privileged-intermediate-target,1.000000,32,true
deep-dense-d5-8-s4,4,dense,3503703373795356757,8,960,0.070000,1.0000,privileged-intermediate-target,1.000000,32,true
deep-dense-d5-8-s4,4,dense,3503703373795356757,8,960,0.070000,hard,privileged-intermediate-target,1.000000,32,true
deep-dense-d5-8-s4,4,dense,3503703373795356757,8,960,0.070000,soft,shuffled-label,0.222500,32,true
deep-dense-d5-8-s4,4,dense,3503703373795356757,8,960,0.070000,2.0000,shuffled-label,0.237500,32,true
deep-dense-d5-8-s4,4,dense,3503703373795356757,8,960,0.070000,1.0000,shuffled-label,0.237500,32,true
deep-dense-d5-8-s4,4,dense,3503703373795356757,8,960,0.070000,hard,shuffled-label,0.267500,32,true
deep-dense-d5-8-s4,4,dense,6869996990457277544,8,960,0.070000,soft,privileged-intermediate-target,1.000000,32,true
deep-dense-d5-8-s4,4,dense,6869996990457277544,8,960,0.070000,2.0000,privileged-intermediate-target,1.000000,32,true
deep-dense-d5-8-s4,4,dense,6869996990457277544,8,960,0.070000,1.0000,privileged-intermediate-target,1.000000,32,true
deep-dense-d5-8-s4,4,dense,6869996990457277544,8,960,0.070000,hard,privileged-intermediate-target,1.000000,32,true
deep-dense-d5-8-s4,4,dense,6869996990457277544,8,960,0.070000,soft,shuffled-label,0.152500,32,true
deep-dense-d5-8-s4,4,dense,6869996990457277544,8,960,0.070000,2.0000,shuffled-label,0.257500,32,true
deep-dense-d5-8-s4,4,dense,6869996990457277544,8,960,0.070000,1.0000,shuffled-label,0.257500,32,true
deep-dense-d5-8-s4,4,dense,6869996990457277544,8,960,0.070000,hard,shuffled-label,0.285000,32,true
deep-dense-d5-8-s4,4,dense,18234682480328173695,8,960,0.070000,soft,privileged-intermediate-target,1.000000,32,true
deep-dense-d5-8-s4,4,dense,18234682480328173695,8,960,0.070000,2.0000,privileged-intermediate-target,1.000000,32,true
deep-dense-d5-8-s4,4,dense,18234682480328173695,8,960,0.070000,1.0000,privileged-intermediate-target,1.000000,32,true
deep-dense-d5-8-s4,4,dense,18234682480328173695,8,960,0.070000,hard,privileged-intermediate-target,1.000000,32,true
deep-dense-d5-8-s4,4,dense,18234682480328173695,8,960,0.070000,soft,shuffled-label,0.340000,32,true
deep-dense-d5-8-s4,4,dense,18234682480328173695,8,960,0.070000,2.0000,shuffled-label,0.220000,32,true
deep-dense-d5-8-s4,4,dense,18234682480328173695,8,960,0.070000,1.0000,shuffled-label,0.220000,32,true
deep-dense-d5-8-s4,4,dense,18234682480328173695,8,960,0.070000,hard,shuffled-label,0.242500,32,true
deep-dense-d5-8-s4,4,dense,2001310518681822354,8,960,0.070000,soft,privileged-intermediate-target,1.000000,32,true
deep-dense-d5-8-s4,4,dense,2001310518681822354,8,960,0.070000,2.0000,privileged-intermediate-target,1.000000,32,true
deep-dense-d5-8-s4,4,dense,2001310518681822354,8,960,0.070000,1.0000,privileged-intermediate-target,1.000000,32,true
deep-dense-d5-8-s4,4,dense,2001310518681822354,8,960,0.070000,hard,privileged-intermediate-target,1.000000,32,true
deep-dense-d5-8-s4,4,dense,2001310518681822354,8,960,0.070000,soft,shuffled-label,0.272500,32,true
deep-dense-d5-8-s4,4,dense,2001310518681822354,8,960,0.070000,2.0000,shuffled-label,0.272500,32,true
deep-dense-d5-8-s4,4,dense,2001310518681822354,8,960,0.070000,1.0000,shuffled-label,0.272500,32,true
deep-dense-d5-8-s4,4,dense,2001310518681822354,8,960,0.070000,hard,shuffled-label,0.272500,32,true
deep-dense-d5-8-s4,4,dense,13400896689310720169,8,960,0.070000,soft,privileged-intermediate-target,1.000000,32,true
deep-dense-d5-8-s4,4,dense,13400896689310720169,8,960,0.070000,2.0000,privileged-intermediate-target,1.000000,32,true
deep-dense-d5-8-s4,4,dense,13400896689310720169,8,960,0.070000,1.0000,privileged-intermediate-target,1.000000,32,true
deep-dense-d5-8-s4,4,dense,13400896689310720169,8,960,0.070000,hard,privileged-intermediate-target,1.000000,32,true
deep-dense-d5-8-s4,4,dense,13400896689310720169,8,960,0.070000,soft,shuffled-label,0.187500,32,true
deep-dense-d5-8-s4,4,dense,13400896689310720169,8,960,0.070000,2.0000,shuffled-label,0.252500,32,true
deep-dense-d5-8-s4,4,dense,13400896689310720169,8,960,0.070000,1.0000,shuffled-label,0.252500,32,true
deep-dense-d5-8-s4,4,dense,13400896689310720169,8,960,0.070000,hard,shuffled-label,0.245000,32,true
