seed	example	label	input_only	hidden
6543731645843767297	0	10	0	0
6543731645843767297	1	11	13	13
6543731645843767297	2	7	13	0
6543731645843767297	3	10	10	0
6543731645843767297	4	3	3	3
6543731645843767297	5	5	9	16
6543731645843767297	6	0	10	0
6543731645843767297	7	10	3	19
6543731645843767297	8	18	18	18
6543731645843767297	9	5	18	18
6543731645843767297	10	16	8	8
6543731645843767297	11	14	3	0
6543731645843767297	12	12	3	17
6543731645843767297	13	8	3	16
6543731645843767297	14	0	17	0
6543731645843767297	15	16	6	16
6543731645843767297	16	10	3	10
6543731645843767297	17	16	8	8
6543731645843767297	18	17	3	0
6543731645843767297	19	13	9	9
6543731645843767297	20	19	19	19
6543731645843767297	21	9	9	8
6543731645843767297	22	7	7	4
6543731645843767297	23	4	7	8
6543731645843767297	24	6	8	8
6543731645843767297	25	9	13	13
6543731645843767297	26	0	17	0
6543731645843767297	27	0	3	0
6543731645843767297	28	9	9	9
6543731645843767297	29	9	13	9
6543731645843767297	30	6	6	6
6543731645843767297	31	2	3	3
6543731645843767297	32	3	10	0
6543731645843767297	33	12	13	16
6543731645843767297	34	8	8	8
6543731645843767297	35	8	8	8
6543731645843767297	36	7	7	9
6543731645843767297	37	10	3	0
6543731645843767297	38	12	13	0
6543731645843767297	39	10	10	0
6543731645843767297	40	14	13	19
6543731645843767297	41	8	8	8
6543731645843767297	42	6	6	6
6543731645843767297	43	0	10	0
6543731645843767297	44	11	13	16
6543731645843767297	45	8	8	8
6543731645843767297	46	7	13	13
6543731645843767297	47	17	3	17
6543731645843767297	48	5	13	9
6543731645843767297	49	7	17	17
6543731645843767297	50	13	13	16
6543731645843767297	51	11	6	5
6543731645843767297	52	18	18	18
6543731645843767297	53	6	6	2
6543731645843767297	54	11	13	9
6543731645843767297	55	6	6	6
6543731645843767297	56	15	9	9
6543731645843767297	57	17	3	17
6543731645843767297	58	14	13	13
6543731645843767297	59	0	10	17
6543731645843767297	60	1	17	19
6543731645843767297	61	18	18	18
6543731645843767297	62	17	3	0
6543731645843767297	63	13	17	9
6543731645843767297	64	0	17	8
6543731645843767297	65	18	18	18
6543731645843767297	66	13	9	9
6543731645843767297	67	5	5	18
6543731645843767297	68	14	13	8
6543731645843767297	69	1	9	9
6543731645843767297	70	10	3	0
6543731645843767297	71	13	9	13
6543731645843767297	72	14	3	4
6543731645843767297	73	14	3	13
6543731645843767297	74	10	3	0
6543731645843767297	75	11	13	13
6543731645843767297	76	4	13	13
6543731645843767297	77	3	10	0
6543731645843767297	78	7	17	17
6543731645843767297	79	17	17	0
6543731645843767297	80	8	8	8
6543731645843767297	81	7	7	7
6543731645843767297	82	14	13	13
6543731645843767297	83	14	3	0
6543731645843767297	84	7	9	8
6543731645843767297	85	16	16	16
6543731645843767297	86	3	3	2
6543731645843767297	87	14	3	19
6543731645843767297	88	15	10	0
6543731645843767297	89	5	8	7
6543731645843767297	90	19	13	19
6543731645843767297	91	10	10	0
6543731645843767297	92	16	8	8
6543731645843767297	93	8	8	16
6543731645843767297	94	19	9	8
6543731645843767297	95	0	10	0
6543731645843767297	96	19	9	9
6543731645843767297	97	1	9	19
6543731645843767297	98	6	6	6
6543731645843767297	99	1	17	17
6543731645843767297	100	18	18	16
6543731645843767297	101	18	18	18
6543731645843767297	102	13	9	9
6543731645843767297	103	11	9	8
6543731645843767297	104	14	3	14
6543731645843767297	105	13	13	13
6543731645843767297	106	4	13	13
6543731645843767297	107	11	13	13
6543731645843767297	108	1	13	0
6543731645843767297	109	10	3	0
6543731645843767297	110	6	6	8
6543731645843767297	111	13	13	0
6543731645843767297	112	4	4	4
6543731645843767297	113	0	10	4
6543731645843767297	114	2	3	8
6543731645843767297	115	12	13	13
6543731645843767297	116	11	3	11
6543731645843767297	117	10	3	0
6543731645843767297	118	18	5	18
6543731645843767297	119	4	4	4
6543731645843767297	120	1	3	17
6543731645843767297	121	12	13	3
6543731645843767297	122	12	5	9
6543731645843767297	123	0	0	3
6543731645843767297	124	4	13	8
6543731645843767297	125	17	9	9
6543731645843767297	126	13	13	9
6543731645843767297	127	16	9	5
6543731645843767297	128	17	3	3
6543731645843767297	129	3	10	0
6543731645843767297	130	7	5	6
6543731645843767297	131	3	3	0
6543731645843767297	132	19	10	9
6543731645843767297	133	0	13	6
6543731645843767297	134	9	13	5
6543731645843767297	135	13	9	18
6543731645843767297	136	10	0	3
6543731645843767297	137	1	10	7
6543731645843767297	138	4	13	0
6543731645843767297	139	9	13	9
6543731645843767297	140	1	9	13
6543731645843767297	141	9	13	18
6543731645843767297	142	6	6	8
6543731645843767297	143	16	13	13
6543731645843767297	144	9	9	9
6543731645843767297	145	15	3	0
6543731645843767297	146	15	3	17
6543731645843767297	147	0	10	0
6543731645843767297	148	14	3	0
6543731645843767297	149	19	0	19
6543731645843767297	150	5	5	6
6543731645843767297	151	5	13	9
6543731645843767297	152	8	8	8
6543731645843767297	153	0	0	14
6543731645843767297	154	12	13	13
6543731645843767297	155	15	9	13
6543731645843767297	156	7	17	17
6543731645843767297	157	2	3	0
6543731645843767297	158	3	10	0
6543731645843767297	159	17	10	17
6543731645843767297	160	1	9	0
6543731645843767297	161	16	8	11
6543731645843767297	162	10	0	0
6543731645843767297	163	9	9	9
6543731645843767297	164	4	4	4
6543731645843767297	165	7	17	17
6543731645843767297	166	2	10	8
6543731645843767297	167	16	13	16
6543731645843767297	168	6	6	6
6543731645843767297	169	19	0	0
6543731645843767297	170	18	18	18
6543731645843767297	171	17	9	9
6543731645843767297	172	19	13	13
6543731645843767297	173	12	13	13
6543731645843767297	174	19	9	9
6543731645843767297	175	5	18	5
6543731645843767297	176	1	10	19
6543731645843767297	177	16	16	8
6543731645843767297	178	5	9	9
6543731645843767297	179	14	13	13
6543731645843767297	180	2	10	0
6543731645843767297	181	9	5	9
6543731645843767297	182	5	18	18
6543731645843767297	183	19	13	13
6543731645843767297	184	13	10	8
6543731645843767297	185	7	17	17
6543731645843767297	186	7	9	7
6543731645843767297	187	7	13	13
6543731645843767297	188	17	17	9
6543731645843767297	189	4	13	13
6543731645843767297	190	11	13	13
6543731645843767297	191	17	9	9
6543731645843767297	192	13	13	13
6543731645843767297	193	14	3	19
6543731645843767297	194	17	17	17
6543731645843767297	195	4	13	0
6543731645843767297	196	4	13	0
6543731645843767297	197	16	6	18
6543731645843767297	198	17	10	0
6543731645843767297	199	14	13	0
6543731645843767297	200	0	17	0
6543731645843767297	201	3	3	8
6543731645843767297	202	6	6	8
6543731645843767297	203	0	17	0
6543731645843767297	204	6	6	16
6543731645843767297	205	15	10	0
6543731645843767297	206	4	13	19
6543731645843767297	207	18	18	18
6543731645843767297	208	19	10	0
6543731645843767297	209	0	17	9
6543731645843767297	210	15	15	5
6543731645843767297	211	12	18	6
6543731645843767297	212	16	6	16
6543731645843767297	213	11	13	18
6543731645843767297	214	12	13	13
6543731645843767297	215	14	3	14
6543731645843767297	216	12	13	13
6543731645843767297	217	12	9	9
6543731645843767297	218	2	10	0
6543731645843767297	219	3	3	9
6543731645843767297	220	3	3	14
6543731645843767297	221	17	3	0
6543731645843767297	222	11	13	16
6543731645843767297	223	1	9	9
6543731645843767297	224	0	9	17
6543731645843767297	225	0	10	0
6543731645843767297	226	5	9	8
6543731645843767297	227	3	3	17
6543731645843767297	228	15	15	5
6543731645843767297	229	8	8	13
6543731645843767297	230	9	9	13
6543731645843767297	231	9	13	9
6543731645843767297	232	12	9	13
6543731645843767297	233	16	6	8
6543731645843767297	234	14	3	10
6543731645843767297	235	15	3	14
6543731645843767297	236	3	3	8
6543731645843767297	237	3	10	0
6543731645843767297	238	5	5	18
6543731645843767297	239	12	9	9
6543731645843767297	240	5	13	13
6543731645843767297	241	2	3	0
6543731645843767297	242	6	6	18
6543731645843767297	243	6	6	6
6543731645843767297	244	19	0	19
6543731645843767297	245	0	17	0
6543731645843767297	246	6	6	8
6543731645843767297	247	17	10	8
6543731645843767297	248	1	10	0
6543731645843767297	249	7	13	9
6543731645843767297	250	19	0	13
6543731645843767297	251	1	10	0
6543731645843767297	252	5	10	8
6543731645843767297	253	10	3	14
6543731645843767297	254	11	9	9
6543731645843767297	255	19	0	0
6543731645843767297	256	13	13	18
6543731645843767297	257	11	13	13
6543731645843767297	258	5	13	18
6543731645843767297	259	12	9	9
6543731645843767297	260	16	8	8
6543731645843767297	261	3	3	6
6543731645843767297	262	13	13	8
6543731645843767297	263	11	13	13
6543731645843767297	264	1	15	15
6543731645843767297	265	15	3	0
6543731645843767297	266	15	3	19
6543731645843767297	267	19	3	0
6543731645843767297	268	18	18	18
6543731645843767297	269	2	10	7
6543731645843767297	270	13	9	13
6543731645843767297	271	3	3	14
6543731645843767297	272	2	10	0
6543731645843767297	273	7	13	13
6543731645843767297	274	1	9	9
6543731645843767297	275	9	9	13
6543731645843767297	276	18	18	18
6543731645843767297	277	3	3	13
6543731645843767297	278	10	3	0
6543731645843767297	279	8	3	13
6543731645843767297	280	17	3	10
6543731645843767297	281	0	13	0
6543731645843767297	282	18	18	18
6543731645843767297	283	18	18	18
6543731645843767297	284	3	3	0
6543731645843767297	285	15	13	0
6543731645843767297	286	8	8	8
6543731645843767297	287	0	17	0
6543731645843767297	288	1	13	9
6543731645843767297	289	12	9	8
6543731645843767297	290	9	9	8
6543731645843767297	291	11	13	13
6543731645843767297	292	5	9	9
6543731645843767297	293	5	5	18
6543731645843767297	294	19	10	9
6543731645843767297	295	11	13	13
6543731645843767297	296	18	18	18
6543731645843767297	297	18	5	18
6543731645843767297	298	10	10	0
6543731645843767297	299	19	9	9
6543731645843767297	300	11	13	13
6543731645843767297	301	11	13	16
6543731645843767297	302	13	9	9
6543731645843767297	303	16	6	8
6543731645843767297	304	11	9	13
6543731645843767297	305	16	8	8
6543731645843767297	306	18	18	18
6543731645843767297	307	7	7	19
6543731645843767297	308	7	7	0
6543731645843767297	309	10	3	0
6543731645843767297	310	18	18	18
6543731645843767297	311	13	9	9
6543731645843767297	312	16	8	13
6543731645843767297	313	0	3	0
6543731645843767297	314	9	9	9
6543731645843767297	315	14	3	0
6543731645843767297	316	3	10	7
6543731645843767297	317	13	5	12
6543731645843767297	318	8	8	8
6543731645843767297	319	7	17	14
6543731645843767297	320	19	0	9
6543731645843767297	321	19	0	13
6543731645843767297	322	8	3	19
6543731645843767297	323	2	3	0
6543731645843767297	324	16	16	8
6543731645843767297	325	8	3	8
6543731645843767297	326	19	13	0
6543731645843767297	327	16	9	16
6543731645843767297	328	9	13	16
6543731645843767297	329	5	18	9
6543731645843767297	330	18	18	18
6543731645843767297	331	6	6	6
6543731645843767297	332	11	7	7
6543731645843767297	333	15	8	9
6543731645843767297	334	2	3	8
6543731645843767297	335	15	3	0
6543731645843767297	336	8	8	19
6543731645843767297	337	4	5	5
6543731645843767297	338	0	0	0
6543731645843767297	339	13	9	9
6543731645843767297	340	2	3	2
6543731645843767297	341	11	13	13
6543731645843767297	342	10	3	0
6543731645843767297	343	14	3	8
6543731645843767297	344	16	16	18
6543731645843767297	345	1	9	9
6543731645843767297	346	8	3	13
6543731645843767297	347	7	17	17
6543731645843767297	348	19	10	0
6543731645843767297	349	11	3	8
6543731645843767297	350	3	17	17
6543731645843767297	351	14	10	10
6543731645843767297	352	17	3	17
6543731645843767297	353	17	3	0
6543731645843767297	354	11	13	13
6543731645843767297	355	15	3	19
6543731645843767297	356	7	17	17
6543731645843767297	357	17	10	9
6543731645843767297	358	8	8	8
6543731645843767297	359	17	17	3
6543731645843767297	360	19	10	9
6543731645843767297	361	3	10	0
6543731645843767297	362	4	13	4
6543731645843767297	363	1	9	13
6543731645843767297	364	12	9	9
6543731645843767297	365	16	6	6
6543731645843767297	366	16	8	8
6543731645843767297	367	8	3	0
6543731645843767297	368	4	8	8
6543731645843767297	369	15	3	19
6543731645843767297	370	6	6	5
6543731645843767297	371	5	18	18
6543731645843767297	372	7	17	2
6543731645843767297	373	16	8	8
6543731645843767297	374	6	6	6
6543731645843767297	375	6	6	6
6543731645843767297	376	17	10	3
6543731645843767297	377	19	9	0
6543731645843767297	378	17	9	0
6543731645843767297	379	4	7	8
6543731645843767297	380	9	9	9
6543731645843767297	381	8	8	8
6543731645843767297	382	14	10	0
6543731645843767297	383	6	6	5
6543731645843767297	384	10	3	17
6543731645843767297	385	11	9	11
6543731645843767297	386	1	17	14
6543731645843767297	387	0	17	17
6543731645843767297	388	10	10	10
6543731645843767297	389	6	6	6
6543731645843767297	390	10	10	0
6543731645843767297	391	13	13	16
6543731645843767297	392	2	3	0
6543731645843767297	393	8	8	8
6543731645843767297	394	12	13	13
6543731645843767297	395	12	5	5
6543731645843767297	396	14	3	0
6543731645843767297	397	12	6	18
6543731645843767297	398	5	5	18
6543731645843767297	399	3	3	8
6543731645843767297	400	11	13	13
6543731645843767297	401	19	10	10
6543731645843767297	402	15	8	8
6543731645843767297	403	6	6	12
6543731645843767297	404	19	9	11
6543731645843767297	405	13	9	5
6543731645843767297	406	11	7	8
6543731645843767297	407	19	10	9
6543731645843767297	408	2	10	0
6543731645843767297	409	7	13	13
6543731645843767297	410	5	5	9
6543731645843767297	411	2	3	14
6543731645843767297	412	10	3	2
6543731645843767297	413	1	9	1
6543731645843767297	414	4	4	9
6543731645843767297	415	7	17	14
6543731645843767297	416	17	17	9
6543731645843767297	417	9	9	9
6543731645843767297	418	3	10	0
6543731645843767297	419	14	13	13
6543731645843767297	420	0	3	0
6543731645843767297	421	4	13	4
6543731645843767297	422	17	17	0
6543731645843767297	423	3	9	9
6543731645843767297	424	1	17	1
6543731645843767297	425	9	13	9
6543731645843767297	426	14	13	0
6543731645843767297	427	3	3	19
6543731645843767297	428	13	9	9
6543731645843767297	429	16	6	5
6543731645843767297	430	19	0	19
6543731645843767297	431	7	17	7
6543731645843767297	432	3	10	0
6543731645843767297	433	6	6	16
6543731645843767297	434	13	5	5
6543731645843767297	435	9	13	13
6543731645843767297	436	1	3	1
6543731645843767297	437	4	13	4
6543731645843767297	438	7	17	15
6543731645843767297	439	1	9	13
6543731645843767297	440	18	18	18
6543731645843767297	441	5	5	5
6543731645843767297	442	11	9	9
6543731645843767297	443	15	3	0
6543731645843767297	444	3	3	7
6543731645843767297	445	13	9	9
6543731645843767297	446	9	13	13
6543731645843767297	447	0	17	0
6543731645843767297	448	6	6	6
6543731645843767297	449	18	18	18
6543731645843767297	450	10	3	3
6543731645843767297	451	11	13	8
6543731645843767297	452	6	6	2
6543731645843767297	453	4	13	0
6543731645843767297	454	16	8	6
6543731645843767297	455	9	13	13
6543731645843767297	456	5	5	18
6543731645843767297	457	10	3	0
6543731645843767297	458	7	13	9
6543731645843767297	459	9	11	6
6543731645843767297	460	13	10	11
6543731645843767297	461	2	10	0
6543731645843767297	462	4	5	4
6543731645843767297	463	13	9	9
6543731645843767297	464	16	8	16
6543731645843767297	465	11	13	13
6543731645843767297	466	6	6	18
6543731645843767297	467	0	17	7
6543731645843767297	468	12	13	13
6543731645843767297	469	10	3	0
6543731645843767297	470	12	9	9
6543731645843767297	471	12	9	9
6543731645843767297	472	14	10	0
6543731645843767297	473	3	3	0
6543731645843767297	474	12	13	13
6543731645843767297	475	17	9	0
6543731645843767297	476	14	13	0
6543731645843767297	477	1	13	13
6543731645843767297	478	11	13	16
6543731645843767297	479	11	9	9
6543731645843767297	480	19	9	13
6543731645843767297	481	16	5	11
6543731645843767297	482	0	10	0
6543731645843767297	483	17	17	9
6543731645843767297	484	8	3	8
6543731645843767297	485	2	3	7
6543731645843767297	486	15	3	0
6543731645843767297	487	0	17	0
6543731645843767297	488	5	18	18
6543731645843767297	489	18	18	18
6543731645843767297	490	10	3	0
6543731645843767297	491	10	3	0
6543731645843767297	492	2	3	14
6543731645843767297	493	5	13	9
6543731645843767297	494	18	18	5
6543731645843767297	495	0	17	0
6543731645843767297	496	7	13	7
6543731645843767297	497	1	9	9
6543731645843767297	498	12	5	9
6543731645843767297	499	8	3	0
6543731646112202932	0	10	0	0
6543731646112202932	1	11	13	11
6543731646112202932	2	7	13	9
6543731646112202932	3	10	10	8
6543731646112202932	4	3	3	0
6543731646112202932	5	5	9	16
6543731646112202932	6	0	10	7
6543731646112202932	7	10	3	0
6543731646112202932	8	18	18	18
6543731646112202932	9	5	18	18
6543731646112202932	10	16	8	7
6543731646112202932	11	14	3	4
6543731646112202932	12	12	3	17
6543731646112202932	13	8	3	8
6543731646112202932	14	0	17	0
6543731646112202932	15	16	6	16
6543731646112202932	16	10	3	0
6543731646112202932	17	16	8	8
6543731646112202932	18	17	3	3
6543731646112202932	19	13	9	8
6543731646112202932	20	19	19	19
6543731646112202932	21	9	9	8
6543731646112202932	22	7	7	5
6543731646112202932	23	4	7	0
6543731646112202932	24	6	8	16
6543731646112202932	25	9	13	13
6543731646112202932	26	0	17	7
6543731646112202932	27	0	3	0
6543731646112202932	28	9	9	9
6543731646112202932	29	9	13	18
6543731646112202932	30	6	6	6
6543731646112202932	31	2	3	10
6543731646112202932	32	3	10	0
6543731646112202932	33	12	13	13
6543731646112202932	34	8	8	8
6543731646112202932	35	8	8	8
6543731646112202932	36	7	7	13
6543731646112202932	37	10	3	3
6543731646112202932	38	12	13	13
6543731646112202932	39	10	10	0
6543731646112202932	40	14	13	9
6543731646112202932	41	8	8	8
6543731646112202932	42	6	6	6
6543731646112202932	43	0	10	0
6543731646112202932	44	11	13	18
6543731646112202932	45	8	8	5
6543731646112202932	46	7	13	0
6543731646112202932	47	17	3	1
6543731646112202932	48	5	13	13
6543731646112202932	49	7	17	0
6543731646112202932	50	13	13	16
6543731646112202932	51	11	6	6
6543731646112202932	52	18	18	16
6543731646112202932	53	6	6	6
6543731646112202932	54	11	13	8
6543731646112202932	55	6	6	6
6543731646112202932	56	15	3	5
6543731646112202932	57	17	3	3
6543731646112202932	58	14	13	13
6543731646112202932	59	0	10	0
6543731646112202932	60	1	17	7
6543731646112202932	61	18	18	18
6543731646112202932	62	17	3	0
6543731646112202932	63	13	17	7
6543731646112202932	64	0	17	17
6543731646112202932	65	18	18	18
6543731646112202932	66	13	9	9
6543731646112202932	67	5	5	9
6543731646112202932	68	14	13	13
6543731646112202932	69	1	9	9
6543731646112202932	70	10	3	0
6543731646112202932	71	13	9	13
6543731646112202932	72	14	3	8
6543731646112202932	73	14	3	8
6543731646112202932	74	10	3	0
6543731646112202932	75	11	13	16
6543731646112202932	76	4	13	0
6543731646112202932	77	3	10	3
6543731646112202932	78	7	17	0
6543731646112202932	79	17	17	0
6543731646112202932	80	8	8	8
6543731646112202932	81	7	7	9
6543731646112202932	82	14	13	9
6543731646112202932	83	14	3	10
6543731646112202932	84	7	9	0
6543731646112202932	85	16	5	0
6543731646112202932	86	3	3	0
6543731646112202932	87	14	3	5
6543731646112202932	88	15	10	0
6543731646112202932	89	5	8	16
6543731646112202932	90	19	13	13
6543731646112202932	91	10	10	0
6543731646112202932	92	16	8	11
6543731646112202932	93	8	8	11
6543731646112202932	94	19	9	9
6543731646112202932	95	0	10	19
6543731646112202932	96	19	9	0
6543731646112202932	97	1	9	4
6543731646112202932	98	6	6	6
6543731646112202932	99	1	17	7
6543731646112202932	100	18	18	16
6543731646112202932	101	18	18	18
6543731646112202932	102	13	9	9
6543731646112202932	103	11	9	9
6543731646112202932	104	14	3	0
6543731646112202932	105	13	13	16
6543731646112202932	106	4	13	19
6543731646112202932	107	11	13	13
6543731646112202932	108	1	13	0
6543731646112202932	109	10	3	5
6543731646112202932	110	6	6	6
6543731646112202932	111	13	13	0
6543731646112202932	112	4	4	4
6543731646112202932	113	0	10	9
6543731646112202932	114	2	3	8
6543731646112202932	115	12	13	0
6543731646112202932	116	11	3	11
6543731646112202932	117	10	3	0
6543731646112202932	118	18	5	11
6543731646112202932	119	4	4	1
6543731646112202932	120	1	3	14
6543731646112202932	121	12	13	17
6543731646112202932	122	12	5	5
6543731646112202932	123	0	0	14
6543731646112202932	124	4	13	0
6543731646112202932	125	17	9	0
6543731646112202932	126	13	13	13
6543731646112202932	127	16	9	16
6543731646112202932	128	17	3	3
6543731646112202932	129	3	10	0
6543731646112202932	130	7	5	16
6543731646112202932	131	3	3	11
6543731646112202932	132	19	10	9
6543731646112202932	133	0	13	5
6543731646112202932	134	9	13	16
6543731646112202932	135	13	9	5
6543731646112202932	136	10	0	0
6543731646112202932	137	1	10	19
6543731646112202932	138	4	13	4
6543731646112202932	139	9	13	9
6543731646112202932	140	1	9	19
6543731646112202932	141	9	13	13
6543731646112202932	142	6	6	8
6543731646112202932	143	16	13	19
6543731646112202932	144	9	9	13
6543731646112202932	145	15	3	7
6543731646112202932	146	15	3	17
6543731646112202932	147	0	10	0
6543731646112202932	148	14	3	0
6543731646112202932	149	19	0	13
6543731646112202932	150	5	5	5
6543731646112202932	151	5	13	4
6543731646112202932	152	8	8	8
6543731646112202932	153	0	0	10
6543731646112202932	154	12	13	0
6543731646112202932	155	15	9	9
6543731646112202932	156	7	17	0
6543731646112202932	157	2	3	0
6543731646112202932	158	3	10	8
6543731646112202932	159	17	10	9
6543731646112202932	160	1	9	9
6543731646112202932	161	16	8	8
6543731646112202932	162	10	0	0
6543731646112202932	163	9	9	13
6543731646112202932	164	4	4	0
6543731646112202932	165	7	17	7
6543731646112202932	166	2	10	7
6543731646112202932	167	16	13	11
6543731646112202932	168	6	6	6
6543731646112202932	169	19	0	0
6543731646112202932	170	18	18	18
6543731646112202932	171	17	9	0
6543731646112202932	172	19	13	16
6543731646112202932	173	12	13	12
6543731646112202932	174	19	9	9
6543731646112202932	175	5	18	6
6543731646112202932	176	1	10	13
6543731646112202932	177	16	16	16
6543731646112202932	178	5	9	9
6543731646112202932	179	14	13	16
6543731646112202932	180	2	10	10
6543731646112202932	181	9	5	16
6543731646112202932	182	5	18	18
6543731646112202932	183	19	13	13
6543731646112202932	184	13	10	11
6543731646112202932	185	7	17	7
6543731646112202932	186	7	9	7
6543731646112202932	187	7	13	9
6543731646112202932	188	17	17	0
6543731646112202932	189	4	13	4
6543731646112202932	190	11	13	13
6543731646112202932	191	17	9	19
6543731646112202932	192	13	13	13
6543731646112202932	193	14	3	0
6543731646112202932	194	17	17	17
6543731646112202932	195	4	13	9
6543731646112202932	196	4	13	4
6543731646112202932	197	16	6	16
6543731646112202932	198	17	10	8
6543731646112202932	199	14	13	10
6543731646112202932	200	0	17	0
6543731646112202932	201	3	3	17
6543731646112202932	202	6	6	16
6543731646112202932	203	0	17	0
6543731646112202932	204	6	6	16
6543731646112202932	205	15	10	1
6543731646112202932	206	4	13	9
6543731646112202932	207	18	18	18
6543731646112202932	208	19	10	9
6543731646112202932	209	0	17	7
6543731646112202932	210	15	15	7
6543731646112202932	211	12	18	5
6543731646112202932	212	16	6	5
6543731646112202932	213	11	13	18
6543731646112202932	214	12	13	16
6543731646112202932	215	14	3	19
6543731646112202932	216	12	13	13
6543731646112202932	217	12	9	5
6543731646112202932	218	2	10	1
6543731646112202932	219	3	3	8
6543731646112202932	220	3	3	0
6543731646112202932	221	17	3	10
6543731646112202932	222	11	13	8
6543731646112202932	223	1	9	9
6543731646112202932	224	0	9	7
6543731646112202932	225	0	10	9
6543731646112202932	226	5	9	9
6543731646112202932	227	3	3	17
6543731646112202932	228	15	15	4
6543731646112202932	229	8	8	0
6543731646112202932	230	9	9	13
6543731646112202932	231	9	13	13
6543731646112202932	232	12	9	19
6543731646112202932	233	16	6	16
6543731646112202932	234	14	3	7
6543731646112202932	235	15	3	17
6543731646112202932	236	3	3	8
6543731646112202932	237	3	10	19
6543731646112202932	238	5	5	18
6543731646112202932	239	12	9	9
6543731646112202932	240	5	13	9
6543731646112202932	241	2	3	0
6543731646112202932	242	6	6	18
6543731646112202932	243	6	6	6
6543731646112202932	244	19	0	13
6543731646112202932	245	0	17	17
6543731646112202932	246	6	6	6
6543731646112202932	247	17	10	17
6543731646112202932	248	1	10	19
6543731646112202932	249	7	13	13
6543731646112202932	250	19	0	13
6543731646112202932	251	1	10	13
6543731646112202932	252	5	10	7
6543731646112202932	253	10	3	0
6543731646112202932	254	11	9	11
6543731646112202932	255	19	0	9
6543731646112202932	256	13	13	16
6543731646112202932	257	11	13	16
6543731646112202932	258	5	13	11
6543731646112202932	259	12	9	11
6543731646112202932	260	16	8	16
6543731646112202932	261	3	3	7
6543731646112202932	262	13	13	13
6543731646112202932	263	11	13	13
6543731646112202932	264	1	15	1
6543731646112202932	265	15	3	19
6543731646112202932	266	15	3	8
6543731646112202932	267	19	3	0
6543731646112202932	268	18	18	18
6543731646112202932	269	2	10	7
6543731646112202932	270	13	9	8
6543731646112202932	271	3	3	3
6543731646112202932	272	2	10	0
6543731646112202932	273	7	13	0
6543731646112202932	274	1	9	19
6543731646112202932	275	9	9	10
6543731646112202932	276	18	18	18
6543731646112202932	277	3	3	9
6543731646112202932	278	10	3	3
6543731646112202932	279	8	3	8
6543731646112202932	280	17	3	17
6543731646112202932	281	0	13	0
6543731646112202932	282	18	18	18
6543731646112202932	283	18	18	16
6543731646112202932	284	3	3	3
6543731646112202932	285	15	13	10
6543731646112202932	286	8	8	8
6543731646112202932	287	0	17	10
6543731646112202932	288	1	13	13
6543731646112202932	289	12	9	16
6543731646112202932	290	9	9	9
6543731646112202932	291	11	13	16
6543731646112202932	292	5	9	8
6543731646112202932	293	5	5	0
6543731646112202932	294	19	10	8
6543731646112202932	295	11	13	13
6543731646112202932	296	18	18	18
6543731646112202932	297	18	5	18
6543731646112202932	298	10	10	17
6543731646112202932	299	19	9	9
6543731646112202932	300	11	13	13
6543731646112202932	301	11	13	16
6543731646112202932	302	13	9	9
6543731646112202932	303	16	6	5
6543731646112202932	304	11	9	13
6543731646112202932	305	16	8	8
6543731646112202932	306	18	18	18
6543731646112202932	307	7	7	0
6543731646112202932	308	7	7	7
6543731646112202932	309	10	3	10
6543731646112202932	310	18	18	16
6543731646112202932	311	13	9	9
6543731646112202932	312	16	8	5
6543731646112202932	313	0	3	0
6543731646112202932	314	9	9	3
6543731646112202932	315	14	3	7
6543731646112202932	316	3	10	8
6543731646112202932	317	13	5	18
6543731646112202932	318	8	8	8
6543731646112202932	319	7	17	0
6543731646112202932	320	19	0	8
6543731646112202932	321	19	0	13
6543731646112202932	322	8	3	8
6543731646112202932	323	2	3	19
6543731646112202932	324	16	16	16
6543731646112202932	325	8	3	8
6543731646112202932	326	19	13	9
6543731646112202932	327	16	9	5
6543731646112202932	328	9	13	13
6543731646112202932	329	5	18	13
6543731646112202932	330	18	18	18
6543731646112202932	331	6	6	8
6543731646112202932	332	11	7	8
6543731646112202932	333	15	8	16
6543731646112202932	334	2	3	3
6543731646112202932	335	15	3	0
6543731646112202932	336	8	8	4
6543731646112202932	337	4	5	5
6543731646112202932	338	0	0	0
6543731646112202932	339	13	9	11
6543731646112202932	340	2	3	17
6543731646112202932	341	11	13	13
6543731646112202932	342	10	3	17
6543731646112202932	343	14	3	10
6543731646112202932	344	16	16	16
6543731646112202932	345	1	9	9
6543731646112202932	346	8	3	7
6543731646112202932	347	7	17	3
6543731646112202932	348	19	10	17
6543731646112202932	349	11	3	11
6543731646112202932	350	3	17	0
6543731646112202932	351	14	10	11
6543731646112202932	352	17	3	17
6543731646112202932	353	17	3	3
6543731646112202932	354	11	13	8
6543731646112202932	355	15	3	14
6543731646112202932	356	7	17	1
6543731646112202932	357	17	10	0
6543731646112202932	358	8	8	8
6543731646112202932	359	17	3	17
6543731646112202932	360	19	10	9
6543731646112202932	361	3	10	8
6543731646112202932	362	4	13	18
6543731646112202932	363	1	9	8
6543731646112202932	364	12	9	8
6543731646112202932	365	16	6	16
6543731646112202932	366	16	8	0
6543731646112202932	367	8	3	7
6543731646112202932	368	4	8	8
6543731646112202932	369	15	3	5
6543731646112202932	370	6	6	6
6543731646112202932	371	5	18	9
6543731646112202932	372	7	17	0
6543731646112202932	373	16	8	8
6543731646112202932	374	6	6	15
6543731646112202932	375	6	6	6
6543731646112202932	376	17	10	7
6543731646112202932	377	19	9	9
6543731646112202932	378	17	9	0
6543731646112202932	379	4	7	5
6543731646112202932	380	9	9	19
6543731646112202932	381	8	8	8
6543731646112202932	382	14	10	7
6543731646112202932	383	6	6	6
6543731646112202932	384	10	3	0
6543731646112202932	385	11	9	8
6543731646112202932	386	1	17	0
6543731646112202932	387	0	17	0
6543731646112202932	388	10	10	0
6543731646112202932	389	6	6	6
6543731646112202932	390	10	10	0
6543731646112202932	391	13	13	13
6543731646112202932	392	2	3	0
6543731646112202932	393	8	8	8
6543731646112202932	394	12	13	16
6543731646112202932	395	12	5	5
6543731646112202932	396	14	3	3
6543731646112202932	397	12	6	18
6543731646112202932	398	5	5	0
6543731646112202932	399	3	3	3
6543731646112202932	400	11	13	13
6543731646112202932	401	19	10	7
6543731646112202932	402	15	8	15
6543731646112202932	403	6	6	8
6543731646112202932	404	19	9	9
6543731646112202932	405	13	9	5
6543731646112202932	406	11	7	7
6543731646112202932	407	19	10	9
6543731646112202932	408	2	10	1
6543731646112202932	409	7	13	0
6543731646112202932	410	5	5	18
6543731646112202932	411	2	3	3
6543731646112202932	412	10	3	10
6543731646112202932	413	1	9	9
6543731646112202932	414	4	4	13
6543731646112202932	415	7	17	17
6543731646112202932	416	17	17	17
6543731646112202932	417	9	9	5
6543731646112202932	418	3	10	9
6543731646112202932	419	14	13	19
6543731646112202932	420	0	3	7
6543731646112202932	421	4	13	19
6543731646112202932	422	17	17	0
6543731646112202932	423	3	9	9
6543731646112202932	424	1	17	9
6543731646112202932	425	9	13	9
6543731646112202932	426	14	13	0
6543731646112202932	427	3	3	3
6543731646112202932	428	13	9	4
6543731646112202932	429	16	6	9
6543731646112202932	430	19	0	19
6543731646112202932	431	7	17	13
6543731646112202932	432	3	10	9
6543731646112202932	433	6	6	18
6543731646112202932	434	13	5	1
6543731646112202932	435	9	13	13
6543731646112202932	436	1	3	7
6543731646112202932	437	4	13	4
6543731646112202932	438	7	17	7
6543731646112202932	439	1	9	19
6543731646112202932	440	18	18	18
6543731646112202932	441	5	5	7
6543731646112202932	442	11	9	7
6543731646112202932	443	15	3	10
6543731646112202932	444	3	3	7
6543731646112202932	445	13	9	13
6543731646112202932	446	9	13	13
6543731646112202932	447	0	17	0
6543731646112202932	448	6	6	8
6543731646112202932	449	18	18	16
6543731646112202932	450	10	3	0
6543731646112202932	451	11	13	11
6543731646112202932	452	6	6	6
6543731646112202932	453	4	13	13
6543731646112202932	454	16	8	8
6543731646112202932	455	9	13	0
6543731646112202932	456	5	5	9
6543731646112202932	457	10	3	17
6543731646112202932	458	7	13	8
6543731646112202932	459	9	11	5
6543731646112202932	460	13	10	9
6543731646112202932	461	2	10	7
6543731646112202932	462	4	5	5
6543731646112202932	463	13	9	16
6543731646112202932	464	16	8	12
6543731646112202932	465	11	13	18
6543731646112202932	466	6	6	8
6543731646112202932	467	0	17	0
6543731646112202932	468	12	13	13
6543731646112202932	469	10	3	3
6543731646112202932	470	12	9	5
6543731646112202932	471	12	9	9
6543731646112202932	472	14	10	0
6543731646112202932	473	3	3	8
6543731646112202932	474	12	13	18
6543731646112202932	475	17	9	0
6543731646112202932	476	14	13	0
6543731646112202932	477	1	13	13
6543731646112202932	478	11	13	18
6543731646112202932	479	11	9	7
6543731646112202932	480	19	9	7
6543731646112202932	481	16	5	18
6543731646112202932	482	0	10	0
6543731646112202932	483	17	17	3
6543731646112202932	484	8	3	8
6543731646112202932	485	2	3	8
6543731646112202932	486	15	3	10
6543731646112202932	487	0	17	3
6543731646112202932	488	5	18	16
6543731646112202932	489	18	18	18
6543731646112202932	490	10	3	10
6543731646112202932	491	10	3	17
6543731646112202932	492	2	3	14
6543731646112202932	493	5	13	0
6543731646112202932	494	18	18	6
6543731646112202932	495	0	17	0
6543731646112202932	496	7	13	9
6543731646112202932	497	1	9	0
6543731646112202932	498	12	5	8
6543731646112202932	499	8	3	8
6543731646380638571	0	10	0	0
6543731646380638571	1	11	13	8
6543731646380638571	2	7	13	4
6543731646380638571	3	10	10	19
6543731646380638571	4	3	3	17
6543731646380638571	5	5	9	11
6543731646380638571	6	0	10	8
6543731646380638571	7	10	3	8
6543731646380638571	8	18	18	8
6543731646380638571	9	5	18	18
6543731646380638571	10	16	8	8
6543731646380638571	11	14	3	1
6543731646380638571	12	12	3	8
6543731646380638571	13	8	3	16
6543731646380638571	14	0	17	3
6543731646380638571	15	16	6	16
6543731646380638571	16	10	3	8
6543731646380638571	17	16	8	8
6543731646380638571	18	17	3	3
6543731646380638571	19	13	9	7
6543731646380638571	20	19	19	9
6543731646380638571	21	9	9	8
6543731646380638571	22	7	7	13
6543731646380638571	23	4	7	8
6543731646380638571	24	6	8	8
6543731646380638571	25	9	13	1
6543731646380638571	26	0	17	8
6543731646380638571	27	0	3	8
6543731646380638571	28	9	9	11
6543731646380638571	29	9	13	9
6543731646380638571	30	6	6	14
6543731646380638571	31	2	3	2
6543731646380638571	32	3	10	3
6543731646380638571	33	12	13	13
6543731646380638571	34	8	8	8
6543731646380638571	35	8	8	8
6543731646380638571	36	7	7	8
6543731646380638571	37	10	3	10
6543731646380638571	38	12	13	1
6543731646380638571	39	10	10	0
6543731646380638571	40	14	13	4
6543731646380638571	41	8	8	8
6543731646380638571	42	6	6	6
6543731646380638571	43	0	10	8
6543731646380638571	44	11	13	13
6543731646380638571	45	8	8	11
6543731646380638571	46	7	13	10
6543731646380638571	47	17	3	14
6543731646380638571	48	5	13	9
6543731646380638571	49	7	17	8
6543731646380638571	50	13	13	13
6543731646380638571	51	11	6	16
6543731646380638571	52	18	18	16
6543731646380638571	53	6	6	16
6543731646380638571	54	11	13	8
6543731646380638571	55	6	6	5
6543731646380638571	56	15	3	15
6543731646380638571	57	17	3	3
6543731646380638571	58	14	13	16
6543731646380638571	59	0	10	0
6543731646380638571	60	1	17	1
6543731646380638571	61	18	18	18
6543731646380638571	62	17	3	3
6543731646380638571	63	13	17	17
6543731646380638571	64	0	17	8
6543731646380638571	65	18	18	5
6543731646380638571	66	13	9	7
6543731646380638571	67	5	5	5
6543731646380638571	68	14	13	8
6543731646380638571	69	1	9	19
6543731646380638571	70	10	3	10
6543731646380638571	71	13	9	11
6543731646380638571	72	14	3	14
6543731646380638571	73	14	3	7
6543731646380638571	74	10	3	10
6543731646380638571	75	11	13	8
6543731646380638571	76	4	13	0
6543731646380638571	77	3	10	2
6543731646380638571	78	7	17	7
6543731646380638571	79	17	17	10
6543731646380638571	80	8	8	17
6543731646380638571	81	7	7	7
6543731646380638571	82	14	13	0
6543731646380638571	83	14	3	14
6543731646380638571	84	7	9	9
6543731646380638571	85	16	16	16
6543731646380638571	86	3	3	7
6543731646380638571	87	14	3	4
6543731646380638571	88	15	10	8
6543731646380638571	89	5	8	5
6543731646380638571	90	19	13	9
6543731646380638571	91	10	10	0
6543731646380638571	92	16	8	8
6543731646380638571	93	8	8	8
6543731646380638571	94	19	9	15
6543731646380638571	95	0	10	10
6543731646380638571	96	19	9	19
6543731646380638571	97	1	9	9
6543731646380638571	98	6	6	6
6543731646380638571	99	1	17	13
6543731646380638571	100	18	18	5
6543731646380638571	101	18	18	18
6543731646380638571	102	13	9	11
6543731646380638571	103	11	9	16
6543731646380638571	104	14	3	14
6543731646380638571	105	13	13	16
6543731646380638571	106	4	13	13
6543731646380638571	107	11	13	16
6543731646380638571	108	1	13	7
6543731646380638571	109	10	3	8
6543731646380638571	110	6	6	6
6543731646380638571	111	13	13	9
6543731646380638571	112	4	4	8
6543731646380638571	113	0	10	10
6543731646380638571	114	2	3	14
6543731646380638571	115	12	13	11
6543731646380638571	116	11	3	7
6543731646380638571	117	10	3	17
6543731646380638571	118	18	5	11
6543731646380638571	119	4	4	13
6543731646380638571	120	1	3	16
6543731646380638571	121	12	13	8
6543731646380638571	122	12	5	2
6543731646380638571	123	0	0	0
6543731646380638571	124	4	9	13
6543731646380638571	125	17	9	0
6543731646380638571	126	13	13	13
6543731646380638571	127	16	9	7
6543731646380638571	128	17	3	3
6543731646380638571	129	3	10	10
6543731646380638571	130	7	5	6
6543731646380638571	131	3	3	2
6543731646380638571	132	19	10	9
6543731646380638571	133	0	13	16
6543731646380638571	134	9	13	4
6543731646380638571	135	13	9	7
6543731646380638571	136	10	0	6
6543731646380638571	137	1	10	10
6543731646380638571	138	4	13	16
6543731646380638571	139	9	13	9
6543731646380638571	140	1	9	13
6543731646380638571	141	9	13	18
6543731646380638571	142	6	6	16
6543731646380638571	143	16	13	16
6543731646380638571	144	9	9	13
6543731646380638571	145	15	3	8
6543731646380638571	146	15	3	8
6543731646380638571	147	0	10	3
6543731646380638571	148	14	3	17
6543731646380638571	149	19	0	5
6543731646380638571	150	5	5	6
6543731646380638571	151	5	13	4
6543731646380638571	152	8	8	8
6543731646380638571	153	0	0	0
6543731646380638571	154	12	13	8
6543731646380638571	155	15	9	10
6543731646380638571	156	7	17	14
6543731646380638571	157	2	3	10
6543731646380638571	158	3	10	8
6543731646380638571	159	17	10	10
6543731646380638571	160	1	9	0
6543731646380638571	161	16	8	9
6543731646380638571	162	10	0	14
6543731646380638571	163	9	9	9
6543731646380638571	164	4	4	13
6543731646380638571	165	7	17	13
6543731646380638571	166	2	10	8
6543731646380638571	167	16	13	16
6543731646380638571	168	6	6	6
6543731646380638571	169	19	0	13
6543731646380638571	170	18	18	13
6543731646380638571	171	17	9	10
6543731646380638571	172	19	13	5
6543731646380638571	173	12	13	11
6543731646380638571	174	19	9	10
6543731646380638571	175	5	18	6
6543731646380638571	176	1	10	3
6543731646380638571	177	16	16	16
6543731646380638571	178	5	9	13
6543731646380638571	179	14	13	11
6543731646380638571	180	2	10	10
6543731646380638571	181	9	5	13
6543731646380638571	182	5	18	16
6543731646380638571	183	19	13	9
6543731646380638571	184	13	10	9
6543731646380638571	185	7	17	7
6543731646380638571	186	7	9	7
6543731646380638571	187	7	13	9
6543731646380638571	188	17	17	7
6543731646380638571	189	4	13	4
6543731646380638571	190	11	13	8
6543731646380638571	191	17	9	17
6543731646380638571	192	13	13	13
6543731646380638571	193	14	3	0
6543731646380638571	194	17	17	0
6543731646380638571	195	4	13	16
6543731646380638571	196	4	13	13
6543731646380638571	197	16	6	16
6543731646380638571	198	17	10	10
6543731646380638571	199	14	13	0
6543731646380638571	200	0	17	8
6543731646380638571	201	3	3	19
6543731646380638571	202	6	6	16
6543731646380638571	203	0	17	0
6543731646380638571	204	6	6	6
6543731646380638571	205	15	10	9
6543731646380638571	206	4	13	13
6543731646380638571	207	18	18	18
6543731646380638571	208	19	10	9
6543731646380638571	209	0	17	7
6543731646380638571	210	15	15	14
6543731646380638571	211	12	18	6
6543731646380638571	212	16	6	12
6543731646380638571	213	11	13	16
6543731646380638571	214	12	13	13
6543731646380638571	215	14	3	14
6543731646380638571	216	12	13	13
6543731646380638571	217	12	9	5
6543731646380638571	218	2	9	0
6543731646380638571	219	3	3	7
6543731646380638571	220	3	3	8
6543731646380638571	221	17	3	17
6543731646380638571	222	11	13	16
6543731646380638571	223	1	9	17
6543731646380638571	224	0	9	8
6543731646380638571	225	0	10	17
6543731646380638571	226	5	9	8
6543731646380638571	227	3	3	3
6543731646380638571	228	15	15	6
6543731646380638571	229	8	8	8
6543731646380638571	230	9	9	11
6543731646380638571	231	9	13	13
6543731646380638571	232	12	9	9
6543731646380638571	233	16	6	18
6543731646380638571	234	14	3	11
6543731646380638571	235	15	3	14
6543731646380638571	236	3	3	7
6543731646380638571	237	3	10	4
6543731646380638571	238	5	5	18
6543731646380638571	239	12	9	8
6543731646380638571	240	5	13	6
6543731646380638571	241	2	3	8
6543731646380638571	242	6	6	8
6543731646380638571	243	6	6	6
6543731646380638571	244	19	0	0
6543731646380638571	245	0	17	8
6543731646380638571	246	6	6	8
6543731646380638571	247	17	10	10
6543731646380638571	248	1	9	0
6543731646380638571	249	7	13	13
6543731646380638571	250	19	0	13
6543731646380638571	251	1	10	0
6543731646380638571	252	5	10	7
6543731646380638571	253	10	3	15
6543731646380638571	254	11	9	8
6543731646380638571	255	19	0	9
6543731646380638571	256	13	13	13
6543731646380638571	257	11	13	8
6543731646380638571	258	5	13	4
6543731646380638571	259	12	9	8
6543731646380638571	260	16	8	8
6543731646380638571	261	3	3	19
6543731646380638571	262	13	13	13
6543731646380638571	263	11	13	16
6543731646380638571	264	1	15	6
6543731646380638571	265	15	3	10
6543731646380638571	266	15	3	7
6543731646380638571	267	19	3	1
6543731646380638571	268	18	18	18
6543731646380638571	269	2	10	9
6543731646380638571	270	13	9	7
6543731646380638571	271	3	3	11
6543731646380638571	272	2	10	0
6543731646380638571	273	7	13	13
6543731646380638571	274	1	9	10
6543731646380638571	275	9	9	9
6543731646380638571	276	18	18	18
6543731646380638571	277	3	3	7
6543731646380638571	278	10	3	13
6543731646380638571	279	8	3	8
6543731646380638571	280	17	3	14
6543731646380638571	281	0	13	9
6543731646380638571	282	18	18	5
6543731646380638571	283	18	18	5
6543731646380638571	284	3	3	14
6543731646380638571	285	15	13	9
6543731646380638571	286	8	8	8
6543731646380638571	287	0	17	7
6543731646380638571	288	1	13	4
6543731646380638571	289	12	9	1
6543731646380638571	290	9	9	19
6543731646380638571	291	11	13	8
6543731646380638571	292	5	9	5
6543731646380638571	293	5	5	11
6543731646380638571	294	19	10	1
6543731646380638571	295	11	13	13
6543731646380638571	296	18	18	18
6543731646380638571	297	18	5	18
6543731646380638571	298	10	10	10
6543731646380638571	299	19	9	19
6543731646380638571	300	11	13	16
6543731646380638571	301	11	13	13
6543731646380638571	302	13	9	16
6543731646380638571	303	16	6	16
6543731646380638571	304	11	9	9
6543731646380638571	305	16	8	8
6543731646380638571	306	18	18	18
6543731646380638571	307	7	7	7
6543731646380638571	308	7	7	13
6543731646380638571	309	10	3	3
6543731646380638571	310	18	18	18
6543731646380638571	311	13	9	9
6543731646380638571	312	16	8	5
6543731646380638571	313	0	3	8
6543731646380638571	314	9	9	9
6543731646380638571	315	14	3	3
6543731646380638571	316	3	10	8
6543731646380638571	317	13	5	18
6543731646380638571	318	8	8	8
6543731646380638571	319	7	17	17
6543731646380638571	320	19	0	13
6543731646380638571	321	19	0	19
6543731646380638571	322	8	3	8
6543731646380638571	323	2	3	8
6543731646380638571	324	16	16	9
6543731646380638571	325	8	3	8
6543731646380638571	326	19	13	19
6543731646380638571	327	16	9	16
6543731646380638571	328	9	13	16
6543731646380638571	329	5	18	18
6543731646380638571	330	18	18	16
6543731646380638571	331	6	6	16
6543731646380638571	332	11	7	13
6543731646380638571	333	15	8	8
6543731646380638571	334	2	3	8
6543731646380638571	335	15	3	0
6543731646380638571	336	8	8	11
6543731646380638571	337	4	5	5
6543731646380638571	338	0	0	0
6543731646380638571	339	13	9	9
6543731646380638571	340	2	3	3
6543731646380638571	341	11	13	13
6543731646380638571	342	10	3	14
6543731646380638571	343	14	3	10
6543731646380638571	344	16	16	16
6543731646380638571	345	1	9	1
6543731646380638571	346	8	3	3
6543731646380638571	347	7	17	11
6543731646380638571	348	19	10	8
6543731646380638571	349	11	3	8
6543731646380638571	350	3	17	0
6543731646380638571	351	14	10	4
6543731646380638571	352	17	3	3
6543731646380638571	353	17	3	3
6543731646380638571	354	11	13	13
6543731646380638571	355	15	3	0
6543731646380638571	356	7	17	8
6543731646380638571	357	17	10	10
6543731646380638571	358	8	8	8
6543731646380638571	359	17	3	3
6543731646380638571	360	19	10	7
6543731646380638571	361	3	10	9
6543731646380638571	362	4	13	13
6543731646380638571	363	1	9	0
6543731646380638571	364	12	9	5
6543731646380638571	365	16	6	16
6543731646380638571	366	16	8	8
6543731646380638571	367	8	3	8
6543731646380638571	368	4	8	5
6543731646380638571	369	15	3	3
6543731646380638571	370	6	6	5
6543731646380638571	371	5	18	18
6543731646380638571	372	7	17	8
6543731646380638571	373	16	8	8
6543731646380638571	374	6	6	0
6543731646380638571	375	6	6	5
6543731646380638571	376	17	10	10
6543731646380638571	377	19	9	9
6543731646380638571	378	17	9	17
6543731646380638571	379	4	7	19
6543731646380638571	380	9	9	8
6543731646380638571	381	8	8	8
6543731646380638571	382	14	10	8
6543731646380638571	383	6	6	8
6543731646380638571	384	10	3	17
6543731646380638571	385	11	9	13
6543731646380638571	386	1	17	7
6543731646380638571	387	0	17	17
6543731646380638571	388	10	10	9
6543731646380638571	389	6	6	6
6543731646380638571	390	10	10	10
6543731646380638571	391	13	13	13
6543731646380638571	392	2	3	3
6543731646380638571	393	8	8	8
6543731646380638571	394	12	13	16
6543731646380638571	395	12	5	5
6543731646380638571	396	14	3	19
6543731646380638571	397	12	6	18
6543731646380638571	398	5	5	18
6543731646380638571	399	3	3	8
6543731646380638571	400	11	13	8
6543731646380638571	401	19	10	17
6543731646380638571	402	15	8	2
6543731646380638571	403	6	6	6
6543731646380638571	404	19	9	7
6543731646380638571	405	13	9	19
6543731646380638571	406	11	7	8
6543731646380638571	407	19	10	10
6543731646380638571	408	2	10	9
6543731646380638571	409	7	13	19
6543731646380638571	410	5	5	18
6543731646380638571	411	2	3	8
6543731646380638571	412	10	3	11
6543731646380638571	413	1	9	17
6543731646380638571	414	4	4	19
6543731646380638571	415	7	17	8
6543731646380638571	416	17	17	7
6543731646380638571	417	9	9	19
6543731646380638571	418	3	10	8
6543731646380638571	419	14	13	8
6543731646380638571	420	0	3	7
6543731646380638571	421	4	13	13
6543731646380638571	422	17	17	10
6543731646380638571	423	3	9	10
6543731646380638571	424	1	17	13
6543731646380638571	425	9	13	8
6543731646380638571	426	14	13	13
6543731646380638571	427	3	3	7
6543731646380638571	428	13	9	9
6543731646380638571	429	16	6	15
6543731646380638571	430	19	0	16
6543731646380638571	431	7	17	14
6543731646380638571	432	3	10	9
6543731646380638571	433	6	6	6
6543731646380638571	434	13	5	6
6543731646380638571	435	9	13	1
6543731646380638571	436	1	3	15
6543731646380638571	437	4	13	4
6543731646380638571	438	7	17	7
6543731646380638571	439	1	9	9
6543731646380638571	440	18	18	18
6543731646380638571	441	5	5	6
6543731646380638571	442	11	9	11
6543731646380638571	443	15	3	14
6543731646380638571	444	3	3	17
6543731646380638571	445	13	9	13
6543731646380638571	446	9	13	13
6543731646380638571	447	0	17	7
6543731646380638571	448	6	6	6
6543731646380638571	449	18	18	18
6543731646380638571	450	10	3	1
6543731646380638571	451	11	13	11
6543731646380638571	452	6	6	6
6543731646380638571	453	4	13	13
6543731646380638571	454	16	8	8
6543731646380638571	455	9	13	7
6543731646380638571	456	5	5	18
6543731646380638571	457	10	3	17
6543731646380638571	458	7	13	13
6543731646380638571	459	9	11	6
6543731646380638571	460	13	10	19
6543731646380638571	461	2	10	0
6543731646380638571	462	4	5	4
6543731646380638571	463	13	9	9
6543731646380638571	464	16	8	0
6543731646380638571	465	11	13	16
6543731646380638571	466	6	6	8
6543731646380638571	467	0	17	7
6543731646380638571	468	12	13	0
6543731646380638571	469	10	3	8
6543731646380638571	470	12	9	8
6543731646380638571	471	12	9	7
6543731646380638571	472	14	10	8
6543731646380638571	473	3	3	7
6543731646380638571	474	12	13	4
6543731646380638571	475	17	9	8
6543731646380638571	476	14	13	16
6543731646380638571	477	1	13	13
6543731646380638571	478	11	13	16
6543731646380638571	479	11	9	18
6543731646380638571	480	19	9	8
6543731646380638571	481	16	5	8
6543731646380638571	482	0	10	14
6543731646380638571	483	17	17	0
6543731646380638571	484	8	3	8
6543731646380638571	485	2	3	3
6543731646380638571	486	15	3	10
6543731646380638571	487	0	17	8
6543731646380638571	488	5	18	13
6543731646380638571	489	18	18	11
6543731646380638571	490	10	3	10
6543731646380638571	491	10	3	8
6543731646380638571	492	2	3	14
6543731646380638571	493	5	13	13
6543731646380638571	494	18	18	18
6543731646380638571	495	0	17	7
6543731646380638571	496	7	13	7
6543731646380638571	497	1	9	11
6543731646380638571	498	12	5	5
6543731646380638571	499	8	3	8
6543731646649074206	0	10	0	0
6543731646649074206	1	11	13	16
6543731646649074206	2	7	13	11
6543731646649074206	3	10	10	0
6543731646649074206	4	3	3	3
6543731646649074206	5	5	9	9
6543731646649074206	6	0	10	0
6543731646649074206	7	10	3	10
6543731646649074206	8	18	18	18
6543731646649074206	9	5	18	18
6543731646649074206	10	16	8	16
6543731646649074206	11	14	3	3
6543731646649074206	12	12	3	11
6543731646649074206	13	8	3	8
6543731646649074206	14	0	17	0
6543731646649074206	15	16	6	9
6543731646649074206	16	10	3	8
6543731646649074206	17	16	8	8
6543731646649074206	18	17	3	0
6543731646649074206	19	13	9	11
6543731646649074206	20	19	19	7
6543731646649074206	21	9	9	13
6543731646649074206	22	7	7	13
6543731646649074206	23	4	7	7
6543731646649074206	24	6	8	16
6543731646649074206	25	9	13	13
6543731646649074206	26	0	17	0
6543731646649074206	27	0	3	0
6543731646649074206	28	9	9	8
6543731646649074206	29	9	13	0
6543731646649074206	30	6	6	6
6543731646649074206	31	2	3	0
6543731646649074206	32	3	10	0
6543731646649074206	33	12	13	6
6543731646649074206	34	8	8	8
6543731646649074206	35	8	8	8
6543731646649074206	36	7	7	7
6543731646649074206	37	10	3	3
6543731646649074206	38	12	13	5
6543731646649074206	39	10	10	0
6543731646649074206	40	14	13	0
6543731646649074206	41	8	8	8
6543731646649074206	42	6	6	6
6543731646649074206	43	0	10	0
6543731646649074206	44	11	13	16
6543731646649074206	45	8	8	8
6543731646649074206	46	7	13	0
6543731646649074206	47	17	3	16
6543731646649074206	48	5	13	9
6543731646649074206	49	7	17	8
6543731646649074206	50	13	13	13
6543731646649074206	51	11	6	0
6543731646649074206	52	18	18	16
6543731646649074206	53	6	6	6
6543731646649074206	54	11	13	8
6543731646649074206	55	6	6	5
6543731646649074206	56	15	3	0
6543731646649074206	57	17	3	0
6543731646649074206	58	14	13	0
6543731646649074206	59	0	10	0
6543731646649074206	60	1	17	13
6543731646649074206	61	18	18	18
6543731646649074206	62	17	3	10
6543731646649074206	63	13	17	0
6543731646649074206	64	0	17	7
6543731646649074206	65	18	18	18
6543731646649074206	66	13	9	7
6543731646649074206	67	5	5	9
6543731646649074206	68	14	13	0
6543731646649074206	69	1	9	9
6543731646649074206	70	10	3	11
6543731646649074206	71	13	9	9
6543731646649074206	72	14	3	8
6543731646649074206	73	14	3	0
6543731646649074206	74	10	3	0
6543731646649074206	75	11	13	13
6543731646649074206	76	4	13	0
6543731646649074206	77	3	10	0
6543731646649074206	78	7	17	7
6543731646649074206	79	17	17	0
6543731646649074206	80	8	8	8
6543731646649074206	81	7	7	7
6543731646649074206	82	14	13	0
6543731646649074206	83	14	3	3
6543731646649074206	84	7	9	9
6543731646649074206	85	16	5	13
6543731646649074206	86	3	3	8
6543731646649074206	87	14	3	7
6543731646649074206	88	15	10	0
6543731646649074206	89	5	8	8
6543731646649074206	90	19	13	13
6543731646649074206	91	10	10	10
6543731646649074206	92	16	8	8
6543731646649074206	93	8	8	8
6543731646649074206	94	19	9	9
6543731646649074206	95	0	10	0
6543731646649074206	96	19	9	9
6543731646649074206	97	1	9	18
6543731646649074206	98	6	6	6
6543731646649074206	99	1	17	7
6543731646649074206	100	18	18	18
6543731646649074206	101	18	18	16
6543731646649074206	102	13	9	5
6543731646649074206	103	11	9	7
6543731646649074206	104	14	3	0
6543731646649074206	105	13	13	13
6543731646649074206	106	4	13	0
6543731646649074206	107	11	13	16
6543731646649074206	108	1	13	0
6543731646649074206	109	10	3	8
6543731646649074206	110	6	6	18
6543731646649074206	111	13	13	16
6543731646649074206	112	4	4	4
6543731646649074206	113	0	10	8
6543731646649074206	114	2	3	3
6543731646649074206	115	12	13	13
6543731646649074206	116	11	3	0
6543731646649074206	117	10	3	0
6543731646649074206	118	18	5	8
6543731646649074206	119	4	4	4
6543731646649074206	120	1	3	1
6543731646649074206	121	12	13	9
6543731646649074206	122	12	5	4
6543731646649074206	123	0	0	0
6543731646649074206	124	4	13	7
6543731646649074206	125	17	9	0
6543731646649074206	126	13	13	16
6543731646649074206	127	16	9	0
6543731646649074206	128	17	3	17
6543731646649074206	129	3	10	8
6543731646649074206	130	7	5	0
6543731646649074206	131	3	3	0
6543731646649074206	132	19	10	9
6543731646649074206	133	0	13	6
6543731646649074206	134	9	13	0
6543731646649074206	135	13	9	9
6543731646649074206	136	10	0	10
6543731646649074206	137	1	10	10
6543731646649074206	138	4	13	0
6543731646649074206	139	9	13	13
6543731646649074206	140	1	9	0
6543731646649074206	141	9	13	13
6543731646649074206	142	6	6	6
6543731646649074206	143	16	13	16
6543731646649074206	144	9	9	9
6543731646649074206	145	15	3	8
6543731646649074206	146	15	3	0
6543731646649074206	147	0	10	10
6543731646649074206	148	14	3	0
6543731646649074206	149	19	0	0
6543731646649074206	150	5	5	5
6543731646649074206	151	5	13	8
6543731646649074206	152	8	8	8
6543731646649074206	153	0	0	0
6543731646649074206	154	12	13	5
6543731646649074206	155	15	9	9
6543731646649074206	156	7	17	17
6543731646649074206	157	2	3	0
6543731646649074206	158	3	10	13
6543731646649074206	159	17	10	10
6543731646649074206	160	1	9	0
6543731646649074206	161	16	8	8
6543731646649074206	162	10	0	0
6543731646649074206	163	9	9	9
6543731646649074206	164	4	4	5
6543731646649074206	165	7	17	13
6543731646649074206	166	2	10	8
6543731646649074206	167	16	13	16
6543731646649074206	168	6	6	6
6543731646649074206	169	19	0	0
6543731646649074206	170	18	18	6
6543731646649074206	171	17	9	0
6543731646649074206	172	19	13	13
6543731646649074206	173	12	13	16
6543731646649074206	174	19	9	0
6543731646649074206	175	5	18	5
6543731646649074206	176	1	10	0
6543731646649074206	177	16	16	4
6543731646649074206	178	5	9	5
6543731646649074206	179	14	13	0
6543731646649074206	180	2	10	0
6543731646649074206	181	9	5	16
6543731646649074206	182	5	18	5
6543731646649074206	183	19	13	0
6543731646649074206	184	13	10	7
6543731646649074206	185	7	17	7
6543731646649074206	186	7	9	9
6543731646649074206	187	7	13	0
6543731646649074206	188	17	17	0
6543731646649074206	189	4	13	13
6543731646649074206	190	11	13	13
6543731646649074206	191	17	9	0
6543731646649074206	192	13	13	13
6543731646649074206	193	14	3	0
6543731646649074206	194	17	17	8
6543731646649074206	195	4	13	13
6543731646649074206	196	4	13	7
6543731646649074206	197	16	6	5
6543731646649074206	198	17	10	10
6543731646649074206	199	14	13	0
6543731646649074206	200	0	17	17
6543731646649074206	201	3	3	0
6543731646649074206	202	6	6	6
6543731646649074206	203	0	17	0
6543731646649074206	204	6	6	16
6543731646649074206	205	15	10	5
6543731646649074206	206	4	13	4
6543731646649074206	207	18	18	18
6543731646649074206	208	19	10	0
6543731646649074206	209	0	17	0
6543731646649074206	210	15	15	4
6543731646649074206	211	12	18	5
6543731646649074206	212	16	6	16
6543731646649074206	213	11	13	16
6543731646649074206	214	12	13	13
6543731646649074206	215	14	3	14
6543731646649074206	216	12	13	13
6543731646649074206	217	12	9	7
6543731646649074206	218	2	10	10
6543731646649074206	219	3	3	0
6543731646649074206	220	3	3	8
6543731646649074206	221	17	3	14
6543731646649074206	222	11	13	5
6543731646649074206	223	1	9	0
6543731646649074206	224	0	9	0
6543731646649074206	225	0	10	0
6543731646649074206	226	5	9	11
6543731646649074206	227	3	3	8
6543731646649074206	228	15	15	5
6543731646649074206	229	8	8	0
6543731646649074206	230	9	9	7
6543731646649074206	231	9	13	0
6543731646649074206	232	12	9	7
6543731646649074206	233	16	6	16
6543731646649074206	234	14	3	8
6543731646649074206	235	15	3	14
6543731646649074206	236	3	3	7
6543731646649074206	237	3	10	9
6543731646649074206	238	5	5	18
6543731646649074206	239	12	9	5
6543731646649074206	240	5	13	13
6543731646649074206	241	2	3	7
6543731646649074206	242	6	6	16
6543731646649074206	243	6	6	6
6543731646649074206	244	19	0	13
6543731646649074206	245	0	17	0
6543731646649074206	246	6	6	8
6543731646649074206	247	17	10	17
6543731646649074206	248	1	9	13
6543731646649074206	249	7	13	13
6543731646649074206	250	19	0	13
6543731646649074206	251	1	10	0
6543731646649074206	252	5	10	0
6543731646649074206	253	10	3	17
6543731646649074206	254	11	9	5
6543731646649074206	255	19	0	8
6543731646649074206	256	13	13	6
6543731646649074206	257	11	13	16
6543731646649074206	258	5	13	18
6543731646649074206	259	12	9	9
6543731646649074206	260	16	8	16
6543731646649074206	261	3	3	1
6543731646649074206	262	13	13	13
6543731646649074206	263	11	13	8
6543731646649074206	264	1	15	1
6543731646649074206	265	15	3	9
6543731646649074206	266	15	3	7
6543731646649074206	267	19	3	0
6543731646649074206	268	18	18	18
6543731646649074206	269	2	10	11
6543731646649074206	270	13	9	9
6543731646649074206	271	3	3	3
6543731646649074206	272	2	10	16
6543731646649074206	273	7	13	0
6543731646649074206	274	1	9	0
6543731646649074206	275	9	9	16
6543731646649074206	276	18	18	16
6543731646649074206	277	3	3	14
6543731646649074206	278	10	3	0
6543731646649074206	279	8	3	3
6543731646649074206	280	17	3	17
6543731646649074206	281	0	13	0
6543731646649074206	282	18	18	6
6543731646649074206	283	18	18	18
6543731646649074206	284	3	3	3
6543731646649074206	285	15	13	0
6543731646649074206	286	8	8	8
6543731646649074206	287	0	17	7
6543731646649074206	288	1	13	13
6543731646649074206	289	12	9	9
6543731646649074206	290	9	9	0
6543731646649074206	291	11	13	16
6543731646649074206	292	5	9	8
6543731646649074206	293	5	5	5
6543731646649074206	294	19	10	14
6543731646649074206	295	11	13	8
6543731646649074206	296	18	18	18
6543731646649074206	297	18	5	12
6543731646649074206	298	10	10	0
6543731646649074206	299	19	9	5
6543731646649074206	300	11	13	16
6543731646649074206	301	11	13	16
6543731646649074206	302	13	9	9
6543731646649074206	303	16	6	5
6543731646649074206	304	11	9	8
6543731646649074206	305	16	8	8
6543731646649074206	306	18	18	18
6543731646649074206	307	7	7	7
6543731646649074206	308	7	7	7
6543731646649074206	309	10	3	0
6543731646649074206	310	18	18	18
6543731646649074206	311	13	9	9
6543731646649074206	312	16	8	8
6543731646649074206	313	0	3	0
6543731646649074206	314	9	9	9
6543731646649074206	315	14	3	0
6543731646649074206	316	3	10	19
6543731646649074206	317	13	5	5
6543731646649074206	318	8	8	8
6543731646649074206	319	7	17	7
6543731646649074206	320	19	0	13
6543731646649074206	321	19	0	5
6543731646649074206	322	8	3	3
6543731646649074206	323	2	3	8
6543731646649074206	324	16	16	8
6543731646649074206	325	8	3	8
6543731646649074206	326	19	13	13
6543731646649074206	327	16	9	16
6543731646649074206	328	9	13	9
6543731646649074206	329	5	18	9
6543731646649074206	330	18	18	18
6543731646649074206	331	6	6	8
6543731646649074206	332	11	7	7
6543731646649074206	333	15	8	0
6543731646649074206	334	2	3	7
6543731646649074206	335	15	3	10
6543731646649074206	336	8	8	0
6543731646649074206	337	4	5	5
6543731646649074206	338	0	0	0
6543731646649074206	339	13	9	5
6543731646649074206	340	2	3	17
6543731646649074206	341	11	13	13
6543731646649074206	342	10	3	3
6543731646649074206	343	14	3	10
6543731646649074206	344	16	16	16
6543731646649074206	345	1	9	0
6543731646649074206	346	8	3	8
6543731646649074206	347	7	17	17
6543731646649074206	348	19	10	0
6543731646649074206	349	11	3	10
6543731646649074206	350	3	17	0
6543731646649074206	351	14	10	10
6543731646649074206	352	17	3	0
6543731646649074206	353	17	3	3
6543731646649074206	354	11	13	16
6543731646649074206	355	15	3	3
6543731646649074206	356	7	17	7
6543731646649074206	357	17	10	0
6543731646649074206	358	8	8	0
6543731646649074206	359	17	3	3
6543731646649074206	360	19	10	0
6543731646649074206	361	3	10	9
6543731646649074206	362	4	13	13
6543731646649074206	363	1	9	9
6543731646649074206	364	12	9	13
6543731646649074206	365	16	6	8
6543731646649074206	366	16	8	8
6543731646649074206	367	8	3	13
6543731646649074206	368	4	8	8
6543731646649074206	369	15	3	5
6543731646649074206	370	6	6	6
6543731646649074206	371	5	18	18
6543731646649074206	372	7	17	17
6543731646649074206	373	16	8	8
6543731646649074206	374	6	6	8
6543731646649074206	375	6	6	6
6543731646649074206	376	17	10	0
6543731646649074206	377	19	9	8
6543731646649074206	378	17	9	0
6543731646649074206	379	4	7	4
6543731646649074206	380	9	9	9
6543731646649074206	381	8	8	8
6543731646649074206	382	14	10	0
6543731646649074206	383	6	6	8
6543731646649074206	384	10	3	14
6543731646649074206	385	11	9	7
6543731646649074206	386	1	17	1
6543731646649074206	387	0	17	0
6543731646649074206	388	10	10	0
6543731646649074206	389	6	6	16
6543731646649074206	390	10	10	0
6543731646649074206	391	13	13	13
6543731646649074206	392	2	3	0
6543731646649074206	393	8	8	0
6543731646649074206	394	12	13	8
6543731646649074206	395	12	5	5
6543731646649074206	396	14	3	8
6543731646649074206	397	12	6	5
6543731646649074206	398	5	5	5
6543731646649074206	399	3	3	3
6543731646649074206	400	11	13	13
6543731646649074206	401	19	10	0
6543731646649074206	402	15	8	7
6543731646649074206	403	6	6	6
6543731646649074206	404	19	9	0
6543731646649074206	405	13	9	7
6543731646649074206	406	11	7	7
6543731646649074206	407	19	10	9
6543731646649074206	408	2	10	8
6543731646649074206	409	7	13	9
6543731646649074206	410	5	5	9
6543731646649074206	411	2	3	3
6543731646649074206	412	10	3	14
6543731646649074206	413	1	9	7
6543731646649074206	414	4	4	7
6543731646649074206	415	7	17	0
6543731646649074206	416	17	17	0
6543731646649074206	417	9	9	9
6543731646649074206	418	3	10	0
6543731646649074206	419	14	13	0
6543731646649074206	420	0	3	8
6543731646649074206	421	4	13	8
6543731646649074206	422	17	17	0
6543731646649074206	423	3	9	0
6543731646649074206	424	1	17	7
6543731646649074206	425	9	13	13
6543731646649074206	426	14	13	0
6543731646649074206	427	3	3	7
6543731646649074206	428	13	9	16
6543731646649074206	429	16	6	5
6543731646649074206	430	19	0	0
6543731646649074206	431	7	17	7
6543731646649074206	432	3	10	8
6543731646649074206	433	6	6	6
6543731646649074206	434	13	5	5
6543731646649074206	435	9	13	7
6543731646649074206	436	1	3	5
6543731646649074206	437	4	13	0
6543731646649074206	438	7	17	13
6543731646649074206	439	1	9	5
6543731646649074206	440	18	18	18
6543731646649074206	441	5	5	5
6543731646649074206	442	11	9	9
6543731646649074206	443	15	3	10
6543731646649074206	444	3	3	8
6543731646649074206	445	13	9	13
6543731646649074206	446	9	13	13
6543731646649074206	447	0	17	7
6543731646649074206	448	6	6	8
6543731646649074206	449	18	18	18
6543731646649074206	450	10	3	3
6543731646649074206	451	11	13	13
6543731646649074206	452	6	6	8
6543731646649074206	453	4	13	4
6543731646649074206	454	16	8	8
6543731646649074206	455	9	13	5
6543731646649074206	456	5	5	18
6543731646649074206	457	10	3	0
6543731646649074206	458	7	13	11
6543731646649074206	459	9	11	1
6543731646649074206	460	13	10	0
6543731646649074206	461	2	10	8
6543731646649074206	462	4	5	4
6543731646649074206	463	13	9	5
6543731646649074206	464	16	8	0
6543731646649074206	465	11	13	13
6543731646649074206	466	6	6	16
6543731646649074206	467	0	17	7
6543731646649074206	468	12	13	0
6543731646649074206	469	10	3	0
6543731646649074206	470	12	9	7
6543731646649074206	471	12	9	7
6543731646649074206	472	14	10	0
6543731646649074206	473	3	3	8
6543731646649074206	474	12	13	16
6543731646649074206	475	17	9	0
6543731646649074206	476	14	13	0
6543731646649074206	477	1	13	0
6543731646649074206	478	11	13	13
6543731646649074206	479	11	9	16
6543731646649074206	480	19	9	0
6543731646649074206	481	16	5	8
6543731646649074206	482	0	10	14
6543731646649074206	483	17	17	17
6543731646649074206	484	8	3	4
6543731646649074206	485	2	3	0
6543731646649074206	486	15	3	0
6543731646649074206	487	0	17	0
6543731646649074206	488	5	18	18
6543731646649074206	489	18	18	16
6543731646649074206	490	10	3	0
6543731646649074206	491	10	3	8
6543731646649074206	492	2	3	2
6543731646649074206	493	5	13	13
6543731646649074206	494	18	18	18
6543731646649074206	495	0	17	13
6543731646649074206	496	7	13	11
6543731646649074206	497	1	9	7
6543731646649074206	498	12	5	16
6543731646649074206	499	8	3	8
6543731646917509845	0	10	0	0
6543731646917509845	1	11	13	13
6543731646917509845	2	7	13	13
6543731646917509845	3	10	10	0
6543731646917509845	4	3	3	3
6543731646917509845	5	5	9	9
6543731646917509845	6	0	10	10
6543731646917509845	7	10	3	7
6543731646917509845	8	18	18	16
6543731646917509845	9	5	18	18
6543731646917509845	10	16	8	8
6543731646917509845	11	14	3	5
6543731646917509845	12	12	3	17
6543731646917509845	13	8	3	8
6543731646917509845	14	0	17	0
6543731646917509845	15	16	6	5
6543731646917509845	16	10	3	0
6543731646917509845	17	16	8	8
6543731646917509845	18	17	3	10
6543731646917509845	19	13	9	7
6543731646917509845	20	19	19	10
6543731646917509845	21	9	9	9
6543731646917509845	22	7	7	2
6543731646917509845	23	4	7	0
6543731646917509845	24	6	8	8
6543731646917509845	25	9	13	13
6543731646917509845	26	0	17	7
6543731646917509845	27	0	3	0
6543731646917509845	28	9	9	9
6543731646917509845	29	9	13	0
6543731646917509845	30	6	6	6
6543731646917509845	31	2	3	17
6543731646917509845	32	3	10	10
6543731646917509845	33	12	13	16
6543731646917509845	34	8	8	8
6543731646917509845	35	8	8	8
6543731646917509845	36	7	7	5
6543731646917509845	37	10	3	14
6543731646917509845	38	12	13	9
6543731646917509845	39	10	10	0
6543731646917509845	40	14	13	0
6543731646917509845	41	8	8	8
6543731646917509845	42	6	6	6
6543731646917509845	43	0	10	9
6543731646917509845	44	11	13	13
6543731646917509845	45	8	8	8
6543731646917509845	46	7	13	13
6543731646917509845	47	17	3	8
6543731646917509845	48	5	13	9
6543731646917509845	49	7	17	9
6543731646917509845	50	13	13	18
6543731646917509845	51	11	6	16
6543731646917509845	52	18	18	16
6543731646917509845	53	6	6	6
6543731646917509845	54	11	13	18
6543731646917509845	55	6	6	6
6543731646917509845	56	15	3	5
6543731646917509845	57	17	3	3
6543731646917509845	58	14	13	0
6543731646917509845	59	0	10	19
6543731646917509845	60	1	17	1
6543731646917509845	61	18	18	18
6543731646917509845	62	17	3	7
6543731646917509845	63	13	17	16
6543731646917509845	64	0	17	2
6543731646917509845	65	18	18	5
6543731646917509845	66	13	9	5
6543731646917509845	67	5	5	5
6543731646917509845	68	14	13	8
6543731646917509845	69	1	9	10
6543731646917509845	70	10	3	3
6543731646917509845	71	13	9	13
6543731646917509845	72	14	3	0
6543731646917509845	73	14	3	9
6543731646917509845	74	10	3	13
6543731646917509845	75	11	13	13
6543731646917509845	76	4	13	0
6543731646917509845	77	3	10	10
6543731646917509845	78	7	17	17
6543731646917509845	79	17	17	0
6543731646917509845	80	8	8	8
6543731646917509845	81	7	7	17
6543731646917509845	82	14	13	0
6543731646917509845	83	14	3	17
6543731646917509845	84	7	9	9
6543731646917509845	85	16	5	4
6543731646917509845	86	3	3	17
6543731646917509845	87	14	3	5
6543731646917509845	88	15	10	0
6543731646917509845	89	5	8	9
6543731646917509845	90	19	13	13
6543731646917509845	91	10	10	10
6543731646917509845	92	16	8	16
6543731646917509845	93	8	8	16
6543731646917509845	94	19	9	0
6543731646917509845	95	0	10	10
6543731646917509845	96	19	9	7
6543731646917509845	97	1	9	4
6543731646917509845	98	6	6	6
6543731646917509845	99	1	17	7
6543731646917509845	100	18	18	16
6543731646917509845	101	18	18	16
6543731646917509845	102	13	9	9
6543731646917509845	103	11	9	7
6543731646917509845	104	14	3	17
6543731646917509845	105	13	13	13
6543731646917509845	106	4	13	4
6543731646917509845	107	11	13	13
6543731646917509845	108	1	13	10
6543731646917509845	109	10	3	0
6543731646917509845	110	6	6	6
6543731646917509845	111	13	13	13
6543731646917509845	112	4	4	5
6543731646917509845	113	0	10	14
6543731646917509845	114	2	3	8
6543731646917509845	115	12	13	13
6543731646917509845	116	11	3	3
6543731646917509845	117	10	3	14
6543731646917509845	118	18	5	5
6543731646917509845	119	4	13	0
6543731646917509845	120	1	3	17
6543731646917509845	121	12	13	9
6543731646917509845	122	12	5	6
6543731646917509845	123	0	0	0
6543731646917509845	124	4	9	4
6543731646917509845	125	17	9	0
6543731646917509845	126	13	13	13
6543731646917509845	127	16	9	8
6543731646917509845	128	17	3	17
6543731646917509845	129	3	10	10
6543731646917509845	130	7	5	8
6543731646917509845	131	3	3	10
6543731646917509845	132	19	10	10
6543731646917509845	133	0	13	0
6543731646917509845	134	9	13	9
6543731646917509845	135	13	9	7
6543731646917509845	136	10	0	0
6543731646917509845	137	1	10	10
6543731646917509845	138	4	13	4
6543731646917509845	139	9	13	13
6543731646917509845	140	1	9	13
6543731646917509845	141	9	13	13
6543731646917509845	142	6	6	16
6543731646917509845	143	16	13	16
6543731646917509845	144	9	9	10
6543731646917509845	145	15	3	9
6543731646917509845	146	15	3	13
6543731646917509845	147	0	10	11
6543731646917509845	148	14	3	17
6543731646917509845	149	19	0	0
6543731646917509845	150	5	5	16
6543731646917509845	151	5	13	9
6543731646917509845	152	8	8	8
6543731646917509845	153	0	0	17
6543731646917509845	154	12	13	4
6543731646917509845	155	15	9	0
6543731646917509845	156	7	17	17
6543731646917509845	157	2	3	17
6543731646917509845	158	3	10	10
6543731646917509845	159	17	10	17
6543731646917509845	160	1	9	13
6543731646917509845	161	16	8	0
6543731646917509845	162	10	0	0
6543731646917509845	163	9	9	9
6543731646917509845	164	4	4	4
6543731646917509845	165	7	17	17
6543731646917509845	166	2	10	8
6543731646917509845	167	16	13	16
6543731646917509845	168	6	6	6
6543731646917509845	169	19	0	13
6543731646917509845	170	18	18	18
6543731646917509845	171	17	9	0
6543731646917509845	172	19	13	13
6543731646917509845	173	12	13	13
6543731646917509845	174	19	9	10
6543731646917509845	175	5	18	5
6543731646917509845	176	1	10	0
6543731646917509845	177	16	16	16
6543731646917509845	178	5	9	13
6543731646917509845	179	14	13	16
6543731646917509845	180	2	10	0
6543731646917509845	181	9	5	16
6543731646917509845	182	5	18	5
6543731646917509845	183	19	13	13
6543731646917509845	184	13	10	17
6543731646917509845	185	7	17	17
6543731646917509845	186	7	9	7
6543731646917509845	187	7	13	10
6543731646917509845	188	17	17	0
6543731646917509845	189	4	13	0
6543731646917509845	190	11	13	8
6543731646917509845	191	17	9	17
6543731646917509845	192	13	13	13
6543731646917509845	193	14	3	14
6543731646917509845	194	17	17	17
6543731646917509845	195	4	13	13
6543731646917509845	196	4	13	5
6543731646917509845	197	16	6	4
6543731646917509845	198	17	10	7
6543731646917509845	199	14	13	0
6543731646917509845	200	0	17	9
6543731646917509845	201	3	3	8
6543731646917509845	202	6	6	16
6543731646917509845	203	0	17	7
6543731646917509845	204	6	6	15
6543731646917509845	205	15	10	13
6543731646917509845	206	4	13	4
6543731646917509845	207	18	18	18
6543731646917509845	208	19	10	10
6543731646917509845	209	0	17	17
6543731646917509845	210	15	15	9
6543731646917509845	211	12	18	5
6543731646917509845	212	16	6	18
6543731646917509845	213	11	13	16
6543731646917509845	214	12	13	13
6543731646917509845	215	14	3	0
6543731646917509845	216	12	13	13
6543731646917509845	217	12	9	9
6543731646917509845	218	2	10	8
6543731646917509845	219	3	3	0
6543731646917509845	220	3	3	7
6543731646917509845	221	17	3	10
6543731646917509845	222	11	13	18
6543731646917509845	223	1	9	10
6543731646917509845	224	0	9	8
6543731646917509845	225	0	10	17
6543731646917509845	226	5	9	8
6543731646917509845	227	3	3	3
6543731646917509845	228	15	15	2
6543731646917509845	229	8	8	8
6543731646917509845	230	9	9	7
6543731646917509845	231	9	13	7
6543731646917509845	232	12	9	13
6543731646917509845	233	16	6	5
6543731646917509845	234	14	3	10
6543731646917509845	235	15	3	7
6543731646917509845	236	3	3	5
6543731646917509845	237	3	10	9
6543731646917509845	238	5	5	5
6543731646917509845	239	12	9	7
6543731646917509845	240	5	13	13
6543731646917509845	241	2	3	3
6543731646917509845	242	6	6	16
6543731646917509845	243	6	6	2
6543731646917509845	244	19	0	7
6543731646917509845	245	0	17	17
6543731646917509845	246	6	6	8
6543731646917509845	247	17	10	10
6543731646917509845	248	1	9	10
6543731646917509845	249	7	13	13
6543731646917509845	250	19	0	4
6543731646917509845	251	1	10	13
6543731646917509845	252	5	10	8
6543731646917509845	253	10	3	3
6543731646917509845	254	11	9	9
6543731646917509845	255	19	0	8
6543731646917509845	256	13	13	5
6543731646917509845	257	11	13	16
6543731646917509845	258	5	13	13
6543731646917509845	259	12	9	9
6543731646917509845	260	16	8	11
6543731646917509845	261	3	3	0
6543731646917509845	262	13	13	18
6543731646917509845	263	11	13	11
6543731646917509845	264	1	15	16
6543731646917509845	265	15	3	9
6543731646917509845	266	15	3	9
6543731646917509845	267	19	3	10
6543731646917509845	268	18	18	18
6543731646917509845	269	2	10	9
6543731646917509845	270	13	9	9
6543731646917509845	271	3	3	3
6543731646917509845	272	2	10	0
6543731646917509845	273	7	13	13
6543731646917509845	274	1	9	4
6543731646917509845	275	9	9	10
6543731646917509845	276	18	18	16
6543731646917509845	277	3	3	7
6543731646917509845	278	10	3	4
6543731646917509845	279	8	3	8
6543731646917509845	280	17	3	17
6543731646917509845	281	0	13	13
6543731646917509845	282	18	18	16
6543731646917509845	283	18	18	16
6543731646917509845	284	3	3	3
6543731646917509845	285	15	13	10
6543731646917509845	286	8	8	16
6543731646917509845	287	0	17	17
6543731646917509845	288	1	13	13
6543731646917509845	289	12	9	16
6543731646917509845	290	9	9	9
6543731646917509845	291	11	13	16
6543731646917509845	292	5	9	9
6543731646917509845	293	5	5	7
6543731646917509845	294	19	10	10
6543731646917509845	295	11	13	11
6543731646917509845	296	18	18	18
6543731646917509845	297	18	5	18
6543731646917509845	298	10	10	0
6543731646917509845	299	19	9	8
6543731646917509845	300	11	13	16
6543731646917509845	301	11	13	16
6543731646917509845	302	13	9	9
6543731646917509845	303	16	6	5
6543731646917509845	304	11	9	0
6543731646917509845	305	16	8	16
6543731646917509845	306	18	18	13
6543731646917509845	307	7	7	3
6543731646917509845	308	7	7	7
6543731646917509845	309	10	3	0
6543731646917509845	310	18	18	11
6543731646917509845	311	13	9	11
6543731646917509845	312	16	8	5
6543731646917509845	313	0	3	9
6543731646917509845	314	9	9	0
6543731646917509845	315	14	3	10
6543731646917509845	316	3	10	10
6543731646917509845	317	13	5	18
6543731646917509845	318	8	8	8
6543731646917509845	319	7	17	17
6543731646917509845	320	19	0	13
6543731646917509845	321	19	0	13
6543731646917509845	322	8	3	3
6543731646917509845	323	2	3	17
6543731646917509845	324	16	16	13
6543731646917509845	325	8	3	17
6543731646917509845	326	19	13	13
6543731646917509845	327	16	9	17
6543731646917509845	328	9	13	8
6543731646917509845	329	5	18	5
6543731646917509845	330	18	18	16
6543731646917509845	331	6	6	6
6543731646917509845	332	11	7	5
6543731646917509845	333	15	8	8
6543731646917509845	334	2	3	8
6543731646917509845	335	15	3	10
6543731646917509845	336	8	8	5
6543731646917509845	337	4	5	6
6543731646917509845	338	0	0	0
6543731646917509845	339	13	9	9
6543731646917509845	340	2	3	17
6543731646917509845	341	11	13	13
6543731646917509845	342	10	3	4
6543731646917509845	343	14	3	13
6543731646917509845	344	16	16	8
6543731646917509845	345	1	9	8
6543731646917509845	346	8	3	3
6543731646917509845	347	7	17	9
6543731646917509845	348	19	10	9
6543731646917509845	349	11	3	7
6543731646917509845	350	3	17	0
6543731646917509845	351	14	10	13
6543731646917509845	352	17	3	10
6543731646917509845	353	17	3	7
6543731646917509845	354	11	13	8
6543731646917509845	355	15	3	17
6543731646917509845	356	7	17	17
6543731646917509845	357	17	10	10
6543731646917509845	358	8	8	7
6543731646917509845	359	17	3	17
6543731646917509845	360	19	10	10
6543731646917509845	361	3	10	10
6543731646917509845	362	4	13	0
6543731646917509845	363	1	9	9
6543731646917509845	364	12	9	17
6543731646917509845	365	16	6	16
6543731646917509845	366	16	8	9
6543731646917509845	367	8	3	9
6543731646917509845	368	4	8	8
6543731646917509845	369	15	3	8
6543731646917509845	370	6	6	8
6543731646917509845	371	5	18	18
6543731646917509845	372	7	17	3
6543731646917509845	373	16	8	11
6543731646917509845	374	6	6	6
6543731646917509845	375	6	6	5
6543731646917509845	376	17	10	3
6543731646917509845	377	19	9	10
6543731646917509845	378	17	9	0
6543731646917509845	379	4	7	0
6543731646917509845	380	9	9	9
6543731646917509845	381	8	8	8
6543731646917509845	382	14	10	7
6543731646917509845	383	6	6	16
6543731646917509845	384	10	3	7
6543731646917509845	385	11	9	7
6543731646917509845	386	1	17	3
6543731646917509845	387	0	17	3
6543731646917509845	388	10	10	0
6543731646917509845	389	6	6	16
6543731646917509845	390	10	10	10
6543731646917509845	391	13	13	9
6543731646917509845	392	2	3	11
6543731646917509845	393	8	8	8
6543731646917509845	394	12	13	13
6543731646917509845	395	12	5	6
6543731646917509845	396	14	3	9
6543731646917509845	397	12	6	18
6543731646917509845	398	5	5	5
6543731646917509845	399	3	3	3
6543731646917509845	400	11	13	8
6543731646917509845	401	19	10	10
6543731646917509845	402	15	8	9
6543731646917509845	403	6	6	5
6543731646917509845	404	19	9	7
6543731646917509845	405	13	9	8
6543731646917509845	406	11	7	7
6543731646917509845	407	19	10	10
6543731646917509845	408	2	10	4
6543731646917509845	409	7	13	13
6543731646917509845	410	5	5	5
6543731646917509845	411	2	3	3
6543731646917509845	412	10	3	3
6543731646917509845	413	1	9	7
6543731646917509845	414	4	4	4
6543731646917509845	415	7	17	0
6543731646917509845	416	17	17	7
6543731646917509845	417	9	9	9
6543731646917509845	418	3	10	9
6543731646917509845	419	14	13	0
6543731646917509845	420	0	3	17
6543731646917509845	421	4	13	4
6543731646917509845	422	17	17	0
6543731646917509845	423	3	9	7
6543731646917509845	424	1	17	17
6543731646917509845	425	9	13	0
6543731646917509845	426	14	13	0
6543731646917509845	427	3	3	3
6543731646917509845	428	13	9	8
6543731646917509845	429	16	6	6
6543731646917509845	430	19	0	5
6543731646917509845	431	7	17	17
6543731646917509845	432	3	10	13
6543731646917509845	433	6	6	6
6543731646917509845	434	13	5	5
6543731646917509845	435	9	13	13
6543731646917509845	436	1	3	1
6543731646917509845	437	4	13	10
6543731646917509845	438	7	17	8
6543731646917509845	439	1	9	13
6543731646917509845	440	18	18	18
6543731646917509845	441	5	5	5
6543731646917509845	442	11	9	5
6543731646917509845	443	15	3	11
6543731646917509845	444	3	3	3
6543731646917509845	445	13	9	13
6543731646917509845	446	9	13	13
6543731646917509845	447	0	17	17
6543731646917509845	448	6	6	6
6543731646917509845	449	18	18	18
6543731646917509845	450	10	3	0
6543731646917509845	451	11	13	13
6543731646917509845	452	6	6	6
6543731646917509845	453	4	13	4
6543731646917509845	454	16	8	5
6543731646917509845	455	9	13	0
6543731646917509845	456	5	5	6
6543731646917509845	457	10	3	10
6543731646917509845	458	7	13	13
6543731646917509845	459	9	11	1
6543731646917509845	460	13	10	10
6543731646917509845	461	2	10	10
6543731646917509845	462	4	5	4
6543731646917509845	463	13	9	5
6543731646917509845	464	16	8	13
6543731646917509845	465	11	13	13
6543731646917509845	466	6	6	6
6543731646917509845	467	0	17	7
6543731646917509845	468	12	13	13
6543731646917509845	469	10	3	10
6543731646917509845	470	12	9	9
6543731646917509845	471	12	9	7
6543731646917509845	472	14	10	10
6543731646917509845	473	3	3	7
6543731646917509845	474	12	13	16
6543731646917509845	475	17	9	0
6543731646917509845	476	14	13	13
6543731646917509845	477	1	13	13
6543731646917509845	478	11	13	13
6543731646917509845	479	11	9	9
6543731646917509845	480	19	9	9
6543731646917509845	481	16	5	5
6543731646917509845	482	0	10	1
6543731646917509845	483	17	17	17
6543731646917509845	484	8	3	8
6543731646917509845	485	2	3	9
6543731646917509845	486	15	3	13
6543731646917509845	487	0	17	17
6543731646917509845	488	5	18	18
6543731646917509845	489	18	18	9
6543731646917509845	490	10	3	0
6543731646917509845	491	10	3	17
6543731646917509845	492	2	3	0
6543731646917509845	493	5	13	13
6543731646917509845	494	18	18	6
6543731646917509845	495	0	17	17
6543731646917509845	496	7	13	13
6543731646917509845	497	1	9	17
6543731646917509845	498	12	5	18
6543731646917509845	499	8	3	1
6543731647185945480	0	10	0	0
6543731647185945480	1	11	13	13
6543731647185945480	2	7	13	9
6543731647185945480	3	10	10	0
6543731647185945480	4	3	3	3
6543731647185945480	5	5	9	13
6543731647185945480	6	0	10	0
6543731647185945480	7	10	3	14
6543731647185945480	8	18	18	18
6543731647185945480	9	5	18	5
6543731647185945480	10	16	8	8
6543731647185945480	11	14	3	0
6543731647185945480	12	12	3	3
6543731647185945480	13	8	3	8
6543731647185945480	14	0	17	0
6543731647185945480	15	16	6	5
6543731647185945480	16	10	3	0
6543731647185945480	17	16	8	8
6543731647185945480	18	17	3	7
6543731647185945480	19	13	9	7
6543731647185945480	20	19	19	16
6543731647185945480	21	9	9	9
6543731647185945480	22	7	7	16
6543731647185945480	23	4	7	7
6543731647185945480	24	6	8	13
6543731647185945480	25	9	13	13
6543731647185945480	26	0	17	0
6543731647185945480	27	0	3	0
6543731647185945480	28	9	9	9
6543731647185945480	29	9	13	0
6543731647185945480	30	6	6	6
6543731647185945480	31	2	3	3
6543731647185945480	32	3	10	9
6543731647185945480	33	12	13	16
6543731647185945480	34	8	8	8
6543731647185945480	35	8	8	16
6543731647185945480	36	7	7	7
6543731647185945480	37	10	3	10
6543731647185945480	38	12	13	5
6543731647185945480	39	10	10	0
6543731647185945480	40	14	13	9
6543731647185945480	41	8	8	3
6543731647185945480	42	6	6	5
6543731647185945480	43	0	10	0
6543731647185945480	44	11	13	16
6543731647185945480	45	8	8	17
6543731647185945480	46	7	13	0
6543731647185945480	47	17	3	17
6543731647185945480	48	5	13	9
6543731647185945480	49	7	17	13
6543731647185945480	50	13	13	11
6543731647185945480	51	11	6	16
6543731647185945480	52	18	18	18
6543731647185945480	53	6	6	6
6543731647185945480	54	11	13	13
6543731647185945480	55	6	6	6
6543731647185945480	56	15	3	7
6543731647185945480	57	17	3	3
6543731647185945480	58	14	13	13
6543731647185945480	59	0	10	5
6543731647185945480	60	1	17	7
6543731647185945480	61	18	18	18
6543731647185945480	62	17	3	0
6543731647185945480	63	13	17	9
6543731647185945480	64	0	17	0
6543731647185945480	65	18	18	18
6543731647185945480	66	13	9	9
6543731647185945480	67	5	5	9
6543731647185945480	68	14	13	13
6543731647185945480	69	1	9	11
6543731647185945480	70	10	3	10
6543731647185945480	71	13	9	9
6543731647185945480	72	14	3	17
6543731647185945480	73	14	3	0
6543731647185945480	74	10	3	0
6543731647185945480	75	11	13	11
6543731647185945480	76	4	13	13
6543731647185945480	77	3	10	5
6543731647185945480	78	7	17	0
6543731647185945480	79	17	17	0
6543731647185945480	80	8	8	0
6543731647185945480	81	7	7	7
6543731647185945480	82	14	13	13
6543731647185945480	83	14	3	0
6543731647185945480	84	7	9	8
6543731647185945480	85	16	16	5
6543731647185945480	86	3	3	2
6543731647185945480	87	14	3	16
6543731647185945480	88	15	10	0
6543731647185945480	89	5	8	8
6543731647185945480	90	19	13	13
6543731647185945480	91	10	10	0
6543731647185945480	92	16	8	8
6543731647185945480	93	8	8	8
6543731647185945480	94	19	9	9
6543731647185945480	95	0	10	0
6543731647185945480	96	19	9	7
6543731647185945480	97	1	9	5
6543731647185945480	98	6	6	6
6543731647185945480	99	1	17	7
6543731647185945480	100	18	18	18
6543731647185945480	101	18	18	18
6543731647185945480	102	13	9	18
6543731647185945480	103	11	9	13
6543731647185945480	104	14	3	17
6543731647185945480	105	13	13	13
6543731647185945480	106	4	13	13
6543731647185945480	107	11	13	13
6543731647185945480	108	1	13	19
6543731647185945480	109	10	3	0
6543731647185945480	110	6	6	16
6543731647185945480	111	13	13	13
6543731647185945480	112	4	4	4
6543731647185945480	113	0	10	0
6543731647185945480	114	2	3	17
6543731647185945480	115	12	13	13
6543731647185945480	116	11	3	13
6543731647185945480	117	10	3	0
6543731647185945480	118	18	5	11
6543731647185945480	119	4	4	4
6543731647185945480	120	1	3	7
6543731647185945480	121	12	13	0
6543731647185945480	122	12	5	5
6543731647185945480	123	0	0	0
6543731647185945480	124	4	13	13
6543731647185945480	125	17	9	0
6543731647185945480	126	13	13	5
6543731647185945480	127	16	9	8
6543731647185945480	128	17	3	10
6543731647185945480	129	3	10	0
6543731647185945480	130	7	5	5
6543731647185945480	131	3	3	0
6543731647185945480	132	19	10	13
6543731647185945480	133	0	13	0
6543731647185945480	134	9	13	13
6543731647185945480	135	13	9	5
6543731647185945480	136	10	0	0
6543731647185945480	137	1	10	1
6543731647185945480	138	4	13	0
6543731647185945480	139	9	13	13
6543731647185945480	140	1	9	0
6543731647185945480	141	9	13	13
6543731647185945480	142	6	6	16
6543731647185945480	143	16	13	11
6543731647185945480	144	9	9	9
6543731647185945480	145	15	3	15
6543731647185945480	146	15	3	17
6543731647185945480	147	0	10	8
6543731647185945480	148	14	3	14
6543731647185945480	149	19	0	0
6543731647185945480	150	5	5	5
6543731647185945480	151	5	13	13
6543731647185945480	152	8	8	8
6543731647185945480	153	0	0	0
6543731647185945480	154	12	13	13
6543731647185945480	155	15	9	1
6543731647185945480	156	7	17	7
6543731647185945480	157	2	3	2
6543731647185945480	158	3	10	0
6543731647185945480	159	17	10	3
6543731647185945480	160	1	9	13
6543731647185945480	161	16	8	8
6543731647185945480	162	10	0	3
6543731647185945480	163	9	9	9
6543731647185945480	164	4	4	1
6543731647185945480	165	7	17	13
6543731647185945480	166	2	10	0
6543731647185945480	167	16	13	16
6543731647185945480	168	6	6	6
6543731647185945480	169	19	0	19
6543731647185945480	170	18	18	18
6543731647185945480	171	17	9	0
6543731647185945480	172	19	13	9
6543731647185945480	173	12	13	16
6543731647185945480	174	19	9	5
6543731647185945480	175	5	18	5
6543731647185945480	176	1	10	0
6543731647185945480	177	16	16	8
6543731647185945480	178	5	9	13
6543731647185945480	179	14	13	0
6543731647185945480	180	2	10	0
6543731647185945480	181	9	5	18
6543731647185945480	182	5	18	18
6543731647185945480	183	19	13	0
6543731647185945480	184	13	10	11
6543731647185945480	185	7	17	7
6543731647185945480	186	7	9	9
6543731647185945480	187	7	13	0
6543731647185945480	188	17	17	0
6543731647185945480	189	4	13	0
6543731647185945480	190	11	13	13
6543731647185945480	191	17	9	0
6543731647185945480	192	13	13	16
6543731647185945480	193	14	3	19
6543731647185945480	194	17	17	17
6543731647185945480	195	4	13	9
6543731647185945480	196	4	13	4
6543731647185945480	197	16	6	8
6543731647185945480	198	17	10	3
6543731647185945480	199	14	13	9
6543731647185945480	200	0	17	13
6543731647185945480	201	3	3	10
6543731647185945480	202	6	6	8
6543731647185945480	203	0	17	0
6543731647185945480	204	6	6	5
6543731647185945480	205	15	10	19
6543731647185945480	206	4	13	4
6543731647185945480	207	18	18	18
6543731647185945480	208	19	10	10
6543731647185945480	209	0	17	7
6543731647185945480	210	15	15	8
6543731647185945480	211	12	18	18
6543731647185945480	212	16	6	16
6543731647185945480	213	11	13	13
6543731647185945480	214	12	13	9
6543731647185945480	215	14	3	14
6543731647185945480	216	12	13	13
6543731647185945480	217	12	9	7
6543731647185945480	218	2	10	0
6543731647185945480	219	3	3	0
6543731647185945480	220	3	3	17
6543731647185945480	221	17	3	3
6543731647185945480	222	11	13	13
6543731647185945480	223	1	9	19
6543731647185945480	224	0	9	0
6543731647185945480	225	0	10	0
6543731647185945480	226	5	9	5
6543731647185945480	227	3	3	14
6543731647185945480	228	15	15	15
6543731647185945480	229	8	8	7
6543731647185945480	230	9	9	13
6543731647185945480	231	9	13	13
6543731647185945480	232	12	9	16
6543731647185945480	233	16	6	16
6543731647185945480	234	14	3	10
6543731647185945480	235	15	3	3
6543731647185945480	236	3	3	17
6543731647185945480	237	3	10	0
6543731647185945480	238	5	5	5
6543731647185945480	239	12	9	9
6543731647185945480	240	5	13	9
6543731647185945480	241	2	3	3
6543731647185945480	242	6	6	16
6543731647185945480	243	6	6	6
6543731647185945480	244	19	0	0
6543731647185945480	245	0	17	0
6543731647185945480	246	6	6	16
6543731647185945480	247	17	10	10
6543731647185945480	248	1	9	5
6543731647185945480	249	7	13	13
6543731647185945480	250	19	0	9
6543731647185945480	251	1	10	0
6543731647185945480	252	5	10	0
6543731647185945480	253	10	3	0
6543731647185945480	254	11	9	9
6543731647185945480	255	19	0	0
6543731647185945480	256	13	13	5
6543731647185945480	257	11	13	16
6543731647185945480	258	5	13	18
6543731647185945480	259	12	9	9
6543731647185945480	260	16	8	8
6543731647185945480	261	3	3	2
6543731647185945480	262	13	13	16
6543731647185945480	263	11	13	11
6543731647185945480	264	1	15	1
6543731647185945480	265	15	3	13
6543731647185945480	266	15	3	14
6543731647185945480	267	19	3	1
6543731647185945480	268	18	18	18
6543731647185945480	269	2	10	0
6543731647185945480	270	13	9	13
6543731647185945480	271	3	3	1
6543731647185945480	272	2	10	9
6543731647185945480	273	7	13	13
6543731647185945480	274	1	9	0
6543731647185945480	275	9	9	13
6543731647185945480	276	18	18	18
6543731647185945480	277	3	3	3
6543731647185945480	278	10	3	0
6543731647185945480	279	8	3	7
6543731647185945480	280	17	3	17
6543731647185945480	281	0	13	0
6543731647185945480	282	18	18	18
6543731647185945480	283	18	18	18
6543731647185945480	284	3	3	14
6543731647185945480	285	15	13	9
6543731647185945480	286	8	8	8
6543731647185945480	287	0	17	0
6543731647185945480	288	1	13	0
6543731647185945480	289	12	9	5
6543731647185945480	290	9	9	9
6543731647185945480	291	11	13	16
6543731647185945480	292	5	9	5
6543731647185945480	293	5	5	13
6543731647185945480	294	19	10	13
6543731647185945480	295	11	13	13
6543731647185945480	296	18	18	18
6543731647185945480	297	18	5	18
6543731647185945480	298	10	10	0
6543731647185945480	299	19	9	8
6543731647185945480	300	11	13	13
6543731647185945480	301	11	13	16
6543731647185945480	302	13	9	11
6543731647185945480	303	16	6	6
6543731647185945480	304	11	9	7
6543731647185945480	305	16	8	8
6543731647185945480	306	18	18	18
6543731647185945480	307	7	7	0
6543731647185945480	308	7	7	7
6543731647185945480	309	10	3	0
6543731647185945480	310	18	18	18
6543731647185945480	311	13	9	5
6543731647185945480	312	16	8	16
6543731647185945480	313	0	3	0
6543731647185945480	314	9	9	9
6543731647185945480	315	14	3	4
6543731647185945480	316	3	10	3
6543731647185945480	317	13	5	13
6543731647185945480	318	8	8	8
6543731647185945480	319	7	17	13
6543731647185945480	320	19	0	8
6543731647185945480	321	19	0	5
6543731647185945480	322	8	3	17
6543731647185945480	323	2	3	0
6543731647185945480	324	16	16	8
6543731647185945480	325	8	3	1
6543731647185945480	326	19	13	19
6543731647185945480	327	16	9	5
6543731647185945480	328	9	13	13
6543731647185945480	329	5	18	18
6543731647185945480	330	18	18	18
6543731647185945480	331	6	6	6
6543731647185945480	332	11	7	7
6543731647185945480	333	15	8	13
6543731647185945480	334	2	3	0
6543731647185945480	335	15	3	10
6543731647185945480	336	8	8	0
6543731647185945480	337	4	5	13
6543731647185945480	338	0	0	0
6543731647185945480	339	13	9	9
6543731647185945480	340	2	3	14
6543731647185945480	341	11	13	18
6543731647185945480	342	10	3	0
6543731647185945480	343	14	3	0
6543731647185945480	344	16	16	5
6543731647185945480	345	1	9	9
6543731647185945480	346	8	3	4
6543731647185945480	347	7	17	7
6543731647185945480	348	19	10	19
6543731647185945480	349	11	3	10
6543731647185945480	350	3	17	17
6543731647185945480	351	14	10	0
6543731647185945480	352	17	3	3
6543731647185945480	353	17	3	17
6543731647185945480	354	11	13	11
6543731647185945480	355	15	3	17
6543731647185945480	356	7	17	7
6543731647185945480	357	17	10	0
6543731647185945480	358	8	8	16
6543731647185945480	359	17	3	3
6543731647185945480	360	19	10	0
6543731647185945480	361	3	10	0
6543731647185945480	362	4	13	9
6543731647185945480	363	1	9	9
6543731647185945480	364	12	9	5
6543731647185945480	365	16	6	8
6543731647185945480	366	16	8	11
6543731647185945480	367	8	3	7
6543731647185945480	368	4	8	0
6543731647185945480	369	15	3	15
6543731647185945480	370	6	6	6
6543731647185945480	371	5	18	18
6543731647185945480	372	7	17	0
6543731647185945480	373	16	8	8
6543731647185945480	374	6	6	6
6543731647185945480	375	6	6	6
6543731647185945480	376	17	10	10
6543731647185945480	377	19	9	9
6543731647185945480	378	17	9	0
6543731647185945480	379	4	7	0
6543731647185945480	380	9	9	11
6543731647185945480	381	8	8	16
6543731647185945480	382	14	10	5
6543731647185945480	383	6	6	6
6543731647185945480	384	10	3	17
6543731647185945480	385	11	9	9
6543731647185945480	386	1	17	17
6543731647185945480	387	0	17	17
6543731647185945480	388	10	10	0
6543731647185945480	389	6	6	8
6543731647185945480	390	10	10	0
6543731647185945480	391	13	13	13
6543731647185945480	392	2	3	15
6543731647185945480	393	8	8	8
6543731647185945480	394	12	13	13
6543731647185945480	395	12	5	5
6543731647185945480	396	14	3	14
6543731647185945480	397	12	6	5
6543731647185945480	398	5	5	9
6543731647185945480	399	3	3	17
6543731647185945480	400	11	13	13
6543731647185945480	401	19	10	15
6543731647185945480	402	15	8	2
6543731647185945480	403	6	6	6
6543731647185945480	404	19	9	4
6543731647185945480	405	13	9	7
6543731647185945480	406	11	7	13
6543731647185945480	407	19	10	19
6543731647185945480	408	2	10	4
6543731647185945480	409	7	13	13
6543731647185945480	410	5	5	5
6543731647185945480	411	2	3	14
6543731647185945480	412	10	3	17
6543731647185945480	413	1	9	9
6543731647185945480	414	4	4	5
6543731647185945480	415	7	17	7
6543731647185945480	416	17	17	11
6543731647185945480	417	9	9	9
6543731647185945480	418	3	10	0
6543731647185945480	419	14	13	0
6543731647185945480	420	0	3	0
6543731647185945480	421	4	13	0
6543731647185945480	422	17	17	0
6543731647185945480	423	3	9	0
6543731647185945480	424	1	17	1
6543731647185945480	425	9	13	9
6543731647185945480	426	14	13	0
6543731647185945480	427	3	3	7
6543731647185945480	428	13	9	5
6543731647185945480	429	16	6	16
6543731647185945480	430	19	0	0
6543731647185945480	431	7	17	7
6543731647185945480	432	3	10	9
6543731647185945480	433	6	6	18
6543731647185945480	434	13	5	6
6543731647185945480	435	9	13	13
6543731647185945480	436	1	3	6
6543731647185945480	437	4	13	0
6543731647185945480	438	7	17	17
6543731647185945480	439	1	9	13
6543731647185945480	440	18	18	18
6543731647185945480	441	5	5	6
6543731647185945480	442	11	9	9
6543731647185945480	443	15	3	15
6543731647185945480	444	3	3	0
6543731647185945480	445	13	9	13
6543731647185945480	446	9	13	13
6543731647185945480	447	0	17	11
6543731647185945480	448	6	6	5
6543731647185945480	449	18	18	18
6543731647185945480	450	10	3	14
6543731647185945480	451	11	13	5
6543731647185945480	452	6	6	4
6543731647185945480	453	4	13	0
6543731647185945480	454	16	8	6
6543731647185945480	455	9	13	5
6543731647185945480	456	5	5	18
6543731647185945480	457	10	3	0
6543731647185945480	458	7	13	0
6543731647185945480	459	9	11	6
6543731647185945480	460	13	10	13
6543731647185945480	461	2	10	0
6543731647185945480	462	4	5	0
6543731647185945480	463	13	9	9
6543731647185945480	464	16	8	11
6543731647185945480	465	11	13	13
6543731647185945480	466	6	6	8
6543731647185945480	467	0	17	4
6543731647185945480	468	12	13	13
6543731647185945480	469	10	3	0
6543731647185945480	470	12	9	7
6543731647185945480	471	12	9	5
6543731647185945480	472	14	10	8
6543731647185945480	473	3	3	0
6543731647185945480	474	12	13	13
6543731647185945480	475	17	9	0
6543731647185945480	476	14	13	13
6543731647185945480	477	1	13	0
6543731647185945480	478	11	13	9
6543731647185945480	479	11	9	11
6543731647185945480	480	19	9	9
6543731647185945480	481	16	5	16
6543731647185945480	482	0	10	10
6543731647185945480	483	17	17	17
6543731647185945480	484	8	3	0
6543731647185945480	485	2	3	8
6543731647185945480	486	15	3	10
6543731647185945480	487	0	17	0
6543731647185945480	488	5	18	5
6543731647185945480	489	18	18	18
6543731647185945480	490	10	3	0
6543731647185945480	491	10	3	2
6543731647185945480	492	2	3	3
6543731647185945480	493	5	13	0
6543731647185945480	494	18	18	5
6543731647185945480	495	0	17	7
6543731647185945480	496	7	13	9
6543731647185945480	497	1	9	7
6543731647185945480	498	12	5	18
6543731647185945480	499	8	3	14
6543731647454381119	0	10	0	0
6543731647454381119	1	11	13	16
6543731647454381119	2	7	13	13
6543731647454381119	3	10	10	8
6543731647454381119	4	3	3	17
6543731647454381119	5	5	9	9
6543731647454381119	6	0	10	2
6543731647454381119	7	10	3	3
6543731647454381119	8	18	18	18
6543731647454381119	9	5	18	18
6543731647454381119	10	16	8	11
6543731647454381119	11	14	3	0
6543731647454381119	12	12	3	14
6543731647454381119	13	8	3	8
6543731647454381119	14	0	17	3
6543731647454381119	15	16	6	4
6543731647454381119	16	10	3	14
6543731647454381119	17	16	8	11
6543731647454381119	18	17	3	3
6543731647454381119	19	13	9	16
6543731647454381119	20	19	19	0
6543731647454381119	21	9	9	5
6543731647454381119	22	7	7	16
6543731647454381119	23	4	7	7
6543731647454381119	24	6	8	16
6543731647454381119	25	9	13	0
6543731647454381119	26	0	17	17
6543731647454381119	27	0	3	0
6543731647454381119	28	9	9	11
6543731647454381119	29	9	13	13
6543731647454381119	30	6	6	6
6543731647454381119	31	2	3	3
6543731647454381119	32	3	10	0
6543731647454381119	33	12	13	16
6543731647454381119	34	8	8	8
6543731647454381119	35	8	8	8
6543731647454381119	36	7	7	17
6543731647454381119	37	10	3	3
6543731647454381119	38	12	13	0
6543731647454381119	39	10	10	0
6543731647454381119	40	14	13	0
6543731647454381119	41	8	8	8
6543731647454381119	42	6	6	5
6543731647454381119	43	0	10	2
6543731647454381119	44	11	13	16
6543731647454381119	45	8	8	9
6543731647454381119	46	7	13	0
6543731647454381119	47	17	3	17
6543731647454381119	48	5	13	19
6543731647454381119	49	7	17	9
6543731647454381119	50	13	13	13
6543731647454381119	51	11	6	16
6543731647454381119	52	18	18	18
6543731647454381119	53	6	6	15
6543731647454381119	54	11	13	18
6543731647454381119	55	6	6	6
6543731647454381119	56	15	9	7
6543731647454381119	57	17	3	3
6543731647454381119	58	14	13	13
6543731647454381119	59	0	10	9
6543731647454381119	60	1	17	11
6543731647454381119	61	18	18	18
6543731647454381119	62	17	3	14
6543731647454381119	63	13	17	11
6543731647454381119	64	0	17	7
6543731647454381119	65	18	18	5
6543731647454381119	66	13	9	13
6543731647454381119	67	5	5	5
6543731647454381119	68	14	13	0
6543731647454381119	69	1	9	5
6543731647454381119	70	10	3	8
6543731647454381119	71	13	9	13
6543731647454381119	72	14	3	0
6543731647454381119	73	14	3	13
6543731647454381119	74	10	3	8
6543731647454381119	75	11	13	16
6543731647454381119	76	4	13	13
6543731647454381119	77	3	10	9
6543731647454381119	78	7	17	7
6543731647454381119	79	17	17	0
6543731647454381119	80	8	8	8
6543731647454381119	81	7	7	17
6543731647454381119	82	14	13	0
6543731647454381119	83	14	3	7
6543731647454381119	84	7	9	8
6543731647454381119	85	16	16	5
6543731647454381119	86	3	3	7
6543731647454381119	87	14	3	4
6543731647454381119	88	15	10	13
6543731647454381119	89	5	8	0
6543731647454381119	90	19	13	16
6543731647454381119	91	10	10	0
6543731647454381119	92	16	8	8
6543731647454381119	93	8	8	8
6543731647454381119	94	19	9	5
6543731647454381119	95	0	10	0
6543731647454381119	96	19	9	7
6543731647454381119	97	1	9	5
6543731647454381119	98	6	6	8
6543731647454381119	99	1	17	19
6543731647454381119	100	18	18	16
6543731647454381119	101	18	18	18
6543731647454381119	102	13	9	9
6543731647454381119	103	11	9	11
6543731647454381119	104	14	3	5
6543731647454381119	105	13	13	13
6543731647454381119	106	4	13	4
6543731647454381119	107	11	13	16
6543731647454381119	108	1	13	4
6543731647454381119	109	10	3	0
6543731647454381119	110	6	6	16
6543731647454381119	111	13	13	0
6543731647454381119	112	4	4	4
6543731647454381119	113	0	10	0
6543731647454381119	114	2	3	15
6543731647454381119	115	12	13	6
6543731647454381119	116	11	3	7
6543731647454381119	117	10	3	0
6543731647454381119	118	18	5	18
6543731647454381119	119	4	4	4
6543731647454381119	120	1	3	17
6543731647454381119	121	12	13	11
6543731647454381119	122	12	5	16
6543731647454381119	123	0	0	0
6543731647454381119	124	4	9	4
6543731647454381119	125	17	9	11
6543731647454381119	126	13	13	16
6543731647454381119	127	16	9	8
6543731647454381119	128	17	3	8
6543731647454381119	129	3	10	3
6543731647454381119	130	7	5	16
6543731647454381119	131	3	3	0
6543731647454381119	132	19	10	8
6543731647454381119	133	0	13	5
6543731647454381119	134	9	13	13
6543731647454381119	135	13	9	9
6543731647454381119	136	10	0	10
6543731647454381119	137	1	10	1
6543731647454381119	138	4	13	4
6543731647454381119	139	9	13	0
6543731647454381119	140	1	9	5
6543731647454381119	141	9	13	18
6543731647454381119	142	6	6	18
6543731647454381119	143	16	13	9
6543731647454381119	144	9	9	9
6543731647454381119	145	15	3	0
6543731647454381119	146	15	3	3
6543731647454381119	147	0	10	0
6543731647454381119	148	14	3	17
6543731647454381119	149	19	0	0
6543731647454381119	150	5	5	9
6543731647454381119	151	5	13	4
6543731647454381119	152	8	8	8
6543731647454381119	153	0	0	0
6543731647454381119	154	12	13	0
6543731647454381119	155	15	9	0
6543731647454381119	156	7	17	17
6543731647454381119	157	2	3	2
6543731647454381119	158	3	10	9
6543731647454381119	159	17	10	8
6543731647454381119	160	1	9	13
6543731647454381119	161	16	8	8
6543731647454381119	162	10	0	10
6543731647454381119	163	9	9	9
6543731647454381119	164	4	4	4
6543731647454381119	165	7	17	17
6543731647454381119	166	2	10	7
6543731647454381119	167	16	13	0
6543731647454381119	168	6	6	6
6543731647454381119	169	19	0	0
6543731647454381119	170	18	18	18
6543731647454381119	171	17	9	0
6543731647454381119	172	19	13	13
6543731647454381119	173	12	13	16
6543731647454381119	174	19	9	13
6543731647454381119	175	5	18	5
6543731647454381119	176	1	10	0
6543731647454381119	177	16	16	8
6543731647454381119	178	5	9	13
6543731647454381119	179	14	13	13
6543731647454381119	180	2	10	0
6543731647454381119	181	9	5	13
6543731647454381119	182	5	18	18
6543731647454381119	183	19	13	13
6543731647454381119	184	13	10	11
6543731647454381119	185	7	17	7
6543731647454381119	186	7	9	8
6543731647454381119	187	7	13	13
6543731647454381119	188	17	17	0
6543731647454381119	189	4	13	4
6543731647454381119	190	11	13	13
6543731647454381119	191	17	9	17
6543731647454381119	192	13	13	13
6543731647454381119	193	14	3	7
6543731647454381119	194	17	17	17
6543731647454381119	195	4	13	4
6543731647454381119	196	4	13	4
6543731647454381119	197	16	6	18
6543731647454381119	198	17	10	10
6543731647454381119	199	14	13	13
6543731647454381119	200	0	17	19
6543731647454381119	201	3	3	0
6543731647454381119	202	6	6	5
6543731647454381119	203	0	17	7
6543731647454381119	204	6	6	5
6543731647454381119	205	15	10	0
6543731647454381119	206	4	13	5
6543731647454381119	207	18	18	18
6543731647454381119	208	19	10	0
6543731647454381119	209	0	17	17
6543731647454381119	210	15	15	9
6543731647454381119	211	12	18	6
6543731647454381119	212	16	6	15
6543731647454381119	213	11	13	18
6543731647454381119	214	12	13	13
6543731647454381119	215	14	3	1
6543731647454381119	216	12	13	13
6543731647454381119	217	12	9	9
6543731647454381119	218	2	10	10
6543731647454381119	219	3	3	9
6543731647454381119	220	3	3	3
6543731647454381119	221	17	3	10
6543731647454381119	222	11	13	5
6543731647454381119	223	1	9	13
6543731647454381119	224	0	9	4
6543731647454381119	225	0	10	13
6543731647454381119	226	5	9	9
6543731647454381119	227	3	3	14
6543731647454381119	228	15	15	6
6543731647454381119	229	8	8	0
6543731647454381119	230	9	9	11
6543731647454381119	231	9	13	13
6543731647454381119	232	12	9	13
6543731647454381119	233	16	6	16
6543731647454381119	234	14	3	8
6543731647454381119	235	15	3	14
6543731647454381119	236	3	3	8
6543731647454381119	237	3	10	9
6543731647454381119	238	5	5	18
6543731647454381119	239	12	9	4
6543731647454381119	240	5	13	13
6543731647454381119	241	2	3	8
6543731647454381119	242	6	6	8
6543731647454381119	243	6	6	15
6543731647454381119	244	19	0	0
6543731647454381119	245	0	17	17
6543731647454381119	246	6	6	16
6543731647454381119	247	17	10	17
6543731647454381119	248	1	10	7
6543731647454381119	249	7	13	0
6543731647454381119	250	19	0	0
6543731647454381119	251	1	10	9
6543731647454381119	252	5	10	10
6543731647454381119	253	10	3	0
6543731647454381119	254	11	9	7
6543731647454381119	255	19	0	8
6543731647454381119	256	13	13	16
6543731647454381119	257	11	13	16
6543731647454381119	258	5	13	5
6543731647454381119	259	12	9	5
6543731647454381119	260	16	8	8
6543731647454381119	261	3	3	0
6543731647454381119	262	13	13	18
6543731647454381119	263	11	13	16
6543731647454381119	264	1	15	9
6543731647454381119	265	15	3	8
6543731647454381119	266	15	3	5
6543731647454381119	267	19	3	0
6543731647454381119	268	18	18	16
6543731647454381119	269	2	10	8
6543731647454381119	270	13	9	9
6543731647454381119	271	3	3	17
6543731647454381119	272	2	10	8
6543731647454381119	273	7	13	9
6543731647454381119	274	1	9	0
6543731647454381119	275	9	9	9
6543731647454381119	276	18	18	18
6543731647454381119	277	3	3	3
6543731647454381119	278	10	3	0
6543731647454381119	279	8	3	4
6543731647454381119	280	17	3	17
6543731647454381119	281	0	13	13
6543731647454381119	282	18	18	12
6543731647454381119	283	18	18	18
6543731647454381119	284	3	3	3
6543731647454381119	285	15	13	0
6543731647454381119	286	8	8	8
6543731647454381119	287	0	17	3
6543731647454381119	288	1	13	13
6543731647454381119	289	12	9	16
6543731647454381119	290	9	9	19
6543731647454381119	291	11	13	16
6543731647454381119	292	5	9	9
6543731647454381119	293	5	5	9
6543731647454381119	294	19	10	5
6543731647454381119	295	11	13	8
6543731647454381119	296	18	18	16
6543731647454381119	297	18	5	18
6543731647454381119	298	10	10	0
6543731647454381119	299	19	9	8
6543731647454381119	300	11	13	18
6543731647454381119	301	11	13	18
6543731647454381119	302	13	9	9
6543731647454381119	303	16	6	5
6543731647454381119	304	11	9	16
6543731647454381119	305	16	8	9
6543731647454381119	306	18	18	18
6543731647454381119	307	7	7	17
6543731647454381119	308	7	7	7
6543731647454381119	309	10	3	2
6543731647454381119	310	18	18	18
6543731647454381119	311	13	9	9
6543731647454381119	312	16	8	16
6543731647454381119	313	0	3	0
6543731647454381119	314	9	9	8
6543731647454381119	315	14	3	4
6543731647454381119	316	3	10	0
6543731647454381119	317	13	5	5
6543731647454381119	318	8	8	8
6543731647454381119	319	7	17	17
6543731647454381119	320	19	0	0
6543731647454381119	321	19	0	0
6543731647454381119	322	8	3	0
6543731647454381119	323	2	3	1
6543731647454381119	324	16	16	16
6543731647454381119	325	8	3	8
6543731647454381119	326	19	13	13
6543731647454381119	327	16	9	5
6543731647454381119	328	9	13	11
6543731647454381119	329	5	18	18
6543731647454381119	330	18	18	18
6543731647454381119	331	6	6	8
6543731647454381119	332	11	7	7
6543731647454381119	333	15	8	0
6543731647454381119	334	2	3	8
6543731647454381119	335	15	3	0
6543731647454381119	336	8	8	3
6543731647454381119	337	4	5	4
6543731647454381119	338	0	0	0
6543731647454381119	339	13	9	16
6543731647454381119	340	2	3	14
6543731647454381119	341	11	13	18
6543731647454381119	342	10	3	10
6543731647454381119	343	14	3	8
6543731647454381119	344	16	16	16
6543731647454381119	345	1	9	0
6543731647454381119	346	8	3	7
6543731647454381119	347	7	17	17
6543731647454381119	348	19	10	0
6543731647454381119	349	11	3	10
6543731647454381119	350	3	17	17
6543731647454381119	351	14	10	0
6543731647454381119	352	17	3	17
6543731647454381119	353	17	3	3
6543731647454381119	354	11	13	11
6543731647454381119	355	15	3	14
6543731647454381119	356	7	17	17
6543731647454381119	357	17	10	17
6543731647454381119	358	8	8	9
6543731647454381119	359	17	3	14
6543731647454381119	360	19	10	8
6543731647454381119	361	3	10	0
6543731647454381119	362	4	13	4
6543731647454381119	363	1	9	9
6543731647454381119	364	12	9	9
6543731647454381119	365	16	6	16
6543731647454381119	366	16	8	8
6543731647454381119	367	8	3	7
6543731647454381119	368	4	8	8
6543731647454381119	369	15	3	0
6543731647454381119	370	6	6	6
6543731647454381119	371	5	18	13
6543731647454381119	372	7	17	3
6543731647454381119	373	16	8	8
6543731647454381119	374	6	6	2
6543731647454381119	375	6	6	6
6543731647454381119	376	17	10	3
6543731647454381119	377	19	9	8
6543731647454381119	378	17	9	0
6543731647454381119	379	4	7	4
6543731647454381119	380	9	9	13
6543731647454381119	381	8	8	0
6543731647454381119	382	14	10	8
6543731647454381119	383	6	6	8
6543731647454381119	384	10	3	0
6543731647454381119	385	11	9	9
6543731647454381119	386	1	17	17
6543731647454381119	387	0	17	0
6543731647454381119	388	10	10	0
6543731647454381119	389	6	6	16
6543731647454381119	390	10	10	10
6543731647454381119	391	13	13	13
6543731647454381119	392	2	3	8
6543731647454381119	393	8	8	16
6543731647454381119	394	12	13	13
6543731647454381119	395	12	5	5
6543731647454381119	396	14	3	0
6543731647454381119	397	12	6	18
6543731647454381119	398	5	5	4
6543731647454381119	399	3	3	17
6543731647454381119	400	11	13	11
6543731647454381119	401	19	10	4
6543731647454381119	402	15	8	2
6543731647454381119	403	6	6	6
6543731647454381119	404	19	9	0
6543731647454381119	405	13	9	5
6543731647454381119	406	11	7	8
6543731647454381119	407	19	10	13
6543731647454381119	408	2	10	0
6543731647454381119	409	7	13	13
6543731647454381119	410	5	5	9
6543731647454381119	411	2	3	3
6543731647454381119	412	10	3	0
6543731647454381119	413	1	9	9
6543731647454381119	414	4	4	4
6543731647454381119	415	7	17	17
6543731647454381119	416	17	17	8
6543731647454381119	417	9	9	0
6543731647454381119	418	3	10	0
6543731647454381119	419	14	13	0
6543731647454381119	420	0	3	0
6543731647454381119	421	4	13	4
6543731647454381119	422	17	17	0
6543731647454381119	423	3	9	0
6543731647454381119	424	1	17	7
6543731647454381119	425	9	13	0
6543731647454381119	426	14	13	0
6543731647454381119	427	3	3	7
6543731647454381119	428	13	9	9
6543731647454381119	429	16	6	16
6543731647454381119	430	19	0	0
6543731647454381119	431	7	17	17
6543731647454381119	432	3	10	0
6543731647454381119	433	6	6	6
6543731647454381119	434	13	5	6
6543731647454381119	435	9	13	16
6543731647454381119	436	1	3	13
6543731647454381119	437	4	13	4
6543731647454381119	438	7	17	1
6543731647454381119	439	1	9	13
6543731647454381119	440	18	18	18
6543731647454381119	441	5	5	5
6543731647454381119	442	11	9	13
6543731647454381119	443	15	3	0
6543731647454381119	444	3	3	0
6543731647454381119	445	13	9	9
6543731647454381119	446	9	13	5
6543731647454381119	447	0	17	17
6543731647454381119	448	6	6	5
6543731647454381119	449	18	18	18
6543731647454381119	450	10	3	0
6543731647454381119	451	11	13	7
6543731647454381119	452	6	6	2
6543731647454381119	453	4	13	4
6543731647454381119	454	16	8	5
6543731647454381119	455	9	13	0
6543731647454381119	456	5	5	18
6543731647454381119	457	10	3	0
6543731647454381119	458	7	13	0
6543731647454381119	459	9	11	6
6543731647454381119	460	13	10	0
6543731647454381119	461	2	10	15
6543731647454381119	462	4	5	4
6543731647454381119	463	13	9	5
6543731647454381119	464	16	8	0
6543731647454381119	465	11	13	13
6543731647454381119	466	6	6	18
6543731647454381119	467	0	17	7
6543731647454381119	468	12	13	11
6543731647454381119	469	10	3	0
6543731647454381119	470	12	9	5
6543731647454381119	471	12	9	5
6543731647454381119	472	14	10	7
6543731647454381119	473	3	3	7
6543731647454381119	474	12	13	13
6543731647454381119	475	17	9	0
6543731647454381119	476	14	13	0
6543731647454381119	477	1	13	0
6543731647454381119	478	11	13	13
6543731647454381119	479	11	9	16
6543731647454381119	480	19	9	5
6543731647454381119	481	16	5	4
6543731647454381119	482	0	10	0
6543731647454381119	483	17	17	17
6543731647454381119	484	8	3	0
6543731647454381119	485	2	3	17
6543731647454381119	486	15	3	8
6543731647454381119	487	0	17	9
6543731647454381119	488	5	18	18
6543731647454381119	489	18	18	5
6543731647454381119	490	10	3	0
6543731647454381119	491	10	3	14
6543731647454381119	492	2	3	3
6543731647454381119	493	5	13	13
6543731647454381119	494	18	18	18
6543731647454381119	495	0	17	0
6543731647454381119	496	7	13	11
6543731647454381119	497	1	9	7
6543731647454381119	498	12	5	5
6543731647454381119	499	8	3	3
6543731647722816754	0	10	0	10
6543731647722816754	1	11	13	13
6543731647722816754	2	7	13	9
6543731647722816754	3	10	10	0
6543731647722816754	4	3	3	3
6543731647722816754	5	5	9	18
6543731647722816754	6	0	10	0
6543731647722816754	7	10	3	10
6543731647722816754	8	18	18	16
6543731647722816754	9	5	18	18
6543731647722816754	10	16	8	8
6543731647722816754	11	14	3	8
6543731647722816754	12	12	3	17
6543731647722816754	13	8	3	7
6543731647722816754	14	0	17	14
6543731647722816754	15	16	16	9
6543731647722816754	16	10	3	14
6543731647722816754	17	16	8	11
6543731647722816754	18	17	3	17
6543731647722816754	19	13	9	11
6543731647722816754	20	19	19	10
6543731647722816754	21	9	9	9
6543731647722816754	22	7	7	7
6543731647722816754	23	4	7	0
6543731647722816754	24	6	8	8
6543731647722816754	25	9	13	13
6543731647722816754	26	0	17	0
6543731647722816754	27	0	3	10
6543731647722816754	28	9	9	9
6543731647722816754	29	9	13	5
6543731647722816754	30	6	6	15
6543731647722816754	31	2	3	9
6543731647722816754	32	3	10	10
6543731647722816754	33	12	13	13
6543731647722816754	34	8	8	8
6543731647722816754	35	8	8	8
6543731647722816754	36	7	7	14
6543731647722816754	37	10	3	0
6543731647722816754	38	12	13	13
6543731647722816754	39	10	10	10
6543731647722816754	40	14	13	13
6543731647722816754	41	8	8	8
6543731647722816754	42	6	6	6
6543731647722816754	43	0	10	0
6543731647722816754	44	11	13	12
6543731647722816754	45	8	8	4
6543731647722816754	46	7	13	8
6543731647722816754	47	17	3	11
6543731647722816754	48	5	13	9
6543731647722816754	49	7	17	17
6543731647722816754	50	13	13	5
6543731647722816754	51	11	6	8
6543731647722816754	52	18	18	18
6543731647722816754	53	6	6	6
6543731647722816754	54	11	13	11
6543731647722816754	55	6	6	6
6543731647722816754	56	15	9	8
6543731647722816754	57	17	3	10
6543731647722816754	58	14	13	10
6543731647722816754	59	0	10	17
6543731647722816754	60	1	17	13
6543731647722816754	61	18	18	16
6543731647722816754	62	17	3	10
6543731647722816754	63	13	17	8
6543731647722816754	64	0	17	7
6543731647722816754	65	18	18	18
6543731647722816754	66	13	9	13
6543731647722816754	67	5	5	9
6543731647722816754	68	14	13	7
6543731647722816754	69	1	9	0
6543731647722816754	70	10	3	10
6543731647722816754	71	13	9	9
6543731647722816754	72	14	3	17
6543731647722816754	73	14	3	17
6543731647722816754	74	10	3	11
6543731647722816754	75	11	13	16
6543731647722816754	76	4	13	13
6543731647722816754	77	3	10	10
6543731647722816754	78	7	17	17
6543731647722816754	79	17	17	19
6543731647722816754	80	8	8	8
6543731647722816754	81	7	7	7
6543731647722816754	82	14	13	10
6543731647722816754	83	14	3	9
6543731647722816754	84	7	9	9
6543731647722816754	85	16	16	4
6543731647722816754	86	3	3	7
6543731647722816754	87	14	3	8
6543731647722816754	88	15	10	15
6543731647722816754	89	5	8	9
6543731647722816754	90	19	13	13
6543731647722816754	91	10	10	10
6543731647722816754	92	16	8	16
6543731647722816754	93	8	8	0
6543731647722816754	94	19	9	11
6543731647722816754	95	0	10	0
6543731647722816754	96	19	9	9
6543731647722816754	97	1	9	9
6543731647722816754	98	6	6	16
6543731647722816754	99	1	17	17
6543731647722816754	100	18	18	16
6543731647722816754	101	18	18	12
6543731647722816754	102	13	9	9
6543731647722816754	103	11	9	16
6543731647722816754	104	14	3	8
6543731647722816754	105	13	13	13
6543731647722816754	106	4	13	4
6543731647722816754	107	11	13	12
6543731647722816754	108	1	13	9
6543731647722816754	109	10	3	8
6543731647722816754	110	6	6	16
6543731647722816754	111	13	13	13
6543731647722816754	112	4	4	4
6543731647722816754	113	0	10	7
6543731647722816754	114	2	3	2
6543731647722816754	115	12	13	13
6543731647722816754	116	11	3	11
6543731647722816754	117	10	3	0
6543731647722816754	118	18	5	16
6543731647722816754	119	4	4	4
6543731647722816754	120	1	3	3
6543731647722816754	121	12	13	11
6543731647722816754	122	12	5	11
6543731647722816754	123	0	0	14
6543731647722816754	124	4	13	7
6543731647722816754	125	17	9	10
6543731647722816754	126	13	13	18
6543731647722816754	127	16	9	11
6543731647722816754	128	17	3	10
6543731647722816754	129	3	10	10
6543731647722816754	130	7	5	6
6543731647722816754	131	3	3	0
6543731647722816754	132	19	9	10
6543731647722816754	133	0	13	5
6543731647722816754	134	9	13	13
6543731647722816754	135	13	9	9
6543731647722816754	136	10	0	2
6543731647722816754	137	1	10	9
6543731647722816754	138	4	13	13
6543731647722816754	139	9	13	13
6543731647722816754	140	1	9	0
6543731647722816754	141	9	13	8
6543731647722816754	142	6	6	16
6543731647722816754	143	16	13	11
6543731647722816754	144	9	9	11
6543731647722816754	145	15	3	8
6543731647722816754	146	15	3	3
6543731647722816754	147	0	10	10
6543731647722816754	148	14	3	10
6543731647722816754	149	19	0	0
6543731647722816754	150	5	5	18
6543731647722816754	151	5	13	9
6543731647722816754	152	8	8	8
6543731647722816754	153	0	0	0
6543731647722816754	154	12	13	13
6543731647722816754	155	15	9	9
6543731647722816754	156	7	17	17
6543731647722816754	157	2	3	2
6543731647722816754	158	3	10	10
6543731647722816754	159	17	10	3
6543731647722816754	160	1	9	13
6543731647722816754	161	16	8	13
6543731647722816754	162	10	0	15
6543731647722816754	163	9	9	9
6543731647722816754	164	4	4	16
6543731647722816754	165	7	17	1
6543731647722816754	166	2	10	10
6543731647722816754	167	16	13	13
6543731647722816754	168	6	6	6
6543731647722816754	169	19	0	11
6543731647722816754	170	18	18	18
6543731647722816754	171	17	9	0
6543731647722816754	172	19	13	13
6543731647722816754	173	12	13	11
6543731647722816754	174	19	9	11
6543731647722816754	175	5	18	18
6543731647722816754	176	1	10	10
6543731647722816754	177	16	16	16
6543731647722816754	178	5	9	8
6543731647722816754	179	14	13	13
6543731647722816754	180	2	10	9
6543731647722816754	181	9	5	8
6543731647722816754	182	5	18	18
6543731647722816754	183	19	13	13
6543731647722816754	184	13	10	11
6543731647722816754	185	7	17	19
6543731647722816754	186	7	9	13
6543731647722816754	187	7	13	0
6543731647722816754	188	17	17	10
6543731647722816754	189	4	13	13
6543731647722816754	190	11	13	11
6543731647722816754	191	17	9	17
6543731647722816754	192	13	13	16
6543731647722816754	193	14	3	4
6543731647722816754	194	17	17	17
6543731647722816754	195	4	13	5
6543731647722816754	196	4	13	4
6543731647722816754	197	16	6	8
6543731647722816754	198	17	10	10
6543731647722816754	199	14	13	10
6543731647722816754	200	0	17	17
6543731647722816754	201	3	3	10
6543731647722816754	202	6	6	5
6543731647722816754	203	0	17	3
6543731647722816754	204	6	6	6
6543731647722816754	205	15	10	10
6543731647722816754	206	4	13	4
6543731647722816754	207	18	18	16
6543731647722816754	208	19	10	10
6543731647722816754	209	0	17	10
6543731647722816754	210	15	15	17
6543731647722816754	211	12	18	18
6543731647722816754	212	16	6	16
6543731647722816754	213	11	13	16
6543731647722816754	214	12	13	13
6543731647722816754	215	14	3	0
6543731647722816754	216	12	13	12
6543731647722816754	217	12	9	9
6543731647722816754	218	2	10	10
6543731647722816754	219	3	3	9
6543731647722816754	220	3	3	3
6543731647722816754	221	17	3	10
6543731647722816754	222	11	13	16
6543731647722816754	223	1	9	1
6543731647722816754	224	0	9	19
6543731647722816754	225	0	10	0
6543731647722816754	226	5	9	9
6543731647722816754	227	3	3	3
6543731647722816754	228	15	15	6
6543731647722816754	229	8	8	1
6543731647722816754	230	9	9	9
6543731647722816754	231	9	13	4
6543731647722816754	232	12	9	8
6543731647722816754	233	16	6	16
6543731647722816754	234	14	3	0
6543731647722816754	235	15	3	14
6543731647722816754	236	3	3	3
6543731647722816754	237	3	10	0
6543731647722816754	238	5	5	18
6543731647722816754	239	12	9	9
6543731647722816754	240	5	13	9
6543731647722816754	241	2	3	3
6543731647722816754	242	6	6	16
6543731647722816754	243	6	6	6
6543731647722816754	244	19	0	8
6543731647722816754	245	0	17	0
6543731647722816754	246	6	6	8
6543731647722816754	247	17	10	10
6543731647722816754	248	1	9	0
6543731647722816754	249	7	13	9
6543731647722816754	250	19	0	13
6543731647722816754	251	1	10	17
6543731647722816754	252	5	10	10
6543731647722816754	253	10	3	14
6543731647722816754	254	11	9	8
6543731647722816754	255	19	0	13
6543731647722816754	256	13	13	9
6543731647722816754	257	11	13	13
6543731647722816754	258	5	13	13
6543731647722816754	259	12	9	0
6543731647722816754	260	16	8	7
6543731647722816754	261	3	3	7
6543731647722816754	262	13	13	11
6543731647722816754	263	11	13	11
6543731647722816754	264	1	15	6
6543731647722816754	265	15	3	19
6543731647722816754	266	15	3	9
6543731647722816754	267	19	3	3
6543731647722816754	268	18	18	18
6543731647722816754	269	2	10	0
6543731647722816754	270	13	9	8
6543731647722816754	271	3	3	17
6543731647722816754	272	2	10	17
6543731647722816754	273	7	13	0
6543731647722816754	274	1	9	8
6543731647722816754	275	9	9	10
6543731647722816754	276	18	18	16
6543731647722816754	277	3	3	8
6543731647722816754	278	10	3	0
6543731647722816754	279	8	3	7
6543731647722816754	280	17	3	17
6543731647722816754	281	0	13	0
6543731647722816754	282	18	18	18
6543731647722816754	283	18	18	18
6543731647722816754	284	3	3	17
6543731647722816754	285	15	13	0
6543731647722816754	286	8	8	0
6543731647722816754	287	0	17	7
6543731647722816754	288	1	13	9
6543731647722816754	289	12	9	9
6543731647722816754	290	9	9	9
6543731647722816754	291	11	13	13
6543731647722816754	292	5	9	9
6543731647722816754	293	5	5	16
6543731647722816754	294	19	10	10
6543731647722816754	295	11	13	11
6543731647722816754	296	18	18	16
6543731647722816754	297	18	5	16
6543731647722816754	298	10	10	10
6543731647722816754	299	19	9	10
6543731647722816754	300	11	13	13
6543731647722816754	301	11	13	13
6543731647722816754	302	13	9	13
6543731647722816754	303	16	6	7
6543731647722816754	304	11	9	8
6543731647722816754	305	16	8	8
6543731647722816754	306	18	18	18
6543731647722816754	307	7	7	7
6543731647722816754	308	7	7	0
6543731647722816754	309	10	3	0
6543731647722816754	310	18	18	18
6543731647722816754	311	13	9	13
6543731647722816754	312	16	8	14
6543731647722816754	313	0	3	0
6543731647722816754	314	9	9	9
6543731647722816754	315	14	3	3
6543731647722816754	316	3	10	19
6543731647722816754	317	13	5	16
6543731647722816754	318	8	8	8
6543731647722816754	319	7	17	7
6543731647722816754	320	19	0	9
6543731647722816754	321	19	0	9
6543731647722816754	322	8	3	0
6543731647722816754	323	2	3	0
6543731647722816754	324	16	16	16
6543731647722816754	325	8	3	7
6543731647722816754	326	19	13	9
6543731647722816754	327	16	9	13
6543731647722816754	328	9	13	13
6543731647722816754	329	5	18	16
6543731647722816754	330	18	18	16
6543731647722816754	331	6	6	6
6543731647722816754	332	11	7	7
6543731647722816754	333	15	8	9
6543731647722816754	334	2	3	10
6543731647722816754	335	15	3	10
6543731647722816754	336	8	8	8
6543731647722816754	337	4	5	6
6543731647722816754	338	0	0	0
6543731647722816754	339	13	9	16
6543731647722816754	340	2	3	17
6543731647722816754	341	11	13	13
6543731647722816754	342	10	3	1
6543731647722816754	343	14	3	10
6543731647722816754	344	16	16	16
6543731647722816754	345	1	9	13
6543731647722816754	346	8	3	8
6543731647722816754	347	7	17	14
6543731647722816754	348	19	10	0
6543731647722816754	349	11	3	8
6543731647722816754	350	3	17	17
6543731647722816754	351	14	10	10
6543731647722816754	352	17	3	3
6543731647722816754	353	17	3	3
6543731647722816754	354	11	13	13
6543731647722816754	355	15	3	9
6543731647722816754	356	7	17	17
6543731647722816754	357	17	10	9
6543731647722816754	358	8	8	8
6543731647722816754	359	17	3	17
6543731647722816754	360	19	10	11
6543731647722816754	361	3	10	0
6543731647722816754	362	4	13	13
6543731647722816754	363	1	9	9
6543731647722816754	364	12	9	8
6543731647722816754	365	16	6	8
6543731647722816754	366	16	8	8
6543731647722816754	367	8	3	8
6543731647722816754	368	4	8	8
6543731647722816754	369	15	3	15
6543731647722816754	370	6	6	5
6543731647722816754	371	5	18	18
6543731647722816754	372	7	17	17
6543731647722816754	373	16	8	8
6543731647722816754	374	6	6	15
6543731647722816754	375	6	6	6
6543731647722816754	376	17	10	0
6543731647722816754	377	19	9	9
6543731647722816754	378	17	9	11
6543731647722816754	379	4	7	14
6543731647722816754	380	9	9	13
6543731647722816754	381	8	8	8
6543731647722816754	382	14	10	10
6543731647722816754	383	6	6	5
6543731647722816754	384	10	3	10
6543731647722816754	385	11	9	7
6543731647722816754	386	1	17	1
6543731647722816754	387	0	17	10
6543731647722816754	388	10	10	0
6543731647722816754	389	6	6	16
6543731647722816754	390	10	10	10
6543731647722816754	391	13	13	11
6543731647722816754	392	2	3	9
6543731647722816754	393	8	8	8
6543731647722816754	394	12	13	13
6543731647722816754	395	12	5	5
6543731647722816754	396	14	3	3
6543731647722816754	397	12	6	18
6543731647722816754	398	5	5	5
6543731647722816754	399	3	3	17
6543731647722816754	400	11	13	13
6543731647722816754	401	19	10	8
6543731647722816754	402	15	8	2
6543731647722816754	403	6	6	6
6543731647722816754	404	19	9	0
6543731647722816754	405	13	9	16
6543731647722816754	406	11	7	7
6543731647722816754	407	19	10	19
6543731647722816754	408	2	10	4
6543731647722816754	409	7	13	9
6543731647722816754	410	5	5	18
6543731647722816754	411	2	3	8
6543731647722816754	412	10	3	8
6543731647722816754	413	1	9	9
6543731647722816754	414	4	4	4
6543731647722816754	415	7	17	17
6543731647722816754	416	17	17	11
6543731647722816754	417	9	9	9
6543731647722816754	418	3	10	10
6543731647722816754	419	14	13	11
6543731647722816754	420	0	3	4
6543731647722816754	421	4	13	13
6543731647722816754	422	17	17	0
6543731647722816754	423	3	9	10
6543731647722816754	424	1	17	8
6543731647722816754	425	9	13	9
6543731647722816754	426	14	13	13
6543731647722816754	427	3	3	7
6543731647722816754	428	13	9	9
6543731647722816754	429	16	6	8
6543731647722816754	430	19	0	0
6543731647722816754	431	7	17	17
6543731647722816754	432	3	10	10
6543731647722816754	433	6	6	16
6543731647722816754	434	13	5	6
6543731647722816754	435	9	13	5
6543731647722816754	436	1	3	11
6543731647722816754	437	4	13	4
6543731647722816754	438	7	17	17
6543731647722816754	439	1	9	9
6543731647722816754	440	18	18	12
6543731647722816754	441	5	5	18
6543731647722816754	442	11	9	9
6543731647722816754	443	15	3	10
6543731647722816754	444	3	3	7
6543731647722816754	445	13	9	9
6543731647722816754	446	9	13	16
6543731647722816754	447	0	17	0
6543731647722816754	448	6	6	6
6543731647722816754	449	18	18	18
6543731647722816754	450	10	3	10
6543731647722816754	451	11	13	8
6543731647722816754	452	6	6	5
6543731647722816754	453	4	13	13
6543731647722816754	454	16	8	4
6543731647722816754	455	9	13	9
6543731647722816754	456	5	5	18
6543731647722816754	457	10	3	0
6543731647722816754	458	7	13	13
6543731647722816754	459	9	11	9
6543731647722816754	460	13	10	19
6543731647722816754	461	2	10	8
6543731647722816754	462	4	5	13
6543731647722816754	463	13	9	9
6543731647722816754	464	16	8	8
6543731647722816754	465	11	13	13
6543731647722816754	466	6	6	8
6543731647722816754	467	0	17	7
6543731647722816754	468	12	13	13
6543731647722816754	469	10	3	19
6543731647722816754	470	12	9	7
6543731647722816754	471	12	9	7
6543731647722816754	472	14	10	10
6543731647722816754	473	3	3	7
6543731647722816754	474	12	13	13
6543731647722816754	475	17	9	9
6543731647722816754	476	14	13	13
6543731647722816754	477	1	13	10
6543731647722816754	478	11	13	11
6543731647722816754	479	11	9	8
6543731647722816754	480	19	9	0
6543731647722816754	481	16	5	7
6543731647722816754	482	0	10	10
6543731647722816754	483	17	17	17
6543731647722816754	484	8	3	0
6543731647722816754	485	2	3	14
6543731647722816754	486	15	3	0
6543731647722816754	487	0	17	10
6543731647722816754	488	5	18	9
6543731647722816754	489	18	18	11
6543731647722816754	490	10	3	10
6543731647722816754	491	10	3	10
6543731647722816754	492	2	3	10
6543731647722816754	493	5	13	9
6543731647722816754	494	18	18	18
6543731647722816754	495	0	17	10
6543731647722816754	496	7	13	13
6543731647722816754	497	1	9	7
6543731647722816754	498	12	5	9
6543731647722816754	499	8	3	1
6543731647991252393	0	10	0	14
6543731647991252393	1	11	13	13
6543731647991252393	2	7	13	11
6543731647991252393	3	10	10	10
6543731647991252393	4	3	3	3
6543731647991252393	5	5	9	9
6543731647991252393	6	0	10	7
6543731647991252393	7	10	3	4
6543731647991252393	8	18	18	12
6543731647991252393	9	5	18	5
6543731647991252393	10	16	8	11
6543731647991252393	11	14	3	10
6543731647991252393	12	12	3	3
6543731647991252393	13	8	3	9
6543731647991252393	14	0	17	17
6543731647991252393	15	16	6	5
6543731647991252393	16	10	3	7
6543731647991252393	17	16	8	11
6543731647991252393	18	17	3	3
6543731647991252393	19	13	9	19
6543731647991252393	20	19	19	4
6543731647991252393	21	9	9	11
6543731647991252393	22	7	7	10
6543731647991252393	23	4	7	4
6543731647991252393	24	6	8	8
6543731647991252393	25	9	13	8
6543731647991252393	26	0	17	9
6543731647991252393	27	0	3	7
6543731647991252393	28	9	9	16
6543731647991252393	29	9	13	13
6543731647991252393	30	6	6	5
6543731647991252393	31	2	3	3
6543731647991252393	32	3	10	10
6543731647991252393	33	12	13	16
6543731647991252393	34	8	8	8
6543731647991252393	35	8	8	8
6543731647991252393	36	7	7	7
6543731647991252393	37	10	3	10
6543731647991252393	38	12	13	0
6543731647991252393	39	10	10	9
6543731647991252393	40	14	13	13
6543731647991252393	41	8	8	4
6543731647991252393	42	6	6	6
6543731647991252393	43	0	10	10
6543731647991252393	44	11	13	16
6543731647991252393	45	8	8	8
6543731647991252393	46	7	13	0
6543731647991252393	47	17	3	14
6543731647991252393	48	5	13	13
6543731647991252393	49	7	17	17
6543731647991252393	50	13	13	13
6543731647991252393	51	11	6	8
6543731647991252393	52	18	18	16
6543731647991252393	53	6	6	6
6543731647991252393	54	11	13	16
6543731647991252393	55	6	6	5
6543731647991252393	56	15	3	9
6543731647991252393	57	17	3	10
6543731647991252393	58	14	13	11
6543731647991252393	59	0	10	7
6543731647991252393	60	1	17	17
6543731647991252393	61	18	18	18
6543731647991252393	62	17	3	3
6543731647991252393	63	13	17	8
6543731647991252393	64	0	17	7
6543731647991252393	65	18	18	16
6543731647991252393	66	13	9	9
6543731647991252393	67	5	5	5
6543731647991252393	68	14	13	13
6543731647991252393	69	1	9	0
6543731647991252393	70	10	3	10
6543731647991252393	71	13	9	13
6543731647991252393	72	14	3	4
6543731647991252393	73	14	3	7
6543731647991252393	74	10	3	8
6543731647991252393	75	11	13	13
6543731647991252393	76	4	13	13
6543731647991252393	77	3	10	0
6543731647991252393	78	7	17	7
6543731647991252393	79	17	17	17
6543731647991252393	80	8	8	8
6543731647991252393	81	7	7	7
6543731647991252393	82	14	13	11
6543731647991252393	83	14	3	10
6543731647991252393	84	7	9	0
6543731647991252393	85	16	16	8
6543731647991252393	86	3	3	10
6543731647991252393	87	14	3	7
6543731647991252393	88	15	10	13
6543731647991252393	89	5	8	8
6543731647991252393	90	19	13	8
6543731647991252393	91	10	10	0
6543731647991252393	92	16	8	13
6543731647991252393	93	8	8	8
6543731647991252393	94	19	9	9
6543731647991252393	95	0	10	7
6543731647991252393	96	19	9	4
6543731647991252393	97	1	9	18
6543731647991252393	98	6	6	6
6543731647991252393	99	1	17	7
6543731647991252393	100	18	18	13
6543731647991252393	101	18	18	18
6543731647991252393	102	13	9	13
6543731647991252393	103	11	9	4
6543731647991252393	104	14	3	8
6543731647991252393	105	13	13	12
6543731647991252393	106	4	13	4
6543731647991252393	107	11	13	13
6543731647991252393	108	1	13	0
6543731647991252393	109	10	3	0
6543731647991252393	110	6	6	16
6543731647991252393	111	13	13	13
6543731647991252393	112	4	4	0
6543731647991252393	113	0	10	7
6543731647991252393	114	2	3	7
6543731647991252393	115	12	13	13
6543731647991252393	116	11	3	17
6543731647991252393	117	10	3	0
6543731647991252393	118	18	5	16
6543731647991252393	119	4	4	4
6543731647991252393	120	1	3	3
6543731647991252393	121	12	13	13
6543731647991252393	122	12	5	13
6543731647991252393	123	0	0	14
6543731647991252393	124	4	13	4
6543731647991252393	125	17	9	0
6543731647991252393	126	13	13	13
6543731647991252393	127	16	9	16
6543731647991252393	128	17	3	10
6543731647991252393	129	3	10	0
6543731647991252393	130	7	5	16
6543731647991252393	131	3	3	0
6543731647991252393	132	19	10	19
6543731647991252393	133	0	13	0
6543731647991252393	134	9	13	16
6543731647991252393	135	13	9	7
6543731647991252393	136	10	0	0
6543731647991252393	137	1	10	19
6543731647991252393	138	4	13	4
6543731647991252393	139	9	13	13
6543731647991252393	140	1	9	9
6543731647991252393	141	9	13	13
6543731647991252393	142	6	6	16
6543731647991252393	143	16	13	11
6543731647991252393	144	9	9	9
6543731647991252393	145	15	3	4
6543731647991252393	146	15	3	14
6543731647991252393	147	0	10	10
6543731647991252393	148	14	3	7
6543731647991252393	149	19	0	8
6543731647991252393	150	5	5	13
6543731647991252393	151	5	13	4
6543731647991252393	152	8	8	8
6543731647991252393	153	0	0	17
6543731647991252393	154	12	13	13
6543731647991252393	155	15	9	3
6543731647991252393	156	7	17	17
6543731647991252393	157	2	3	10
6543731647991252393	158	3	10	13
6543731647991252393	159	17	10	3
6543731647991252393	160	1	9	0
6543731647991252393	161	16	8	8
6543731647991252393	162	10	0	0
6543731647991252393	163	9	9	16
6543731647991252393	164	4	4	4
6543731647991252393	165	7	17	7
6543731647991252393	166	2	10	8
6543731647991252393	167	16	13	11
6543731647991252393	168	6	6	6
6543731647991252393	169	19	0	0
6543731647991252393	170	18	18	13
6543731647991252393	171	17	9	0
6543731647991252393	172	19	13	13
6543731647991252393	173	12	13	13
6543731647991252393	174	19	9	16
6543731647991252393	175	5	18	6
6543731647991252393	176	1	10	13
6543731647991252393	177	16	16	9
6543731647991252393	178	5	9	13
6543731647991252393	179	14	13	13
6543731647991252393	180	2	10	10
6543731647991252393	181	9	5	5
6543731647991252393	182	5	18	5
6543731647991252393	183	19	13	5
6543731647991252393	184	13	10	8
6543731647991252393	185	7	17	7
6543731647991252393	186	7	9	8
6543731647991252393	187	7	13	11
6543731647991252393	188	17	17	9
6543731647991252393	189	4	13	13
6543731647991252393	190	11	13	16
6543731647991252393	191	17	9	19
6543731647991252393	192	13	13	13
6543731647991252393	193	14	3	8
6543731647991252393	194	17	17	17
6543731647991252393	195	4	13	4
6543731647991252393	196	4	13	7
6543731647991252393	197	16	6	6
6543731647991252393	198	17	10	10
6543731647991252393	199	14	13	13
6543731647991252393	200	0	17	10
6543731647991252393	201	3	3	0
6543731647991252393	202	6	6	6
6543731647991252393	203	0	17	9
6543731647991252393	204	6	6	6
6543731647991252393	205	15	10	3
6543731647991252393	206	4	13	4
6543731647991252393	207	18	18	16
6543731647991252393	208	19	10	10
6543731647991252393	209	0	17	7
6543731647991252393	210	15	15	0
6543731647991252393	211	12	18	6
6543731647991252393	212	16	6	5
6543731647991252393	213	11	13	13
6543731647991252393	214	12	13	13
6543731647991252393	215	14	3	0
6543731647991252393	216	12	13	13
6543731647991252393	217	12	9	9
6543731647991252393	218	2	10	13
6543731647991252393	219	3	3	16
6543731647991252393	220	3	3	7
6543731647991252393	221	17	3	10
6543731647991252393	222	11	13	16
6543731647991252393	223	1	9	12
6543731647991252393	224	0	9	9
6543731647991252393	225	0	10	10
6543731647991252393	226	5	9	7
6543731647991252393	227	3	3	0
6543731647991252393	228	15	15	12
6543731647991252393	229	8	8	13
6543731647991252393	230	9	9	16
6543731647991252393	231	9	13	5
6543731647991252393	232	12	9	13
6543731647991252393	233	16	6	8
6543731647991252393	234	14	3	10
6543731647991252393	235	15	3	4
6543731647991252393	236	3	3	5
6543731647991252393	237	3	10	0
6543731647991252393	238	5	5	6
6543731647991252393	239	12	9	7
6543731647991252393	240	5	13	0
6543731647991252393	241	2	3	4
6543731647991252393	242	6	6	16
6543731647991252393	243	6	6	6
6543731647991252393	244	19	0	5
6543731647991252393	245	0	17	7
6543731647991252393	246	6	6	18
6543731647991252393	247	17	10	17
6543731647991252393	248	1	9	0
6543731647991252393	249	7	13	13
6543731647991252393	250	19	0	4
6543731647991252393	251	1	10	13
6543731647991252393	252	5	10	13
6543731647991252393	253	10	3	3
6543731647991252393	254	11	9	16
6543731647991252393	255	19	0	8
6543731647991252393	256	13	13	13
6543731647991252393	257	11	13	13
6543731647991252393	258	5	13	12
6543731647991252393	259	12	9	11
6543731647991252393	260	16	8	13
6543731647991252393	261	3	3	4
6543731647991252393	262	13	13	16
6543731647991252393	263	11	13	13
6543731647991252393	264	1	15	15
6543731647991252393	265	15	3	0
6543731647991252393	266	15	3	13
6543731647991252393	267	19	3	3
6543731647991252393	268	18	18	18
6543731647991252393	269	2	10	9
6543731647991252393	270	13	9	9
6543731647991252393	271	3	3	3
6543731647991252393	272	2	10	13
6543731647991252393	273	7	13	16
6543731647991252393	274	1	9	7
6543731647991252393	275	9	9	9
6543731647991252393	276	18	18	18
6543731647991252393	277	3	3	7
6543731647991252393	278	10	3	0
6543731647991252393	279	8	3	10
6543731647991252393	280	17	3	10
6543731647991252393	281	0	13	3
6543731647991252393	282	18	18	18
6543731647991252393	283	18	18	18
6543731647991252393	284	3	3	3
6543731647991252393	285	15	13	0
6543731647991252393	286	8	8	8
6543731647991252393	287	0	17	7
6543731647991252393	288	1	13	16
6543731647991252393	289	12	9	19
6543731647991252393	290	9	9	13
6543731647991252393	291	11	13	13
6543731647991252393	292	5	9	8
6543731647991252393	293	5	5	1
6543731647991252393	294	19	10	9
6543731647991252393	295	11	13	11
6543731647991252393	296	18	18	16
6543731647991252393	297	18	5	5
6543731647991252393	298	10	10	0
6543731647991252393	299	19	9	8
6543731647991252393	300	11	13	13
6543731647991252393	301	11	13	13
6543731647991252393	302	13	9	9
6543731647991252393	303	16	6	16
6543731647991252393	304	11	9	16
6543731647991252393	305	16	8	8
6543731647991252393	306	18	18	18
6543731647991252393	307	7	7	7
6543731647991252393	308	7	7	9
6543731647991252393	309	10	3	0
6543731647991252393	310	18	18	16
6543731647991252393	311	13	9	4
6543731647991252393	312	16	8	13
6543731647991252393	313	0	3	10
6543731647991252393	314	9	9	9
6543731647991252393	315	14	3	9
6543731647991252393	316	3	10	17
6543731647991252393	317	13	5	5
6543731647991252393	318	8	8	8
6543731647991252393	319	7	17	7
6543731647991252393	320	19	0	13
6543731647991252393	321	19	0	16
6543731647991252393	322	8	3	7
6543731647991252393	323	2	3	7
6543731647991252393	324	16	16	8
6543731647991252393	325	8	3	10
6543731647991252393	326	19	13	16
6543731647991252393	327	16	9	8
6543731647991252393	328	9	13	13
6543731647991252393	329	5	18	18
6543731647991252393	330	18	18	18
6543731647991252393	331	6	6	16
6543731647991252393	332	11	7	3
6543731647991252393	333	15	8	6
6543731647991252393	334	2	3	9
6543731647991252393	335	15	3	8
6543731647991252393	336	8	8	8
6543731647991252393	337	4	5	4
6543731647991252393	338	0	0	0
6543731647991252393	339	13	9	9
6543731647991252393	340	2	3	3
6543731647991252393	341	11	13	16
6543731647991252393	342	10	3	7
6543731647991252393	343	14	3	3
6543731647991252393	344	16	16	16
6543731647991252393	345	1	9	0
6543731647991252393	346	8	3	8
6543731647991252393	347	7	17	7
6543731647991252393	348	19	10	10
6543731647991252393	349	11	3	8
6543731647991252393	350	3	17	3
6543731647991252393	351	14	10	13
6543731647991252393	352	17	3	3
6543731647991252393	353	17	3	10
6543731647991252393	354	11	13	16
6543731647991252393	355	15	3	10
6543731647991252393	356	7	17	7
6543731647991252393	357	17	10	11
6543731647991252393	358	8	8	8
6543731647991252393	359	17	3	17
6543731647991252393	360	19	10	9
6543731647991252393	361	3	10	0
6543731647991252393	362	4	13	13
6543731647991252393	363	1	9	7
6543731647991252393	364	12	9	7
6543731647991252393	365	16	6	18
6543731647991252393	366	16	8	8
6543731647991252393	367	8	3	0
6543731647991252393	368	4	8	0
6543731647991252393	369	15	3	15
6543731647991252393	370	6	6	8
6543731647991252393	371	5	18	18
6543731647991252393	372	7	17	7
6543731647991252393	373	16	8	9
6543731647991252393	374	6	6	6
6543731647991252393	375	6	6	6
6543731647991252393	376	17	10	17
6543731647991252393	377	19	9	16
6543731647991252393	378	17	9	10
6543731647991252393	379	4	7	13
6543731647991252393	380	9	9	16
6543731647991252393	381	8	8	8
6543731647991252393	382	14	10	10
6543731647991252393	383	6	6	6
6543731647991252393	384	10	3	7
6543731647991252393	385	11	9	9
6543731647991252393	386	1	17	9
6543731647991252393	387	0	17	17
6543731647991252393	388	10	10	0
6543731647991252393	389	6	6	6
6543731647991252393	390	10	10	8
6543731647991252393	391	13	13	13
6543731647991252393	392	2	3	4
6543731647991252393	393	8	8	0
6543731647991252393	394	12	13	13
6543731647991252393	395	12	5	5
6543731647991252393	396	14	3	7
6543731647991252393	397	12	6	16
6543731647991252393	398	5	5	9
6543731647991252393	399	3	3	17
6543731647991252393	400	11	13	13
6543731647991252393	401	19	10	0
6543731647991252393	402	15	8	7
6543731647991252393	403	6	6	16
6543731647991252393	404	19	9	4
6543731647991252393	405	13	9	19
6543731647991252393	406	11	7	9
6543731647991252393	407	19	10	9
6543731647991252393	408	2	10	8
6543731647991252393	409	7	13	13
6543731647991252393	410	5	5	5
6543731647991252393	411	2	3	17
6543731647991252393	412	10	3	14
6543731647991252393	413	1	9	5
6543731647991252393	414	4	4	4
6543731647991252393	415	7	17	7
6543731647991252393	416	17	17	17
6543731647991252393	417	9	9	7
6543731647991252393	418	3	10	0
6543731647991252393	419	14	13	13
6543731647991252393	420	0	3	10
6543731647991252393	421	4	13	16
6543731647991252393	422	17	17	17
6543731647991252393	423	3	9	9
6543731647991252393	424	1	17	19
6543731647991252393	425	9	13	13
6543731647991252393	426	14	13	13
6543731647991252393	427	3	3	7
6543731647991252393	428	13	9	0
6543731647991252393	429	16	6	19
6543731647991252393	430	19	0	13
6543731647991252393	431	7	17	7
6543731647991252393	432	3	10	9
6543731647991252393	433	6	6	18
6543731647991252393	434	13	5	6
6543731647991252393	435	9	13	12
6543731647991252393	436	1	3	17
6543731647991252393	437	4	13	16
6543731647991252393	438	7	17	7
6543731647991252393	439	1	9	13
6543731647991252393	440	18	18	18
6543731647991252393	441	5	5	5
6543731647991252393	442	11	9	8
6543731647991252393	443	15	3	3
6543731647991252393	444	3	3	13
6543731647991252393	445	13	9	11
6543731647991252393	446	9	13	13
6543731647991252393	447	0	17	10
6543731647991252393	448	6	6	6
6543731647991252393	449	18	18	16
6543731647991252393	450	10	3	3
6543731647991252393	451	11	13	16
6543731647991252393	452	6	6	10
6543731647991252393	453	4	13	16
6543731647991252393	454	16	8	5
6543731647991252393	455	9	13	13
6543731647991252393	456	5	5	16
6543731647991252393	457	10	3	0
6543731647991252393	458	7	13	13
6543731647991252393	459	9	11	6
6543731647991252393	460	13	10	10
6543731647991252393	461	2	10	5
6543731647991252393	462	4	5	7
6543731647991252393	463	13	9	9
6543731647991252393	464	16	8	9
6543731647991252393	465	11	13	13
6543731647991252393	466	6	6	12
6543731647991252393	467	0	17	7
6543731647991252393	468	12	13	0
6543731647991252393	469	10	3	10
6543731647991252393	470	12	9	9
6543731647991252393	471	12	9	9
6543731647991252393	472	14	10	9
6543731647991252393	473	3	3	7
6543731647991252393	474	12	13	13
6543731647991252393	475	17	9	13
6543731647991252393	476	14	13	13
6543731647991252393	477	1	13	0
6543731647991252393	478	11	13	16
6543731647991252393	479	11	9	0
6543731647991252393	480	19	9	9
6543731647991252393	481	16	5	4
6543731647991252393	482	0	10	10
6543731647991252393	483	17	17	7
6543731647991252393	484	8	3	9
6543731647991252393	485	2	3	8
6543731647991252393	486	15	3	10
6543731647991252393	487	0	17	13
6543731647991252393	488	5	18	5
6543731647991252393	489	18	18	11
6543731647991252393	490	10	3	0
6543731647991252393	491	10	3	3
6543731647991252393	492	2	3	3
6543731647991252393	493	5	13	19
6543731647991252393	494	18	18	18
6543731647991252393	495	0	17	8
6543731647991252393	496	7	13	13
6543731647991252393	497	1	9	9
6543731647991252393	498	12	5	18
6543731647991252393	499	8	3	7
6543731648259688028	0	10	0	0
6543731648259688028	1	11	13	13
6543731648259688028	2	7	13	13
6543731648259688028	3	10	10	0
6543731648259688028	4	3	3	3
6543731648259688028	5	5	9	13
6543731648259688028	6	0	10	7
6543731648259688028	7	10	3	3
6543731648259688028	8	18	18	18
6543731648259688028	9	5	18	18
6543731648259688028	10	16	8	8
6543731648259688028	11	14	3	0
6543731648259688028	12	12	3	0
6543731648259688028	13	8	3	8
6543731648259688028	14	0	17	3
6543731648259688028	15	16	6	16
6543731648259688028	16	10	3	14
6543731648259688028	17	16	8	16
6543731648259688028	18	17	3	8
6543731648259688028	19	13	9	13
6543731648259688028	20	19	19	9
6543731648259688028	21	9	9	13
6543731648259688028	22	7	7	16
6543731648259688028	23	4	7	8
6543731648259688028	24	6	8	8
6543731648259688028	25	9	13	13
6543731648259688028	26	0	17	7
6543731648259688028	27	0	3	0
6543731648259688028	28	9	9	9
6543731648259688028	29	9	13	13
6543731648259688028	30	6	6	6
6543731648259688028	31	2	3	3
6543731648259688028	32	3	10	0
6543731648259688028	33	12	13	13
6543731648259688028	34	8	8	8
6543731648259688028	35	8	8	8
6543731648259688028	36	7	7	7
6543731648259688028	37	10	3	8
6543731648259688028	38	12	13	5
6543731648259688028	39	10	10	0
6543731648259688028	40	14	13	0
6543731648259688028	41	8	8	8
6543731648259688028	42	6	6	6
6543731648259688028	43	0	10	19
6543731648259688028	44	11	13	16
6543731648259688028	45	8	8	7
6543731648259688028	46	7	13	0
6543731648259688028	47	17	3	13
6543731648259688028	48	5	13	9
6543731648259688028	49	7	17	7
6543731648259688028	50	13	13	5
6543731648259688028	51	11	6	9
6543731648259688028	52	18	18	18
6543731648259688028	53	6	6	6
6543731648259688028	54	11	13	16
6543731648259688028	55	6	6	6
6543731648259688028	56	15	3	8
6543731648259688028	57	17	3	17
6543731648259688028	58	14	13	0
6543731648259688028	59	0	10	0
6543731648259688028	60	1	17	11
6543731648259688028	61	18	18	18
6543731648259688028	62	17	3	3
6543731648259688028	63	13	17	0
6543731648259688028	64	0	17	7
6543731648259688028	65	18	18	18
6543731648259688028	66	13	9	5
6543731648259688028	67	5	5	5
6543731648259688028	68	14	13	13
6543731648259688028	69	1	9	5
6543731648259688028	70	10	3	8
6543731648259688028	71	13	9	13
6543731648259688028	72	14	3	13
6543731648259688028	73	14	3	3
6543731648259688028	74	10	3	10
6543731648259688028	75	11	13	13
6543731648259688028	76	4	13	4
6543731648259688028	77	3	10	0
6543731648259688028	78	7	17	17
6543731648259688028	79	17	17	0
6543731648259688028	80	8	8	8
6543731648259688028	81	7	7	7
6543731648259688028	82	14	13	0
6543731648259688028	83	14	3	10
6543731648259688028	84	7	9	9
6543731648259688028	85	16	16	16
6543731648259688028	86	3	3	17
6543731648259688028	87	14	3	6
6543731648259688028	88	15	10	19
6543731648259688028	89	5	8	19
6543731648259688028	90	19	13	13
6543731648259688028	91	10	10	10
6543731648259688028	92	16	8	8
6543731648259688028	93	8	8	8
6543731648259688028	94	19	9	13
6543731648259688028	95	0	10	14
6543731648259688028	96	19	9	7
6543731648259688028	97	1	9	5
6543731648259688028	98	6	6	16
6543731648259688028	99	1	17	1
6543731648259688028	100	18	18	16
6543731648259688028	101	18	18	18
6543731648259688028	102	13	9	18
6543731648259688028	103	11	9	7
6543731648259688028	104	14	3	8
6543731648259688028	105	13	13	13
6543731648259688028	106	4	13	4
6543731648259688028	107	11	13	13
6543731648259688028	108	1	13	0
6543731648259688028	109	10	3	8
6543731648259688028	110	6	6	8
6543731648259688028	111	13	13	0
6543731648259688028	112	4	4	9
6543731648259688028	113	0	10	10
6543731648259688028	114	2	3	8
6543731648259688028	115	12	13	0
6543731648259688028	116	11	3	7
6543731648259688028	117	10	3	10
6543731648259688028	118	18	5	16
6543731648259688028	119	4	4	13
6543731648259688028	120	1	3	7
6543731648259688028	121	12	13	13
6543731648259688028	122	12	5	6
6543731648259688028	123	0	0	2
6543731648259688028	124	4	13	5
6543731648259688028	125	17	9	0
6543731648259688028	126	13	13	13
6543731648259688028	127	16	9	11
6543731648259688028	128	17	3	3
6543731648259688028	129	3	10	0
6543731648259688028	130	7	5	8
6543731648259688028	131	3	3	0
6543731648259688028	132	19	10	1
6543731648259688028	133	0	13	11
6543731648259688028	134	9	13	13
6543731648259688028	135	13	9	13
6543731648259688028	136	10	0	14
6543731648259688028	137	1	10	17
6543731648259688028	138	4	13	0
6543731648259688028	139	9	13	9
6543731648259688028	140	1	9	13
6543731648259688028	141	9	13	13
6543731648259688028	142	6	6	8
6543731648259688028	143	16	13	13
6543731648259688028	144	9	9	9
6543731648259688028	145	15	3	10
6543731648259688028	146	15	3	14
6543731648259688028	147	0	10	14
6543731648259688028	148	14	3	13
6543731648259688028	149	19	0	0
6543731648259688028	150	5	5	1
6543731648259688028	151	5	13	13
6543731648259688028	152	8	8	8
6543731648259688028	153	0	0	0
6543731648259688028	154	12	13	6
6543731648259688028	155	15	9	0
6543731648259688028	156	7	17	13
6543731648259688028	157	2	3	0
6543731648259688028	158	3	10	19
6543731648259688028	159	17	10	10
6543731648259688028	160	1	9	13
6543731648259688028	161	16	8	7
6543731648259688028	162	10	0	0
6543731648259688028	163	9	9	9
6543731648259688028	164	4	4	7
6543731648259688028	165	7	17	11
6543731648259688028	166	2	10	5
6543731648259688028	167	16	13	16
6543731648259688028	168	6	6	6
6543731648259688028	169	19	0	13
6543731648259688028	170	18	18	18
6543731648259688028	171	17	9	0
6543731648259688028	172	19	13	13
6543731648259688028	173	12	13	13
6543731648259688028	174	19	9	9
6543731648259688028	175	5	18	18
6543731648259688028	176	1	10	0
6543731648259688028	177	16	16	13
6543731648259688028	178	5	9	9
6543731648259688028	179	14	13	13
6543731648259688028	180	2	10	10
6543731648259688028	181	9	5	13
6543731648259688028	182	5	18	5
6543731648259688028	183	19	13	13
6543731648259688028	184	13	10	17
6543731648259688028	185	7	17	8
6543731648259688028	186	7	9	9
6543731648259688028	187	7	13	0
6543731648259688028	188	17	17	0
6543731648259688028	189	4	13	13
6543731648259688028	190	11	13	13
6543731648259688028	191	17	9	7
6543731648259688028	192	13	13	13
6543731648259688028	193	14	3	8
6543731648259688028	194	17	17	0
6543731648259688028	195	4	13	0
6543731648259688028	196	4	13	4
6543731648259688028	197	16	6	16
6543731648259688028	198	17	10	17
6543731648259688028	199	14	13	0
6543731648259688028	200	0	17	7
6543731648259688028	201	3	3	0
6543731648259688028	202	6	6	6
6543731648259688028	203	0	17	7
6543731648259688028	204	6	6	5
6543731648259688028	205	15	10	0
6543731648259688028	206	4	13	4
6543731648259688028	207	18	18	16
6543731648259688028	208	19	10	8
6543731648259688028	209	0	17	7
6543731648259688028	210	15	15	19
6543731648259688028	211	12	18	5
6543731648259688028	212	16	6	16
6543731648259688028	213	11	13	9
6543731648259688028	214	12	13	16
6543731648259688028	215	14	3	14
6543731648259688028	216	12	13	13
6543731648259688028	217	12	9	11
6543731648259688028	218	2	10	19
6543731648259688028	219	3	3	8
6543731648259688028	220	3	3	14
6543731648259688028	221	17	3	10
6543731648259688028	222	11	13	5
6543731648259688028	223	1	9	13
6543731648259688028	224	0	9	0
6543731648259688028	225	0	10	0
6543731648259688028	226	5	9	8
6543731648259688028	227	3	3	17
6543731648259688028	228	15	15	6
6543731648259688028	229	8	8	8
6543731648259688028	230	9	9	13
6543731648259688028	231	9	13	13
6543731648259688028	232	12	9	9
6543731648259688028	233	16	6	16
6543731648259688028	234	14	3	0
6543731648259688028	235	15	3	14
6543731648259688028	236	3	3	7
6543731648259688028	237	3	10	9
6543731648259688028	238	5	5	5
6543731648259688028	239	12	9	13
6543731648259688028	240	5	13	13
6543731648259688028	241	2	3	13
6543731648259688028	242	6	6	8
6543731648259688028	243	6	6	6
6543731648259688028	244	19	0	0
6543731648259688028	245	0	17	7
6543731648259688028	246	6	6	8
6543731648259688028	247	17	10	10
6543731648259688028	248	1	9	19
6543731648259688028	249	7	13	13
6543731648259688028	250	19	0	13
6543731648259688028	251	1	10	0
6543731648259688028	252	5	10	7
6543731648259688028	253	10	3	8
6543731648259688028	254	11	9	5
6543731648259688028	255	19	0	8
6543731648259688028	256	13	13	12
6543731648259688028	257	11	13	12
6543731648259688028	258	5	13	13
6543731648259688028	259	12	9	18
6543731648259688028	260	16	8	8
6543731648259688028	261	3	3	15
6543731648259688028	262	13	13	5
6543731648259688028	263	11	13	16
6543731648259688028	264	1	15	1
6543731648259688028	265	15	3	8
6543731648259688028	266	15	3	17
6543731648259688028	267	19	3	10
6543731648259688028	268	18	18	18
6543731648259688028	269	2	10	10
6543731648259688028	270	13	9	13
6543731648259688028	271	3	3	7
6543731648259688028	272	2	10	0
6543731648259688028	273	7	13	0
6543731648259688028	274	1	9	10
6543731648259688028	275	9	9	13
6543731648259688028	276	18	18	18
6543731648259688028	277	3	3	7
6543731648259688028	278	10	3	8
6543731648259688028	279	8	3	8
6543731648259688028	280	17	3	3
6543731648259688028	281	0	13	0
6543731648259688028	282	18	18	12
6543731648259688028	283	18	18	18
6543731648259688028	284	3	3	10
6543731648259688028	285	15	13	0
6543731648259688028	286	8	8	8
6543731648259688028	287	0	17	0
6543731648259688028	288	1	13	13
6543731648259688028	289	12	9	13
6543731648259688028	290	9	9	9
6543731648259688028	291	11	13	13
6543731648259688028	292	5	9	9
6543731648259688028	293	5	5	7
6543731648259688028	294	19	10	0
6543731648259688028	295	11	13	11
6543731648259688028	296	18	18	18
6543731648259688028	297	18	5	18
6543731648259688028	298	10	10	0
6543731648259688028	299	19	9	0
6543731648259688028	300	11	13	13
6543731648259688028	301	11	13	13
6543731648259688028	302	13	9	13
6543731648259688028	303	16	6	8
6543731648259688028	304	11	9	9
6543731648259688028	305	16	8	8
6543731648259688028	306	18	18	18
6543731648259688028	307	7	7	8
6543731648259688028	308	7	7	13
6543731648259688028	309	10	3	10
6543731648259688028	310	18	18	18
6543731648259688028	311	13	9	5
6543731648259688028	312	16	8	16
6543731648259688028	313	0	3	0
6543731648259688028	314	9	9	13
6543731648259688028	315	14	3	0
6543731648259688028	316	3	10	9
6543731648259688028	317	13	5	5
6543731648259688028	318	8	8	8
6543731648259688028	319	7	17	16
6543731648259688028	320	19	0	0
6543731648259688028	321	19	0	0
6543731648259688028	322	8	3	8
6543731648259688028	323	2	3	7
6543731648259688028	324	16	16	5
6543731648259688028	325	8	3	8
6543731648259688028	326	19	13	13
6543731648259688028	327	16	9	7
6543731648259688028	328	9	13	0
6543731648259688028	329	5	18	13
6543731648259688028	330	18	18	18
6543731648259688028	331	6	6	6
6543731648259688028	332	11	7	7
6543731648259688028	333	15	8	0
6543731648259688028	334	2	3	17
6543731648259688028	335	15	3	0
6543731648259688028	336	8	8	8
6543731648259688028	337	4	5	4
6543731648259688028	338	0	0	14
6543731648259688028	339	13	9	5
6543731648259688028	340	2	3	17
6543731648259688028	341	11	13	11
6543731648259688028	342	10	3	0
6543731648259688028	343	14	3	8
6543731648259688028	344	16	16	13
6543731648259688028	345	1	9	16
6543731648259688028	346	8	3	7
6543731648259688028	347	7	17	17
6543731648259688028	348	19	10	10
6543731648259688028	349	11	3	8
6543731648259688028	350	3	17	3
6543731648259688028	351	14	10	0
6543731648259688028	352	17	3	2
6543731648259688028	353	17	3	3
6543731648259688028	354	11	13	13
6543731648259688028	355	15	3	8
6543731648259688028	356	7	17	7
6543731648259688028	357	17	10	0
6543731648259688028	358	8	8	3
6543731648259688028	359	17	3	3
6543731648259688028	360	19	10	10
6543731648259688028	361	3	10	19
6543731648259688028	362	4	13	13
6543731648259688028	363	1	9	5
6543731648259688028	364	12	9	5
6543731648259688028	365	16	6	5
6543731648259688028	366	16	8	8
6543731648259688028	367	8	3	7
6543731648259688028	368	4	8	17
6543731648259688028	369	15	3	8
6543731648259688028	370	6	6	8
6543731648259688028	371	5	18	13
6543731648259688028	372	7	17	17
6543731648259688028	373	16	8	8
6543731648259688028	374	6	6	15
6543731648259688028	375	6	6	5
6543731648259688028	376	17	10	17
6543731648259688028	377	19	9	0
6543731648259688028	378	17	9	0
6543731648259688028	379	4	7	16
6543731648259688028	380	9	9	9
6543731648259688028	381	8	8	8
6543731648259688028	382	14	10	0
6543731648259688028	383	6	6	6
6543731648259688028	384	10	3	14
6543731648259688028	385	11	9	7
6543731648259688028	386	1	17	1
6543731648259688028	387	0	17	14
6543731648259688028	388	10	10	0
6543731648259688028	389	6	6	6
6543731648259688028	390	10	10	0
6543731648259688028	391	13	13	13
6543731648259688028	392	2	3	8
6543731648259688028	393	8	8	0
6543731648259688028	394	12	13	13
6543731648259688028	395	12	5	5
6543731648259688028	396	14	3	8
6543731648259688028	397	12	6	5
6543731648259688028	398	5	5	9
6543731648259688028	399	3	3	17
6543731648259688028	400	11	13	16
6543731648259688028	401	19	10	11
6543731648259688028	402	15	8	7
6543731648259688028	403	6	6	6
6543731648259688028	404	19	9	9
6543731648259688028	405	13	9	19
6543731648259688028	406	11	7	8
6543731648259688028	407	19	10	10
6543731648259688028	408	2	10	8
6543731648259688028	409	7	13	13
6543731648259688028	410	5	5	5
6543731648259688028	411	2	3	8
6543731648259688028	412	10	3	14
6543731648259688028	413	1	9	7
6543731648259688028	414	4	4	13
6543731648259688028	415	7	17	7
6543731648259688028	416	17	17	8
6543731648259688028	417	9	9	9
6543731648259688028	418	3	10	10
6543731648259688028	419	14	13	0
6543731648259688028	420	0	3	0
6543731648259688028	421	4	13	0
6543731648259688028	422	17	17	0
6543731648259688028	423	3	9	10
6543731648259688028	424	1	17	17
6543731648259688028	425	9	13	13
6543731648259688028	426	14	13	0
6543731648259688028	427	3	3	8
6543731648259688028	428	13	9	5
6543731648259688028	429	16	6	16
6543731648259688028	430	19	0	0
6543731648259688028	431	7	17	17
6543731648259688028	432	3	10	8
6543731648259688028	433	6	6	16
6543731648259688028	434	13	5	6
6543731648259688028	435	9	13	13
6543731648259688028	436	1	3	9
6543731648259688028	437	4	13	9
6543731648259688028	438	7	17	1
6543731648259688028	439	1	9	19
6543731648259688028	440	18	18	18
6543731648259688028	441	5	5	5
6543731648259688028	442	11	9	13
6543731648259688028	443	15	3	0
6543731648259688028	444	3	3	8
6543731648259688028	445	13	9	9
6543731648259688028	446	9	13	13
6543731648259688028	447	0	17	19
6543731648259688028	448	6	6	6
6543731648259688028	449	18	18	16
6543731648259688028	450	10	3	0
6543731648259688028	451	11	13	8
6543731648259688028	452	6	6	6
6543731648259688028	453	4	13	13
6543731648259688028	454	16	8	16
6543731648259688028	455	9	13	13
6543731648259688028	456	5	5	18
6543731648259688028	457	10	3	0
6543731648259688028	458	7	13	0
6543731648259688028	459	9	11	11
6543731648259688028	460	13	10	13
6543731648259688028	461	2	10	8
6543731648259688028	462	4	4	18
6543731648259688028	463	13	9	5
6543731648259688028	464	16	8	8
6543731648259688028	465	11	13	13
6543731648259688028	466	6	6	8
6543731648259688028	467	0	17	9
6543731648259688028	468	12	13	13
6543731648259688028	469	10	3	10
6543731648259688028	470	12	9	13
6543731648259688028	471	12	9	7
6543731648259688028	472	14	10	10
6543731648259688028	473	3	3	8
6543731648259688028	474	12	13	13
6543731648259688028	475	17	9	0
6543731648259688028	476	14	13	0
6543731648259688028	477	1	13	0
6543731648259688028	478	11	13	13
6543731648259688028	479	11	9	13
6543731648259688028	480	19	9	5
6543731648259688028	481	16	5	8
6543731648259688028	482	0	10	14
6543731648259688028	483	17	17	0
6543731648259688028	484	8	3	17
6543731648259688028	485	2	3	4
6543731648259688028	486	15	3	0
6543731648259688028	487	0	17	7
6543731648259688028	488	5	18	18
6543731648259688028	489	18	18	18
6543731648259688028	490	10	3	0
6543731648259688028	491	10	3	14
6543731648259688028	492	2	3	14
6543731648259688028	493	5	13	13
6543731648259688028	494	18	18	5
6543731648259688028	495	0	17	8
6543731648259688028	496	7	13	7
6543731648259688028	497	1	9	7
6543731648259688028	498	12	5	18
6543731648259688028	499	8	3	8
