seed	example	label	input_only	hidden
6543731645843771393	0	10	0	1
6543731645843771393	1	11	13	11
6543731645843771393	2	7	13	13
6543731645843771393	3	10	10	1
6543731645843771393	4	3	2	19
6543731645843771393	5	5	9	9
6543731645843771393	6	0	13	1
6543731645843771393	7	10	2	3
6543731645843771393	8	18	18	18
6543731645843771393	9	5	18	13
6543731645843771393	10	16	8	14
6543731645843771393	11	14	0	3
6543731645843771393	12	12	17	7
6543731645843771393	13	8	8	8
6543731645843771393	14	0	0	1
6543731645843771393	15	16	16	16
6543731645843771393	16	10	2	19
6543731645843771393	17	16	8	16
6543731645843771393	18	17	10	19
6543731645843771393	19	13	13	13
6543731645843771393	20	19	1	10
6543731645843771393	21	9	13	9
6543731645843771393	22	7	1	15
6543731645843771393	23	4	4	7
6543731645843771393	24	6	16	6
6543731645843771393	25	9	13	9
6543731645843771393	26	0	13	16
6543731645843771393	27	0	14	14
6543731645843771393	28	9	13	9
6543731645843771393	29	9	13	9
6543731645843771393	30	6	6	6
6543731645843771393	31	2	2	2
6543731645843771393	32	3	14	1
6543731645843771393	33	12	13	5
6543731645843771393	34	8	8	8
6543731645843771393	35	8	8	8
6543731645843771393	36	7	13	7
6543731645843771393	37	10	14	15
6543731645843771393	38	12	13	13
6543731645843771393	39	10	10	1
6543731645843771393	40	14	13	3
6543731645843771393	41	8	8	16
6543731645843771393	42	6	6	6
6543731645843771393	43	0	13	0
6543731645843771393	44	11	13	13
6543731645843771393	45	8	8	8
6543731645843771393	46	7	13	4
6543731645843771393	47	17	7	17
6543731645843771393	48	5	13	11
6543731645843771393	49	7	13	7
6543731645843771393	50	13	13	9
6543731645843771393	51	11	11	11
6543731645843771393	52	18	18	11
6543731645843771393	53	6	6	16
6543731645843771393	54	11	11	13
6543731645843771393	55	6	6	16
6543731645843771393	56	15	15	13
6543731645843771393	57	17	3	17
6543731645843771393	58	14	13	3
6543731645843771393	59	0	14	3
6543731645843771393	60	1	13	9
6543731645843771393	61	18	18	18
6543731645843771393	62	17	2	7
6543731645843771393	63	13	13	5
6543731645843771393	64	0	13	17
6543731645843771393	65	18	18	18
6543731645843771393	66	13	13	13
6543731645843771393	67	5	5	5
6543731645843771393	68	14	8	8
6543731645843771393	69	1	13	9
6543731645843771393	70	10	2	10
6543731645843771393	71	13	13	5
6543731645843771393	72	14	4	4
6543731645843771393	73	14	14	5
6543731645843771393	74	10	1	0
6543731645843771393	75	11	13	11
6543731645843771393	76	4	13	4
6543731645843771393	77	3	14	10
6543731645843771393	78	7	13	7
6543731645843771393	79	17	0	17
6543731645843771393	80	8	8	8
6543731645843771393	81	7	7	7
6543731645843771393	82	14	13	0
6543731645843771393	83	14	2	3
6543731645843771393	84	7	7	7
6543731645843771393	85	16	16	17
6543731645843771393	86	3	2	3
6543731645843771393	87	14	4	3
6543731645843771393	88	15	15	2
6543731645843771393	89	5	5	10
6543731645843771393	90	19	13	9
6543731645843771393	91	10	10	17
6543731645843771393	92	16	8	16
6543731645843771393	93	8	8	8
6543731645843771393	94	19	13	10
6543731645843771393	95	0	14	17
6543731645843771393	96	19	9	9
6543731645843771393	97	1	5	9
6543731645843771393	98	6	6	16
6543731645843771393	99	1	1	1
6543731645843771393	100	18	18	11
6543731645843771393	101	18	18	11
6543731645843771393	102	13	13	9
6543731645843771393	103	11	13	11
6543731645843771393	104	14	14	3
6543731645843771393	105	13	13	9
6543731645843771393	106	4	4	4
6543731645843771393	107	11	13	5
6543731645843771393	108	1	13	13
6543731645843771393	109	10	14	3
6543731645843771393	110	6	6	8
6543731645843771393	111	13	13	13
6543731645843771393	112	4	4	4
6543731645843771393	113	0	14	17
6543731645843771393	114	2	2	2
6543731645843771393	115	12	13	7
6543731645843771393	116	11	7	11
6543731645843771393	117	10	14	10
6543731645843771393	118	18	18	11
6543731645843771393	119	4	4	0
6543731645843771393	120	1	1	19
6543731645843771393	121	12	13	17
6543731645843771393	122	12	11	17
6543731645843771393	123	0	0	0
6543731645843771393	124	4	4	4
6543731645843771393	125	17	0	9
6543731645843771393	126	13	13	9
6543731645843771393	127	16	16	16
6543731645843771393	128	17	3	19
6543731645843771393	129	3	10	10
6543731645843771393	130	7	11	15
6543731645843771393	131	3	2	8
6543731645843771393	132	19	19	13
6543731645843771393	133	0	13	0
6543731645843771393	134	9	13	9
6543731645843771393	135	13	9	13
6543731645843771393	136	10	10	10
6543731645843771393	137	1	1	1
6543731645843771393	138	4	4	6
6543731645843771393	139	9	13	9
6543731645843771393	140	1	13	9
6543731645843771393	141	9	13	9
6543731645843771393	142	6	16	16
6543731645843771393	143	16	13	16
6543731645843771393	144	9	9	9
6543731645843771393	145	15	15	3
6543731645843771393	146	15	2	11
6543731645843771393	147	0	14	3
6543731645843771393	148	14	14	4
6543731645843771393	149	19	13	8
6543731645843771393	150	5	13	9
6543731645843771393	151	5	13	5
6543731645843771393	152	8	8	8
6543731645843771393	153	0	0	1
6543731645843771393	154	12	13	13
6543731645843771393	155	15	1	4
6543731645843771393	156	7	13	7
6543731645843771393	157	2	2	6
6543731645843771393	158	3	14	7
6543731645843771393	159	17	10	3
6543731645843771393	160	1	13	9
6543731645843771393	161	16	8	16
6543731645843771393	162	10	10	10
6543731645843771393	163	9	9	9
6543731645843771393	164	4	4	4
6543731645843771393	165	7	13	12
6543731645843771393	166	2	14	15
6543731645843771393	167	16	16	16
6543731645843771393	168	6	6	16
6543731645843771393	169	19	13	9
6543731645843771393	170	18	18	11
6543731645843771393	171	17	9	1
6543731645843771393	172	19	13	9
6543731645843771393	173	12	13	7
6543731645843771393	174	19	19	10
6543731645843771393	175	5	18	5
6543731645843771393	176	1	1	1
6543731645843771393	177	16	16	16
6543731645843771393	178	5	13	7
6543731645843771393	179	14	13	14
6543731645843771393	180	2	14	14
6543731645843771393	181	9	13	9
6543731645843771393	182	5	18	5
6543731645843771393	183	19	13	1
6543731645843771393	184	13	11	2
6543731645843771393	185	7	13	7
6543731645843771393	186	7	7	7
6543731645843771393	187	7	9	13
6543731645843771393	188	17	0	17
6543731645843771393	189	4	4	14
6543731645843771393	190	11	13	11
6543731645843771393	191	17	9	17
6543731645843771393	192	13	13	9
6543731645843771393	193	14	4	2
6543731645843771393	194	17	17	7
6543731645843771393	195	4	4	14
6543731645843771393	196	4	4	4
6543731645843771393	197	16	6	0
6543731645843771393	198	17	10	3
6543731645843771393	199	14	13	4
6543731645843771393	200	0	13	17
6543731645843771393	201	3	14	3
6543731645843771393	202	6	6	7
6543731645843771393	203	0	13	17
6543731645843771393	204	6	6	0
6543731645843771393	205	15	14	14
6543731645843771393	206	4	4	4
6543731645843771393	207	18	18	11
6543731645843771393	208	19	14	3
6543731645843771393	209	0	13	0
6543731645843771393	210	15	15	0
6543731645843771393	211	12	18	13
6543731645843771393	212	16	16	6
6543731645843771393	213	11	13	11
6543731645843771393	214	12	13	17
6543731645843771393	215	14	14	3
6543731645843771393	216	12	13	7
6543731645843771393	217	12	7	7
6543731645843771393	218	2	19	1
6543731645843771393	219	3	14	4
6543731645843771393	220	3	2	10
6543731645843771393	221	17	2	7
6543731645843771393	222	11	13	11
6543731645843771393	223	1	13	1
6543731645843771393	224	0	7	7
6543731645843771393	225	0	13	17
6543731645843771393	226	5	9	18
6543731645843771393	227	3	14	15
6543731645843771393	228	15	15	10
6543731645843771393	229	8	8	14
6543731645843771393	230	9	13	9
6543731645843771393	231	9	13	9
6543731645843771393	232	12	12	7
6543731645843771393	233	16	16	16
6543731645843771393	234	14	2	19
6543731645843771393	235	15	14	8
6543731645843771393	236	3	15	3
6543731645843771393	237	3	14	1
6543731645843771393	238	5	18	5
6543731645843771393	239	12	12	12
6543731645843771393	240	5	13	13
6543731645843771393	241	2	2	2
6543731645843771393	242	6	6	0
6543731645843771393	243	6	6	0
6543731645843771393	244	19	13	14
6543731645843771393	245	0	0	9
6543731645843771393	246	6	6	6
6543731645843771393	247	17	17	19
6543731645843771393	248	1	13	17
6543731645843771393	249	7	13	18
6543731645843771393	250	19	13	1
6543731645843771393	251	1	13	1
6543731645843771393	252	5	13	5
6543731645843771393	253	10	14	10
6543731645843771393	254	11	11	11
6543731645843771393	255	19	13	7
6543731645843771393	256	13	13	9
6543731645843771393	257	11	13	11
6543731645843771393	258	5	18	11
6543731645843771393	259	12	16	7
6543731645843771393	260	16	8	16
6543731645843771393	261	3	15	1
6543731645843771393	262	13	13	9
6543731645843771393	263	11	13	11
6543731645843771393	264	1	1	1
6543731645843771393	265	15	14	14
6543731645843771393	266	15	2	15
6543731645843771393	267	19	0	17
6543731645843771393	268	18	18	18
6543731645843771393	269	2	14	8
6543731645843771393	270	13	13	13
6543731645843771393	271	3	2	5
6543731645843771393	272	2	14	17
6543731645843771393	273	7	13	7
6543731645843771393	274	1	13	9
6543731645843771393	275	9	9	9
6543731645843771393	276	18	18	16
6543731645843771393	277	3	15	4
6543731645843771393	278	10	2	3
6543731645843771393	279	8	8	8
6543731645843771393	280	17	17	3
6543731645843771393	281	0	0	7
6543731645843771393	282	18	18	11
6543731645843771393	283	18	18	18
6543731645843771393	284	3	2	3
6543731645843771393	285	15	14	14
6543731645843771393	286	8	8	8
6543731645843771393	287	0	0	0
6543731645843771393	288	1	13	9
6543731645843771393	289	12	12	7
6543731645843771393	290	9	9	9
6543731645843771393	291	11	13	11
6543731645843771393	292	5	9	5
6543731645843771393	293	5	13	13
6543731645843771393	294	19	4	10
6543731645843771393	295	11	13	18
6543731645843771393	296	18	18	11
6543731645843771393	297	18	18	18
6543731645843771393	298	10	10	1
6543731645843771393	299	19	13	1
6543731645843771393	300	11	13	11
6543731645843771393	301	11	13	13
6543731645843771393	302	13	13	13
6543731645843771393	303	16	6	16
6543731645843771393	304	11	11	11
6543731645843771393	305	16	8	16
6543731645843771393	306	18	18	11
6543731645843771393	307	7	7	7
6543731645843771393	308	7	7	0
6543731645843771393	309	10	14	1
6543731645843771393	310	18	18	11
6543731645843771393	311	13	13	13
6543731645843771393	312	16	16	16
6543731645843771393	313	0	0	17
6543731645843771393	314	9	9	9
6543731645843771393	315	14	14	3
6543731645843771393	316	3	14	14
6543731645843771393	317	13	13	4
6543731645843771393	318	8	8	8
6543731645843771393	319	7	13	7
6543731645843771393	320	19	13	1
6543731645843771393	321	19	13	1
6543731645843771393	322	8	8	16
6543731645843771393	323	2	2	2
6543731645843771393	324	16	16	16
6543731645843771393	325	8	8	8
6543731645843771393	326	19	13	19
6543731645843771393	327	16	16	16
6543731645843771393	328	9	13	9
6543731645843771393	329	5	18	11
6543731645843771393	330	18	18	11
6543731645843771393	331	6	6	16
6543731645843771393	332	11	7	11
6543731645843771393	333	15	8	3
6543731645843771393	334	2	2	2
6543731645843771393	335	15	1	14
6543731645843771393	336	8	8	16
6543731645843771393	337	4	4	4
6543731645843771393	338	0	0	1
6543731645843771393	339	13	13	5
6543731645843771393	340	2	2	2
6543731645843771393	341	11	13	11
6543731645843771393	342	10	14	3
6543731645843771393	343	14	14	4
6543731645843771393	344	16	16	16
6543731645843771393	345	1	1	17
6543731645843771393	346	8	8	8
6543731645843771393	347	7	7	7
6543731645843771393	348	19	19	10
6543731645843771393	349	11	7	11
6543731645843771393	350	3	1	8
6543731645843771393	351	14	14	3
6543731645843771393	352	17	2	17
6543731645843771393	353	17	10	10
6543731645843771393	354	11	13	11
6543731645843771393	355	15	14	14
6543731645843771393	356	7	7	0
6543731645843771393	357	17	9	17
6543731645843771393	358	8	8	8
6543731645843771393	359	17	17	19
6543731645843771393	360	19	14	10
6543731645843771393	361	3	14	13
6543731645843771393	362	4	4	13
6543731645843771393	363	1	9	9
6543731645843771393	364	12	12	12
6543731645843771393	365	16	16	16
6543731645843771393	366	16	8	16
6543731645843771393	367	8	8	8
6543731645843771393	368	4	4	10
6543731645843771393	369	15	2	5
6543731645843771393	370	6	6	7
6543731645843771393	371	5	18	5
6543731645843771393	372	7	13	7
6543731645843771393	373	16	8	16
6543731645843771393	374	6	6	6
6543731645843771393	375	6	6	16
6543731645843771393	376	17	10	0
6543731645843771393	377	19	19	10
6543731645843771393	378	17	13	15
6543731645843771393	379	4	4	10
6543731645843771393	380	9	9	9
6543731645843771393	381	8	8	8
6543731645843771393	382	14	4	14
6543731645843771393	383	6	6	16
6543731645843771393	384	10	14	19
6543731645843771393	385	11	11	11
6543731645843771393	386	1	17	9
6543731645843771393	387	0	0	17
6543731645843771393	388	10	10	17
6543731645843771393	389	6	6	6
6543731645843771393	390	10	10	8
6543731645843771393	391	13	13	9
6543731645843771393	392	2	15	2
6543731645843771393	393	8	8	8
6543731645843771393	394	12	13	7
6543731645843771393	395	12	5	4
6543731645843771393	396	14	2	2
6543731645843771393	397	12	16	7
6543731645843771393	398	5	13	5
6543731645843771393	399	3	17	3
6543731645843771393	400	11	13	11
6543731645843771393	401	19	14	10
6543731645843771393	402	15	2	3
6543731645843771393	403	6	6	16
6543731645843771393	404	19	19	10
6543731645843771393	405	13	13	5
6543731645843771393	406	11	7	11
6543731645843771393	407	19	19	19
6543731645843771393	408	2	14	8
6543731645843771393	409	7	13	7
6543731645843771393	410	5	18	5
6543731645843771393	411	2	2	2
6543731645843771393	412	10	14	3
6543731645843771393	413	1	9	9
6543731645843771393	414	4	4	4
6543731645843771393	415	7	13	7
6543731645843771393	416	17	7	9
6543731645843771393	417	9	9	9
6543731645843771393	418	3	14	10
6543731645843771393	419	14	13	0
6543731645843771393	420	0	13	17
6543731645843771393	421	4	4	17
6543731645843771393	422	17	0	1
6543731645843771393	423	3	19	1
6543731645843771393	424	1	9	9
6543731645843771393	425	9	13	9
6543731645843771393	426	14	0	7
6543731645843771393	427	3	2	3
6543731645843771393	428	13	13	13
6543731645843771393	429	16	6	16
6543731645843771393	430	19	13	8
6543731645843771393	431	7	13	17
6543731645843771393	432	3	14	3
6543731645843771393	433	6	6	16
6543731645843771393	434	13	11	13
6543731645843771393	435	9	13	9
6543731645843771393	436	1	1	1
6543731645843771393	437	4	4	14
6543731645843771393	438	7	7	17
6543731645843771393	439	1	13	9
6543731645843771393	440	18	18	11
6543731645843771393	441	5	5	9
6543731645843771393	442	11	11	11
6543731645843771393	443	15	2	4
6543731645843771393	444	3	2	14
6543731645843771393	445	13	13	9
6543731645843771393	446	9	13	9
6543731645843771393	447	0	13	17
6543731645843771393	448	6	6	16
6543731645843771393	449	18	18	18
6543731645843771393	450	10	14	1
6543731645843771393	451	11	13	11
6543731645843771393	452	6	6	6
6543731645843771393	453	4	4	14
6543731645843771393	454	16	16	11
6543731645843771393	455	9	13	9
6543731645843771393	456	5	18	13
6543731645843771393	457	10	10	17
6543731645843771393	458	7	13	4
6543731645843771393	459	9	11	9
6543731645843771393	460	13	13	3
6543731645843771393	461	2	14	14
6543731645843771393	462	4	4	4
6543731645843771393	463	13	5	19
6543731645843771393	464	16	8	16
6543731645843771393	465	11	13	13
6543731645843771393	466	6	6	16
6543731645843771393	467	0	1	16
6543731645843771393	468	12	13	7
6543731645843771393	469	10	14	3
6543731645843771393	470	12	7	0
6543731645843771393	471	12	7	7
6543731645843771393	472	14	14	3
6543731645843771393	473	3	8	3
6543731645843771393	474	12	13	7
6543731645843771393	475	17	9	17
6543731645843771393	476	14	13	3
6543731645843771393	477	1	0	9
6543731645843771393	478	11	13	5
6543731645843771393	479	11	13	11
6543731645843771393	480	19	9	3
6543731645843771393	481	16	16	16
6543731645843771393	482	0	0	17
6543731645843771393	483	17	17	17
6543731645843771393	484	8	8	8
6543731645843771393	485	2	14	0
6543731645843771393	486	15	2	14
6543731645843771393	487	0	0	1
6543731645843771393	488	5	18	5
6543731645843771393	489	18	11	18
6543731645843771393	490	10	10	1
6543731645843771393	491	10	2	10
6543731645843771393	492	2	2	2
6543731645843771393	493	5	13	13
6543731645843771393	494	18	18	11
6543731645843771393	495	0	13	17
6543731645843771393	496	7	13	4
6543731645843771393	497	1	9	9
6543731645843771393	498	12	16	7
6543731645843771393	499	8	8	8
6543731645843771393	500	18	18	18
6543731645843771393	501	19	13	13
6543731645843771393	502	17	17	0
6543731645843771393	503	1	13	9
6543731645843771393	504	11	13	18
6543731645843771393	505	5	18	4
6543731645843771393	506	8	8	8
6543731645843771393	507	3	10	14
6543731645843771393	508	17	17	7
6543731645843771393	509	18	18	18
6543731645843771393	510	1	13	9
6543731645843771393	511	13	9	5
6543731645843771393	512	17	2	17
6543731645843771393	513	17	10	3
6543731645843771393	514	5	5	5
6543731645843771393	515	18	18	11
6543731645843771393	516	5	5	9
6543731645843771393	517	19	13	1
6543731645843771393	518	15	14	4
6543731645843771393	519	4	4	4
6543731645843771393	520	17	17	1
6543731645843771393	521	17	0	17
6543731645843771393	522	0	14	17
6543731645843771393	523	15	15	7
6543731645843771393	524	10	14	3
6543731645843771393	525	19	19	10
6543731645843771393	526	2	14	2
6543731645843771393	527	5	9	5
6543731645843771393	528	10	13	10
6543731645843771393	529	15	2	6
6543731645843771393	530	19	9	10
6543731645843771393	531	13	13	4
6543731645843771393	532	3	8	19
6543731645843771393	533	12	11	13
6543731645843771393	534	12	13	7
6543731645843771393	535	4	4	4
6543731645843771393	536	7	13	0
6543731645843771393	537	7	13	7
6543731645843771393	538	5	1	13
6543731645843771393	539	3	2	3
6543731645843771393	540	8	8	16
6543731645843771393	541	6	6	16
6543731645843771393	542	9	13	5
6543731645843771393	543	19	13	9
6543731645843771393	544	14	14	15
6543731645843771393	545	15	15	17
6543731645843771393	546	5	2	13
6543731645843771393	547	8	8	8
6543731645843771393	548	13	13	13
6543731645843771393	549	18	18	18
6543731645843771393	550	16	16	16
6543731645843771393	551	11	11	11
6543731645843771393	552	6	6	16
6543731645843771393	553	4	5	4
6543731645843771393	554	8	8	8
6543731645843771393	555	10	14	3
6543731645843771393	556	14	14	15
6543731645843771393	557	17	17	17
6543731645843771393	558	16	16	16
6543731645843771393	559	10	14	10
6543731645843771393	560	12	13	11
6543731645843771393	561	7	9	13
6543731645843771393	562	4	4	7
6543731645843771393	563	6	6	16
6543731645843771393	564	6	6	16
6543731645843771393	565	3	2	3
6543731645843771393	566	4	4	13
6543731645843771393	567	6	8	8
6543731645843771393	568	5	5	13
6543731645843771393	569	17	10	3
6543731645843771393	570	19	13	13
6543731645843771393	571	13	13	9
6543731645843771393	572	19	10	19
6543731645843771393	573	10	10	1
6543731645843771393	574	19	14	10
6543731645843771393	575	19	14	3
6543731645843771393	576	13	13	9
6543731645843771393	577	3	17	19
6543731645843771393	578	14	13	4
6543731645843771393	579	12	12	12
6543731645843771393	580	10	10	0
6543731645843771393	581	3	8	15
6543731645843771393	582	16	8	13
6543731645843771393	583	7	13	13
6543731645843771393	584	12	13	4
6543731645843771393	585	11	11	11
6543731645843771393	586	1	19	9
6543731645843771393	587	19	19	10
6543731645843771393	588	4	4	4
6543731645843771393	589	12	11	13
6543731645843771393	590	11	13	11
6543731645843771393	591	12	12	7
6543731645843771393	592	11	13	11
6543731645843771393	593	9	13	9
6543731645843771393	594	2	2	2
6543731645843771393	595	6	6	16
6543731645843771393	596	17	7	7
6543731645843771393	597	15	2	3
6543731645843771393	598	18	18	13
6543731645843771393	599	16	16	16
6543731645843771393	600	8	8	8
6543731645843771393	601	15	2	14
6543731645843771393	602	3	14	15
6543731645843771393	603	7	7	5
6543731645843771393	604	17	10	14
6543731645843771393	605	17	10	1
6543731645843771393	606	1	13	9
6543731645843771393	607	5	9	5
6543731645843771393	608	2	2	2
6543731645843771393	609	18	18	13
6543731645843771393	610	17	2	14
6543731645843771393	611	8	8	8
6543731645843771393	612	10	10	19
6543731645843771393	613	12	7	7
6543731645843771393	614	19	19	1
6543731645843771393	615	13	13	13
6543731645843771393	616	10	10	9
6543731645843771393	617	15	14	0
6543731645843771393	618	6	6	6
6543731645843771393	619	8	8	8
6543731645843771393	620	4	4	4
6543731645843771393	621	2	2	2
6543731645843771393	622	15	2	5
6543731645843771393	623	9	13	9
6543731645843771393	624	4	4	4
6543731645843771393	625	14	2	16
6543731645843771393	626	9	13	5
6543731645843771393	627	13	9	13
6543731645843771393	628	18	18	11
6543731645843771393	629	9	9	9
6543731645843771393	630	2	14	15
6543731645843771393	631	12	13	7
6543731645843771393	632	15	14	7
6543731645843771393	633	17	1	17
6543731645843771393	634	11	13	13
6543731645843771393	635	7	9	7
6543731645843771393	636	8	8	8
6543731645843771393	637	9	9	5
6543731645843771393	638	9	9	9
6543731645843771393	639	2	2	2
6543731645843771393	640	13	13	9
6543731645843771393	641	10	2	10
6543731645843771393	642	5	5	5
6543731645843771393	643	18	18	18
6543731645843771393	644	8	8	8
6543731645843771393	645	10	10	15
6543731645843771393	646	6	6	17
6543731645843771393	647	6	6	6
6543731645843771393	648	11	13	11
6543731645843771393	649	4	4	13
6543731645843771393	650	3	2	3
6543731645843771393	651	6	6	6
6543731645843771393	652	19	19	9
6543731645843771393	653	0	0	17
6543731645843771393	654	9	13	9
6543731645843771393	655	5	9	5
6543731645843771393	656	8	8	8
6543731645843771393	657	12	13	9
6543731645843771393	658	0	13	17
6543731645843771393	659	8	14	13
6543731645843771393	660	12	13	7
6543731645843771393	661	13	13	9
6543731645843771393	662	12	12	7
6543731645843771393	663	19	9	10
6543731645843771393	664	9	9	9
6543731645843771393	665	17	17	0
6543731645843771393	666	12	13	7
6543731645843771393	667	16	16	16
6543731645843771393	668	4	4	5
6543731645843771393	669	16	8	16
6543731645843771393	670	17	10	19
6543731645843771393	671	8	8	8
6543731645843771393	672	16	16	16
6543731645843771393	673	5	5	9
6543731645843771393	674	0	0	17
6543731645843771393	675	13	13	9
6543731645843771393	676	9	9	9
6543731645843771393	677	2	14	14
6543731645843771393	678	1	13	13
6543731645843771393	679	1	9	9
6543731645843771393	680	10	14	3
6543731645843771393	681	8	8	8
6543731645843771393	682	3	14	3
6543731645843771393	683	19	19	10
6543731645843771393	684	18	18	18
6543731645843771393	685	9	9	9
6543731645843771393	686	13	13	13
6543731645843771393	687	12	9	7
6543731645843771393	688	2	2	2
6543731645843771393	689	3	14	15
6543731645843771393	690	8	8	8
6543731645843771393	691	8	8	8
6543731645843771393	692	18	18	11
6543731645843771393	693	1	9	1
6543731645843771393	694	8	8	8
6543731645843771393	695	8	14	8
6543731645843771393	696	9	9	9
6543731645843771393	697	12	13	7
6543731645843771393	698	4	4	4
6543731645843771393	699	6	6	16
6543731645843771393	700	13	13	13
6543731645843771393	701	19	9	3
6543731645843771393	702	16	16	8
6543731645843771393	703	11	13	11
6543731645843771393	704	8	8	8
6543731645843771393	705	17	1	1
6543731645843771393	706	14	14	0
6543731645843771393	707	1	1	9
6543731645843771393	708	11	9	11
6543731645843771393	709	5	13	5
6543731645843771393	710	4	4	4
6543731645843771393	711	11	13	11
6543731645843771393	712	2	2	2
6543731645843771393	713	14	0	3
6543731645843771393	714	11	13	11
6543731645843771393	715	11	7	11
6543731645843771393	716	11	11	11
6543731645843771393	717	3	10	4
6543731645843771393	718	9	13	11
6543731645843771393	719	18	18	7
6543731645843771393	720	11	7	11
6543731645843771393	721	0	13	1
6543731645843771393	722	6	6	16
6543731645843771393	723	10	2	10
6543731645843771393	724	13	13	9
6543731645843771393	725	10	14	3
6543731645843771393	726	18	18	11
6543731645843771393	727	5	13	5
6543731645843771393	728	3	14	4
6543731645843771393	729	19	19	3
6543731645843771393	730	10	14	3
6543731645843771393	731	1	13	17
6543731645843771393	732	2	14	17
6543731645843771393	733	1	9	4
6543731645843771393	734	7	13	13
6543731645843771393	735	13	13	9
6543731645843771393	736	2	2	2
6543731645843771393	737	6	6	6
6543731645843771393	738	17	10	1
6543731645843771393	739	2	2	3
6543731645843771393	740	3	2	3
6543731645843771393	741	13	13	9
6543731645843771393	742	11	7	11
6543731645843771393	743	9	9	9
6543731645843771393	744	0	14	17
6543731645843771393	745	0	14	17
6543731645843771393	746	17	0	9
6543731645843771393	747	2	2	2
6543731645843771393	748	12	13	7
6543731645843771393	749	0	1	14
6543731645843771393	750	12	9	7
6543731645843771393	751	4	4	4
6543731645843771393	752	15	1	14
6543731645843771393	753	12	13	7
6543731645843771393	754	10	14	1
6543731645843771393	755	1	9	9
6543731645843771393	756	19	19	10
6543731645843771393	757	3	0	16
6543731645843771393	758	0	10	17
6543731645843771393	759	7	13	7
6543731645843771393	760	19	14	10
6543731645843771393	761	0	14	3
6543731645843771393	762	4	4	14
6543731645843771393	763	0	19	17
6543731645843771393	764	16	16	16
6543731645843771393	765	9	9	9
6543731645843771393	766	15	14	3
6543731645843771393	767	18	18	11
6543731645843771393	768	4	4	13
6543731645843771393	769	2	2	2
6543731645843771393	770	15	2	2
6543731645843771393	771	4	4	4
6543731645843771393	772	0	0	17
6543731645843771393	773	5	13	13
6543731645843771393	774	8	8	8
6543731645843771393	775	12	1	7
6543731645843771393	776	6	6	16
6543731645843771393	777	17	3	17
6543731645843771393	778	19	13	10
6543731645843771393	779	12	16	7
6543731645843771393	780	19	14	10
6543731645843771393	781	10	10	1
6543731645843771393	782	17	0	9
6543731645843771393	783	16	8	16
6543731645843771393	784	7	7	7
6543731645843771393	785	17	10	15
6543731645843771393	786	7	13	5
6543731645843771393	787	15	2	4
6543731645843771393	788	11	7	11
6543731645843771393	789	8	8	4
6543731645843771393	790	5	15	7
6543731645843771393	791	8	8	13
6543731645843771393	792	6	6	16
6543731645843771393	793	18	18	11
6543731645843771393	794	13	13	13
6543731645843771393	795	19	13	4
6543731645843771393	796	5	5	5
6543731645843771393	797	3	2	3
6543731645843771393	798	12	16	7
6543731645843771393	799	12	13	9
6543731645843771393	800	1	9	9
6543731645843771393	801	13	9	9
6543731645843771393	802	7	7	7
6543731645843771393	803	9	9	9
6543731645843771393	804	1	1	1
6543731645843771393	805	0	13	17
6543731645843771393	806	5	5	5
6543731645843771393	807	15	2	14
6543731645843771393	808	13	13	13
6543731645843771393	809	0	0	0
6543731645843771393	810	1	9	5
6543731645843771393	811	11	13	11
6543731645843771393	812	7	13	17
6543731645843771393	813	11	11	11
6543731645843771393	814	1	9	9
6543731645843771393	815	14	14	3
6543731645843771393	816	10	10	17
6543731645843771393	817	1	1	10
6543731645843771393	818	19	1	10
6543731645843771393	819	17	9	17
6543731645843771393	820	17	10	1
6543731645843771393	821	14	13	14
6543731645843771393	822	7	11	0
6543731645843771393	823	11	13	11
6543731645843771393	824	5	18	5
6543731645843771393	825	8	8	8
6543731645843771393	826	2	14	13
6543731645843771393	827	2	14	16
6543731645843771393	828	16	16	16
6543731645843771393	829	9	9	9
6543731645843771393	830	16	16	6
6543731645843771393	831	19	13	1
6543731645843771393	832	2	2	2
6543731645843771393	833	9	13	9
6543731645843771393	834	12	12	7
6543731645843771393	835	17	13	1
6543731645843771393	836	13	13	9
6543731645843771393	837	19	13	9
6543731645843771393	838	16	16	3
6543731645843771393	839	1	7	19
6543731645843771393	840	10	1	17
6543731645843771393	841	17	9	9
6543731645843771393	842	11	13	11
6543731645843771393	843	18	18	11
6543731645843771393	844	11	11	11
6543731645843771393	845	13	13	5
6543731645843771393	846	13	13	9
6543731645843771393	847	3	14	3
6543731645843771393	848	17	2	7
6543731645843771393	849	10	0	3
6543731645843771393	850	18	18	11
6543731645843771393	851	16	16	16
6543731645843771393	852	0	0	17
6543731645843771393	853	16	16	16
6543731645843771393	854	15	2	14
6543731645843771393	855	4	4	2
6543731645843771393	856	5	13	5
6543731645843771393	857	18	18	11
6543731645843771393	858	15	2	7
6543731645843771393	859	3	2	3
6543731645843771393	860	4	4	5
6543731645843771393	861	19	19	10
6543731645843771393	862	2	14	7
6543731645843771393	863	16	8	16
6543731645843771393	864	12	1	7
6543731645843771393	865	5	5	5
6543731645843771393	866	14	14	15
6543731645843771393	867	12	7	7
6543731645843771393	868	11	18	11
6543731645843771393	869	2	14	15
6543731645843771393	870	17	10	17
6543731645843771393	871	2	14	2
6543731645843771393	872	1	19	9
6543731645843771393	873	12	13	12
6543731645843771393	874	14	15	3
6543731645843771393	875	18	18	11
6543731645843771393	876	6	6	0
6543731645843771393	877	9	9	9
6543731645843771393	878	13	13	13
6543731645843771393	879	3	19	17
6543731645843771393	880	0	14	3
6543731645843771393	881	17	13	17
6543731645843771393	882	16	8	16
6543731645843771393	883	2	2	2
6543731645843771393	884	2	2	2
6543731645843771393	885	17	10	19
6543731645843771393	886	2	2	2
6543731645843771393	887	6	6	6
6543731645843771393	888	19	13	9
6543731645843771393	889	18	18	13
6543731645843771393	890	19	13	1
6543731645843771393	891	7	13	7
6543731645843771393	892	17	17	16
6543731645843771393	893	7	13	7
6543731645843771393	894	19	13	19
6543731645843771393	895	18	18	18
6543731645843771393	896	4	4	3
6543731645843771393	897	2	14	3
6543731645843771393	898	1	7	9
6543731645843771393	899	4	4	10
6543731645843771393	900	13	13	13
6543731645843771393	901	12	13	17
6543731645843771393	902	16	16	16
6543731645843771393	903	19	13	1
6543731645843771393	904	11	13	18
6543731645843771393	905	10	10	1
6543731645843771393	906	19	9	1
6543731645843771393	907	12	13	7
6543731645843771393	908	11	11	11
6543731645843771393	909	6	6	6
6543731645843771393	910	2	2	2
6543731645843771393	911	2	14	16
6543731645843771393	912	15	2	13
6543731645843771393	913	8	8	8
6543731645843771393	914	5	18	5
6543731645843771393	915	18	18	18
6543731645843771393	916	14	4	14
6543731645843771393	917	18	18	18
6543731645843771393	918	2	2	17
6543731645843771393	919	15	14	4
6543731645843771393	920	3	2	19
6543731645843771393	921	11	11	11
6543731645843771393	922	10	10	4
6543731645843771393	923	1	13	9
6543731645843771393	924	16	16	16
6543731645843771393	925	15	2	3
6543731645843771393	926	2	2	2
6543731645843771393	927	14	14	3
6543731645843771393	928	9	13	9
6543731645843771393	929	10	2	1
6543731645843771393	930	0	0	10
6543731645843771393	931	8	8	8
6543731645843771393	932	2	2	2
6543731645843771393	933	18	11	11
6543731645843771393	934	18	18	18
6543731645843771393	935	15	14	0
6543731645843771393	936	1	13	9
6543731645843771393	937	11	11	11
6543731645843771393	938	7	13	7
6543731645843771393	939	5	18	9
6543731645843771393	940	19	14	19
6543731645843771393	941	5	18	5
6543731645843771393	942	12	9	12
6543731645843771393	943	10	10	9
6543731645843771393	944	8	8	8
6543731645843771393	945	7	13	7
6543731645843771393	946	19	13	10
6543731645843771393	947	18	18	11
6543731645843771393	948	14	14	6
6543731645843771393	949	10	2	3
6543731645843771393	950	16	8	16
6543731645843771393	951	10	10	1
6543731645843771393	952	18	18	18
6543731645843771393	953	14	13	2
6543731645843771393	954	14	13	4
6543731645843771393	955	17	1	1
6543731645843771393	956	17	10	17
6543731645843771393	957	6	6	16
6543731645843771393	958	10	10	1
6543731645843771393	959	9	13	9
6543731645843771393	960	17	0	19
6543731645843771393	961	7	13	7
6543731645843771393	962	15	2	14
6543731645843771393	963	14	2	2
6543731645843771393	964	11	11	11
6543731645843771393	965	7	13	7
6543731645843771393	966	13	13	9
6543731645843771393	967	8	8	14
6543731645843771393	968	10	4	4
6543731645843771393	969	15	4	3
6543731645843771393	970	3	2	3
6543731645843771393	971	6	6	16
6543731645843771393	972	18	18	16
6543731645843771393	973	19	13	9
6543731645843771393	974	5	13	5
6543731645843771393	975	2	14	4
6543731645843771393	976	12	16	7
6543731645843771393	977	2	2	13
6543731645843771393	978	14	13	11
6543731645843771393	979	3	14	9
6543731645843771393	980	3	8	1
6543731645843771393	981	10	10	1
6543731645843771393	982	2	14	2
6543731645843771393	983	14	0	17
6543731645843771393	984	14	0	15
6543731645843771393	985	15	1	4
6543731645843771393	986	5	18	5
6543731645843771393	987	10	0	2
6543731645843771393	988	4	4	5
6543731645843771393	989	14	0	4
6543731645843771393	990	17	3	17
6543731645843771393	991	13	13	13
6543731645843771393	992	1	9	4
6543731645843771393	993	18	18	5
6543731645843771393	994	19	13	1
6543731645843771393	995	12	7	7
6543731645843771393	996	13	5	11
6543731645843771393	997	16	6	16
6543731645843771393	998	14	0	8
6543731645843771393	999	17	2	17
6543731645843771393	1000	18	18	11
6543731645843771393	1001	13	9	9
6543731645843771393	1002	13	13	9
6543731645843771393	1003	12	12	7
6543731645843771393	1004	10	14	10
6543731645843771393	1005	7	13	17
6543731645843771393	1006	6	6	6
6543731645843771393	1007	17	17	17
6543731645843771393	1008	8	8	8
6543731645843771393	1009	7	7	7
6543731645843771393	1010	0	13	9
6543731645843771393	1011	16	16	16
6543731645843771393	1012	4	4	1
6543731645843771393	1013	9	13	9
6543731645843771393	1014	19	13	3
6543731645843771393	1015	6	6	16
6543731645843771393	1016	15	2	3
6543731645843771393	1017	4	4	4
6543731645843771393	1018	19	14	10
6543731645843771393	1019	5	18	5
6543731645843771393	1020	14	14	8
6543731645843771393	1021	1	13	9
6543731645843771393	1022	3	10	3
6543731645843771393	1023	3	1	3
6543731645843771393	1024	10	10	1
6543731645843771393	1025	9	9	9
6543731645843771393	1026	15	14	14
6543731645843771393	1027	1	9	9
6543731645843771393	1028	9	13	9
6543731645843771393	1029	2	14	6
6543731645843771393	1030	3	2	19
6543731645843771393	1031	6	6	6
6543731645843771393	1032	18	18	18
6543731645843771393	1033	18	18	18
6543731645843771393	1034	7	13	7
6543731645843771393	1035	15	15	4
6543731645843771393	1036	9	9	9
6543731645843771393	1037	5	9	5
6543731645843771393	1038	1	13	17
6543731645843771393	1039	12	11	7
6543731645843771393	1040	9	13	9
6543731645843771393	1041	9	9	9
6543731645843771393	1042	13	13	9
6543731645843771393	1043	16	8	16
6543731645843771393	1044	11	16	11
6543731645843771393	1045	6	6	6
6543731645843771393	1046	1	19	1
6543731645843771393	1047	5	18	13
6543731645843771393	1048	5	13	9
6543731645843771393	1049	12	13	16
6543731645843771393	1050	2	2	2
6543731645843771393	1051	6	6	6
6543731645843771393	1052	11	13	11
6543731645843771393	1053	12	13	7
6543731645843771393	1054	16	8	11
6543731645843771393	1055	10	14	10
6543731645843771393	1056	11	11	11
6543731645843771393	1057	0	0	9
6543731645843771393	1058	7	7	0
6543731645843771393	1059	10	10	14
6543731645843771393	1060	2	14	2
6543731645843771393	1061	6	6	6
6543731645843771393	1062	13	13	9
6543731645843771393	1063	14	14	3
6543731645843771393	1064	16	16	16
6543731645843771393	1065	19	13	8
6543731645843771393	1066	2	14	4
6543731645843771393	1067	18	18	11
6543731645843771393	1068	17	0	10
6543731645843771393	1069	7	13	13
6543731645843771393	1070	4	4	2
6543731645843771393	1071	16	8	13
6543731645843771393	1072	13	13	13
6543731645843771393	1073	8	8	8
6543731645843771393	1074	14	4	3
6543731645843771393	1075	10	10	1
6543731645843771393	1076	4	4	4
6543731645843771393	1077	5	18	5
6543731645843771393	1078	12	5	12
6543731645843771393	1079	0	0	17
6543731645843771393	1080	1	9	19
6543731645843771393	1081	2	2	2
6543731645843771393	1082	11	13	11
6543731645843771393	1083	14	14	14
6543731645843771393	1084	16	8	16
6543731645843771393	1085	3	10	3
6543731645843771393	1086	1	1	14
6543731645843771393	1087	9	13	9
6543731645843771393	1088	10	14	10
6543731645843771393	1089	14	13	14
6543731645843771393	1090	12	13	16
6543731645843771393	1091	5	5	5
6543731645843771393	1092	4	9	4
6543731645843771393	1093	2	2	2
6543731645843771393	1094	6	6	16
6543731645843771393	1095	6	6	16
6543731645843771393	1096	14	0	6
6543731645843771393	1097	10	0	19
6543731645843771393	1098	4	4	4
6543731645843771393	1099	13	13	5
6543731645843771393	1100	18	18	18
6543731645843771393	1101	0	0	17
6543731645843771393	1102	16	6	16
6543731645843771393	1103	2	2	2
6543731645843771393	1104	19	19	19
6543731645843771393	1105	0	13	1
6543731645843771393	1106	8	8	8
6543731645843771393	1107	12	13	4
6543731645843771393	1108	10	10	1
6543731645843771393	1109	19	13	1
6543731645843771393	1110	7	13	7
6543731645843771393	1111	11	16	16
6543731645843771393	1112	13	13	5
6543731645843771393	1113	9	13	9
6543731645843771393	1114	1	1	1
6543731645843771393	1115	14	14	3
6543731645843771393	1116	0	0	7
6543731645843771393	1117	0	0	17
6543731645843771393	1118	1	13	9
6543731645843771393	1119	19	19	19
6543731645843771393	1120	12	13	13
6543731645843771393	1121	10	2	10
6543731645843771393	1122	6	6	6
6543731645843771393	1123	6	6	6
6543731645843771393	1124	17	2	17
6543731645843771393	1125	9	13	9
6543731645843771393	1126	18	18	7
6543731645843771393	1127	4	4	4
6543731645843771393	1128	10	10	1
6543731645843771393	1129	5	18	9
6543731645843771393	1130	18	18	18
6543731645843771393	1131	16	6	16
6543731645843771393	1132	15	2	6
6543731645843771393	1133	1	13	9
6543731645843771393	1134	11	11	11
6543731645843771393	1135	16	16	6
6543731645843771393	1136	8	8	8
6543731645843771393	1137	11	9	13
6543731645843771393	1138	11	13	13
6543731645843771393	1139	5	9	11
6543731645843771393	1140	1	9	5
6543731645843771393	1141	1	13	8
6543731645843771393	1142	4	4	4
6543731645843771393	1143	8	8	8
6543731645843771393	1144	11	13	11
6543731645843771393	1145	18	18	11
6543731645843771393	1146	14	0	11
6543731645843771393	1147	0	4	1
6543731645843771393	1148	18	18	18
6543731645843771393	1149	5	18	11
6543731645843771393	1150	15	14	4
6543731645843771393	1151	17	0	1
6543731645843771393	1152	14	14	3
6543731645843771393	1153	16	16	16
6543731645843771393	1154	13	9	7
6543731645843771393	1155	8	2	5
6543731645843771393	1156	13	13	13
6543731645843771393	1157	17	17	17
6543731645843771393	1158	11	13	18
6543731645843771393	1159	0	13	17
6543731645843771393	1160	18	18	11
6543731645843771393	1161	7	11	15
6543731645843771393	1162	18	18	11
6543731645843771393	1163	19	13	5
6543731645843771393	1164	6	6	6
6543731645843771393	1165	18	18	18
6543731645843771393	1166	10	0	4
6543731645843771393	1167	16	16	3
6543731645843771393	1168	12	5	7
6543731645843771393	1169	0	7	7
6543731645843771393	1170	13	13	9
6543731645843771393	1171	3	3	3
6543731645843771393	1172	19	13	1
6543731645843771393	1173	0	0	19
6543731645843771393	1174	16	16	16
6543731645843771393	1175	8	8	15
6543731645843771393	1176	4	4	4
6543731645843771393	1177	17	0	1
6543731645843771393	1178	8	8	8
6543731645843771393	1179	6	6	6
6543731645843771393	1180	7	13	13
6543731645843771393	1181	8	8	8
6543731645843771393	1182	10	14	19
6543731645843771393	1183	5	5	13
6543731645843771393	1184	10	10	14
6543731645843771393	1185	18	18	18
6543731645843771393	1186	18	18	8
6543731645843771393	1187	9	13	13
6543731645843771393	1188	15	2	15
6543731645843771393	1189	18	18	18
6543731645843771393	1190	19	1	10
6543731645843771393	1191	5	5	5
6543731645843771393	1192	13	13	9
6543731645843771393	1193	18	18	11
6543731645843771393	1194	13	13	9
6543731645843771393	1195	0	13	3
6543731645843771393	1196	17	9	17
6543731645843771393	1197	5	5	5
6543731645843771393	1198	4	4	4
6543731645843771393	1199	16	16	16
6543731645843771393	1200	17	10	17
6543731645843771393	1201	6	6	6
6543731645843771393	1202	9	13	9
6543731645843771393	1203	18	18	11
6543731645843771393	1204	14	13	2
6543731645843771393	1205	16	6	8
6543731645843771393	1206	12	13	16
6543731645843771393	1207	18	18	13
6543731645843771393	1208	14	14	7
6543731645843771393	1209	3	14	14
6543731645843771393	1210	8	8	8
6543731645843771393	1211	2	2	7
6543731645843771393	1212	14	4	14
6543731645843771393	1213	10	1	1
6543731645843771393	1214	13	13	9
6543731645843771393	1215	7	13	5
6543731645843771393	1216	15	2	14
6543731645843771393	1217	3	2	3
6543731645843771393	1218	13	13	9
6543731645843771393	1219	10	14	0
6543731645843771393	1220	3	2	10
6543731645843771393	1221	15	2	3
6543731645843771393	1222	5	13	9
6543731645843771393	1223	16	16	16
6543731645843771393	1224	1	13	1
6543731645843771393	1225	1	9	9
6543731645843771393	1226	6	6	16
6543731645843771393	1227	11	4	11
6543731645843771393	1228	0	0	4
6543731645843771393	1229	5	18	5
6543731645843771393	1230	5	5	5
6543731645843771393	1231	6	6	6
6543731645843771393	1232	15	2	3
6543731645843771393	1233	13	13	9
6543731645843771393	1234	7	13	7
6543731645843771393	1235	18	18	18
6543731645843771393	1236	1	13	1
6543731645843771393	1237	2	2	2
6543731645843771393	1238	3	14	1
6543731645843771393	1239	7	13	12
6543731645843771393	1240	18	18	11
6543731645843771393	1241	10	14	10
6543731645843771393	1242	18	18	11
6543731645843771393	1243	3	14	14
6543731645843771393	1244	19	4	10
6543731645843771393	1245	11	7	11
6543731645843771393	1246	12	12	7
6543731645843771393	1247	4	4	13
6543731645843771393	1248	14	14	4
6543731645843771393	1249	7	9	7
6543731645843771393	1250	0	0	9
6543731645843771393	1251	7	13	7
6543731645843771393	1252	5	5	4
6543731645843771393	1253	3	14	4
6543731645843771393	1254	5	18	5
6543731645843771393	1255	2	2	2
6543731645843771393	1256	7	13	0
6543731645843771393	1257	3	14	14
6543731645843771393	1258	7	13	4
6543731645843771393	1259	13	9	9
6543731645843771393	1260	11	13	11
6543731645843771393	1261	11	13	11
6543731645843771393	1262	8	8	8
6543731645843771393	1263	7	13	5
6543731645843771393	1264	16	8	16
6543731645843771393	1265	10	10	1
6543731645843771393	1266	15	15	15
6543731645843771393	1267	15	2	4
6543731645843771393	1268	1	1	3
6543731645843771393	1269	14	13	14
6543731645843771393	1270	3	17	3
6543731645843771393	1271	13	13	9
6543731645843771393	1272	1	0	1
6543731645843771393	1273	4	4	4
6543731645843771393	1274	12	13	13
6543731645843771393	1275	7	7	0
6543731645843771393	1276	1	1	19
6543731645843771393	1277	13	13	13
6543731645843771393	1278	17	10	17
6543731645843771393	1279	6	6	6
6543731645843771393	1280	10	14	1
6543731645843771393	1281	6	6	0
6543731645843771393	1282	1	13	9
6543731645843771393	1283	19	13	9
6543731645843771393	1284	13	13	13
6543731645843771393	1285	11	7	11
6543731645843771393	1286	4	4	4
6543731645843771393	1287	19	13	13
6543731645843771393	1288	16	8	16
6543731645843771393	1289	16	8	16
6543731645843771393	1290	11	11	11
6543731645843771393	1291	10	14	3
6543731645843771393	1292	0	13	1
6543731645843771393	1293	16	16	0
6543731645843771393	1294	1	7	9
6543731645843771393	1295	8	8	16
6543731645843771393	1296	16	8	16
6543731645843771393	1297	12	12	7
6543731645843771393	1298	10	14	10
6543731645843771393	1299	0	13	19
6543731645843771393	1300	5	18	5
6543731645843771393	1301	8	8	8
6543731645843771393	1302	6	6	16
6543731645843771393	1303	9	9	9
6543731645843771393	1304	6	6	16
6543731645843771393	1305	13	9	9
6543731645843771393	1306	9	13	9
6543731645843771393	1307	10	14	10
6543731645843771393	1308	15	2	14
6543731645843771393	1309	10	10	8
6543731645843771393	1310	14	4	3
6543731645843771393	1311	6	6	6
6543731645843771393	1312	19	13	9
6543731645843771393	1313	15	14	4
6543731645843771393	1314	12	13	7
6543731645843771393	1315	8	8	8
6543731645843771393	1316	13	13	9
6543731645843771393	1317	17	7	9
6543731645843771393	1318	12	13	13
6543731645843771393	1319	9	13	9
6543731645843771393	1320	7	13	11
6543731645843771393	1321	6	6	16
6543731645843771393	1322	8	8	8
6543731645843771393	1323	14	13	16
6543731645843771393	1324	2	2	2
6543731645843771393	1325	18	18	18
6543731645843771393	1326	1	9	9
6543731645843771393	1327	7	13	9
6543731645843771393	1328	7	13	7
6543731645843771393	1329	15	15	11
6543731645843771393	1330	3	14	3
6543731645843771393	1331	6	6	6
6543731645843771393	1332	12	16	7
6543731645843771393	1333	2	10	17
6543731645843771393	1334	19	13	1
6543731645843771393	1335	3	15	4
6543731645843771393	1336	5	5	5
6543731645843771393	1337	14	0	3
6543731645843771393	1338	6	6	16
6543731645843771393	1339	19	13	11
6543731645843771393	1340	12	7	7
6543731645843771393	1341	10	14	10
6543731645843771393	1342	17	0	9
6543731645843771393	1343	10	14	0
6543731645843771393	1344	13	13	13
6543731645843771393	1345	14	14	8
6543731645843771393	1346	4	4	4
6543731645843771393	1347	11	11	18
6543731645843771393	1348	18	18	11
6543731645843771393	1349	11	13	11
6543731645843771393	1350	14	14	4
6543731645843771393	1351	2	14	3
6543731645843771393	1352	17	17	9
6543731645843771393	1353	18	18	11
6543731645843771393	1354	0	0	1
6543731645843771393	1355	3	17	3
6543731645843771393	1356	8	8	8
6543731645843771393	1357	17	9	17
6543731645843771393	1358	2	2	2
6543731645843771393	1359	18	18	11
6543731645843771393	1360	1	13	9
6543731645843771393	1361	7	13	7
6543731645843771393	1362	4	4	7
6543731645843771393	1363	10	0	9
6543731645843771393	1364	8	8	8
6543731645843771393	1365	9	9	9
6543731645843771393	1366	3	2	14
6543731645843771393	1367	3	10	4
6543731645843771393	1368	1	13	13
6543731645843771393	1369	6	6	6
6543731645843771393	1370	15	14	4
6543731645843771393	1371	14	0	5
6543731645843771393	1372	12	13	7
6543731645843771393	1373	10	14	3
6543731645843771393	1374	16	8	16
6543731645843771393	1375	11	13	18
6543731645843771393	1376	3	8	3
6543731645843771393	1377	8	8	8
6543731645843771393	1378	0	13	17
6543731645843771393	1379	15	14	14
6543731645843771393	1380	7	13	4
6543731645843771393	1381	8	8	8
6543731645843771393	1382	15	2	3
6543731645843771393	1383	9	13	9
6543731645843771393	1384	0	14	17
6543731645843771393	1385	17	17	17
6543731645843771393	1386	18	18	18
6543731645843771393	1387	3	2	19
6543731645843771393	1388	1	9	19
6543731645843771393	1389	0	14	17
6543731645843771393	1390	4	4	4
6543731645843771393	1391	1	13	1
6543731645843771393	1392	15	14	7
6543731645843771393	1393	16	16	16
6543731645843771393	1394	9	13	9
6543731645843771393	1395	9	13	9
6543731645843771393	1396	14	14	3
6543731645843771393	1397	3	17	3
6543731645843771393	1398	5	18	13
6543731645843771393	1399	6	6	0
6543731645843771393	1400	3	19	3
6543731645843771393	1401	16	16	16
6543731645843771393	1402	6	6	6
6543731645843771393	1403	18	18	18
6543731645843771393	1404	16	16	16
6543731645843771393	1405	12	13	7
6543731645843771393	1406	6	6	16
6543731645843771393	1407	3	2	14
6543731645843771393	1408	7	13	7
6543731645843771393	1409	13	13	13
6543731645843771393	1410	19	13	1
6543731645843771393	1411	10	0	16
6543731645843771393	1412	11	13	13
6543731645843771393	1413	19	14	10
6543731645843771393	1414	9	9	9
6543731645843771393	1415	15	14	0
6543731645843771393	1416	0	0	17
6543731645843771393	1417	14	15	14
6543731645843771393	1418	12	7	7
6543731645843771393	1419	8	8	8
6543731645843771393	1420	19	13	1
6543731645843771393	1421	12	12	7
6543731645843771393	1422	9	13	9
6543731645843771393	1423	17	0	19
6543731645843771393	1424	1	13	1
6543731645843771393	1425	17	17	17
6543731645843771393	1426	8	8	8
6543731645843771393	1427	13	13	13
6543731645843771393	1428	0	13	17
6543731645843771393	1429	2	14	5
6543731645843771393	1430	16	13	16
6543731645843771393	1431	11	13	13
6543731645843771393	1432	18	18	11
6543731645843771393	1433	14	4	3
6543731645843771393	1434	2	2	2
6543731645843771393	1435	9	9	9
6543731645843771393	1436	15	15	2
6543731645843771393	1437	15	1	0
6543731645843771393	1438	0	13	17
6543731645843771393	1439	14	0	6
6543731645843771393	1440	5	13	13
6543731645843771393	1441	0	0	17
6543731645843771393	1442	17	2	17
6543731645843771393	1443	1	13	1
6543731645843771393	1444	15	2	4
6543731645843771393	1445	4	4	4
6543731645843771393	1446	5	9	5
6543731645843771393	1447	3	2	19
6543731645843771393	1448	3	15	3
6543731645843771393	1449	9	9	9
6543731645843771393	1450	3	0	7
6543731645843771393	1451	12	13	12
6543731645843771393	1452	14	4	14
6543731645843771393	1453	0	2	17
6543731645843771393	1454	3	15	4
6543731645843771393	1455	0	0	4
6543731645843771393	1456	7	13	2
6543731645843771393	1457	19	19	10
6543731645843771393	1458	1	1	14
6543731645843771393	1459	11	11	11
6543731645843771393	1460	17	0	10
6543731645843771393	1461	4	4	4
6543731645843771393	1462	15	2	4
6543731645843771393	1463	15	2	3
6543731645843771393	1464	12	5	7
6543731645843771393	1465	10	0	10
6543731645843771393	1466	18	18	11
6543731645843771393	1467	16	11	16
6543731645843771393	1468	10	10	10
6543731645843771393	1469	16	9	16
6543731645843771393	1470	6	6	16
6543731645843771393	1471	5	13	5
6543731645843771393	1472	17	10	7
6543731645843771393	1473	14	14	4
6543731645843771393	1474	4	4	4
6543731645843771393	1475	13	13	13
6543731645843771393	1476	10	4	10
6543731645843771393	1477	7	0	0
6543731645843771393	1478	6	6	16
6543731645843771393	1479	4	4	4
6543731645843771393	1480	11	13	13
6543731645843771393	1481	10	2	3
6543731645843771393	1482	15	15	14
6543731645843771393	1483	16	11	16
6543731645843771393	1484	12	12	7
6543731645843771393	1485	3	14	14
6543731645843771393	1486	4	4	4
6543731645843771393	1487	0	0	17
6543731645843771393	1488	15	15	15
6543731645843771393	1489	4	4	4
6543731645843771393	1490	9	13	9
6543731645843771393	1491	3	14	2
6543731645843771393	1492	7	13	7
6543731645843771393	1493	1	19	1
6543731645843771393	1494	15	2	3
6543731645843771393	1495	2	14	2
6543731645843771393	1496	11	11	11
6543731645843771393	1497	13	9	7
6543731645843771393	1498	4	4	4
6543731645843771393	1499	5	13	13
6543731645843771393	1500	2	14	15
6543731645843771393	1501	18	18	11
6543731645843771393	1502	8	8	8
6543731645843771393	1503	0	0	1
6543731645843771393	1504	15	1	3
6543731645843771393	1505	11	7	11
6543731645843771393	1506	15	15	4
6543731645843771393	1507	14	2	3
6543731645843771393	1508	7	13	4
6543731645843771393	1509	18	18	18
6543731645843771393	1510	11	13	11
6543731645843771393	1511	16	16	11
6543731645843771393	1512	1	9	9
6543731645843771393	1513	19	13	13
6543731645843771393	1514	10	10	1
6543731645843771393	1515	10	13	10
6543731645843771393	1516	14	14	3
6543731645843771393	1517	16	16	16
6543731645843771393	1518	8	8	8
6543731645843771393	1519	1	1	9
6543731645843771393	1520	9	9	9
6543731645843771393	1521	11	13	18
6543731645843771393	1522	10	10	1
6543731645843771393	1523	18	18	11
6543731645843771393	1524	3	2	4
6543731645843771393	1525	11	11	11
6543731645843771393	1526	10	10	1
6543731645843771393	1527	8	8	8
6543731645843771393	1528	10	10	8
6543731645843771393	1529	18	18	11
6543731645843771393	1530	6	6	16
6543731645843771393	1531	6	6	7
6543731645843771393	1532	1	13	9
6543731645843771393	1533	4	1	4
6543731645843771393	1534	5	13	7
6543731645843771393	1535	12	12	7
6543731645843771393	1536	4	4	4
6543731645843771393	1537	19	19	19
6543731645843771393	1538	10	14	3
6543731645843771393	1539	14	13	0
6543731645843771393	1540	6	16	16
6543731645843771393	1541	3	14	3
6543731645843771393	1542	19	13	1
6543731645843771393	1543	12	13	7
6543731645843771393	1544	19	4	10
6543731645843771393	1545	1	1	1
6543731645843771393	1546	6	6	6
6543731645843771393	1547	16	8	16
6543731645843771393	1548	3	14	15
6543731645843771393	1549	15	2	15
6543731645843771393	1550	16	6	16
6543731645843771393	1551	2	2	2
6543731645843771393	1552	11	7	11
6543731645843771393	1553	1	13	9
6543731645843771393	1554	14	14	3
6543731645843771393	1555	8	8	8
6543731645843771393	1556	7	1	7
6543731645843771393	1557	12	13	13
6543731645843771393	1558	16	16	16
6543731645843771393	1559	18	18	13
6543731645843771393	1560	4	4	4
6543731645843771393	1561	19	9	9
6543731645843771393	1562	15	15	4
6543731645843771393	1563	7	7	7
6543731645843771393	1564	12	12	7
6543731645843771393	1565	10	10	1
6543731645843771393	1566	18	18	13
6543731645843771393	1567	2	14	2
6543731645843771393	1568	19	4	10
6543731645843771393	1569	18	18	11
6543731645843771393	1570	13	5	13
6543731645843771393	1571	15	14	10
6543731645843771393	1572	2	14	7
6543731645843771393	1573	0	13	1
6543731645843771393	1574	1	7	9
6543731645843771393	1575	13	13	4
6543731645843771393	1576	12	13	7
6543731645843771393	1577	17	10	19
6543731645843771393	1578	6	6	16
6543731645843771393	1579	9	13	9
6543731645843771393	1580	11	5	11
6543731645843771393	1581	13	13	9
6543731645843771393	1582	6	6	6
6543731645843771393	1583	19	1	10
6543731645843771393	1584	14	14	3
6543731645843771393	1585	15	4	3
6543731645843771393	1586	15	15	0
6543731645843771393	1587	4	4	4
6543731645843771393	1588	8	8	8
6543731645843771393	1589	5	18	5
6543731645843771393	1590	9	13	9
6543731645843771393	1591	18	18	13
6543731645843771393	1592	6	6	6
6543731645843771393	1593	13	13	5
6543731645843771393	1594	17	10	17
6543731645843771393	1595	11	13	16
6543731645843771393	1596	13	13	9
6543731645843771393	1597	7	7	7
6543731645843771393	1598	9	13	9
6543731645843771393	1599	9	13	9
6543731645843771393	1600	16	8	16
6543731645843771393	1601	17	10	10
6543731645843771393	1602	3	14	4
6543731645843771393	1603	4	4	4
6543731645843771393	1604	14	0	13
6543731645843771393	1605	10	2	10
6543731645843771393	1606	4	4	4
6543731645843771393	1607	10	0	14
6543731645843771393	1608	18	18	18
6543731645843771393	1609	10	14	1
6543731645843771393	1610	17	10	7
6543731645843771393	1611	18	18	11
6543731645843771393	1612	8	8	8
6543731645843771393	1613	18	18	18
6543731645843771393	1614	4	4	4
6543731645843771393	1615	19	10	1
6543731645843771393	1616	5	13	9
6543731645843771393	1617	7	13	7
6543731645843771393	1618	14	13	4
6543731645843771393	1619	10	0	3
6543731645843771393	1620	6	6	6
6543731645843771393	1621	9	13	9
6543731645843771393	1622	16	16	6
6543731645843771393	1623	3	2	3
6543731645843771393	1624	11	9	11
6543731645843771393	1625	19	19	1
6543731645843771393	1626	17	13	9
6543731645843771393	1627	11	13	11
6543731645843771393	1628	5	18	5
6543731645843771393	1629	10	2	3
6543731645843771393	1630	1	1	14
6543731645843771393	1631	5	13	5
6543731645843771393	1632	17	17	0
6543731645843771393	1633	12	12	7
6543731645843771393	1634	8	8	8
6543731645843771393	1635	2	2	2
6543731645843771393	1636	4	4	4
6543731645843771393	1637	17	0	17
6543731645843771393	1638	9	13	9
6543731645843771393	1639	9	13	9
6543731645843771393	1640	4	4	4
6543731645843771393	1641	16	8	16
6543731645843771393	1642	8	8	8
6543731645843771393	1643	9	13	9
6543731645843771393	1644	4	4	7
6543731645843771393	1645	1	1	1
6543731645843771393	1646	5	18	4
6543731645843771393	1647	7	13	0
6543731645843771393	1648	19	13	1
6543731645843771393	1649	9	11	9
6543731645843771393	1650	1	9	19
6543731645843771393	1651	11	11	11
6543731645843771393	1652	4	4	4
6543731645843771393	1653	4	4	4
6543731645843771393	1654	3	10	15
6543731645843771393	1655	16	11	16
6543731645843771393	1656	12	13	7
6543731645843771393	1657	15	2	13
6543731645843771393	1658	4	4	4
6543731645843771393	1659	0	13	9
6543731645843771393	1660	15	2	3
6543731645843771393	1661	5	18	5
6543731645843771393	1662	5	13	11
6543731645843771393	1663	10	10	1
6543731645843771393	1664	5	18	5
6543731645843771393	1665	11	13	11
6543731645843771393	1666	12	7	7
6543731645843771393	1667	6	6	6
6543731645843771393	1668	4	0	14
6543731645843771393	1669	14	14	3
6543731645843771393	1670	7	13	7
6543731645843771393	1671	12	5	7
6543731645843771393	1672	3	2	13
6543731645843771393	1673	8	8	16
6543731645843771393	1674	8	8	11
6543731645843771393	1675	8	8	8
6543731645843771393	1676	5	9	9
6543731645843771393	1677	3	2	3
6543731645843771393	1678	17	9	17
6543731645843771393	1679	1	0	19
6543731645843771393	1680	4	4	4
6543731645843771393	1681	6	6	6
6543731645843771393	1682	18	18	18
6543731645843771393	1683	14	13	16
6543731645843771393	1684	14	14	4
6543731645843771393	1685	17	7	9
6543731645843771393	1686	12	11	13
6543731645843771393	1687	8	8	8
6543731645843771393	1688	5	18	9
6543731645843771393	1689	13	13	9
6543731645843771393	1690	10	10	10
6543731645843771393	1691	11	13	11
6543731645843771393	1692	10	2	1
6543731645843771393	1693	2	14	4
6543731645843771393	1694	1	1	17
6543731645843771393	1695	11	13	11
6543731645843771393	1696	6	6	0
6543731645843771393	1697	4	0	2
6543731645843771393	1698	16	8	16
6543731645843771393	1699	18	18	11
6543731645843771393	1700	11	13	11
6543731645843771393	1701	17	10	3
6543731645843771393	1702	13	13	9
6543731645843771393	1703	0	0	1
6543731645843771393	1704	7	7	17
6543731645843771393	1705	8	8	8
6543731645843771393	1706	14	14	7
6543731645843771393	1707	19	4	3
6543731645843771393	1708	18	18	11
6543731645843771393	1709	0	13	0
6543731645843771393	1710	14	0	14
6543731645843771393	1711	7	13	7
6543731645843771393	1712	1	1	10
6543731645843771393	1713	10	10	1
6543731645843771393	1714	0	13	1
6543731645843771393	1715	8	8	8
6543731645843771393	1716	9	13	9
6543731645843771393	1717	15	2	17
6543731645843771393	1718	11	13	11
6543731645843771393	1719	17	9	9
6543731645843771393	1720	15	14	14
6543731645843771393	1721	12	12	7
6543731645843771393	1722	6	6	6
6543731645843771393	1723	10	10	1
6543731645843771393	1724	19	9	19
6543731645843771393	1725	3	14	15
6543731645843771393	1726	6	6	0
6543731645843771393	1727	11	13	18
6543731645843771393	1728	19	9	9
6543731645843771393	1729	0	0	1
6543731645843771393	1730	13	13	9
6543731645843771393	1731	5	5	5
6543731645843771393	1732	3	2	1
6543731645843771393	1733	16	8	8
6543731645843771393	1734	5	5	5
6543731645843771393	1735	10	9	10
6543731645843771393	1736	14	13	14
6543731645843771393	1737	16	6	16
6543731645843771393	1738	1	13	9
6543731645843771393	1739	16	8	16
6543731645843771393	1740	9	13	9
6543731645843771393	1741	6	6	6
6543731645843771393	1742	16	6	6
6543731645843771393	1743	7	7	7
6543731645843771393	1744	4	4	4
6543731645843771393	1745	10	10	1
6543731645843771393	1746	14	14	0
6543731645843771393	1747	3	2	3
6543731645843771393	1748	18	11	11
6543731645843771393	1749	13	13	9
6543731645843771393	1750	0	0	1
6543731645843771393	1751	19	4	10
6543731645843771393	1752	5	18	4
6543731645843771393	1753	16	8	8
6543731645843771393	1754	8	8	16
6543731645843771393	1755	8	8	8
6543731645843771393	1756	5	9	5
6543731645843771393	1757	6	6	16
6543731645843771393	1758	8	8	8
6543731645843771393	1759	14	14	4
6543731645843771393	1760	18	18	13
6543731645843771393	1761	6	6	16
6543731645843771393	1762	1	13	9
6543731645843771393	1763	6	6	6
6543731645843771393	1764	4	4	15
6543731645843771393	1765	11	13	11
6543731645843771393	1766	8	2	4
6543731645843771393	1767	13	13	7
6543731645843771393	1768	2	10	2
6543731645843771393	1769	16	16	17
6543731645843771393	1770	16	6	13
6543731645843771393	1771	10	14	19
6543731645843771393	1772	16	16	6
6543731645843771393	1773	2	14	0
6543731645843771393	1774	16	8	16
6543731645843771393	1775	16	16	16
6543731645843771393	1776	8	8	8
6543731645843771393	1777	1	13	9
6543731645843771393	1778	10	10	10
6543731645843771393	1779	15	14	15
6543731645843771393	1780	4	19	3
6543731645843771393	1781	17	10	14
6543731645843771393	1782	3	10	14
6543731645843771393	1783	17	9	9
6543731645843771393	1784	8	8	8
6543731645843771393	1785	11	13	11
6543731645843771393	1786	12	13	7
6543731645843771393	1787	8	16	14
6543731645843771393	1788	10	1	1
6543731645843771393	1789	15	15	7
6543731645843771393	1790	2	14	7
6543731645843771393	1791	8	8	8
6543731645843771393	1792	15	14	14
6543731645843771393	1793	0	14	3
6543731645843771393	1794	17	10	3
6543731645843771393	1795	2	14	8
6543731645843771393	1796	13	9	5
6543731645843771393	1797	13	13	9
6543731645843771393	1798	15	2	4
6543731645843771393	1799	2	2	2
6543731645843771393	1800	8	8	8
6543731645843771393	1801	18	18	11
6543731645843771393	1802	4	4	4
6543731645843771393	1803	17	10	10
6543731645843771393	1804	7	13	5
6543731645843771393	1805	18	18	11
6543731645843771393	1806	19	14	3
6543731645843771393	1807	17	2	7
6543731645843771393	1808	7	11	4
6543731645843771393	1809	4	4	4
6543731645843771393	1810	0	14	1
6543731645843771393	1811	17	0	17
6543731645843771393	1812	13	13	9
6543731645843771393	1813	11	7	11
6543731645843771393	1814	15	15	19
6543731645843771393	1815	5	9	5
6543731645843771393	1816	5	18	13
6543731645843771393	1817	17	9	9
6543731645843771393	1818	13	13	3
6543731645843771393	1819	5	13	7
6543731645843771393	1820	18	18	13
6543731645843771393	1821	6	6	6
6543731645843771393	1822	9	11	9
6543731645843771393	1823	8	8	8
6543731645843771393	1824	16	16	16
6543731645843771393	1825	18	18	11
6543731645843771393	1826	5	18	5
6543731645843771393	1827	5	13	13
6543731645843771393	1828	9	13	9
6543731645843771393	1829	2	2	2
6543731645843771393	1830	0	13	14
6543731645843771393	1831	6	6	6
6543731645843771393	1832	14	13	4
6543731645843771393	1833	8	8	8
6543731645843771393	1834	15	2	2
6543731645843771393	1835	2	2	2
6543731645843771393	1836	0	13	3
6543731645843771393	1837	9	13	9
6543731645843771393	1838	0	0	17
6543731645843771393	1839	4	4	4
6543731645843771393	1840	9	13	9
6543731645843771393	1841	16	16	16
6543731645843771393	1842	7	13	13
6543731645843771393	1843	2	2	2
6543731645843771393	1844	4	4	4
6543731645843771393	1845	7	13	7
6543731645843771393	1846	11	11	13
6543731645843771393	1847	7	13	11
6543731645843771393	1848	19	14	9
6543731645843771393	1849	17	9	1
6543731645843771393	1850	1	1	17
6543731645843771393	1851	12	13	7
6543731645843771393	1852	0	0	14
6543731645843771393	1853	12	13	7
6543731645843771393	1854	1	13	9
6543731645843771393	1855	14	14	4
6543731645843771393	1856	15	2	0
6543731645843771393	1857	14	0	0
6543731645843771393	1858	6	6	6
6543731645843771393	1859	18	18	13
6543731645843771393	1860	17	17	7
6543731645843771393	1861	13	13	7
6543731645843771393	1862	18	13	11
6543731645843771393	1863	13	13	9
6543731645843771393	1864	18	18	18
6543731645843771393	1865	17	1	17
6543731645843771393	1866	15	2	2
6543731645843771393	1867	14	0	14
6543731645843771393	1868	3	10	0
6543731645843771393	1869	2	2	2
6543731645843771393	1870	19	13	19
6543731645843771393	1871	15	14	4
6543731645843771393	1872	12	13	14
6543731645843771393	1873	12	13	9
6543731645843771393	1874	17	10	3
6543731645843771393	1875	13	18	13
6543731645843771393	1876	18	18	18
6543731645843771393	1877	2	2	7
6543731645843771393	1878	10	10	1
6543731645843771393	1879	14	14	2
6543731645843771393	1880	4	4	4
6543731645843771393	1881	8	8	8
6543731645843771393	1882	11	13	11
6543731645843771393	1883	19	13	17
6543731645843771393	1884	17	17	17
6543731645843771393	1885	19	13	1
6543731645843771393	1886	3	2	3
6543731645843771393	1887	15	2	3
6543731645843771393	1888	13	13	9
6543731645843771393	1889	11	7	11
6543731645843771393	1890	16	8	14
6543731645843771393	1891	12	13	5
6543731645843771393	1892	5	5	5
6543731645843771393	1893	7	7	17
6543731645843771393	1894	14	14	0
6543731645843771393	1895	13	13	9
6543731645843771393	1896	13	13	13
6543731645843771393	1897	7	13	7
6543731645843771393	1898	15	14	15
6543731645843771393	1899	15	2	2
6543731645843771393	1900	16	16	17
6543731645843771393	1901	4	4	4
6543731645843771393	1902	14	14	15
6543731645843771393	1903	2	14	7
6543731645843771393	1904	7	13	7
6543731645843771393	1905	10	2	10
6543731645843771393	1906	4	4	4
6543731645843771393	1907	12	5	7
6543731645843771393	1908	7	13	7
6543731645843771393	1909	0	13	17
6543731645843771393	1910	10	10	1
6543731645843771393	1911	7	13	15
6543731645843771393	1912	5	5	5
6543731645843771393	1913	12	5	7
6543731645843771393	1914	8	8	8
6543731645843771393	1915	5	1	15
6543731645843771393	1916	4	4	4
6543731645843771393	1917	3	14	9
6543731645843771393	1918	9	9	9
6543731645843771393	1919	6	6	16
6543731645843771393	1920	0	14	17
6543731645843771393	1921	4	4	13
6543731645843771393	1922	4	4	15
6543731645843771393	1923	3	2	3
6543731645843771393	1924	9	13	9
6543731645843771393	1925	14	13	2
6543731645843771393	1926	5	5	5
6543731645843771393	1927	13	9	9
6543731645843771393	1928	9	13	9
6543731645843771393	1929	11	13	13
6543731645843771393	1930	13	9	5
6543731645843771393	1931	2	2	2
6543731645843771393	1932	0	13	17
6543731645843771393	1933	11	7	11
6543731645843771393	1934	1	9	9
6543731645843771393	1935	11	10	11
6543731645843771393	1936	3	10	3
6543731645843771393	1937	19	19	19
6543731645843771393	1938	0	0	17
6543731645843771393	1939	7	13	11
6543731645843771393	1940	11	11	18
6543731645843771393	1941	17	9	9
6543731645843771393	1942	7	13	0
6543731645843771393	1943	15	2	11
6543731645843771393	1944	11	13	11
6543731645843771393	1945	18	18	11
6543731645843771393	1946	13	9	13
6543731645843771393	1947	3	2	0
6543731645843771393	1948	1	13	13
6543731645843771393	1949	18	18	11
6543731645843771393	1950	16	16	16
6543731645843771393	1951	14	2	13
6543731645843771393	1952	9	13	9
6543731645843771393	1953	0	14	3
6543731645843771393	1954	1	1	13
6543731645843771393	1955	13	13	5
6543731645843771393	1956	8	8	8
6543731645843771393	1957	17	0	19
6543731645843771393	1958	0	13	1
6543731645843771393	1959	10	14	10
6543731645843771393	1960	18	18	13
6543731645843771393	1961	3	2	3
6543731645843771393	1962	14	14	3
6543731645843771393	1963	12	18	12
6543731645843771393	1964	9	13	9
6543731645843771393	1965	7	13	7
6543731645843771393	1966	10	2	1
6543731645843771393	1967	0	7	7
6543731645843771393	1968	11	13	13
6543731645843771393	1969	10	14	10
6543731645843771393	1970	14	13	3
6543731645843771393	1971	5	9	5
6543731645843771393	1972	4	4	4
6543731645843771393	1973	2	2	2
6543731645843771393	1974	6	6	16
6543731645843771393	1975	15	2	7
6543731645843771393	1976	14	14	8
6543731645843771393	1977	16	8	16
6543731645843771393	1978	2	2	2
6543731645843771393	1979	11	13	16
6543731645843771393	1980	4	4	4
6543731645843771393	1981	4	4	13
6543731645843771393	1982	19	1	17
6543731645843771393	1983	2	2	2
6543731645843771393	1984	4	4	4
6543731645843771393	1985	15	2	7
6543731645843771393	1986	9	9	9
6543731645843771393	1987	18	18	18
6543731645843771393	1988	18	18	11
6543731645843771393	1989	17	17	17
6543731645843771393	1990	0	17	17
6543731645843771393	1991	16	8	16
6543731645843771393	1992	2	2	2
6543731645843771393	1993	15	8	3
6543731645843771393	1994	11	11	11
6543731645843771393	1995	18	18	13
6543731645843771393	1996	12	13	16
6543731645843771393	1997	17	2	14
6543731645843771393	1998	9	13	9
6543731645843771393	1999	15	14	13
6543731645843771393	2000	17	17	17
6543731645843771393	2001	9	9	9
6543731645843771393	2002	6	6	6
6543731645843771393	2003	11	7	11
6543731645843771393	2004	14	14	3
6543731645843771393	2005	5	18	5
6543731645843771393	2006	18	18	18
6543731645843771393	2007	19	9	1
6543731645843771393	2008	5	9	5
6543731645843771393	2009	12	5	4
6543731645843771393	2010	13	13	13
6543731645843771393	2011	1	9	19
6543731645843771393	2012	7	13	7
6543731645843771393	2013	7	13	11
6543731645843771393	2014	6	6	16
6543731645843771393	2015	4	4	4
6543731645843771393	2016	8	8	8
6543731645843771393	2017	7	7	7
6543731645843771393	2018	12	5	7
6543731645843771393	2019	7	13	7
6543731645843771393	2020	13	1	13
6543731645843771393	2021	4	4	4
6543731645843771393	2022	14	2	4
6543731645843771393	2023	2	14	2
6543731645843771393	2024	14	15	3
6543731645843771393	2025	5	13	7
6543731645843771393	2026	8	8	8
6543731645843771393	2027	2	2	2
6543731645843771393	2028	15	2	3
6543731645843771393	2029	2	14	14
6543731645843771393	2030	14	14	3
6543731645843771393	2031	3	2	3
6543731645843771393	2032	6	6	16
6543731645843771393	2033	16	8	11
6543731645843771393	2034	14	0	14
6543731645843771393	2035	15	2	14
6543731645843771393	2036	4	4	4
6543731645843771393	2037	0	0	9
6543731645843771393	2038	7	13	7
6543731645843771393	2039	11	13	13
6543731645843771393	2040	9	13	9
6543731645843771393	2041	13	9	13
6543731645843771393	2042	12	13	7
6543731645843771393	2043	11	11	11
6543731645843771393	2044	2	14	3
6543731645843771393	2045	3	10	14
6543731645843771393	2046	8	2	1
6543731645843771393	2047	10	14	10
6543731645843771393	2048	13	13	9
6543731645843771393	2049	17	0	9
6543731645843771393	2050	1	13	9
6543731645843771393	2051	2	2	2
6543731645843771393	2052	5	18	5
6543731645843771393	2053	8	8	14
6543731645843771393	2054	4	4	4
6543731645843771393	2055	9	13	9
6543731645843771393	2056	19	19	10
6543731645843771393	2057	10	0	4
6543731645843771393	2058	1	13	9
6543731645843771393	2059	15	15	4
6543731645843771393	2060	4	4	4
6543731645843771393	2061	12	13	7
6543731645843771393	2062	8	8	16
6543731645843771393	2063	19	13	1
6543731645843771393	2064	4	4	4
6543731645843771393	2065	4	4	4
6543731645843771393	2066	2	1	17
6543731645843771393	2067	2	2	2
6543731645843771393	2068	7	13	13
6543731645843771393	2069	12	13	7
6543731645843771393	2070	17	9	0
6543731645843771393	2071	9	9	9
6543731645843771393	2072	2	2	2
6543731645843771393	2073	2	14	16
6543731645843771393	2074	16	16	16
6543731645843771393	2075	9	13	9
6543731645843771393	2076	15	14	17
6543731645843771393	2077	5	13	5
6543731645843771393	2078	8	8	16
6543731645843771393	2079	0	14	17
6543731645843771393	2080	19	19	1
6543731645843771393	2081	12	13	13
6543731645843771393	2082	13	13	9
6543731645843771393	2083	3	15	3
6543731645843771393	2084	6	6	16
6543731645843771393	2085	16	16	16
6543731645843771393	2086	5	4	13
6543731645843771393	2087	7	13	7
6543731645843771393	2088	2	14	2
6543731645843771393	2089	14	0	0
6543731645843771393	2090	0	13	9
6543731645843771393	2091	17	10	19
6543731645843771393	2092	14	4	5
6543731645843771393	2093	16	16	16
6543731645843771393	2094	13	13	5
6543731645843771393	2095	17	17	19
6543731645843771393	2096	2	2	2
6543731645843771393	2097	9	13	9
6543731645843771393	2098	13	13	9
6543731645843771393	2099	9	9	9
6543731645843771393	2100	9	13	9
6543731645843771393	2101	14	8	3
6543731645843771393	2102	19	13	1
6543731645843771393	2103	13	9	9
6543731645843771393	2104	7	13	7
6543731645843771393	2105	1	1	19
6543731645843771393	2106	4	4	14
6543731645843771393	2107	15	1	0
6543731645843771393	2108	6	6	16
6543731645843771393	2109	9	9	9
6543731645843771393	2110	14	14	3
6543731645843771393	2111	15	2	7
6543731645843771393	2112	11	13	11
6543731645843771393	2113	6	16	16
6543731645843771393	2114	5	5	5
6543731645843771393	2115	4	4	4
6543731645843771393	2116	19	13	9
6543731645843771393	2117	4	4	4
6543731645843771393	2118	14	14	3
6543731645843771393	2119	8	8	15
6543731645843771393	2120	6	6	6
6543731645843771393	2121	8	8	8
6543731645843771393	2122	12	13	5
6543731645843771393	2123	2	2	14
6543731645843771393	2124	13	13	9
6543731645843771393	2125	5	5	5
6543731645843771393	2126	0	13	17
6543731645843771393	2127	4	4	4
6543731645843771393	2128	12	16	17
6543731645843771393	2129	16	16	16
6543731645843771393	2130	12	13	11
6543731645843771393	2131	14	4	3
6543731645843771393	2132	13	13	9
6543731645843771393	2133	7	13	7
6543731645843771393	2134	13	13	13
6543731645843771393	2135	18	18	18
6543731645843771393	2136	5	13	9
6543731645843771393	2137	0	0	17
6543731645843771393	2138	17	17	0
6543731645843771393	2139	4	4	4
6543731645843771393	2140	8	8	8
6543731645843771393	2141	16	16	16
6543731645843771393	2142	19	13	9
6543731645843771393	2143	18	18	13
6543731645843771393	2144	18	18	13
6543731645843771393	2145	6	6	16
6543731645843771393	2146	16	8	16
6543731645843771393	2147	12	18	7
6543731645843771393	2148	16	8	16
6543731645843771393	2149	18	18	18
6543731645843771393	2150	13	13	9
6543731645843771393	2151	9	9	5
6543731645843771393	2152	0	14	17
6543731645843771393	2153	14	0	2
6543731645843771393	2154	10	14	3
6543731645843771393	2155	10	14	10
6543731645843771393	2156	18	18	13
6543731645843771393	2157	13	13	9
6543731645843771393	2158	1	13	5
6543731645843771393	2159	4	4	4
6543731645843771393	2160	17	9	9
6543731645843771393	2161	12	13	7
6543731645843771393	2162	10	10	1
6543731645843771393	2163	16	8	8
6543731645843771393	2164	12	12	7
6543731645843771393	2165	16	16	16
6543731645843771393	2166	13	13	9
6543731645843771393	2167	12	13	4
6543731645843771393	2168	12	13	13
6543731645843771393	2169	8	8	8
6543731645843771393	2170	18	18	18
6543731645843771393	2171	2	2	2
6543731645843771393	2172	12	13	7
6543731645843771393	2173	4	0	3
6543731645843771393	2174	16	8	8
6543731645843771393	2175	15	2	4
6543731645843771393	2176	9	9	9
6543731645843771393	2177	16	16	16
6543731645843771393	2178	12	13	9
6543731645843771393	2179	5	18	5
6543731645843771393	2180	14	0	13
6543731645843771393	2181	13	13	9
6543731645843771393	2182	8	8	8
6543731645843771393	2183	12	11	13
6543731645843771393	2184	10	13	10
6543731645843771393	2185	18	18	18
6543731645843771393	2186	1	7	9
6543731645843771393	2187	12	13	7
6543731645843771393	2188	18	18	11
6543731645843771393	2189	7	13	11
6543731645843771393	2190	18	13	11
6543731645843771393	2191	16	16	16
6543731645843771393	2192	17	9	17
6543731645843771393	2193	4	4	4
6543731645843771393	2194	12	13	7
6543731645843771393	2195	7	13	4
6543731645843771393	2196	13	13	13
6543731645843771393	2197	17	10	9
6543731645843771393	2198	8	8	14
6543731645843771393	2199	8	8	16
6543731645843771393	2200	11	11	11
6543731645843771393	2201	15	2	7
6543731645843771393	2202	2	2	2
6543731645843771393	2203	2	2	2
6543731645843771393	2204	13	9	13
6543731645843771393	2205	17	10	17
6543731645843771393	2206	1	13	9
6543731645843771393	2207	0	13	1
6543731645843771393	2208	17	10	17
6543731645843771393	2209	15	14	4
6543731645843771393	2210	19	0	1
6543731645843771393	2211	16	16	16
6543731645843771393	2212	14	0	4
6543731645843771393	2213	15	2	3
6543731645843771393	2214	18	13	11
6543731645843771393	2215	11	7	11
6543731645843771393	2216	5	13	5
6543731645843771393	2217	10	0	19
6543731645843771393	2218	14	13	15
6543731645843771393	2219	15	14	8
6543731645843771393	2220	18	18	11
6543731645843771393	2221	7	1	0
6543731645843771393	2222	8	8	16
6543731645843771393	2223	3	2	1
6543731645843771393	2224	2	8	2
6543731645843771393	2225	15	15	14
6543731645843771393	2226	15	1	14
6543731645843771393	2227	1	1	9
6543731645843771393	2228	17	3	3
6543731645843771393	2229	12	11	13
6543731645843771393	2230	9	13	9
6543731645843771393	2231	1	13	14
6543731645843771393	2232	3	2	3
6543731645843771393	2233	13	13	9
6543731645843771393	2234	6	6	7
6543731645843771393	2235	4	4	4
6543731645843771393	2236	16	16	6
6543731645843771393	2237	14	4	14
6543731645843771393	2238	17	2	9
6543731645843771393	2239	15	2	15
6543731645843771393	2240	18	18	11
6543731645843771393	2241	8	14	3
6543731645843771393	2242	4	4	4
6543731645843771393	2243	1	1	1
6543731645843771393	2244	8	8	8
6543731645843771393	2245	6	6	16
6543731645843771393	2246	19	0	3
6543731645843771393	2247	18	18	13
6543731645843771393	2248	6	6	16
6543731645843771393	2249	7	13	13
6543731645843771393	2250	11	11	11
6543731645843771393	2251	1	13	9
6543731645843771393	2252	11	13	18
6543731645843771393	2253	19	13	1
6543731645843771393	2254	6	6	6
6543731645843771393	2255	17	9	17
6543731645843771393	2256	1	13	11
6543731645843771393	2257	8	8	8
6543731645843771393	2258	9	9	9
6543731645843771393	2259	4	4	17
6543731645843771393	2260	6	6	16
6543731645843771393	2261	1	9	9
6543731645843771393	2262	15	2	7
6543731645843771393	2263	11	7	9
6543731646112207028	0	10	0	1
6543731646112207028	1	11	13	11
6543731646112207028	2	7	13	7
6543731646112207028	3	10	10	1
6543731646112207028	4	3	2	15
6543731646112207028	5	5	9	13
6543731646112207028	6	0	13	1
6543731646112207028	7	10	2	1
6543731646112207028	8	18	18	11
6543731646112207028	9	5	18	13
6543731646112207028	10	16	8	14
6543731646112207028	11	14	0	14
6543731646112207028	12	12	17	7
6543731646112207028	13	8	8	8
6543731646112207028	14	0	0	17
6543731646112207028	15	16	16	16
6543731646112207028	16	10	2	3
6543731646112207028	17	16	8	16
6543731646112207028	18	17	10	19
6543731646112207028	19	13	13	13
6543731646112207028	20	19	1	9
6543731646112207028	21	9	13	9
6543731646112207028	22	7	1	7
6543731646112207028	23	4	4	0
6543731646112207028	24	6	16	6
6543731646112207028	25	9	13	11
6543731646112207028	26	0	13	17
6543731646112207028	27	0	14	14
6543731646112207028	28	9	13	1
6543731646112207028	29	9	13	9
6543731646112207028	30	6	6	7
6543731646112207028	31	2	2	2
6543731646112207028	32	3	14	17
6543731646112207028	33	12	13	7
6543731646112207028	34	8	8	8
6543731646112207028	35	8	8	8
6543731646112207028	36	7	13	7
6543731646112207028	37	10	14	1
6543731646112207028	38	12	13	13
6543731646112207028	39	10	10	1
6543731646112207028	40	14	13	7
6543731646112207028	41	8	8	8
6543731646112207028	42	6	6	6
6543731646112207028	43	0	13	1
6543731646112207028	44	11	13	11
6543731646112207028	45	8	8	8
6543731646112207028	46	7	13	7
6543731646112207028	47	17	7	17
6543731646112207028	48	5	13	5
6543731646112207028	49	7	13	7
6543731646112207028	50	13	13	9
6543731646112207028	51	11	11	11
6543731646112207028	52	18	18	11
6543731646112207028	53	6	6	6
6543731646112207028	54	11	11	11
6543731646112207028	55	6	6	7
6543731646112207028	56	15	15	13
6543731646112207028	57	17	3	17
6543731646112207028	58	14	13	14
6543731646112207028	59	0	14	17
6543731646112207028	60	1	13	1
6543731646112207028	61	18	18	7
6543731646112207028	62	17	2	7
6543731646112207028	63	13	13	7
6543731646112207028	64	0	13	17
6543731646112207028	65	18	18	18
6543731646112207028	66	13	13	13
6543731646112207028	67	5	5	13
6543731646112207028	68	14	8	8
6543731646112207028	69	1	13	1
6543731646112207028	70	10	2	10
6543731646112207028	71	13	13	7
6543731646112207028	72	14	4	7
6543731646112207028	73	14	14	3
6543731646112207028	74	10	1	17
6543731646112207028	75	11	13	11
6543731646112207028	76	4	13	13
6543731646112207028	77	3	14	9
6543731646112207028	78	7	13	7
6543731646112207028	79	17	0	17
6543731646112207028	80	8	8	8
6543731646112207028	81	7	7	12
6543731646112207028	82	14	13	0
6543731646112207028	83	14	2	14
6543731646112207028	84	7	7	7
6543731646112207028	85	16	16	6
6543731646112207028	86	3	2	1
6543731646112207028	87	14	4	14
6543731646112207028	88	15	15	15
6543731646112207028	89	5	5	11
6543731646112207028	90	19	13	9
6543731646112207028	91	10	10	1
6543731646112207028	92	16	8	11
6543731646112207028	93	8	8	8
6543731646112207028	94	19	13	10
6543731646112207028	95	0	14	17
6543731646112207028	96	19	9	9
6543731646112207028	97	1	5	1
6543731646112207028	98	6	6	16
6543731646112207028	99	1	1	1
6543731646112207028	100	18	18	11
6543731646112207028	101	18	18	11
6543731646112207028	102	13	13	13
6543731646112207028	103	11	13	11
6543731646112207028	104	14	14	3
6543731646112207028	105	13	13	1
6543731646112207028	106	4	4	13
6543731646112207028	107	11	13	11
6543731646112207028	108	1	13	13
6543731646112207028	109	10	14	10
6543731646112207028	110	6	6	16
6543731646112207028	111	13	13	13
6543731646112207028	112	4	4	13
6543731646112207028	113	0	14	17
6543731646112207028	114	2	2	2
6543731646112207028	115	12	13	13
6543731646112207028	116	11	7	11
6543731646112207028	117	10	14	10
6543731646112207028	118	18	18	11
6543731646112207028	119	4	4	4
6543731646112207028	120	1	1	1
6543731646112207028	121	12	13	7
6543731646112207028	122	12	11	7
6543731646112207028	123	0	0	17
6543731646112207028	124	4	4	3
6543731646112207028	125	17	0	1
6543731646112207028	126	13	13	9
6543731646112207028	127	16	16	16
6543731646112207028	128	17	3	17
6543731646112207028	129	3	10	15
6543731646112207028	130	7	11	11
6543731646112207028	131	3	2	14
6543731646112207028	132	19	19	3
6543731646112207028	133	0	13	0
6543731646112207028	134	9	13	9
6543731646112207028	135	13	9	13
6543731646112207028	136	10	10	10
6543731646112207028	137	1	1	10
6543731646112207028	138	4	4	7
6543731646112207028	139	9	13	9
6543731646112207028	140	1	13	7
6543731646112207028	141	9	13	11
6543731646112207028	142	6	16	16
6543731646112207028	143	16	13	16
6543731646112207028	144	9	9	9
6543731646112207028	145	15	15	13
6543731646112207028	146	15	2	14
6543731646112207028	147	0	14	3
6543731646112207028	148	14	14	15
6543731646112207028	149	19	13	7
6543731646112207028	150	5	13	5
6543731646112207028	151	5	13	7
6543731646112207028	152	8	8	8
6543731646112207028	153	0	0	17
6543731646112207028	154	12	13	13
6543731646112207028	155	15	1	3
6543731646112207028	156	7	13	7
6543731646112207028	157	2	2	14
6543731646112207028	158	3	14	2
6543731646112207028	159	17	10	17
6543731646112207028	160	1	13	1
6543731646112207028	161	16	8	16
6543731646112207028	162	10	10	10
6543731646112207028	163	9	9	9
6543731646112207028	164	4	4	13
6543731646112207028	165	7	13	12
6543731646112207028	166	2	14	14
6543731646112207028	167	16	16	16
6543731646112207028	168	6	6	16
6543731646112207028	169	19	13	13
6543731646112207028	170	18	18	11
6543731646112207028	171	17	9	1
6543731646112207028	172	19	13	9
6543731646112207028	173	12	13	7
6543731646112207028	174	19	19	10
6543731646112207028	175	5	18	18
6543731646112207028	176	1	1	9
6543731646112207028	177	16	16	16
6543731646112207028	178	5	13	13
6543731646112207028	179	14	0	8
6543731646112207028	180	2	14	7
6543731646112207028	181	9	13	1
6543731646112207028	182	5	18	11
6543731646112207028	183	19	13	1
6543731646112207028	184	13	11	13
6543731646112207028	185	7	13	7
6543731646112207028	186	7	7	7
6543731646112207028	187	7	9	7
6543731646112207028	188	17	0	1
6543731646112207028	189	4	4	13
6543731646112207028	190	11	13	11
6543731646112207028	191	17	9	1
6543731646112207028	192	13	13	7
6543731646112207028	193	14	4	15
6543731646112207028	194	17	17	7
6543731646112207028	195	4	4	8
6543731646112207028	196	4	4	3
6543731646112207028	197	16	6	16
6543731646112207028	198	17	10	17
6543731646112207028	199	14	13	16
6543731646112207028	200	0	13	17
6543731646112207028	201	3	14	14
6543731646112207028	202	6	6	16
6543731646112207028	203	0	13	17
6543731646112207028	204	6	6	6
6543731646112207028	205	15	14	14
6543731646112207028	206	4	4	13
6543731646112207028	207	18	18	7
6543731646112207028	208	19	14	1
6543731646112207028	209	0	13	16
6543731646112207028	210	15	15	7
6543731646112207028	211	12	18	13
6543731646112207028	212	16	16	6
6543731646112207028	213	11	13	11
6543731646112207028	214	12	13	7
6543731646112207028	215	14	14	14
6543731646112207028	216	12	13	11
6543731646112207028	217	12	7	7
6543731646112207028	218	2	19	10
6543731646112207028	219	3	14	3
6543731646112207028	220	3	2	1
6543731646112207028	221	17	2	17
6543731646112207028	222	11	13	11
6543731646112207028	223	1	13	13
6543731646112207028	224	0	7	7
6543731646112207028	225	0	13	17
6543731646112207028	226	5	9	5
6543731646112207028	227	3	14	4
6543731646112207028	228	15	15	1
6543731646112207028	229	8	8	14
6543731646112207028	230	9	13	9
6543731646112207028	231	9	13	9
6543731646112207028	232	12	12	12
6543731646112207028	233	16	16	16
6543731646112207028	234	14	2	14
6543731646112207028	235	15	14	8
6543731646112207028	236	3	15	19
6543731646112207028	237	3	14	9
6543731646112207028	238	5	18	13
6543731646112207028	239	12	13	12
6543731646112207028	240	5	13	13
6543731646112207028	241	2	2	2
6543731646112207028	242	6	6	16
6543731646112207028	243	6	6	6
6543731646112207028	244	19	13	1
6543731646112207028	245	0	0	17
6543731646112207028	246	6	6	6
6543731646112207028	247	17	17	17
6543731646112207028	248	1	13	17
6543731646112207028	249	7	13	13
6543731646112207028	250	19	13	1
6543731646112207028	251	1	13	1
6543731646112207028	252	5	13	11
6543731646112207028	253	10	14	10
6543731646112207028	254	11	11	11
6543731646112207028	255	19	13	9
6543731646112207028	256	13	13	1
6543731646112207028	257	11	13	11
6543731646112207028	258	5	18	13
6543731646112207028	259	12	16	7
6543731646112207028	260	16	8	16
6543731646112207028	261	3	15	1
6543731646112207028	262	13	13	13
6543731646112207028	263	11	13	11
6543731646112207028	264	1	1	1
6543731646112207028	265	15	14	15
6543731646112207028	266	15	2	15
6543731646112207028	267	19	0	10
6543731646112207028	268	18	18	18
6543731646112207028	269	2	14	14
6543731646112207028	270	13	13	13
6543731646112207028	271	3	2	5
6543731646112207028	272	2	14	3
6543731646112207028	273	7	13	4
6543731646112207028	274	1	13	1
6543731646112207028	275	9	9	9
6543731646112207028	276	18	18	18
6543731646112207028	277	3	15	3
6543731646112207028	278	10	2	19
6543731646112207028	279	8	8	11
6543731646112207028	280	17	17	15
6543731646112207028	281	0	0	14
6543731646112207028	282	18	18	11
6543731646112207028	283	18	18	18
6543731646112207028	284	3	2	10
6543731646112207028	285	15	14	6
6543731646112207028	286	8	8	8
6543731646112207028	287	0	0	0
6543731646112207028	288	1	13	1
6543731646112207028	289	12	12	7
6543731646112207028	290	9	9	9
6543731646112207028	291	11	13	11
6543731646112207028	292	5	9	11
6543731646112207028	293	5	13	13
6543731646112207028	294	19	4	10
6543731646112207028	295	11	13	13
6543731646112207028	296	18	18	18
6543731646112207028	297	18	18	11
6543731646112207028	298	10	10	1
6543731646112207028	299	19	13	9
6543731646112207028	300	11	13	11
6543731646112207028	301	11	13	11
6543731646112207028	302	13	13	13
6543731646112207028	303	16	6	16
6543731646112207028	304	11	11	11
6543731646112207028	305	16	8	16
6543731646112207028	306	18	18	11
6543731646112207028	307	7	7	7
6543731646112207028	308	7	7	0
6543731646112207028	309	10	14	8
6543731646112207028	310	18	18	11
6543731646112207028	311	13	13	13
6543731646112207028	312	16	16	16
6543731646112207028	313	0	0	15
6543731646112207028	314	9	9	1
6543731646112207028	315	14	14	3
6543731646112207028	316	3	14	14
6543731646112207028	317	13	13	13
6543731646112207028	318	8	8	8
6543731646112207028	319	7	13	12
6543731646112207028	320	19	13	9
6543731646112207028	321	19	13	1
6543731646112207028	322	8	8	16
6543731646112207028	323	2	2	2
6543731646112207028	324	16	16	16
6543731646112207028	325	8	8	16
6543731646112207028	326	19	13	9
6543731646112207028	327	16	16	16
6543731646112207028	328	9	13	11
6543731646112207028	329	5	18	11
6543731646112207028	330	18	18	11
6543731646112207028	331	6	6	16
6543731646112207028	332	11	7	11
6543731646112207028	333	15	8	14
6543731646112207028	334	2	2	2
6543731646112207028	335	15	1	3
6543731646112207028	336	8	8	8
6543731646112207028	337	4	4	4
6543731646112207028	338	0	0	17
6543731646112207028	339	13	13	13
6543731646112207028	340	2	2	2
6543731646112207028	341	11	13	11
6543731646112207028	342	10	14	3
6543731646112207028	343	14	14	14
6543731646112207028	344	16	16	16
6543731646112207028	345	1	1	9
6543731646112207028	346	8	8	8
6543731646112207028	347	7	7	7
6543731646112207028	348	19	19	10
6543731646112207028	349	11	7	11
6543731646112207028	350	3	1	14
6543731646112207028	351	14	14	0
6543731646112207028	352	17	2	0
6543731646112207028	353	17	10	10
6543731646112207028	354	11	13	11
6543731646112207028	355	15	14	7
6543731646112207028	356	7	7	7
6543731646112207028	357	17	9	9
6543731646112207028	358	8	8	8
6543731646112207028	359	17	17	17
6543731646112207028	360	19	14	10
6543731646112207028	361	3	14	14
6543731646112207028	362	4	4	13
6543731646112207028	363	1	9	1
6543731646112207028	364	12	12	12
6543731646112207028	365	16	16	16
6543731646112207028	366	16	8	16
6543731646112207028	367	8	8	8
6543731646112207028	368	4	4	10
6543731646112207028	369	15	2	10
6543731646112207028	370	6	6	0
6543731646112207028	371	5	18	13
6543731646112207028	372	7	13	7
6543731646112207028	373	16	8	16
6543731646112207028	374	6	6	7
6543731646112207028	375	6	6	16
6543731646112207028	376	17	10	17
6543731646112207028	377	19	19	10
6543731646112207028	378	17	13	14
6543731646112207028	379	4	4	4
6543731646112207028	380	9	9	9
6543731646112207028	381	8	8	8
6543731646112207028	382	14	4	3
6543731646112207028	383	6	6	16
6543731646112207028	384	10	14	1
6543731646112207028	385	11	11	11
6543731646112207028	386	1	17	1
6543731646112207028	387	0	0	17
6543731646112207028	388	10	10	1
6543731646112207028	389	6	6	6
6543731646112207028	390	10	10	14
6543731646112207028	391	13	13	9
6543731646112207028	392	2	15	2
6543731646112207028	393	8	8	8
6543731646112207028	394	12	13	13
6543731646112207028	395	12	5	11
6543731646112207028	396	14	2	14
6543731646112207028	397	12	16	12
6543731646112207028	398	5	13	7
6543731646112207028	399	3	17	3
6543731646112207028	400	11	13	11
6543731646112207028	401	19	14	9
6543731646112207028	402	15	2	4
6543731646112207028	403	6	6	6
6543731646112207028	404	19	19	10
6543731646112207028	405	13	13	5
6543731646112207028	406	11	7	11
6543731646112207028	407	19	19	9
6543731646112207028	408	2	14	14
6543731646112207028	409	7	13	13
6543731646112207028	410	5	18	13
6543731646112207028	411	2	2	2
6543731646112207028	412	10	14	10
6543731646112207028	413	1	9	9
6543731646112207028	414	4	4	13
6543731646112207028	415	7	13	7
6543731646112207028	416	17	7	1
6543731646112207028	417	9	9	9
6543731646112207028	418	3	14	14
6543731646112207028	419	14	13	16
6543731646112207028	420	0	13	1
6543731646112207028	421	4	4	16
6543731646112207028	422	17	0	7
6543731646112207028	423	3	19	1
6543731646112207028	424	1	9	9
6543731646112207028	425	9	13	11
6543731646112207028	426	14	0	7
6543731646112207028	427	3	2	1
6543731646112207028	428	13	13	13
6543731646112207028	429	16	6	6
6543731646112207028	430	19	13	11
6543731646112207028	431	7	13	7
6543731646112207028	432	3	14	15
6543731646112207028	433	6	6	16
6543731646112207028	434	13	11	13
6543731646112207028	435	9	13	13
6543731646112207028	436	1	1	1
6543731646112207028	437	4	4	13
6543731646112207028	438	7	7	7
6543731646112207028	439	1	13	1
6543731646112207028	440	18	18	11
6543731646112207028	441	5	5	13
6543731646112207028	442	11	11	11
6543731646112207028	443	15	2	14
6543731646112207028	444	3	2	3
6543731646112207028	445	13	13	9
6543731646112207028	446	9	13	9
6543731646112207028	447	0	13	17
6543731646112207028	448	6	6	16
6543731646112207028	449	18	18	11
6543731646112207028	450	10	14	10
6543731646112207028	451	11	13	11
6543731646112207028	452	6	6	16
6543731646112207028	453	4	4	14
6543731646112207028	454	16	16	8
6543731646112207028	455	9	13	9
6543731646112207028	456	5	18	11
6543731646112207028	457	10	10	1
6543731646112207028	458	7	13	11
6543731646112207028	459	9	11	1
6543731646112207028	460	13	13	3
6543731646112207028	461	2	14	15
6543731646112207028	462	4	4	5
6543731646112207028	463	13	5	13
6543731646112207028	464	16	8	16
6543731646112207028	465	11	13	11
6543731646112207028	466	6	6	16
6543731646112207028	467	0	1	0
6543731646112207028	468	12	13	7
6543731646112207028	469	10	14	10
6543731646112207028	470	12	7	12
6543731646112207028	471	12	7	12
6543731646112207028	472	14	14	17
6543731646112207028	473	3	8	8
6543731646112207028	474	12	13	13
6543731646112207028	475	17	9	1
6543731646112207028	476	14	13	15
6543731646112207028	477	1	0	13
6543731646112207028	478	11	13	11
6543731646112207028	479	11	13	11
6543731646112207028	480	19	9	9
6543731646112207028	481	16	16	16
6543731646112207028	482	0	0	17
6543731646112207028	483	17	17	17
6543731646112207028	484	8	8	8
6543731646112207028	485	2	14	2
6543731646112207028	486	15	2	14
6543731646112207028	487	0	0	1
6543731646112207028	488	5	18	5
6543731646112207028	489	18	11	18
6543731646112207028	490	10	10	1
6543731646112207028	491	10	2	10
6543731646112207028	492	2	2	2
6543731646112207028	493	5	13	13
6543731646112207028	494	18	18	11
6543731646112207028	495	0	13	17
6543731646112207028	496	7	13	15
6543731646112207028	497	1	9	9
6543731646112207028	498	12	16	12
6543731646112207028	499	8	8	16
6543731646112207028	500	18	18	11
6543731646112207028	501	19	13	5
6543731646112207028	502	17	17	0
6543731646112207028	503	1	13	13
6543731646112207028	504	11	13	11
6543731646112207028	505	5	18	5
6543731646112207028	506	8	8	8
6543731646112207028	507	3	10	10
6543731646112207028	508	17	17	0
6543731646112207028	509	18	18	18
6543731646112207028	510	1	13	9
6543731646112207028	511	13	9	13
6543731646112207028	512	17	2	17
6543731646112207028	513	17	10	17
6543731646112207028	514	5	5	13
6543731646112207028	515	18	18	11
6543731646112207028	516	5	5	13
6543731646112207028	517	19	13	1
6543731646112207028	518	15	14	4
6543731646112207028	519	4	4	13
6543731646112207028	520	17	17	1
6543731646112207028	521	17	0	17
6543731646112207028	522	0	14	17
6543731646112207028	523	15	15	7
6543731646112207028	524	10	14	10
6543731646112207028	525	19	19	9
6543731646112207028	526	2	14	14
6543731646112207028	527	5	9	7
6543731646112207028	528	10	13	19
6543731646112207028	529	15	14	6
6543731646112207028	530	19	9	10
6543731646112207028	531	13	13	7
6543731646112207028	532	3	8	9
6543731646112207028	533	12	11	12
6543731646112207028	534	12	13	7
6543731646112207028	535	4	4	4
6543731646112207028	536	7	13	12
6543731646112207028	537	7	13	0
6543731646112207028	538	5	1	13
6543731646112207028	539	3	2	2
6543731646112207028	540	8	8	8
6543731646112207028	541	6	6	6
6543731646112207028	542	9	13	13
6543731646112207028	543	19	13	9
6543731646112207028	544	14	14	14
6543731646112207028	545	15	15	15
6543731646112207028	546	5	2	11
6543731646112207028	547	8	8	11
6543731646112207028	548	13	13	13
6543731646112207028	549	18	18	11
6543731646112207028	550	16	16	16
6543731646112207028	551	11	11	11
6543731646112207028	552	6	6	16
6543731646112207028	553	4	5	7
6543731646112207028	554	8	8	8
6543731646112207028	555	10	14	10
6543731646112207028	556	14	14	14
6543731646112207028	557	17	17	0
6543731646112207028	558	16	16	16
6543731646112207028	559	10	14	19
6543731646112207028	560	12	13	11
6543731646112207028	561	7	9	13
6543731646112207028	562	4	4	5
6543731646112207028	563	6	6	16
6543731646112207028	564	6	6	6
6543731646112207028	565	3	2	14
6543731646112207028	566	4	4	5
6543731646112207028	567	6	8	8
6543731646112207028	568	5	5	13
6543731646112207028	569	17	10	17
6543731646112207028	570	19	13	9
6543731646112207028	571	13	13	13
6543731646112207028	572	19	10	19
6543731646112207028	573	10	10	0
6543731646112207028	574	19	14	19
6543731646112207028	575	19	14	19
6543731646112207028	576	13	13	13
6543731646112207028	577	3	17	10
6543731646112207028	578	14	13	11
6543731646112207028	579	12	12	7
6543731646112207028	580	10	10	17
6543731646112207028	581	3	8	8
6543731646112207028	582	16	8	16
6543731646112207028	583	7	13	13
6543731646112207028	584	12	13	7
6543731646112207028	585	11	11	11
6543731646112207028	586	1	19	19
6543731646112207028	587	19	19	9
6543731646112207028	588	4	4	7
6543731646112207028	589	12	11	11
6543731646112207028	590	11	13	11
6543731646112207028	591	12	12	7
6543731646112207028	592	11	13	11
6543731646112207028	593	9	13	11
6543731646112207028	594	2	2	2
6543731646112207028	595	6	6	6
6543731646112207028	596	17	7	0
6543731646112207028	597	15	2	2
6543731646112207028	598	18	18	13
6543731646112207028	599	16	16	16
6543731646112207028	600	8	8	8
6543731646112207028	601	15	2	15
6543731646112207028	602	3	14	15
6543731646112207028	603	7	7	7
6543731646112207028	604	17	10	19
6543731646112207028	605	17	10	19
6543731646112207028	606	1	13	1
6543731646112207028	607	5	9	5
6543731646112207028	608	2	2	2
6543731646112207028	609	18	18	18
6543731646112207028	610	17	2	14
6543731646112207028	611	8	8	8
6543731646112207028	612	10	10	1
6543731646112207028	613	12	7	16
6543731646112207028	614	19	19	1
6543731646112207028	615	13	13	13
6543731646112207028	616	10	10	8
6543731646112207028	617	15	14	0
6543731646112207028	618	6	6	0
6543731646112207028	619	8	8	8
6543731646112207028	620	4	4	10
6543731646112207028	621	2	2	2
6543731646112207028	622	15	2	6
6543731646112207028	623	9	13	9
6543731646112207028	624	4	4	14
6543731646112207028	625	14	2	8
6543731646112207028	626	9	13	13
6543731646112207028	627	13	9	13
6543731646112207028	628	18	18	18
6543731646112207028	629	9	9	9
6543731646112207028	630	2	14	15
6543731646112207028	631	12	13	11
6543731646112207028	632	15	14	15
6543731646112207028	633	17	1	1
6543731646112207028	634	11	13	11
6543731646112207028	635	7	9	7
6543731646112207028	636	8	8	11
6543731646112207028	637	9	9	9
6543731646112207028	638	9	9	9
6543731646112207028	639	2	2	2
6543731646112207028	640	13	13	9
6543731646112207028	641	10	2	10
6543731646112207028	642	5	5	11
6543731646112207028	643	18	18	13
6543731646112207028	644	8	8	8
6543731646112207028	645	10	10	14
6543731646112207028	646	6	6	6
6543731646112207028	647	6	6	6
6543731646112207028	648	11	13	11
6543731646112207028	649	4	4	13
6543731646112207028	650	3	2	3
6543731646112207028	651	6	6	6
6543731646112207028	652	19	19	9
6543731646112207028	653	0	0	17
6543731646112207028	654	9	13	9
6543731646112207028	655	5	9	18
6543731646112207028	656	8	8	8
6543731646112207028	657	12	13	9
6543731646112207028	658	0	13	17
6543731646112207028	659	8	14	4
6543731646112207028	660	12	13	7
6543731646112207028	661	13	13	1
6543731646112207028	662	12	12	12
6543731646112207028	663	19	9	7
6543731646112207028	664	9	9	9
6543731646112207028	665	17	17	1
6543731646112207028	666	12	13	7
6543731646112207028	667	16	16	16
6543731646112207028	668	4	4	4
6543731646112207028	669	16	8	16
6543731646112207028	670	17	10	10
6543731646112207028	671	8	8	8
6543731646112207028	672	16	16	16
6543731646112207028	673	5	5	18
6543731646112207028	674	0	0	17
6543731646112207028	675	13	13	1
6543731646112207028	676	9	9	9
6543731646112207028	677	2	14	14
6543731646112207028	678	1	13	13
6543731646112207028	679	1	9	9
6543731646112207028	680	10	14	10
6543731646112207028	681	8	8	2
6543731646112207028	682	3	14	9
6543731646112207028	683	19	19	9
6543731646112207028	684	18	18	13
6543731646112207028	685	9	9	1
6543731646112207028	686	13	13	13
6543731646112207028	687	12	9	7
6543731646112207028	688	2	2	2
6543731646112207028	689	3	14	15
6543731646112207028	690	8	8	8
6543731646112207028	691	8	8	8
6543731646112207028	692	18	18	11
6543731646112207028	693	1	9	1
6543731646112207028	694	8	8	8
6543731646112207028	695	8	14	14
6543731646112207028	696	9	9	9
6543731646112207028	697	12	13	7
6543731646112207028	698	4	4	4
6543731646112207028	699	6	6	16
6543731646112207028	700	13	13	13
6543731646112207028	701	19	9	1
6543731646112207028	702	16	16	16
6543731646112207028	703	11	13	11
6543731646112207028	704	8	8	8
6543731646112207028	705	17	1	1
6543731646112207028	706	14	14	0
6543731646112207028	707	1	1	1
6543731646112207028	708	11	9	11
6543731646112207028	709	5	13	13
6543731646112207028	710	4	4	13
6543731646112207028	711	11	13	11
6543731646112207028	712	2	2	2
6543731646112207028	713	14	0	14
6543731646112207028	714	11	13	11
6543731646112207028	715	11	7	11
6543731646112207028	716	11	11	11
6543731646112207028	717	3	10	14
6543731646112207028	718	9	13	13
6543731646112207028	719	18	18	11
6543731646112207028	720	11	7	11
6543731646112207028	721	0	13	1
6543731646112207028	722	6	6	16
6543731646112207028	723	10	2	10
6543731646112207028	724	13	13	9
6543731646112207028	725	10	14	3
6543731646112207028	726	18	18	18
6543731646112207028	727	5	13	13
6543731646112207028	728	3	14	9
6543731646112207028	729	19	19	19
6543731646112207028	730	10	14	3
6543731646112207028	731	1	13	1
6543731646112207028	732	2	14	1
6543731646112207028	733	1	9	9
6543731646112207028	734	7	13	13
6543731646112207028	735	13	13	9
6543731646112207028	736	2	2	2
6543731646112207028	737	6	6	6
6543731646112207028	738	17	10	17
6543731646112207028	739	2	2	2
6543731646112207028	740	3	2	15
6543731646112207028	741	13	13	9
6543731646112207028	742	11	7	11
6543731646112207028	743	9	9	9
6543731646112207028	744	0	14	17
6543731646112207028	745	0	14	0
6543731646112207028	746	17	0	7
6543731646112207028	747	2	2	2
6543731646112207028	748	12	13	13
6543731646112207028	749	0	1	1
6543731646112207028	750	12	9	7
6543731646112207028	751	4	4	5
6543731646112207028	752	15	1	8
6543731646112207028	753	12	13	7
6543731646112207028	754	10	14	19
6543731646112207028	755	1	9	1
6543731646112207028	756	19	19	10
6543731646112207028	757	3	0	0
6543731646112207028	758	0	10	1
6543731646112207028	759	7	13	0
6543731646112207028	760	19	14	9
6543731646112207028	761	0	14	10
6543731646112207028	762	4	4	13
6543731646112207028	763	0	19	17
6543731646112207028	764	16	16	16
6543731646112207028	765	9	9	9
6543731646112207028	766	15	14	8
6543731646112207028	767	18	18	11
6543731646112207028	768	4	4	13
6543731646112207028	769	2	2	14
6543731646112207028	770	15	2	14
6543731646112207028	771	4	4	13
6543731646112207028	772	0	0	17
6543731646112207028	773	5	13	7
6543731646112207028	774	8	8	8
6543731646112207028	775	12	1	7
6543731646112207028	776	6	6	7
6543731646112207028	777	17	3	9
6543731646112207028	778	19	13	10
6543731646112207028	779	12	16	7
6543731646112207028	780	19	14	10
6543731646112207028	781	10	10	17
6543731646112207028	782	17	0	1
6543731646112207028	783	16	8	16
6543731646112207028	784	7	7	7
6543731646112207028	785	17	10	14
6543731646112207028	786	7	13	7
6543731646112207028	787	15	2	3
6543731646112207028	788	11	7	11
6543731646112207028	789	8	8	8
6543731646112207028	790	5	15	13
6543731646112207028	791	8	8	15
6543731646112207028	792	6	6	7
6543731646112207028	793	18	18	11
6543731646112207028	794	13	13	13
6543731646112207028	795	19	13	1
6543731646112207028	796	5	5	13
6543731646112207028	797	3	2	15
6543731646112207028	798	12	16	12
6543731646112207028	799	12	13	11
6543731646112207028	800	1	9	1
6543731646112207028	801	13	9	13
6543731646112207028	802	7	7	7
6543731646112207028	803	9	9	9
6543731646112207028	804	1	1	1
6543731646112207028	805	0	13	1
6543731646112207028	806	5	5	13
6543731646112207028	807	15	2	3
6543731646112207028	808	13	13	13
6543731646112207028	809	0	0	0
6543731646112207028	810	1	9	1
6543731646112207028	811	11	13	11
6543731646112207028	812	7	13	7
6543731646112207028	813	11	11	11
6543731646112207028	814	1	9	1
6543731646112207028	815	14	14	14
6543731646112207028	816	10	10	17
6543731646112207028	817	1	1	10
6543731646112207028	818	19	1	9
6543731646112207028	819	17	9	1
6543731646112207028	820	17	10	17
6543731646112207028	821	14	16	13
6543731646112207028	822	7	11	7
6543731646112207028	823	11	13	11
6543731646112207028	824	5	18	13
6543731646112207028	825	8	8	8
6543731646112207028	826	2	14	8
6543731646112207028	827	2	14	2
6543731646112207028	828	16	16	16
6543731646112207028	829	9	9	1
6543731646112207028	830	16	16	16
6543731646112207028	831	19	13	7
6543731646112207028	832	2	2	2
6543731646112207028	833	9	13	9
6543731646112207028	834	12	12	12
6543731646112207028	835	17	13	1
6543731646112207028	836	13	13	7
6543731646112207028	837	19	13	1
6543731646112207028	838	16	16	16
6543731646112207028	839	1	7	1
6543731646112207028	840	10	1	1
6543731646112207028	841	17	9	1
6543731646112207028	842	11	13	16
6543731646112207028	843	18	18	18
6543731646112207028	844	11	11	11
6543731646112207028	845	13	13	13
6543731646112207028	846	13	13	13
6543731646112207028	847	3	14	3
6543731646112207028	848	17	2	7
6543731646112207028	849	10	0	10
6543731646112207028	850	18	18	11
6543731646112207028	851	16	16	16
6543731646112207028	852	0	0	17
6543731646112207028	853	16	16	16
6543731646112207028	854	15	2	14
6543731646112207028	855	4	4	17
6543731646112207028	856	5	13	13
6543731646112207028	857	18	18	18
6543731646112207028	858	15	2	17
6543731646112207028	859	3	2	15
6543731646112207028	860	4	4	14
6543731646112207028	861	19	19	9
6543731646112207028	862	2	14	15
6543731646112207028	863	16	8	16
6543731646112207028	864	12	1	7
6543731646112207028	865	5	5	11
6543731646112207028	866	14	14	15
6543731646112207028	867	12	7	12
6543731646112207028	868	11	18	11
6543731646112207028	869	2	14	7
6543731646112207028	870	17	10	17
6543731646112207028	871	2	14	2
6543731646112207028	872	1	19	1
6543731646112207028	873	12	13	12
6543731646112207028	874	14	15	3
6543731646112207028	875	18	18	11
6543731646112207028	876	6	6	6
6543731646112207028	877	9	9	9
6543731646112207028	878	13	13	13
6543731646112207028	879	3	19	14
6543731646112207028	880	0	14	17
6543731646112207028	881	17	13	17
6543731646112207028	882	16	8	11
6543731646112207028	883	2	2	2
6543731646112207028	884	2	2	2
6543731646112207028	885	17	10	17
6543731646112207028	886	2	2	2
6543731646112207028	887	6	6	0
6543731646112207028	888	19	13	1
6543731646112207028	889	18	18	13
6543731646112207028	890	19	13	1
6543731646112207028	891	7	13	7
6543731646112207028	892	17	17	0
6543731646112207028	893	7	13	13
6543731646112207028	894	19	13	10
6543731646112207028	895	18	18	11
6543731646112207028	896	4	4	3
6543731646112207028	897	2	14	7
6543731646112207028	898	1	7	1
6543731646112207028	899	4	4	5
6543731646112207028	900	13	13	13
6543731646112207028	901	12	13	7
6543731646112207028	902	16	16	16
6543731646112207028	903	19	13	10
6543731646112207028	904	11	13	11
6543731646112207028	905	10	10	1
6543731646112207028	906	19	9	0
6543731646112207028	907	12	13	13
6543731646112207028	908	11	11	11
6543731646112207028	909	6	6	6
6543731646112207028	910	2	2	2
6543731646112207028	911	2	14	17
6543731646112207028	912	15	2	8
6543731646112207028	913	8	8	8
6543731646112207028	914	5	18	18
6543731646112207028	915	18	18	13
6543731646112207028	916	14	4	14
6543731646112207028	917	18	18	11
6543731646112207028	918	2	2	0
6543731646112207028	919	15	14	15
6543731646112207028	920	3	2	19
6543731646112207028	921	11	11	11
6543731646112207028	922	10	10	8
6543731646112207028	923	1	13	1
6543731646112207028	924	16	16	16
6543731646112207028	925	15	2	14
6543731646112207028	926	2	2	2
6543731646112207028	927	14	14	14
6543731646112207028	928	9	13	9
6543731646112207028	929	10	2	1
6543731646112207028	930	0	0	17
6543731646112207028	931	8	8	10
6543731646112207028	932	2	2	2
6543731646112207028	933	18	11	11
6543731646112207028	934	18	18	18
6543731646112207028	935	15	14	7
6543731646112207028	936	1	13	9
6543731646112207028	937	11	11	11
6543731646112207028	938	7	13	7
6543731646112207028	939	5	18	18
6543731646112207028	940	19	14	19
6543731646112207028	941	5	18	5
6543731646112207028	942	12	9	12
6543731646112207028	943	10	10	10
6543731646112207028	944	8	8	8
6543731646112207028	945	7	13	7
6543731646112207028	946	19	13	1
6543731646112207028	947	18	18	13
6543731646112207028	948	14	14	6
6543731646112207028	949	10	2	3
6543731646112207028	950	16	8	16
6543731646112207028	951	10	10	8
6543731646112207028	952	18	18	13
6543731646112207028	953	14	13	13
6543731646112207028	954	14	13	14
6543731646112207028	955	17	1	17
6543731646112207028	956	17	10	17
6543731646112207028	957	6	6	6
6543731646112207028	958	10	10	1
6543731646112207028	959	9	13	13
6543731646112207028	960	17	0	1
6543731646112207028	961	7	13	7
6543731646112207028	962	15	2	14
6543731646112207028	963	14	2	14
6543731646112207028	964	11	11	11
6543731646112207028	965	7	13	11
6543731646112207028	966	13	13	1
6543731646112207028	967	8	8	8
6543731646112207028	968	10	4	10
6543731646112207028	969	15	4	15
6543731646112207028	970	3	2	3
6543731646112207028	971	6	6	6
6543731646112207028	972	18	18	11
6543731646112207028	973	19	13	7
6543731646112207028	974	5	13	7
6543731646112207028	975	2	14	7
6543731646112207028	976	12	16	7
6543731646112207028	977	2	2	3
6543731646112207028	978	14	13	4
6543731646112207028	979	3	14	9
6543731646112207028	980	3	8	14
6543731646112207028	981	10	10	1
6543731646112207028	982	2	14	16
6543731646112207028	983	14	0	17
6543731646112207028	984	14	0	2
6543731646112207028	985	15	1	7
6543731646112207028	986	5	18	5
6543731646112207028	987	10	0	2
6543731646112207028	988	4	4	11
6543731646112207028	989	14	0	14
6543731646112207028	990	17	3	17
6543731646112207028	991	13	13	13
6543731646112207028	992	1	9	1
6543731646112207028	993	18	18	18
6543731646112207028	994	19	13	1
6543731646112207028	995	12	7	7
6543731646112207028	996	13	5	11
6543731646112207028	997	16	6	16
6543731646112207028	998	14	0	8
6543731646112207028	999	17	2	0
6543731646112207028	1000	18	18	11
6543731646112207028	1001	13	9	13
6543731646112207028	1002	13	13	7
6543731646112207028	1003	12	12	7
6543731646112207028	1004	10	14	10
6543731646112207028	1005	7	13	12
6543731646112207028	1006	6	6	6
6543731646112207028	1007	17	17	17
6543731646112207028	1008	8	8	8
6543731646112207028	1009	7	7	7
6543731646112207028	1010	0	13	17
6543731646112207028	1011	16	16	16
6543731646112207028	1012	4	4	15
6543731646112207028	1013	9	13	11
6543731646112207028	1014	19	13	19
6543731646112207028	1015	6	6	16
6543731646112207028	1016	15	2	14
6543731646112207028	1017	4	4	13
6543731646112207028	1018	19	14	10
6543731646112207028	1019	5	18	18
6543731646112207028	1020	14	14	14
6543731646112207028	1021	1	13	1
6543731646112207028	1022	3	10	17
6543731646112207028	1023	3	1	10
6543731646112207028	1024	10	10	1
6543731646112207028	1025	9	9	9
6543731646112207028	1026	15	14	16
6543731646112207028	1027	1	9	19
6543731646112207028	1028	9	13	13
6543731646112207028	1029	2	14	2
6543731646112207028	1030	3	2	19
6543731646112207028	1031	6	6	6
6543731646112207028	1032	18	18	13
6543731646112207028	1033	18	18	11
6543731646112207028	1034	7	13	7
6543731646112207028	1035	15	15	7
6543731646112207028	1036	9	9	1
6543731646112207028	1037	5	9	13
6543731646112207028	1038	1	13	7
6543731646112207028	1039	12	11	7
6543731646112207028	1040	9	13	9
6543731646112207028	1041	9	9	9
6543731646112207028	1042	13	13	9
6543731646112207028	1043	16	8	16
6543731646112207028	1044	11	16	11
6543731646112207028	1045	6	6	0
6543731646112207028	1046	1	19	1
6543731646112207028	1047	5	18	13
6543731646112207028	1048	5	13	9
6543731646112207028	1049	12	13	7
6543731646112207028	1050	2	2	0
6543731646112207028	1051	6	6	6
6543731646112207028	1052	11	13	11
6543731646112207028	1053	12	13	12
6543731646112207028	1054	16	8	8
6543731646112207028	1055	10	14	10
6543731646112207028	1056	11	11	11
6543731646112207028	1057	0	0	9
6543731646112207028	1058	7	7	0
6543731646112207028	1059	10	10	8
6543731646112207028	1060	2	14	14
6543731646112207028	1061	6	6	16
6543731646112207028	1062	13	13	13
6543731646112207028	1063	14	14	3
6543731646112207028	1064	16	16	16
6543731646112207028	1065	19	13	8
6543731646112207028	1066	2	14	14
6543731646112207028	1067	18	18	11
6543731646112207028	1068	17	0	10
6543731646112207028	1069	7	13	5
6543731646112207028	1070	4	4	13
6543731646112207028	1071	16	8	16
6543731646112207028	1072	13	13	13
6543731646112207028	1073	8	8	8
6543731646112207028	1074	14	4	16
6543731646112207028	1075	10	10	8
6543731646112207028	1076	4	4	7
6543731646112207028	1077	5	18	13
6543731646112207028	1078	12	5	12
6543731646112207028	1079	0	0	17
6543731646112207028	1080	1	9	9
6543731646112207028	1081	2	2	2
6543731646112207028	1082	11	13	11
6543731646112207028	1083	14	14	16
6543731646112207028	1084	16	8	16
6543731646112207028	1085	3	10	15
6543731646112207028	1086	1	1	14
6543731646112207028	1087	9	13	9
6543731646112207028	1088	10	14	10
6543731646112207028	1089	14	13	13
6543731646112207028	1090	12	13	13
6543731646112207028	1091	5	5	5
6543731646112207028	1092	4	9	8
6543731646112207028	1093	2	2	2
6543731646112207028	1094	6	6	16
6543731646112207028	1095	6	6	16
6543731646112207028	1096	14	0	2
6543731646112207028	1097	10	0	15
6543731646112207028	1098	4	4	13
6543731646112207028	1099	13	13	5
6543731646112207028	1100	18	18	11
6543731646112207028	1101	0	0	17
6543731646112207028	1102	16	6	16
6543731646112207028	1103	2	2	2
6543731646112207028	1104	19	19	9
6543731646112207028	1105	0	13	0
6543731646112207028	1106	8	8	8
6543731646112207028	1107	12	13	13
6543731646112207028	1108	10	10	10
6543731646112207028	1109	19	13	1
6543731646112207028	1110	7	13	12
6543731646112207028	1111	11	16	4
6543731646112207028	1112	13	13	13
6543731646112207028	1113	9	13	9
6543731646112207028	1114	1	1	1
6543731646112207028	1115	14	14	15
6543731646112207028	1116	0	0	7
6543731646112207028	1117	0	0	1
6543731646112207028	1118	1	13	13
6543731646112207028	1119	19	19	19
6543731646112207028	1120	12	13	11
6543731646112207028	1121	10	2	10
6543731646112207028	1122	6	6	6
6543731646112207028	1123	6	6	6
6543731646112207028	1124	17	2	17
6543731646112207028	1125	9	13	9
6543731646112207028	1126	18	18	7
6543731646112207028	1127	4	4	4
6543731646112207028	1128	10	10	4
6543731646112207028	1129	5	18	13
6543731646112207028	1130	18	18	11
6543731646112207028	1131	16	6	16
6543731646112207028	1132	15	2	6
6543731646112207028	1133	1	13	1
6543731646112207028	1134	11	11	11
6543731646112207028	1135	16	16	16
6543731646112207028	1136	8	8	8
6543731646112207028	1137	11	9	13
6543731646112207028	1138	11	13	11
6543731646112207028	1139	5	9	11
6543731646112207028	1140	1	9	1
6543731646112207028	1141	1	13	1
6543731646112207028	1142	4	4	4
6543731646112207028	1143	8	8	8
6543731646112207028	1144	11	13	11
6543731646112207028	1145	18	18	11
6543731646112207028	1146	14	0	14
6543731646112207028	1147	0	4	17
6543731646112207028	1148	18	18	13
6543731646112207028	1149	5	18	13
6543731646112207028	1150	15	14	5
6543731646112207028	1151	17	0	0
6543731646112207028	1152	14	14	14
6543731646112207028	1153	16	16	7
6543731646112207028	1154	13	9	7
6543731646112207028	1155	8	2	8
6543731646112207028	1156	13	13	13
6543731646112207028	1157	17	17	17
6543731646112207028	1158	11	13	11
6543731646112207028	1159	0	13	17
6543731646112207028	1160	18	18	11
6543731646112207028	1161	7	11	7
6543731646112207028	1162	18	18	11
6543731646112207028	1163	19	13	11
6543731646112207028	1164	6	6	0
6543731646112207028	1165	18	18	11
6543731646112207028	1166	10	0	10
6543731646112207028	1167	16	16	11
6543731646112207028	1168	12	5	12
6543731646112207028	1169	0	7	7
6543731646112207028	1170	13	13	9
6543731646112207028	1171	3	3	0
6543731646112207028	1172	19	13	1
6543731646112207028	1173	0	0	17
6543731646112207028	1174	16	16	16
6543731646112207028	1175	8	8	8
6543731646112207028	1176	4	4	13
6543731646112207028	1177	17	0	1
6543731646112207028	1178	8	8	8
6543731646112207028	1179	6	6	6
6543731646112207028	1180	7	13	13
6543731646112207028	1181	8	8	8
6543731646112207028	1182	10	14	1
6543731646112207028	1183	5	5	13
6543731646112207028	1184	10	10	1
6543731646112207028	1185	18	18	18
6543731646112207028	1186	18	18	11
6543731646112207028	1187	9	13	13
6543731646112207028	1188	15	2	14
6543731646112207028	1189	18	18	11
6543731646112207028	1190	19	1	9
6543731646112207028	1191	5	5	13
6543731646112207028	1192	13	13	1
6543731646112207028	1193	18	18	11
6543731646112207028	1194	13	13	13
6543731646112207028	1195	0	13	3
6543731646112207028	1196	17	9	17
6543731646112207028	1197	5	5	11
6543731646112207028	1198	4	4	14
6543731646112207028	1199	16	16	16
6543731646112207028	1200	17	10	17
6543731646112207028	1201	6	6	6
6543731646112207028	1202	9	13	9
6543731646112207028	1203	18	18	11
6543731646112207028	1204	14	13	14
6543731646112207028	1205	16	6	16
6543731646112207028	1206	12	13	11
6543731646112207028	1207	18	18	11
6543731646112207028	1208	14	14	15
6543731646112207028	1209	3	14	9
6543731646112207028	1210	8	8	8
6543731646112207028	1211	2	2	2
6543731646112207028	1212	14	4	7
6543731646112207028	1213	10	1	1
6543731646112207028	1214	13	13	1
6543731646112207028	1215	7	13	5
6543731646112207028	1216	15	2	15
6543731646112207028	1217	3	2	3
6543731646112207028	1218	13	13	9
6543731646112207028	1219	10	14	17
6543731646112207028	1220	3	2	10
6543731646112207028	1221	15	2	3
6543731646112207028	1222	5	13	5
6543731646112207028	1223	16	16	6
6543731646112207028	1224	1	13	1
6543731646112207028	1225	1	9	1
6543731646112207028	1226	6	6	16
6543731646112207028	1227	11	4	11
6543731646112207028	1228	0	0	13
6543731646112207028	1229	5	18	13
6543731646112207028	1230	5	5	13
6543731646112207028	1231	6	6	6
6543731646112207028	1232	15	2	14
6543731646112207028	1233	13	13	9
6543731646112207028	1234	7	13	7
6543731646112207028	1235	18	18	11
6543731646112207028	1236	1	13	13
6543731646112207028	1237	2	2	2
6543731646112207028	1238	3	14	17
6543731646112207028	1239	7	13	7
6543731646112207028	1240	18	18	11
6543731646112207028	1241	10	14	10
6543731646112207028	1242	18	18	11
6543731646112207028	1243	3	14	15
6543731646112207028	1244	19	4	9
6543731646112207028	1245	11	7	11
6543731646112207028	1246	12	12	12
6543731646112207028	1247	4	4	13
6543731646112207028	1248	14	14	8
6543731646112207028	1249	7	9	12
6543731646112207028	1250	0	0	15
6543731646112207028	1251	7	13	12
6543731646112207028	1252	5	5	13
6543731646112207028	1253	3	14	15
6543731646112207028	1254	5	18	13
6543731646112207028	1255	2	2	2
6543731646112207028	1256	7	13	0
6543731646112207028	1257	3	14	2
6543731646112207028	1258	7	13	13
6543731646112207028	1259	13	9	13
6543731646112207028	1260	11	13	5
6543731646112207028	1261	11	13	11
6543731646112207028	1262	8	8	8
6543731646112207028	1263	7	13	7
6543731646112207028	1264	16	8	16
6543731646112207028	1265	10	10	1
6543731646112207028	1266	15	15	7
6543731646112207028	1267	15	2	0
6543731646112207028	1268	1	1	10
6543731646112207028	1269	14	13	14
6543731646112207028	1270	3	17	15
6543731646112207028	1271	13	13	7
6543731646112207028	1272	1	0	10
6543731646112207028	1273	4	4	19
6543731646112207028	1274	12	13	11
6543731646112207028	1275	7	7	7
6543731646112207028	1276	1	1	1
6543731646112207028	1277	13	13	13
6543731646112207028	1278	17	10	17
6543731646112207028	1279	6	6	6
6543731646112207028	1280	10	14	10
6543731646112207028	1281	6	6	6
6543731646112207028	1282	1	13	9
6543731646112207028	1283	19	13	9
6543731646112207028	1284	13	13	13
6543731646112207028	1285	11	7	11
6543731646112207028	1286	4	4	1
6543731646112207028	1287	19	13	13
6543731646112207028	1288	16	8	16
6543731646112207028	1289	16	8	16
6543731646112207028	1290	11	11	11
6543731646112207028	1291	10	14	1
6543731646112207028	1292	0	13	7
6543731646112207028	1293	16	16	16
6543731646112207028	1294	1	13	9
6543731646112207028	1295	8	8	11
6543731646112207028	1296	16	8	16
6543731646112207028	1297	12	12	7
6543731646112207028	1298	10	14	10
6543731646112207028	1299	0	13	17
6543731646112207028	1300	5	18	5
6543731646112207028	1301	8	8	8
6543731646112207028	1302	6	6	6
6543731646112207028	1303	9	9	9
6543731646112207028	1304	6	6	6
6543731646112207028	1305	13	9	13
6543731646112207028	1306	9	13	11
6543731646112207028	1307	10	14	10
6543731646112207028	1308	15	2	15
6543731646112207028	1309	10	10	7
6543731646112207028	1310	14	4	14
6543731646112207028	1311	6	6	6
6543731646112207028	1312	19	13	1
6543731646112207028	1313	15	14	15
6543731646112207028	1314	12	13	13
6543731646112207028	1315	8	8	8
6543731646112207028	1316	13	13	7
6543731646112207028	1317	17	7	1
6543731646112207028	1318	12	13	11
6543731646112207028	1319	9	13	13
6543731646112207028	1320	7	13	7
6543731646112207028	1321	6	6	16
6543731646112207028	1322	8	8	8
6543731646112207028	1323	14	13	16
6543731646112207028	1324	2	2	2
6543731646112207028	1325	18	18	18
6543731646112207028	1326	1	9	9
6543731646112207028	1327	7	13	9
6543731646112207028	1328	7	13	7
6543731646112207028	1329	15	15	16
6543731646112207028	1330	3	14	15
6543731646112207028	1331	6	6	16
6543731646112207028	1332	12	16	12
6543731646112207028	1333	2	10	17
6543731646112207028	1334	19	13	1
6543731646112207028	1335	3	15	15
6543731646112207028	1336	5	5	13
6543731646112207028	1337	14	0	11
6543731646112207028	1338	6	6	6
6543731646112207028	1339	19	13	11
6543731646112207028	1340	12	7	7
6543731646112207028	1341	10	14	10
6543731646112207028	1342	17	0	1
6543731646112207028	1343	10	14	17
6543731646112207028	1344	13	13	13
6543731646112207028	1345	14	14	13
6543731646112207028	1346	4	4	13
6543731646112207028	1347	11	11	13
6543731646112207028	1348	18	18	18
6543731646112207028	1349	11	13	11
6543731646112207028	1350	14	14	0
6543731646112207028	1351	2	14	7
6543731646112207028	1352	17	17	17
6543731646112207028	1353	18	18	11
6543731646112207028	1354	0	0	17
6543731646112207028	1355	3	17	17
6543731646112207028	1356	8	8	8
6543731646112207028	1357	17	9	1
6543731646112207028	1358	2	2	2
6543731646112207028	1359	18	18	11
6543731646112207028	1360	1	13	11
6543731646112207028	1361	7	13	12
6543731646112207028	1362	4	4	13
6543731646112207028	1363	10	0	1
6543731646112207028	1364	8	8	16
6543731646112207028	1365	9	9	1
6543731646112207028	1366	3	2	15
6543731646112207028	1367	3	10	7
6543731646112207028	1368	1	13	7
6543731646112207028	1369	6	6	6
6543731646112207028	1370	15	14	15
6543731646112207028	1371	14	0	15
6543731646112207028	1372	12	13	7
6543731646112207028	1373	10	14	10
6543731646112207028	1374	16	8	16
6543731646112207028	1375	11	13	11
6543731646112207028	1376	3	8	3
6543731646112207028	1377	8	8	13
6543731646112207028	1378	0	13	9
6543731646112207028	1379	15	14	15
6543731646112207028	1380	7	13	5
6543731646112207028	1381	8	8	8
6543731646112207028	1382	15	2	3
6543731646112207028	1383	9	13	13
6543731646112207028	1384	0	14	17
6543731646112207028	1385	17	17	1
6543731646112207028	1386	18	18	11
6543731646112207028	1387	3	2	3
6543731646112207028	1388	1	9	9
6543731646112207028	1389	0	14	17
6543731646112207028	1390	4	4	13
6543731646112207028	1391	1	13	13
6543731646112207028	1392	15	14	16
6543731646112207028	1393	16	16	16
6543731646112207028	1394	9	13	13
6543731646112207028	1395	9	13	11
6543731646112207028	1396	14	14	14
6543731646112207028	1397	3	17	14
6543731646112207028	1398	5	18	13
6543731646112207028	1399	6	6	16
6543731646112207028	1400	3	19	10
6543731646112207028	1401	16	16	14
6543731646112207028	1402	6	6	16
6543731646112207028	1403	18	18	18
6543731646112207028	1404	16	16	16
6543731646112207028	1405	12	13	12
6543731646112207028	1406	6	6	16
6543731646112207028	1407	3	2	5
6543731646112207028	1408	7	13	11
6543731646112207028	1409	13	13	13
6543731646112207028	1410	19	13	9
6543731646112207028	1411	10	0	17
6543731646112207028	1412	11	13	11
6543731646112207028	1413	19	14	10
6543731646112207028	1414	9	9	9
6543731646112207028	1415	15	14	14
6543731646112207028	1416	0	0	1
6543731646112207028	1417	14	15	7
6543731646112207028	1418	12	7	7
6543731646112207028	1419	8	8	8
6543731646112207028	1420	19	13	9
6543731646112207028	1421	12	12	7
6543731646112207028	1422	9	13	9
6543731646112207028	1423	17	0	7
6543731646112207028	1424	1	13	9
6543731646112207028	1425	17	17	17
6543731646112207028	1426	8	8	16
6543731646112207028	1427	13	13	13
6543731646112207028	1428	0	13	17
6543731646112207028	1429	2	14	15
6543731646112207028	1430	16	13	16
6543731646112207028	1431	11	13	11
6543731646112207028	1432	18	18	13
6543731646112207028	1433	14	4	14
6543731646112207028	1434	2	2	2
6543731646112207028	1435	9	9	9
6543731646112207028	1436	15	15	14
6543731646112207028	1437	15	1	7
6543731646112207028	1438	0	13	1
6543731646112207028	1439	14	0	4
6543731646112207028	1440	5	13	13
6543731646112207028	1441	0	0	10
6543731646112207028	1442	17	2	17
6543731646112207028	1443	1	13	1
6543731646112207028	1444	15	2	15
6543731646112207028	1445	4	4	13
6543731646112207028	1446	5	9	11
6543731646112207028	1447	3	2	14
6543731646112207028	1448	3	15	17
6543731646112207028	1449	9	9	9
6543731646112207028	1450	3	0	3
6543731646112207028	1451	12	13	13
6543731646112207028	1452	14	4	4
6543731646112207028	1453	0	2	1
6543731646112207028	1454	3	15	14
6543731646112207028	1455	0	0	17
6543731646112207028	1456	7	13	7
6543731646112207028	1457	19	19	9
6543731646112207028	1458	1	1	0
6543731646112207028	1459	11	11	11
6543731646112207028	1460	17	0	17
6543731646112207028	1461	4	4	4
6543731646112207028	1462	15	2	11
6543731646112207028	1463	15	2	5
6543731646112207028	1464	12	5	7
6543731646112207028	1465	10	0	10
6543731646112207028	1466	18	18	18
6543731646112207028	1467	16	11	16
6543731646112207028	1468	10	10	10
6543731646112207028	1469	16	9	16
6543731646112207028	1470	6	6	7
6543731646112207028	1471	5	13	5
6543731646112207028	1472	17	10	17
6543731646112207028	1473	14	14	14
6543731646112207028	1474	4	4	13
6543731646112207028	1475	13	13	13
6543731646112207028	1476	10	4	10
6543731646112207028	1477	7	0	0
6543731646112207028	1478	6	6	6
6543731646112207028	1479	4	4	13
6543731646112207028	1480	11	13	13
6543731646112207028	1481	10	2	10
6543731646112207028	1482	15	15	15
6543731646112207028	1483	16	11	16
6543731646112207028	1484	12	12	7
6543731646112207028	1485	3	14	3
6543731646112207028	1486	4	4	13
6543731646112207028	1487	0	0	17
6543731646112207028	1488	15	15	15
6543731646112207028	1489	4	4	13
6543731646112207028	1490	9	13	9
6543731646112207028	1491	3	14	14
6543731646112207028	1492	7	13	7
6543731646112207028	1493	1	19	1
6543731646112207028	1494	15	2	14
6543731646112207028	1495	2	14	2
6543731646112207028	1496	11	11	11
6543731646112207028	1497	13	9	13
6543731646112207028	1498	4	4	13
6543731646112207028	1499	5	13	13
6543731646112207028	1500	2	14	14
6543731646112207028	1501	18	18	11
6543731646112207028	1502	8	8	8
6543731646112207028	1503	0	0	14
6543731646112207028	1504	15	1	3
6543731646112207028	1505	11	7	11
6543731646112207028	1506	15	15	14
6543731646112207028	1507	14	2	14
6543731646112207028	1508	7	13	11
6543731646112207028	1509	18	18	18
6543731646112207028	1510	11	13	11
6543731646112207028	1511	16	16	5
6543731646112207028	1512	1	9	9
6543731646112207028	1513	19	13	9
6543731646112207028	1514	10	10	1
6543731646112207028	1515	10	13	7
6543731646112207028	1516	14	14	7
6543731646112207028	1517	16	16	16
6543731646112207028	1518	8	8	8
6543731646112207028	1519	1	1	1
6543731646112207028	1520	9	9	9
6543731646112207028	1521	11	13	11
6543731646112207028	1522	10	10	8
6543731646112207028	1523	18	18	11
6543731646112207028	1524	3	2	3
6543731646112207028	1525	11	11	11
6543731646112207028	1526	10	10	1
6543731646112207028	1527	8	8	8
6543731646112207028	1528	10	10	8
6543731646112207028	1529	18	18	13
6543731646112207028	1530	6	6	16
6543731646112207028	1531	6	6	6
6543731646112207028	1532	1	13	13
6543731646112207028	1533	4	1	13
6543731646112207028	1534	5	13	13
6543731646112207028	1535	12	12	12
6543731646112207028	1536	4	4	7
6543731646112207028	1537	19	19	9
6543731646112207028	1538	10	14	19
6543731646112207028	1539	14	13	7
6543731646112207028	1540	6	16	16
6543731646112207028	1541	3	14	3
6543731646112207028	1542	19	13	11
6543731646112207028	1543	12	13	13
6543731646112207028	1544	19	4	10
6543731646112207028	1545	1	1	1
6543731646112207028	1546	6	6	6
6543731646112207028	1547	16	8	16
6543731646112207028	1548	3	14	14
6543731646112207028	1549	15	2	11
6543731646112207028	1550	16	6	16
6543731646112207028	1551	2	2	14
6543731646112207028	1552	11	7	11
6543731646112207028	1553	1	13	1
6543731646112207028	1554	14	14	14
6543731646112207028	1555	8	8	8
6543731646112207028	1556	7	1	7
6543731646112207028	1557	12	13	11
6543731646112207028	1558	16	16	16
6543731646112207028	1559	18	18	11
6543731646112207028	1560	4	4	8
6543731646112207028	1561	19	9	9
6543731646112207028	1562	15	15	15
6543731646112207028	1563	7	7	12
6543731646112207028	1564	12	12	12
6543731646112207028	1565	10	10	1
6543731646112207028	1566	18	18	13
6543731646112207028	1567	2	14	2
6543731646112207028	1568	19	4	10
6543731646112207028	1569	18	18	11
6543731646112207028	1570	13	5	13
6543731646112207028	1571	15	14	15
6543731646112207028	1572	2	14	17
6543731646112207028	1573	0	13	10
6543731646112207028	1574	1	7	1
6543731646112207028	1575	13	13	1
6543731646112207028	1576	12	13	11
6543731646112207028	1577	17	10	17
6543731646112207028	1578	6	6	6
6543731646112207028	1579	9	13	13
6543731646112207028	1580	11	5	11
6543731646112207028	1581	13	13	9
6543731646112207028	1582	6	6	6
6543731646112207028	1583	19	1	9
6543731646112207028	1584	14	14	14
6543731646112207028	1585	15	4	15
6543731646112207028	1586	15	15	7
6543731646112207028	1587	4	4	15
6543731646112207028	1588	8	8	8
6543731646112207028	1589	5	18	13
6543731646112207028	1590	9	13	9
6543731646112207028	1591	18	18	18
6543731646112207028	1592	6	6	6
6543731646112207028	1593	13	13	9
6543731646112207028	1594	17	10	17
6543731646112207028	1595	11	13	11
6543731646112207028	1596	13	13	13
6543731646112207028	1597	7	7	7
6543731646112207028	1598	9	13	9
6543731646112207028	1599	9	13	9
6543731646112207028	1600	16	8	16
6543731646112207028	1601	17	10	17
6543731646112207028	1602	3	14	15
6543731646112207028	1603	4	4	13
6543731646112207028	1604	14	0	14
6543731646112207028	1605	10	2	10
6543731646112207028	1606	4	4	13
6543731646112207028	1607	10	0	0
6543731646112207028	1608	18	18	18
6543731646112207028	1609	10	14	8
6543731646112207028	1610	17	10	7
6543731646112207028	1611	18	18	18
6543731646112207028	1612	8	8	8
6543731646112207028	1613	18	18	18
6543731646112207028	1614	4	4	13
6543731646112207028	1615	19	10	9
6543731646112207028	1616	5	13	13
6543731646112207028	1617	7	13	7
6543731646112207028	1618	14	13	4
6543731646112207028	1619	10	0	10
6543731646112207028	1620	6	6	6
6543731646112207028	1621	9	13	11
6543731646112207028	1622	16	16	16
6543731646112207028	1623	3	2	17
6543731646112207028	1624	11	9	11
6543731646112207028	1625	19	14	10
6543731646112207028	1626	17	13	1
6543731646112207028	1627	11	13	11
6543731646112207028	1628	5	18	18
6543731646112207028	1629	10	2	19
6543731646112207028	1630	1	1	1
6543731646112207028	1631	5	13	13
6543731646112207028	1632	17	17	1
6543731646112207028	1633	12	12	12
6543731646112207028	1634	8	8	8
6543731646112207028	1635	2	2	2
6543731646112207028	1636	4	4	13
6543731646112207028	1637	17	0	17
6543731646112207028	1638	9	13	9
6543731646112207028	1639	9	13	11
6543731646112207028	1640	4	4	7
6543731646112207028	1641	16	8	16
6543731646112207028	1642	8	8	16
6543731646112207028	1643	9	13	9
6543731646112207028	1644	4	4	13
6543731646112207028	1645	1	1	1
6543731646112207028	1646	5	18	5
6543731646112207028	1647	7	13	12
6543731646112207028	1648	19	13	7
6543731646112207028	1649	9	11	9
6543731646112207028	1650	1	9	1
6543731646112207028	1651	11	11	11
6543731646112207028	1652	4	4	13
6543731646112207028	1653	4	4	5
6543731646112207028	1654	3	10	15
6543731646112207028	1655	16	11	11
6543731646112207028	1656	12	13	13
6543731646112207028	1657	15	2	7
6543731646112207028	1658	4	4	14
6543731646112207028	1659	0	13	17
6543731646112207028	1660	15	2	5
6543731646112207028	1661	5	18	13
6543731646112207028	1662	5	13	11
6543731646112207028	1663	10	10	1
6543731646112207028	1664	5	18	13
6543731646112207028	1665	11	13	11
6543731646112207028	1666	12	7	7
6543731646112207028	1667	6	6	0
6543731646112207028	1668	4	0	8
6543731646112207028	1669	14	14	15
6543731646112207028	1670	7	13	7
6543731646112207028	1671	12	5	7
6543731646112207028	1672	3	2	7
6543731646112207028	1673	8	8	16
6543731646112207028	1674	8	8	11
6543731646112207028	1675	8	8	8
6543731646112207028	1676	5	9	19
6543731646112207028	1677	3	2	3
6543731646112207028	1678	17	9	1
6543731646112207028	1679	1	0	10
6543731646112207028	1680	4	4	13
6543731646112207028	1681	6	6	6
6543731646112207028	1682	18	18	18
6543731646112207028	1683	14	13	12
6543731646112207028	1684	14	14	2
6543731646112207028	1685	17	7	1
6543731646112207028	1686	12	11	13
6543731646112207028	1687	8	8	16
6543731646112207028	1688	5	18	18
6543731646112207028	1689	13	13	13
6543731646112207028	1690	10	10	10
6543731646112207028	1691	11	13	11
6543731646112207028	1692	10	2	10
6543731646112207028	1693	2	14	13
6543731646112207028	1694	1	1	1
6543731646112207028	1695	11	13	11
6543731646112207028	1696	6	6	6
6543731646112207028	1697	4	0	8
6543731646112207028	1698	16	8	16
6543731646112207028	1699	18	18	11
6543731646112207028	1700	11	13	11
6543731646112207028	1701	17	10	17
6543731646112207028	1702	13	13	9
6543731646112207028	1703	0	0	17
6543731646112207028	1704	7	7	12
6543731646112207028	1705	8	8	8
6543731646112207028	1706	14	14	14
6543731646112207028	1707	19	4	19
6543731646112207028	1708	18	18	11
6543731646112207028	1709	0	13	2
6543731646112207028	1710	14	0	15
6543731646112207028	1711	7	13	12
6543731646112207028	1712	1	1	1
6543731646112207028	1713	10	10	7
6543731646112207028	1714	0	13	17
6543731646112207028	1715	8	8	8
6543731646112207028	1716	9	13	5
6543731646112207028	1717	15	2	3
6543731646112207028	1718	11	13	11
6543731646112207028	1719	17	9	1
6543731646112207028	1720	15	14	14
6543731646112207028	1721	12	12	12
6543731646112207028	1722	6	6	6
6543731646112207028	1723	10	10	1
6543731646112207028	1724	19	9	19
6543731646112207028	1725	3	14	2
6543731646112207028	1726	6	6	0
6543731646112207028	1727	11	13	11
6543731646112207028	1728	19	9	1
6543731646112207028	1729	0	0	1
6543731646112207028	1730	13	13	1
6543731646112207028	1731	5	5	13
6543731646112207028	1732	3	2	19
6543731646112207028	1733	16	8	8
6543731646112207028	1734	5	5	5
6543731646112207028	1735	10	9	10
6543731646112207028	1736	14	13	14
6543731646112207028	1737	16	6	16
6543731646112207028	1738	1	13	7
6543731646112207028	1739	16	8	16
6543731646112207028	1740	9	13	13
6543731646112207028	1741	6	6	6
6543731646112207028	1742	16	6	0
6543731646112207028	1743	7	7	7
6543731646112207028	1744	4	4	13
6543731646112207028	1745	10	10	1
6543731646112207028	1746	14	14	6
6543731646112207028	1747	3	2	14
6543731646112207028	1748	18	11	11
6543731646112207028	1749	13	13	1
6543731646112207028	1750	0	0	9
6543731646112207028	1751	19	4	10
6543731646112207028	1752	5	18	5
6543731646112207028	1753	16	8	8
6543731646112207028	1754	8	8	16
6543731646112207028	1755	8	8	8
6543731646112207028	1756	5	9	18
6543731646112207028	1757	6	6	16
6543731646112207028	1758	8	8	8
6543731646112207028	1759	14	14	4
6543731646112207028	1760	18	18	18
6543731646112207028	1761	6	6	6
6543731646112207028	1762	1	13	13
6543731646112207028	1763	6	6	6
6543731646112207028	1764	4	4	13
6543731646112207028	1765	11	13	13
6543731646112207028	1766	8	2	17
6543731646112207028	1767	13	13	11
6543731646112207028	1768	2	10	6
6543731646112207028	1769	16	16	16
6543731646112207028	1770	16	6	15
6543731646112207028	1771	10	14	10
6543731646112207028	1772	16	16	6
6543731646112207028	1773	2	14	14
6543731646112207028	1774	16	8	16
6543731646112207028	1775	16	16	6
6543731646112207028	1776	8	8	8
6543731646112207028	1777	1	13	1
6543731646112207028	1778	10	10	10
6543731646112207028	1779	15	14	15
6543731646112207028	1780	4	19	3
6543731646112207028	1781	17	10	19
6543731646112207028	1782	3	10	14
6543731646112207028	1783	17	9	1
6543731646112207028	1784	8	8	8
6543731646112207028	1785	11	13	11
6543731646112207028	1786	12	13	7
6543731646112207028	1787	8	16	11
6543731646112207028	1788	10	1	1
6543731646112207028	1789	15	15	15
6543731646112207028	1790	2	14	8
6543731646112207028	1791	8	8	16
6543731646112207028	1792	15	14	8
6543731646112207028	1793	0	14	17
6543731646112207028	1794	17	10	3
6543731646112207028	1795	2	14	15
6543731646112207028	1796	13	9	5
6543731646112207028	1797	13	13	13
6543731646112207028	1798	15	2	4
6543731646112207028	1799	2	2	2
6543731646112207028	1800	8	8	8
6543731646112207028	1801	18	18	11
6543731646112207028	1802	4	4	7
6543731646112207028	1803	17	10	14
6543731646112207028	1804	7	13	13
6543731646112207028	1805	18	18	11
6543731646112207028	1806	19	14	10
6543731646112207028	1807	17	2	0
6543731646112207028	1808	7	11	7
6543731646112207028	1809	4	4	13
6543731646112207028	1810	0	14	17
6543731646112207028	1811	17	0	1
6543731646112207028	1812	13	13	13
6543731646112207028	1813	11	7	11
6543731646112207028	1814	15	15	15
6543731646112207028	1815	5	9	5
6543731646112207028	1816	5	18	13
6543731646112207028	1817	17	9	1
6543731646112207028	1818	13	13	13
6543731646112207028	1819	5	13	11
6543731646112207028	1820	18	18	5
6543731646112207028	1821	6	6	12
6543731646112207028	1822	9	11	9
6543731646112207028	1823	8	8	8
6543731646112207028	1824	16	16	16
6543731646112207028	1825	18	18	13
6543731646112207028	1826	5	18	18
6543731646112207028	1827	5	13	13
6543731646112207028	1828	9	13	9
6543731646112207028	1829	2	2	2
6543731646112207028	1830	0	13	17
6543731646112207028	1831	6	6	6
6543731646112207028	1832	14	13	11
6543731646112207028	1833	8	8	8
6543731646112207028	1834	15	2	8
6543731646112207028	1835	2	2	2
6543731646112207028	1836	0	13	17
6543731646112207028	1837	9	13	9
6543731646112207028	1838	0	0	1
6543731646112207028	1839	4	4	13
6543731646112207028	1840	9	13	13
6543731646112207028	1841	16	16	16
6543731646112207028	1842	7	13	13
6543731646112207028	1843	2	2	2
6543731646112207028	1844	4	4	4
6543731646112207028	1845	7	13	11
6543731646112207028	1846	11	11	11
6543731646112207028	1847	7	13	13
6543731646112207028	1848	19	14	9
6543731646112207028	1849	17	9	17
6543731646112207028	1850	1	1	1
6543731646112207028	1851	12	13	7
6543731646112207028	1852	0	0	17
6543731646112207028	1853	12	13	11
6543731646112207028	1854	1	13	1
6543731646112207028	1855	14	14	15
6543731646112207028	1856	15	2	7
6543731646112207028	1857	14	0	0
6543731646112207028	1858	6	6	6
6543731646112207028	1859	18	18	11
6543731646112207028	1860	17	17	7
6543731646112207028	1861	13	13	13
6543731646112207028	1862	18	13	11
6543731646112207028	1863	13	13	1
6543731646112207028	1864	18	18	11
6543731646112207028	1865	17	1	17
6543731646112207028	1866	15	2	13
6543731646112207028	1867	14	0	7
6543731646112207028	1868	3	10	17
6543731646112207028	1869	2	2	2
6543731646112207028	1870	19	13	9
6543731646112207028	1871	15	14	13
6543731646112207028	1872	12	13	11
6543731646112207028	1873	12	13	9
6543731646112207028	1874	17	10	17
6543731646112207028	1875	13	18	13
6543731646112207028	1876	18	18	11
6543731646112207028	1877	2	2	2
6543731646112207028	1878	10	10	0
6543731646112207028	1879	14	14	15
6543731646112207028	1880	4	4	13
6543731646112207028	1881	8	8	8
6543731646112207028	1882	11	13	11
6543731646112207028	1883	19	13	9
6543731646112207028	1884	17	17	17
6543731646112207028	1885	19	13	11
6543731646112207028	1886	3	2	13
6543731646112207028	1887	15	2	8
6543731646112207028	1888	13	13	9
6543731646112207028	1889	11	7	11
6543731646112207028	1890	16	8	16
6543731646112207028	1891	12	13	13
6543731646112207028	1892	5	5	13
6543731646112207028	1893	7	7	7
6543731646112207028	1894	14	14	14
6543731646112207028	1895	13	13	9
6543731646112207028	1896	13	13	13
6543731646112207028	1897	7	13	7
6543731646112207028	1898	15	14	14
6543731646112207028	1899	15	2	15
6543731646112207028	1900	16	16	16
6543731646112207028	1901	4	4	11
6543731646112207028	1902	14	14	4
6543731646112207028	1903	2	14	14
6543731646112207028	1904	7	13	5
6543731646112207028	1905	10	2	10
6543731646112207028	1906	4	4	13
6543731646112207028	1907	12	5	7
6543731646112207028	1908	7	13	7
6543731646112207028	1909	0	13	17
6543731646112207028	1910	10	10	14
6543731646112207028	1911	7	13	13
6543731646112207028	1912	5	5	11
6543731646112207028	1913	12	5	7
6543731646112207028	1914	8	8	8
6543731646112207028	1915	5	1	13
6543731646112207028	1916	4	4	13
6543731646112207028	1917	3	14	9
6543731646112207028	1918	9	9	5
6543731646112207028	1919	6	6	16
6543731646112207028	1920	0	14	17
6543731646112207028	1921	4	4	13
6543731646112207028	1922	4	4	1
6543731646112207028	1923	3	2	19
6543731646112207028	1924	9	13	9
6543731646112207028	1925	14	13	8
6543731646112207028	1926	5	5	13
6543731646112207028	1927	13	9	13
6543731646112207028	1928	9	13	13
6543731646112207028	1929	11	13	11
6543731646112207028	1930	13	9	13
6543731646112207028	1931	2	2	2
6543731646112207028	1932	0	13	17
6543731646112207028	1933	11	7	11
6543731646112207028	1934	1	9	1
6543731646112207028	1935	11	10	11
6543731646112207028	1936	3	10	14
6543731646112207028	1937	19	19	9
6543731646112207028	1938	0	0	17
6543731646112207028	1939	7	13	11
6543731646112207028	1940	11	11	11
6543731646112207028	1941	17	9	1
6543731646112207028	1942	7	13	0
6543731646112207028	1943	15	2	6
6543731646112207028	1944	11	13	11
6543731646112207028	1945	18	18	11
6543731646112207028	1946	13	9	13
6543731646112207028	1947	3	2	6
6543731646112207028	1948	1	13	1
6543731646112207028	1949	18	18	11
6543731646112207028	1950	16	16	16
6543731646112207028	1951	14	2	2
6543731646112207028	1952	9	13	13
6543731646112207028	1953	0	14	17
6543731646112207028	1954	1	1	1
6543731646112207028	1955	13	13	13
6543731646112207028	1956	8	8	8
6543731646112207028	1957	17	0	17
6543731646112207028	1958	0	13	1
6543731646112207028	1959	10	14	10
6543731646112207028	1960	18	18	18
6543731646112207028	1961	3	2	0
6543731646112207028	1962	14	14	14
6543731646112207028	1963	12	18	12
6543731646112207028	1964	9	13	13
6543731646112207028	1965	7	13	7
6543731646112207028	1966	10	2	17
6543731646112207028	1967	0	7	7
6543731646112207028	1968	11	13	11
6543731646112207028	1969	10	14	10
6543731646112207028	1970	14	13	11
6543731646112207028	1971	5	9	13
6543731646112207028	1972	4	4	2
6543731646112207028	1973	2	2	2
6543731646112207028	1974	6	6	6
6543731646112207028	1975	15	2	7
6543731646112207028	1976	14	14	8
6543731646112207028	1977	16	8	16
6543731646112207028	1978	2	2	7
6543731646112207028	1979	11	13	11
6543731646112207028	1980	4	4	4
6543731646112207028	1981	4	4	13
6543731646112207028	1982	19	1	10
6543731646112207028	1983	2	2	2
6543731646112207028	1984	4	4	13
6543731646112207028	1985	15	2	7
6543731646112207028	1986	9	9	9
6543731646112207028	1987	18	18	18
6543731646112207028	1988	18	18	18
6543731646112207028	1989	17	17	1
6543731646112207028	1990	0	17	17
6543731646112207028	1991	16	8	16
6543731646112207028	1992	2	2	2
6543731646112207028	1993	15	8	2
6543731646112207028	1994	11	11	11
6543731646112207028	1995	18	18	13
6543731646112207028	1996	12	13	11
6543731646112207028	1997	17	2	0
6543731646112207028	1998	9	13	9
6543731646112207028	1999	15	14	14
6543731646112207028	2000	17	17	17
6543731646112207028	2001	9	9	9
6543731646112207028	2002	6	6	6
6543731646112207028	2003	11	7	11
6543731646112207028	2004	14	14	8
6543731646112207028	2005	5	18	5
6543731646112207028	2006	18	18	11
6543731646112207028	2007	19	9	1
6543731646112207028	2008	5	9	11
6543731646112207028	2009	12	5	11
6543731646112207028	2010	13	13	13
6543731646112207028	2011	1	9	1
6543731646112207028	2012	7	13	7
6543731646112207028	2013	7	13	7
6543731646112207028	2014	6	6	16
6543731646112207028	2015	4	4	13
6543731646112207028	2016	8	8	8
6543731646112207028	2017	7	7	11
6543731646112207028	2018	12	5	12
6543731646112207028	2019	7	13	7
6543731646112207028	2020	13	1	7
6543731646112207028	2021	4	4	4
6543731646112207028	2022	14	2	3
6543731646112207028	2023	2	14	17
6543731646112207028	2024	14	15	10
6543731646112207028	2025	5	13	7
6543731646112207028	2026	8	8	11
6543731646112207028	2027	2	2	2
6543731646112207028	2028	15	2	15
6543731646112207028	2029	2	14	2
6543731646112207028	2030	14	14	14
6543731646112207028	2031	3	2	3
6543731646112207028	2032	6	6	16
6543731646112207028	2033	16	8	16
6543731646112207028	2034	14	0	14
6543731646112207028	2035	15	2	15
6543731646112207028	2036	4	4	15
6543731646112207028	2037	0	0	17
6543731646112207028	2038	7	13	7
6543731646112207028	2039	11	13	11
6543731646112207028	2040	9	13	13
6543731646112207028	2041	13	9	13
6543731646112207028	2042	12	13	7
6543731646112207028	2043	11	11	11
6543731646112207028	2044	2	14	17
6543731646112207028	2045	3	10	15
6543731646112207028	2046	8	2	1
6543731646112207028	2047	10	14	3
6543731646112207028	2048	13	13	9
6543731646112207028	2049	17	0	1
6543731646112207028	2050	1	13	1
6543731646112207028	2051	2	2	2
6543731646112207028	2052	5	18	13
6543731646112207028	2053	8	8	8
6543731646112207028	2054	4	4	13
6543731646112207028	2055	9	13	9
6543731646112207028	2056	19	19	10
6543731646112207028	2057	10	0	10
6543731646112207028	2058	1	13	1
6543731646112207028	2059	15	15	7
6543731646112207028	2060	4	4	15
6543731646112207028	2061	12	13	7
6543731646112207028	2062	8	8	8
6543731646112207028	2063	19	13	9
6543731646112207028	2064	4	4	8
6543731646112207028	2065	4	4	13
6543731646112207028	2066	2	1	16
6543731646112207028	2067	2	2	2
6543731646112207028	2068	7	13	7
6543731646112207028	2069	12	13	7
6543731646112207028	2070	17	9	1
6543731646112207028	2071	9	9	9
6543731646112207028	2072	2	2	2
6543731646112207028	2073	2	14	7
6543731646112207028	2074	16	16	16
6543731646112207028	2075	9	13	13
6543731646112207028	2076	15	14	6
6543731646112207028	2077	5	13	13
6543731646112207028	2078	8	8	16
6543731646112207028	2079	0	14	17
6543731646112207028	2080	19	19	1
6543731646112207028	2081	12	13	11
6543731646112207028	2082	13	13	9
6543731646112207028	2083	3	15	3
6543731646112207028	2084	6	6	6
6543731646112207028	2085	16	16	16
6543731646112207028	2086	5	4	13
6543731646112207028	2087	7	13	7
6543731646112207028	2088	2	14	15
6543731646112207028	2089	14	0	11
6543731646112207028	2090	0	13	1
6543731646112207028	2091	17	10	10
6543731646112207028	2092	14	4	15
6543731646112207028	2093	16	16	16
6543731646112207028	2094	13	13	13
6543731646112207028	2095	17	17	17
6543731646112207028	2096	2	2	2
6543731646112207028	2097	9	13	9
6543731646112207028	2098	13	13	1
6543731646112207028	2099	9	9	13
6543731646112207028	2100	9	13	13
6543731646112207028	2101	14	8	14
6543731646112207028	2102	19	13	1
6543731646112207028	2103	13	9	13
6543731646112207028	2104	7	13	7
6543731646112207028	2105	1	1	1
6543731646112207028	2106	4	4	5
6543731646112207028	2107	15	1	7
6543731646112207028	2108	6	6	6
6543731646112207028	2109	9	9	1
6543731646112207028	2110	14	14	15
6543731646112207028	2111	15	2	14
6543731646112207028	2112	11	13	13
6543731646112207028	2113	6	16	6
6543731646112207028	2114	5	5	5
6543731646112207028	2115	4	4	8
6543731646112207028	2116	19	13	11
6543731646112207028	2117	4	4	13
6543731646112207028	2118	14	14	3
6543731646112207028	2119	8	8	8
6543731646112207028	2120	6	6	6
6543731646112207028	2121	8	8	8
6543731646112207028	2122	12	13	13
6543731646112207028	2123	2	2	15
6543731646112207028	2124	13	13	13
6543731646112207028	2125	5	5	13
6543731646112207028	2126	0	13	17
6543731646112207028	2127	4	4	13
6543731646112207028	2128	12	16	0
6543731646112207028	2129	16	16	16
6543731646112207028	2130	12	13	13
6543731646112207028	2131	14	4	8
6543731646112207028	2132	13	13	13
6543731646112207028	2133	7	13	12
6543731646112207028	2134	13	13	13
6543731646112207028	2135	18	18	18
6543731646112207028	2136	5	13	5
6543731646112207028	2137	0	0	17
6543731646112207028	2138	17	17	2
6543731646112207028	2139	4	4	13
6543731646112207028	2140	8	8	11
6543731646112207028	2141	16	16	11
6543731646112207028	2142	19	13	11
6543731646112207028	2143	18	18	11
6543731646112207028	2144	18	18	18
6543731646112207028	2145	6	6	16
6543731646112207028	2146	16	8	16
6543731646112207028	2147	12	18	7
6543731646112207028	2148	16	8	16
6543731646112207028	2149	18	18	18
6543731646112207028	2150	13	13	5
6543731646112207028	2151	9	9	1
6543731646112207028	2152	0	14	16
6543731646112207028	2153	14	0	7
6543731646112207028	2154	10	14	3
6543731646112207028	2155	10	14	10
6543731646112207028	2156	18	18	11
6543731646112207028	2157	13	13	7
6543731646112207028	2158	1	13	19
6543731646112207028	2159	4	4	13
6543731646112207028	2160	17	9	1
6543731646112207028	2161	12	13	13
6543731646112207028	2162	10	10	14
6543731646112207028	2163	16	8	16
6543731646112207028	2164	12	12	7
6543731646112207028	2165	16	16	16
6543731646112207028	2166	13	13	1
6543731646112207028	2167	12	13	11
6543731646112207028	2168	12	13	13
6543731646112207028	2169	8	8	14
6543731646112207028	2170	18	18	11
6543731646112207028	2171	2	2	7
6543731646112207028	2172	12	13	12
6543731646112207028	2173	4	0	3
6543731646112207028	2174	16	8	16
6543731646112207028	2175	15	2	7
6543731646112207028	2176	9	9	9
6543731646112207028	2177	16	16	16
6543731646112207028	2178	12	13	9
6543731646112207028	2179	5	18	5
6543731646112207028	2180	14	0	14
6543731646112207028	2181	13	13	1
6543731646112207028	2182	8	8	8
6543731646112207028	2183	12	11	13
6543731646112207028	2184	10	13	10
6543731646112207028	2185	18	18	11
6543731646112207028	2186	1	7	1
6543731646112207028	2187	12	13	13
6543731646112207028	2188	18	18	18
6543731646112207028	2189	7	13	11
6543731646112207028	2190	18	13	13
6543731646112207028	2191	16	16	16
6543731646112207028	2192	17	9	1
6543731646112207028	2193	4	4	11
6543731646112207028	2194	12	13	12
6543731646112207028	2195	7	13	13
6543731646112207028	2196	13	13	13
6543731646112207028	2197	17	10	9
6543731646112207028	2198	8	8	8
6543731646112207028	2199	8	8	8
6543731646112207028	2200	11	11	11
6543731646112207028	2201	15	2	15
6543731646112207028	2202	2	2	2
6543731646112207028	2203	2	2	2
6543731646112207028	2204	13	9	13
6543731646112207028	2205	17	10	1
6543731646112207028	2206	1	13	9
6543731646112207028	2207	0	13	17
6543731646112207028	2208	17	10	17
6543731646112207028	2209	15	14	7
6543731646112207028	2210	19	0	7
6543731646112207028	2211	16	16	16
6543731646112207028	2212	14	0	13
6543731646112207028	2213	15	2	15
6543731646112207028	2214	18	13	11
6543731646112207028	2215	11	7	11
6543731646112207028	2216	5	13	5
6543731646112207028	2217	10	0	19
6543731646112207028	2218	14	13	11
6543731646112207028	2219	15	14	8
6543731646112207028	2220	18	18	11
6543731646112207028	2221	7	1	7
6543731646112207028	2222	8	8	16
6543731646112207028	2223	3	2	1
6543731646112207028	2224	2	8	2
6543731646112207028	2225	15	15	15
6543731646112207028	2226	15	1	14
6543731646112207028	2227	1	1	1
6543731646112207028	2228	17	3	10
6543731646112207028	2229	12	11	12
6543731646112207028	2230	9	13	9
6543731646112207028	2231	1	13	1
6543731646112207028	2232	3	2	3
6543731646112207028	2233	13	13	9
6543731646112207028	2234	6	6	12
6543731646112207028	2235	4	4	15
6543731646112207028	2236	16	16	6
6543731646112207028	2237	14	4	14
6543731646112207028	2238	17	2	17
6543731646112207028	2239	15	2	15
6543731646112207028	2240	18	18	11
6543731646112207028	2241	8	14	3
6543731646112207028	2242	4	4	8
6543731646112207028	2243	1	1	1
6543731646112207028	2244	8	8	8
6543731646112207028	2245	6	6	16
6543731646112207028	2246	19	0	1
6543731646112207028	2247	18	18	18
6543731646112207028	2248	6	6	16
6543731646112207028	2249	7	13	11
6543731646112207028	2250	11	11	11
6543731646112207028	2251	1	13	1
6543731646112207028	2252	11	13	11
6543731646112207028	2253	19	13	1
6543731646112207028	2254	6	6	6
6543731646112207028	2255	17	9	1
6543731646112207028	2256	1	13	13
6543731646112207028	2257	8	8	8
6543731646112207028	2258	9	9	13
6543731646112207028	2259	4	4	14
6543731646112207028	2260	6	6	16
6543731646112207028	2261	1	9	9
6543731646112207028	2262	15	2	15
6543731646112207028	2263	11	7	13
6543731646380642667	0	10	0	1
6543731646380642667	1	11	13	13
6543731646380642667	2	7	13	12
6543731646380642667	3	10	10	1
6543731646380642667	4	3	2	19
6543731646380642667	5	5	9	9
6543731646380642667	6	0	13	0
6543731646380642667	7	10	2	19
6543731646380642667	8	18	18	13
6543731646380642667	9	5	18	9
6543731646380642667	10	16	8	16
6543731646380642667	11	14	0	3
6543731646380642667	12	12	17	7
6543731646380642667	13	8	8	8
6543731646380642667	14	0	0	19
6543731646380642667	15	16	16	16
6543731646380642667	16	10	2	19
6543731646380642667	17	16	8	16
6543731646380642667	18	17	10	19
6543731646380642667	19	13	13	13
6543731646380642667	20	19	1	9
6543731646380642667	21	9	13	9
6543731646380642667	22	7	1	7
6543731646380642667	23	4	4	15
6543731646380642667	24	6	16	6
6543731646380642667	25	9	13	9
6543731646380642667	26	0	13	9
6543731646380642667	27	0	14	4
6543731646380642667	28	9	13	9
6543731646380642667	29	9	13	9
6543731646380642667	30	6	6	6
6543731646380642667	31	2	2	2
6543731646380642667	32	3	14	0
6543731646380642667	33	12	13	5
6543731646380642667	34	8	8	8
6543731646380642667	35	8	8	8
6543731646380642667	36	7	13	19
6543731646380642667	37	10	14	3
6543731646380642667	38	12	13	13
6543731646380642667	39	10	10	1
6543731646380642667	40	14	13	7
6543731646380642667	41	8	8	8
6543731646380642667	42	6	6	6
6543731646380642667	43	0	13	1
6543731646380642667	44	11	13	18
6543731646380642667	45	8	8	8
6543731646380642667	46	7	13	15
6543731646380642667	47	17	7	19
6543731646380642667	48	5	13	11
6543731646380642667	49	7	13	7
6543731646380642667	50	13	13	9
6543731646380642667	51	11	11	11
6543731646380642667	52	18	18	13
6543731646380642667	53	6	6	6
6543731646380642667	54	11	11	13
6543731646380642667	55	6	6	7
6543731646380642667	56	15	15	7
6543731646380642667	57	17	3	19
6543731646380642667	58	14	13	3
6543731646380642667	59	0	14	19
6543731646380642667	60	1	13	19
6543731646380642667	61	18	18	13
6543731646380642667	62	17	2	17
6543731646380642667	63	13	13	9
6543731646380642667	64	0	13	0
6543731646380642667	65	18	18	18
6543731646380642667	66	13	13	13
6543731646380642667	67	5	5	13
6543731646380642667	68	14	8	6
6543731646380642667	69	1	13	9
6543731646380642667	70	10	2	19
6543731646380642667	71	13	13	9
6543731646380642667	72	14	4	17
6543731646380642667	73	14	14	3
6543731646380642667	74	10	1	0
6543731646380642667	75	11	13	11
6543731646380642667	76	4	13	13
6543731646380642667	77	3	14	10
6543731646380642667	78	7	13	7
6543731646380642667	79	17	0	0
6543731646380642667	80	8	8	8
6543731646380642667	81	7	7	7
6543731646380642667	82	14	13	0
6543731646380642667	83	14	2	3
6543731646380642667	84	7	7	7
6543731646380642667	85	16	16	17
6543731646380642667	86	3	2	19
6543731646380642667	87	14	4	17
6543731646380642667	88	15	15	15
6543731646380642667	89	5	5	9
6543731646380642667	90	19	13	9
6543731646380642667	91	10	10	16
6543731646380642667	92	16	8	16
6543731646380642667	93	8	8	8
6543731646380642667	94	19	13	9
6543731646380642667	95	0	14	17
6543731646380642667	96	19	9	19
6543731646380642667	97	1	5	9
6543731646380642667	98	6	6	6
6543731646380642667	99	1	1	1
6543731646380642667	100	18	18	11
6543731646380642667	101	18	18	11
6543731646380642667	102	13	13	13
6543731646380642667	103	11	13	11
6543731646380642667	104	14	14	3
6543731646380642667	105	13	13	9
6543731646380642667	106	4	4	4
6543731646380642667	107	11	13	13
6543731646380642667	108	1	13	13
6543731646380642667	109	10	14	19
6543731646380642667	110	6	6	16
6543731646380642667	111	13	13	13
6543731646380642667	112	4	4	4
6543731646380642667	113	0	14	17
6543731646380642667	114	2	2	7
6543731646380642667	115	12	13	7
6543731646380642667	116	11	7	11
6543731646380642667	117	10	14	19
6543731646380642667	118	18	18	13
6543731646380642667	119	4	4	4
6543731646380642667	120	1	1	19
6543731646380642667	121	12	13	7
6543731646380642667	122	12	11	7
6543731646380642667	123	0	0	10
6543731646380642667	124	4	4	4
6543731646380642667	125	17	0	9
6543731646380642667	126	13	13	9
6543731646380642667	127	16	16	16
6543731646380642667	128	17	3	3
6543731646380642667	129	3	10	17
6543731646380642667	130	7	11	11
6543731646380642667	131	3	2	10
6543731646380642667	132	19	19	13
6543731646380642667	133	0	13	0
6543731646380642667	134	9	13	9
6543731646380642667	135	13	9	13
6543731646380642667	136	10	10	10
6543731646380642667	137	1	1	10
6543731646380642667	138	4	4	4
6543731646380642667	139	9	13	9
6543731646380642667	140	1	13	5
6543731646380642667	141	9	13	9
6543731646380642667	142	6	16	6
6543731646380642667	143	16	13	16
6543731646380642667	144	9	9	9
6543731646380642667	145	15	15	13
6543731646380642667	146	15	2	15
6543731646380642667	147	0	14	17
6543731646380642667	148	14	14	3
6543731646380642667	149	19	13	9
6543731646380642667	150	5	13	9
6543731646380642667	151	5	13	12
6543731646380642667	152	8	8	16
6543731646380642667	153	0	0	0
6543731646380642667	154	12	13	13
6543731646380642667	155	15	1	3
6543731646380642667	156	7	13	7
6543731646380642667	157	2	2	6
6543731646380642667	158	3	14	0
6543731646380642667	159	17	10	17
6543731646380642667	160	1	13	9
6543731646380642667	161	16	8	16
6543731646380642667	162	10	10	10
6543731646380642667	163	9	9	9
6543731646380642667	164	4	4	13
6543731646380642667	165	7	13	12
6543731646380642667	166	2	14	17
6543731646380642667	167	16	16	16
6543731646380642667	168	6	6	16
6543731646380642667	169	19	13	9
6543731646380642667	170	18	18	18
6543731646380642667	171	17	9	9
6543731646380642667	172	19	13	9
6543731646380642667	173	12	13	7
6543731646380642667	174	19	19	9
6543731646380642667	175	5	18	9
6543731646380642667	176	1	1	19
6543731646380642667	177	16	16	16
6543731646380642667	178	5	13	9
6543731646380642667	179	14	0	14
6543731646380642667	180	2	14	14
6543731646380642667	181	9	13	9
6543731646380642667	182	5	18	9
6543731646380642667	183	19	13	1
6543731646380642667	184	13	11	13
6543731646380642667	185	7	13	17
6543731646380642667	186	7	7	16
6543731646380642667	187	7	9	7
6543731646380642667	188	17	0	1
6543731646380642667	189	4	4	4
6543731646380642667	190	11	13	13
6543731646380642667	191	17	9	9
6543731646380642667	192	13	13	9
6543731646380642667	193	14	4	17
6543731646380642667	194	17	17	7
6543731646380642667	195	4	4	7
6543731646380642667	196	4	4	4
6543731646380642667	197	16	6	7
6543731646380642667	198	17	10	3
6543731646380642667	199	14	13	14
6543731646380642667	200	0	13	0
6543731646380642667	201	3	14	3
6543731646380642667	202	6	6	16
6543731646380642667	203	0	13	1
6543731646380642667	204	6	6	6
6543731646380642667	205	15	14	14
6543731646380642667	206	4	4	4
6543731646380642667	207	18	18	11
6543731646380642667	208	19	14	3
6543731646380642667	209	0	13	16
6543731646380642667	210	15	15	7
6543731646380642667	211	12	18	11
6543731646380642667	212	16	16	6
6543731646380642667	213	11	13	11
6543731646380642667	214	12	13	7
6543731646380642667	215	14	14	3
6543731646380642667	216	12	13	4
6543731646380642667	217	12	7	7
6543731646380642667	218	2	19	1
6543731646380642667	219	3	14	3
6543731646380642667	220	3	2	19
6543731646380642667	221	17	2	17
6543731646380642667	222	11	13	11
6543731646380642667	223	1	13	9
6543731646380642667	224	0	7	17
6543731646380642667	225	0	13	19
6543731646380642667	226	5	9	13
6543731646380642667	227	3	14	3
6543731646380642667	228	15	15	10
6543731646380642667	229	8	8	14
6543731646380642667	230	9	13	9
6543731646380642667	231	9	13	9
6543731646380642667	232	12	12	7
6543731646380642667	233	16	16	16
6543731646380642667	234	14	2	19
6543731646380642667	235	15	14	15
6543731646380642667	236	3	15	3
6543731646380642667	237	3	14	15
6543731646380642667	238	5	18	9
6543731646380642667	239	12	13	12
6543731646380642667	240	5	13	9
6543731646380642667	241	2	2	2
6543731646380642667	242	6	6	6
6543731646380642667	243	6	6	6
6543731646380642667	244	19	13	1
6543731646380642667	245	0	0	10
6543731646380642667	246	6	6	6
6543731646380642667	247	17	17	19
6543731646380642667	248	1	13	13
6543731646380642667	249	7	13	13
6543731646380642667	250	19	13	9
6543731646380642667	251	1	13	13
6543731646380642667	252	5	13	13
6543731646380642667	253	10	14	10
6543731646380642667	254	11	11	11
6543731646380642667	255	19	13	9
6543731646380642667	256	13	13	9
6543731646380642667	257	11	13	13
6543731646380642667	258	5	18	13
6543731646380642667	259	12	16	7
6543731646380642667	260	16	8	16
6543731646380642667	261	3	15	19
6543731646380642667	262	13	13	9
6543731646380642667	263	11	13	13
6543731646380642667	264	1	1	1
6543731646380642667	265	15	14	15
6543731646380642667	266	15	2	13
6543731646380642667	267	19	0	10
6543731646380642667	268	18	18	18
6543731646380642667	269	2	14	14
6543731646380642667	270	13	13	9
6543731646380642667	271	3	2	3
6543731646380642667	272	2	14	15
6543731646380642667	273	7	13	4
6543731646380642667	274	1	13	9
6543731646380642667	275	9	9	9
6543731646380642667	276	18	18	18
6543731646380642667	277	3	15	15
6543731646380642667	278	10	2	3
6543731646380642667	279	8	8	8
6543731646380642667	280	17	17	3
6543731646380642667	281	0	0	2
6543731646380642667	282	18	18	11
6543731646380642667	283	18	18	13
6543731646380642667	284	3	2	19
6543731646380642667	285	15	14	6
6543731646380642667	286	8	8	13
6543731646380642667	287	0	0	0
6543731646380642667	288	1	13	13
6543731646380642667	289	12	12	7
6543731646380642667	290	9	9	9
6543731646380642667	291	11	13	13
6543731646380642667	292	5	9	9
6543731646380642667	293	5	13	13
6543731646380642667	294	19	4	19
6543731646380642667	295	11	13	18
6543731646380642667	296	18	18	18
6543731646380642667	297	18	18	18
6543731646380642667	298	10	10	1
6543731646380642667	299	19	13	9
6543731646380642667	300	11	13	18
6543731646380642667	301	11	13	18
6543731646380642667	302	13	13	13
6543731646380642667	303	16	6	16
6543731646380642667	304	11	11	11
6543731646380642667	305	16	8	16
6543731646380642667	306	18	18	18
6543731646380642667	307	7	7	7
6543731646380642667	308	7	7	7
6543731646380642667	309	10	14	14
6543731646380642667	310	18	18	18
6543731646380642667	311	13	13	13
6543731646380642667	312	16	16	0
6543731646380642667	313	0	0	1
6543731646380642667	314	9	9	9
6543731646380642667	315	14	14	3
6543731646380642667	316	3	14	17
6543731646380642667	317	13	13	13
6543731646380642667	318	8	8	8
6543731646380642667	319	7	13	7
6543731646380642667	320	19	13	9
6543731646380642667	321	19	13	9
6543731646380642667	322	8	8	16
6543731646380642667	323	2	2	2
6543731646380642667	324	16	16	6
6543731646380642667	325	8	8	8
6543731646380642667	326	19	13	9
6543731646380642667	327	16	16	17
6543731646380642667	328	9	13	9
6543731646380642667	329	5	18	9
6543731646380642667	330	18	18	18
6543731646380642667	331	6	6	16
6543731646380642667	332	11	7	11
6543731646380642667	333	15	8	15
6543731646380642667	334	2	2	2
6543731646380642667	335	15	1	15
6543731646380642667	336	8	8	8
6543731646380642667	337	4	4	4
6543731646380642667	338	0	0	0
6543731646380642667	339	13	13	9
6543731646380642667	340	2	2	2
6543731646380642667	341	11	13	13
6543731646380642667	342	10	14	3
6543731646380642667	343	14	14	14
6543731646380642667	344	16	16	16
6543731646380642667	345	1	1	1
6543731646380642667	346	8	8	8
6543731646380642667	347	7	7	7
6543731646380642667	348	19	19	19
6543731646380642667	349	11	7	11
6543731646380642667	350	3	1	3
6543731646380642667	351	14	14	17
6543731646380642667	352	17	2	7
6543731646380642667	353	17	10	19
6543731646380642667	354	11	13	13
6543731646380642667	355	15	14	7
6543731646380642667	356	7	7	0
6543731646380642667	357	17	9	1
6543731646380642667	358	8	8	8
6543731646380642667	359	17	17	19
6543731646380642667	360	19	14	19
6543731646380642667	361	3	14	14
6543731646380642667	362	4	4	13
6543731646380642667	363	1	9	19
6543731646380642667	364	12	12	7
6543731646380642667	365	16	16	16
6543731646380642667	366	16	8	16
6543731646380642667	367	8	8	8
6543731646380642667	368	4	4	14
6543731646380642667	369	15	2	3
6543731646380642667	370	6	6	6
6543731646380642667	371	5	18	9
6543731646380642667	372	7	13	0
6543731646380642667	373	16	8	16
6543731646380642667	374	6	6	6
6543731646380642667	375	6	6	6
6543731646380642667	376	17	10	17
6543731646380642667	377	19	19	19
6543731646380642667	378	17	13	4
6543731646380642667	379	4	4	10
6543731646380642667	380	9	9	9
6543731646380642667	381	8	8	8
6543731646380642667	382	14	4	15
6543731646380642667	383	6	6	16
6543731646380642667	384	10	14	19
6543731646380642667	385	11	11	11
6543731646380642667	386	1	17	19
6543731646380642667	387	0	0	17
6543731646380642667	388	10	10	1
6543731646380642667	389	6	6	6
6543731646380642667	390	10	10	3
6543731646380642667	391	13	13	9
6543731646380642667	392	2	15	13
6543731646380642667	393	8	8	8
6543731646380642667	394	12	13	4
6543731646380642667	395	12	5	13
6543731646380642667	396	14	2	3
6543731646380642667	397	12	16	7
6543731646380642667	398	5	13	13
6543731646380642667	399	3	17	3
6543731646380642667	400	11	13	18
6543731646380642667	401	19	14	10
6543731646380642667	402	15	2	15
6543731646380642667	403	6	6	6
6543731646380642667	404	19	19	9
6543731646380642667	405	13	13	9
6543731646380642667	406	11	7	11
6543731646380642667	407	19	19	9
6543731646380642667	408	2	14	15
6543731646380642667	409	7	13	13
6543731646380642667	410	5	18	13
6543731646380642667	411	2	2	2
6543731646380642667	412	10	14	3
6543731646380642667	413	1	9	9
6543731646380642667	414	4	4	4
6543731646380642667	415	7	13	7
6543731646380642667	416	17	7	9
6543731646380642667	417	9	9	9
6543731646380642667	418	3	14	10
6543731646380642667	419	14	13	13
6543731646380642667	420	0	13	0
6543731646380642667	421	4	4	1
6543731646380642667	422	17	0	9
6543731646380642667	423	3	19	0
6543731646380642667	424	1	9	19
6543731646380642667	425	9	13	9
6543731646380642667	426	14	0	7
6543731646380642667	427	3	2	3
6543731646380642667	428	13	13	13
6543731646380642667	429	16	6	6
6543731646380642667	430	19	13	9
6543731646380642667	431	7	13	13
6543731646380642667	432	3	14	14
6543731646380642667	433	6	6	6
6543731646380642667	434	13	11	4
6543731646380642667	435	9	13	9
6543731646380642667	436	1	1	19
6543731646380642667	437	4	4	4
6543731646380642667	438	7	7	17
6543731646380642667	439	1	13	1
6543731646380642667	440	18	18	18
6543731646380642667	441	5	5	9
6543731646380642667	442	11	11	11
6543731646380642667	443	15	2	6
6543731646380642667	444	3	2	14
6543731646380642667	445	13	13	9
6543731646380642667	446	9	13	9
6543731646380642667	447	0	13	0
6543731646380642667	448	6	6	6
6543731646380642667	449	18	18	13
6543731646380642667	450	10	14	19
6543731646380642667	451	11	13	11
6543731646380642667	452	6	6	6
6543731646380642667	453	4	4	15
6543731646380642667	454	16	16	4
6543731646380642667	455	9	13	9
6543731646380642667	456	5	18	13
6543731646380642667	457	10	10	1
6543731646380642667	458	7	13	5
6543731646380642667	459	9	11	9
6543731646380642667	460	13	13	4
6543731646380642667	461	2	14	4
6543731646380642667	462	4	4	4
6543731646380642667	463	13	5	19
6543731646380642667	464	16	8	16
6543731646380642667	465	11	13	9
6543731646380642667	466	6	6	6
6543731646380642667	467	0	1	7
6543731646380642667	468	12	13	7
6543731646380642667	469	10	14	19
6543731646380642667	470	12	7	17
6543731646380642667	471	12	7	7
6543731646380642667	472	14	14	4
6543731646380642667	473	3	8	15
6543731646380642667	474	12	13	7
6543731646380642667	475	17	9	0
6543731646380642667	476	14	13	15
6543731646380642667	477	1	0	9
6543731646380642667	478	11	13	11
6543731646380642667	479	11	13	5
6543731646380642667	480	19	9	9
6543731646380642667	481	16	16	16
6543731646380642667	482	0	0	17
6543731646380642667	483	17	17	0
6543731646380642667	484	8	8	13
6543731646380642667	485	2	14	2
6543731646380642667	486	15	2	14
6543731646380642667	487	0	0	1
6543731646380642667	488	5	18	9
6543731646380642667	489	18	11	13
6543731646380642667	490	10	10	10
6543731646380642667	491	10	2	19
6543731646380642667	492	2	2	2
6543731646380642667	493	5	13	9
6543731646380642667	494	18	18	18
6543731646380642667	495	0	13	0
6543731646380642667	496	7	13	13
6543731646380642667	497	1	9	19
6543731646380642667	498	12	16	7
6543731646380642667	499	8	8	8
6543731646380642667	500	18	18	13
6543731646380642667	501	19	13	9
6543731646380642667	502	17	17	0
6543731646380642667	503	1	13	9
6543731646380642667	504	11	13	18
6543731646380642667	505	5	18	1
6543731646380642667	506	8	8	8
6543731646380642667	507	3	10	14
6543731646380642667	508	17	17	17
6543731646380642667	509	18	18	18
6543731646380642667	510	1	13	9
6543731646380642667	511	13	9	19
6543731646380642667	512	17	2	17
6543731646380642667	513	17	10	19
6543731646380642667	514	5	5	9
6543731646380642667	515	18	18	18
6543731646380642667	516	5	5	9
6543731646380642667	517	19	13	9
6543731646380642667	518	15	14	4
6543731646380642667	519	4	4	4
6543731646380642667	520	17	17	14
6543731646380642667	521	17	0	0
6543731646380642667	522	0	14	17
6543731646380642667	523	15	15	7
6543731646380642667	524	10	14	9
6543731646380642667	525	19	19	9
6543731646380642667	526	2	14	17
6543731646380642667	527	5	9	7
6543731646380642667	528	10	13	10
6543731646380642667	529	15	2	6
6543731646380642667	530	19	9	9
6543731646380642667	531	13	13	4
6543731646380642667	532	3	8	1
6543731646380642667	533	12	11	13
6543731646380642667	534	12	13	7
6543731646380642667	535	4	4	4
6543731646380642667	536	7	13	7
6543731646380642667	537	7	13	7
6543731646380642667	538	5	1	4
6543731646380642667	539	3	2	4
6543731646380642667	540	8	8	8
6543731646380642667	541	6	6	6
6543731646380642667	542	9	13	9
6543731646380642667	543	19	13	9
6543731646380642667	544	14	14	14
6543731646380642667	545	15	15	15
6543731646380642667	546	5	2	13
6543731646380642667	547	8	8	8
6543731646380642667	548	13	13	9
6543731646380642667	549	18	18	18
6543731646380642667	550	16	16	16
6543731646380642667	551	11	11	11
6543731646380642667	552	6	6	0
6543731646380642667	553	4	5	4
6543731646380642667	554	8	8	8
6543731646380642667	555	10	14	19
6543731646380642667	556	14	14	3
6543731646380642667	557	17	17	3
6543731646380642667	558	16	16	16
6543731646380642667	559	10	14	19
6543731646380642667	560	12	13	11
6543731646380642667	561	7	9	13
6543731646380642667	562	4	4	7
6543731646380642667	563	6	6	6
6543731646380642667	564	6	6	6
6543731646380642667	565	3	2	3
6543731646380642667	566	4	4	13
6543731646380642667	567	6	8	6
6543731646380642667	568	5	5	13
6543731646380642667	569	17	10	14
6543731646380642667	570	19	13	9
6543731646380642667	571	13	13	13
6543731646380642667	572	19	10	19
6543731646380642667	573	10	10	1
6543731646380642667	574	19	14	10
6543731646380642667	575	19	14	9
6543731646380642667	576	13	13	9
6543731646380642667	577	3	17	19
6543731646380642667	578	14	13	4
6543731646380642667	579	12	12	7
6543731646380642667	580	10	10	10
6543731646380642667	581	3	8	15
6543731646380642667	582	16	8	16
6543731646380642667	583	7	13	11
6543731646380642667	584	12	13	7
6543731646380642667	585	11	11	13
6543731646380642667	586	1	19	19
6543731646380642667	587	19	19	9
6543731646380642667	588	4	4	4
6543731646380642667	589	12	11	11
6543731646380642667	590	11	13	11
6543731646380642667	591	12	12	7
6543731646380642667	592	11	13	13
6543731646380642667	593	9	13	9
6543731646380642667	594	2	2	2
6543731646380642667	595	6	6	6
6543731646380642667	596	17	7	7
6543731646380642667	597	15	2	3
6543731646380642667	598	18	18	18
6543731646380642667	599	16	16	16
6543731646380642667	600	8	8	6
6543731646380642667	601	15	2	15
6543731646380642667	602	3	14	15
6543731646380642667	603	7	7	7
6543731646380642667	604	17	10	19
6543731646380642667	605	17	10	3
6543731646380642667	606	1	13	19
6543731646380642667	607	5	9	5
6543731646380642667	608	2	2	2
6543731646380642667	609	18	18	13
6543731646380642667	610	17	2	3
6543731646380642667	611	8	8	8
6543731646380642667	612	10	10	19
6543731646380642667	613	12	7	7
6543731646380642667	614	19	19	19
6543731646380642667	615	13	13	13
6543731646380642667	616	10	10	8
6543731646380642667	617	15	14	17
6543731646380642667	618	6	6	6
6543731646380642667	619	8	8	8
6543731646380642667	620	4	4	4
6543731646380642667	621	2	2	2
6543731646380642667	622	15	2	3
6543731646380642667	623	9	13	9
6543731646380642667	624	4	4	4
6543731646380642667	625	14	2	14
6543731646380642667	626	9	13	9
6543731646380642667	627	13	9	13
6543731646380642667	628	18	18	13
6543731646380642667	629	9	9	9
6543731646380642667	630	2	14	15
6543731646380642667	631	12	13	11
6543731646380642667	632	15	14	15
6543731646380642667	633	17	1	0
6543731646380642667	634	11	13	11
6543731646380642667	635	7	9	7
6543731646380642667	636	8	8	8
6543731646380642667	637	9	9	19
6543731646380642667	638	9	9	9
6543731646380642667	639	2	2	15
6543731646380642667	640	13	13	9
6543731646380642667	641	10	2	10
6543731646380642667	642	5	5	9
6543731646380642667	643	18	18	13
6543731646380642667	644	8	8	8
6543731646380642667	645	10	10	14
6543731646380642667	646	6	6	6
6543731646380642667	647	6	6	6
6543731646380642667	648	11	13	18
6543731646380642667	649	4	4	4
6543731646380642667	650	3	2	3
6543731646380642667	651	6	6	6
6543731646380642667	652	19	19	9
6543731646380642667	653	0	0	0
6543731646380642667	654	9	13	9
6543731646380642667	655	5	9	13
6543731646380642667	656	8	8	8
6543731646380642667	657	12	13	9
6543731646380642667	658	0	13	0
6543731646380642667	659	8	14	4
6543731646380642667	660	12	13	7
6543731646380642667	661	13	13	9
6543731646380642667	662	12	12	7
6543731646380642667	663	19	9	10
6543731646380642667	664	9	9	9
6543731646380642667	665	17	17	9
6543731646380642667	666	12	13	7
6543731646380642667	667	16	16	16
6543731646380642667	668	4	4	3
6543731646380642667	669	16	8	16
6543731646380642667	670	17	10	19
6543731646380642667	671	8	8	8
6543731646380642667	672	16	16	17
6543731646380642667	673	5	5	9
6543731646380642667	674	0	0	17
6543731646380642667	675	13	13	9
6543731646380642667	676	9	9	9
6543731646380642667	677	2	14	14
6543731646380642667	678	1	13	13
6543731646380642667	679	1	9	9
6543731646380642667	680	10	14	10
6543731646380642667	681	8	8	14
6543731646380642667	682	3	14	15
6543731646380642667	683	19	19	9
6543731646380642667	684	18	18	18
6543731646380642667	685	9	9	9
6543731646380642667	686	13	13	13
6543731646380642667	687	12	9	7
6543731646380642667	688	2	2	2
6543731646380642667	689	3	14	15
6543731646380642667	690	8	8	8
6543731646380642667	691	8	8	8
6543731646380642667	692	18	18	11
6543731646380642667	693	1	9	1
6543731646380642667	694	8	8	8
6543731646380642667	695	8	14	4
6543731646380642667	696	9	9	9
6543731646380642667	697	12	13	7
6543731646380642667	698	4	4	4
6543731646380642667	699	6	6	6
6543731646380642667	700	13	13	13
6543731646380642667	701	19	9	9
6543731646380642667	702	16	16	16
6543731646380642667	703	11	13	11
6543731646380642667	704	8	8	16
6543731646380642667	705	17	1	9
6543731646380642667	706	14	14	0
6543731646380642667	707	1	1	1
6543731646380642667	708	11	9	11
6543731646380642667	709	5	13	13
6543731646380642667	710	4	4	4
6543731646380642667	711	11	13	11
6543731646380642667	712	2	2	4
6543731646380642667	713	14	0	6
6543731646380642667	714	11	13	18
6543731646380642667	715	11	7	11
6543731646380642667	716	11	11	11
6543731646380642667	717	3	10	15
6543731646380642667	718	9	13	19
6543731646380642667	719	18	18	13
6543731646380642667	720	11	7	11
6543731646380642667	721	0	13	1
6543731646380642667	722	6	6	6
6543731646380642667	723	10	2	14
6543731646380642667	724	13	13	9
6543731646380642667	725	10	14	3
6543731646380642667	726	18	18	18
6543731646380642667	727	5	13	13
6543731646380642667	728	3	14	4
6543731646380642667	729	19	19	19
6543731646380642667	730	10	14	3
6543731646380642667	731	1	13	9
6543731646380642667	732	2	14	0
6543731646380642667	733	1	9	9
6543731646380642667	734	7	13	13
6543731646380642667	735	13	13	9
6543731646380642667	736	2	2	2
6543731646380642667	737	6	6	6
6543731646380642667	738	17	10	19
6543731646380642667	739	2	2	3
6543731646380642667	740	3	2	3
6543731646380642667	741	13	13	9
6543731646380642667	742	11	7	13
6543731646380642667	743	9	9	9
6543731646380642667	744	0	14	19
6543731646380642667	745	0	14	17
6543731646380642667	746	17	0	1
6543731646380642667	747	2	2	2
6543731646380642667	748	12	13	7
6543731646380642667	749	0	1	14
6543731646380642667	750	12	9	7
6543731646380642667	751	4	4	9
6543731646380642667	752	15	1	15
6543731646380642667	753	12	13	7
6543731646380642667	754	10	14	19
6543731646380642667	755	1	9	19
6543731646380642667	756	19	19	19
6543731646380642667	757	3	0	15
6543731646380642667	758	0	10	1
6543731646380642667	759	7	13	7
6543731646380642667	760	19	14	1
6543731646380642667	761	0	14	3
6543731646380642667	762	4	4	13
6543731646380642667	763	0	19	0
6543731646380642667	764	16	16	16
6543731646380642667	765	9	9	9
6543731646380642667	766	15	14	17
6543731646380642667	767	18	18	18
6543731646380642667	768	4	4	13
6543731646380642667	769	2	2	10
6543731646380642667	770	15	2	15
6543731646380642667	771	4	4	1
6543731646380642667	772	0	0	19
6543731646380642667	773	5	13	4
6543731646380642667	774	8	8	8
6543731646380642667	775	12	1	7
6543731646380642667	776	6	6	7
6543731646380642667	777	17	3	3
6543731646380642667	778	19	13	9
6543731646380642667	779	12	16	7
6543731646380642667	780	19	14	15
6543731646380642667	781	10	10	17
6543731646380642667	782	17	0	1
6543731646380642667	783	16	8	16
6543731646380642667	784	7	7	7
6543731646380642667	785	17	10	3
6543731646380642667	786	7	13	7
6543731646380642667	787	15	2	4
6543731646380642667	788	11	7	11
6543731646380642667	789	8	8	8
6543731646380642667	790	5	15	13
6543731646380642667	791	8	8	8
6543731646380642667	792	6	6	7
6543731646380642667	793	18	18	13
6543731646380642667	794	13	13	9
6543731646380642667	795	19	13	9
6543731646380642667	796	5	5	13
6543731646380642667	797	3	2	2
6543731646380642667	798	12	16	7
6543731646380642667	799	12	13	9
6543731646380642667	800	1	9	19
6543731646380642667	801	13	9	9
6543731646380642667	802	7	7	7
6543731646380642667	803	9	9	9
6543731646380642667	804	1	1	1
6543731646380642667	805	0	13	16
6543731646380642667	806	5	5	5
6543731646380642667	807	15	2	15
6543731646380642667	808	13	13	13
6543731646380642667	809	0	0	0
6543731646380642667	810	1	9	19
6543731646380642667	811	11	13	11
6543731646380642667	812	7	13	7
6543731646380642667	813	11	11	11
6543731646380642667	814	1	9	9
6543731646380642667	815	14	14	3
6543731646380642667	816	10	10	0
6543731646380642667	817	1	1	10
6543731646380642667	818	19	1	9
6543731646380642667	819	17	9	9
6543731646380642667	820	17	10	19
6543731646380642667	821	14	13	6
6543731646380642667	822	7	11	7
6543731646380642667	823	11	13	18
6543731646380642667	824	5	18	9
6543731646380642667	825	8	8	8
6543731646380642667	826	2	14	15
6543731646380642667	827	2	14	7
6543731646380642667	828	16	16	16
6543731646380642667	829	9	9	9
6543731646380642667	830	16	16	6
6543731646380642667	831	19	13	1
6543731646380642667	832	2	2	2
6543731646380642667	833	9	13	9
6543731646380642667	834	12	12	7
6543731646380642667	835	17	13	9
6543731646380642667	836	13	13	19
6543731646380642667	837	19	13	1
6543731646380642667	838	16	16	17
6543731646380642667	839	1	7	19
6543731646380642667	840	10	1	1
6543731646380642667	841	17	9	0
6543731646380642667	842	11	13	11
6543731646380642667	843	18	18	18
6543731646380642667	844	11	11	11
6543731646380642667	845	13	13	9
6543731646380642667	846	13	13	13
6543731646380642667	847	3	14	17
6543731646380642667	848	17	2	7
6543731646380642667	849	10	0	3
6543731646380642667	850	18	18	18
6543731646380642667	851	16	16	16
6543731646380642667	852	0	0	17
6543731646380642667	853	16	16	16
6543731646380642667	854	15	2	15
6543731646380642667	855	4	4	3
6543731646380642667	856	5	13	9
6543731646380642667	857	18	18	11
6543731646380642667	858	15	2	15
6543731646380642667	859	3	2	13
6543731646380642667	860	4	4	14
6543731646380642667	861	19	19	9
6543731646380642667	862	2	14	2
6543731646380642667	863	16	8	16
6543731646380642667	864	12	1	7
6543731646380642667	865	5	5	9
6543731646380642667	866	14	14	3
6543731646380642667	867	12	7	7
6543731646380642667	868	11	18	11
6543731646380642667	869	2	14	2
6543731646380642667	870	17	10	17
6543731646380642667	871	2	14	15
6543731646380642667	872	1	19	19
6543731646380642667	873	12	13	7
6543731646380642667	874	14	15	3
6543731646380642667	875	18	18	11
6543731646380642667	876	6	6	6
6543731646380642667	877	9	9	9
6543731646380642667	878	13	13	13
6543731646380642667	879	3	19	15
6543731646380642667	880	0	14	19
6543731646380642667	881	17	13	3
6543731646380642667	882	16	8	16
6543731646380642667	883	2	2	2
6543731646380642667	884	2	2	2
6543731646380642667	885	17	10	19
6543731646380642667	886	2	2	2
6543731646380642667	887	6	6	6
6543731646380642667	888	19	13	1
6543731646380642667	889	18	18	13
6543731646380642667	890	19	13	1
6543731646380642667	891	7	13	7
6543731646380642667	892	17	17	0
6543731646380642667	893	7	13	7
6543731646380642667	894	19	13	19
6543731646380642667	895	18	18	18
6543731646380642667	896	4	4	10
6543731646380642667	897	2	14	0
6543731646380642667	898	1	7	19
6543731646380642667	899	4	4	19
6543731646380642667	900	13	13	13
6543731646380642667	901	12	13	16
6543731646380642667	902	16	16	6
6543731646380642667	903	19	13	9
6543731646380642667	904	11	13	18
6543731646380642667	905	10	10	1
6543731646380642667	906	19	9	1
6543731646380642667	907	12	13	13
6543731646380642667	908	11	11	11
6543731646380642667	909	6	6	6
6543731646380642667	910	2	2	2
6543731646380642667	911	2	14	14
6543731646380642667	912	15	2	15
6543731646380642667	913	8	8	8
6543731646380642667	914	5	18	9
6543731646380642667	915	18	18	18
6543731646380642667	916	14	4	2
6543731646380642667	917	18	18	18
6543731646380642667	918	2	2	14
6543731646380642667	919	15	14	4
6543731646380642667	920	3	2	19
6543731646380642667	921	11	11	11
6543731646380642667	922	10	10	14
6543731646380642667	923	1	13	9
6543731646380642667	924	16	16	16
6543731646380642667	925	15	2	15
6543731646380642667	926	2	2	2
6543731646380642667	927	14	14	3
6543731646380642667	928	9	13	9
6543731646380642667	929	10	2	19
6543731646380642667	930	0	0	17
6543731646380642667	931	8	8	8
6543731646380642667	932	2	2	2
6543731646380642667	933	18	11	8
6543731646380642667	934	18	18	18
6543731646380642667	935	15	14	7
6543731646380642667	936	1	13	9
6543731646380642667	937	11	11	11
6543731646380642667	938	7	13	7
6543731646380642667	939	5	18	9
6543731646380642667	940	19	14	19
6543731646380642667	941	5	18	9
6543731646380642667	942	12	9	7
6543731646380642667	943	10	10	1
6543731646380642667	944	8	8	8
6543731646380642667	945	7	13	13
6543731646380642667	946	19	13	9
6543731646380642667	947	18	18	18
6543731646380642667	948	14	14	6
6543731646380642667	949	10	2	3
6543731646380642667	950	16	8	8
6543731646380642667	951	10	10	1
6543731646380642667	952	18	18	18
6543731646380642667	953	14	13	13
6543731646380642667	954	14	13	4
6543731646380642667	955	17	1	0
6543731646380642667	956	17	10	17
6543731646380642667	957	6	6	6
6543731646380642667	958	10	10	1
6543731646380642667	959	9	13	9
6543731646380642667	960	17	0	10
6543731646380642667	961	7	13	7
6543731646380642667	962	15	2	15
6543731646380642667	963	14	2	14
6543731646380642667	964	11	11	13
6543731646380642667	965	7	13	11
6543731646380642667	966	13	13	9
6543731646380642667	967	8	8	8
6543731646380642667	968	10	4	10
6543731646380642667	969	15	4	17
6543731646380642667	970	3	2	15
6543731646380642667	971	6	6	6
6543731646380642667	972	18	18	18
6543731646380642667	973	19	13	9
6543731646380642667	974	5	13	1
6543731646380642667	975	2	14	4
6543731646380642667	976	12	16	12
6543731646380642667	977	2	2	13
6543731646380642667	978	14	13	6
6543731646380642667	979	3	14	9
6543731646380642667	980	3	8	10
6543731646380642667	981	10	10	2
6543731646380642667	982	2	14	6
6543731646380642667	983	14	0	10
6543731646380642667	984	14	0	4
6543731646380642667	985	15	1	13
6543731646380642667	986	5	18	9
6543731646380642667	987	10	0	17
6543731646380642667	988	4	4	13
6543731646380642667	989	14	0	15
6543731646380642667	990	17	3	0
6543731646380642667	991	13	13	18
6543731646380642667	992	1	9	19
6543731646380642667	993	18	18	13
6543731646380642667	994	19	13	9
6543731646380642667	995	12	7	7
6543731646380642667	996	13	5	13
6543731646380642667	997	16	6	16
6543731646380642667	998	14	0	14
6543731646380642667	999	17	2	7
6543731646380642667	1000	18	18	11
6543731646380642667	1001	13	9	9
6543731646380642667	1002	13	13	9
6543731646380642667	1003	12	12	7
6543731646380642667	1004	10	14	19
6543731646380642667	1005	7	13	17
6543731646380642667	1006	6	6	6
6543731646380642667	1007	17	17	17
6543731646380642667	1008	8	8	8
6543731646380642667	1009	7	7	7
6543731646380642667	1010	0	13	0
6543731646380642667	1011	16	16	16
6543731646380642667	1012	4	4	15
6543731646380642667	1013	9	13	9
6543731646380642667	1014	19	13	19
6543731646380642667	1015	6	6	6
6543731646380642667	1016	15	2	14
6543731646380642667	1017	4	4	4
6543731646380642667	1018	19	14	10
6543731646380642667	1019	5	18	9
6543731646380642667	1020	14	14	3
6543731646380642667	1021	1	13	9
6543731646380642667	1022	3	10	15
6543731646380642667	1023	3	1	4
6543731646380642667	1024	10	10	1
6543731646380642667	1025	9	9	9
6543731646380642667	1026	15	14	6
6543731646380642667	1027	1	9	19
6543731646380642667	1028	9	13	9
6543731646380642667	1029	2	14	7
6543731646380642667	1030	3	2	3
6543731646380642667	1031	6	6	6
6543731646380642667	1032	18	18	11
6543731646380642667	1033	18	18	18
6543731646380642667	1034	7	13	11
6543731646380642667	1035	15	15	15
6543731646380642667	1036	9	9	9
6543731646380642667	1037	5	9	13
6543731646380642667	1038	1	13	9
6543731646380642667	1039	12	11	13
6543731646380642667	1040	9	13	9
6543731646380642667	1041	9	9	9
6543731646380642667	1042	13	13	16
6543731646380642667	1043	16	8	8
6543731646380642667	1044	11	16	7
6543731646380642667	1045	6	6	6
6543731646380642667	1046	1	19	19
6543731646380642667	1047	5	18	9
6543731646380642667	1048	5	13	9
6543731646380642667	1049	12	13	16
6543731646380642667	1050	2	2	2
6543731646380642667	1051	6	6	6
6543731646380642667	1052	11	13	18
6543731646380642667	1053	12	13	7
6543731646380642667	1054	16	8	16
6543731646380642667	1055	10	14	10
6543731646380642667	1056	11	11	11
6543731646380642667	1057	0	0	1
6543731646380642667	1058	7	7	7
6543731646380642667	1059	10	10	8
6543731646380642667	1060	2	14	2
6543731646380642667	1061	6	6	6
6543731646380642667	1062	13	13	9
6543731646380642667	1063	14	14	17
6543731646380642667	1064	16	16	6
6543731646380642667	1065	19	13	9
6543731646380642667	1066	2	14	15
6543731646380642667	1067	18	18	11
6543731646380642667	1068	17	0	10
6543731646380642667	1069	7	13	13
6543731646380642667	1070	4	4	13
6543731646380642667	1071	16	8	16
6543731646380642667	1072	13	13	13
6543731646380642667	1073	8	8	8
6543731646380642667	1074	14	4	6
6543731646380642667	1075	10	10	1
6543731646380642667	1076	4	4	4
6543731646380642667	1077	5	18	9
6543731646380642667	1078	12	5	7
6543731646380642667	1079	0	0	17
6543731646380642667	1080	1	9	19
6543731646380642667	1081	2	2	2
6543731646380642667	1082	11	13	18
6543731646380642667	1083	14	14	2
6543731646380642667	1084	16	8	16
6543731646380642667	1085	3	10	15
6543731646380642667	1086	1	1	14
6543731646380642667	1087	9	13	9
6543731646380642667	1088	10	14	19
6543731646380642667	1089	14	13	16
6543731646380642667	1090	12	13	11
6543731646380642667	1091	5	5	13
6543731646380642667	1092	4	9	4
6543731646380642667	1093	2	2	2
6543731646380642667	1094	6	6	16
6543731646380642667	1095	6	6	16
6543731646380642667	1096	14	0	6
6543731646380642667	1097	10	0	10
6543731646380642667	1098	4	4	4
6543731646380642667	1099	13	13	13
6543731646380642667	1100	18	18	18
6543731646380642667	1101	0	0	17
6543731646380642667	1102	16	6	16
6543731646380642667	1103	2	2	2
6543731646380642667	1104	19	19	9
6543731646380642667	1105	0	13	0
6543731646380642667	1106	8	8	8
6543731646380642667	1107	12	13	13
6543731646380642667	1108	10	10	10
6543731646380642667	1109	19	13	1
6543731646380642667	1110	7	13	0
6543731646380642667	1111	11	16	9
6543731646380642667	1112	13	13	13
6543731646380642667	1113	9	13	9
6543731646380642667	1114	1	1	3
6543731646380642667	1115	14	14	3
6543731646380642667	1116	0	0	7
6543731646380642667	1117	0	0	0
6543731646380642667	1118	1	13	13
6543731646380642667	1119	19	19	19
6543731646380642667	1120	12	13	13
6543731646380642667	1121	10	2	19
6543731646380642667	1122	6	6	6
6543731646380642667	1123	6	6	6
6543731646380642667	1124	17	2	19
6543731646380642667	1125	9	13	9
6543731646380642667	1126	18	18	13
6543731646380642667	1127	4	4	4
6543731646380642667	1128	10	10	1
6543731646380642667	1129	5	18	9
6543731646380642667	1130	18	18	18
6543731646380642667	1131	16	6	6
6543731646380642667	1132	15	2	6
6543731646380642667	1133	1	13	19
6543731646380642667	1134	11	11	11
6543731646380642667	1135	16	16	6
6543731646380642667	1136	8	8	8
6543731646380642667	1137	11	9	13
6543731646380642667	1138	11	13	13
6543731646380642667	1139	5	9	13
6543731646380642667	1140	1	9	19
6543731646380642667	1141	1	13	1
6543731646380642667	1142	4	4	4
6543731646380642667	1143	8	8	6
6543731646380642667	1144	11	13	18
6543731646380642667	1145	18	18	11
6543731646380642667	1146	14	0	0
6543731646380642667	1147	0	4	17
6543731646380642667	1148	18	18	13
6543731646380642667	1149	5	18	11
6543731646380642667	1150	15	14	15
6543731646380642667	1151	17	0	8
6543731646380642667	1152	14	14	10
6543731646380642667	1153	16	16	16
6543731646380642667	1154	13	9	13
6543731646380642667	1155	8	2	8
6543731646380642667	1156	13	13	13
6543731646380642667	1157	17	17	10
6543731646380642667	1158	11	13	18
6543731646380642667	1159	0	13	0
6543731646380642667	1160	18	18	13
6543731646380642667	1161	7	11	7
6543731646380642667	1162	18	18	18
6543731646380642667	1163	19	13	9
6543731646380642667	1164	6	6	6
6543731646380642667	1165	18	18	18
6543731646380642667	1166	10	0	10
6543731646380642667	1167	16	16	6
6543731646380642667	1168	12	5	7
6543731646380642667	1169	0	7	6
6543731646380642667	1170	13	13	9
6543731646380642667	1171	3	3	3
6543731646380642667	1172	19	13	9
6543731646380642667	1173	0	0	17
6543731646380642667	1174	16	16	16
6543731646380642667	1175	8	8	15
6543731646380642667	1176	4	4	13
6543731646380642667	1177	17	0	1
6543731646380642667	1178	8	8	8
6543731646380642667	1179	6	6	6
6543731646380642667	1180	7	13	13
6543731646380642667	1181	8	8	8
6543731646380642667	1182	10	14	19
6543731646380642667	1183	5	5	13
6543731646380642667	1184	10	10	9
6543731646380642667	1185	18	18	13
6543731646380642667	1186	18	18	13
6543731646380642667	1187	9	13	9
6543731646380642667	1188	15	2	14
6543731646380642667	1189	18	18	13
6543731646380642667	1190	19	1	9
6543731646380642667	1191	5	5	9
6543731646380642667	1192	13	13	9
6543731646380642667	1193	18	18	18
6543731646380642667	1194	13	13	9
6543731646380642667	1195	0	13	3
6543731646380642667	1196	17	9	0
6543731646380642667	1197	5	5	5
6543731646380642667	1198	4	4	4
6543731646380642667	1199	16	16	16
6543731646380642667	1200	17	10	19
6543731646380642667	1201	6	6	6
6543731646380642667	1202	9	13	9
6543731646380642667	1203	18	18	11
6543731646380642667	1204	14	13	4
6543731646380642667	1205	16	6	8
6543731646380642667	1206	12	13	11
6543731646380642667	1207	18	18	13
6543731646380642667	1208	14	14	3
6543731646380642667	1209	3	14	15
6543731646380642667	1210	8	8	8
6543731646380642667	1211	2	2	3
6543731646380642667	1212	14	4	17
6543731646380642667	1213	10	1	1
6543731646380642667	1214	13	13	1
6543731646380642667	1215	7	13	7
6543731646380642667	1216	15	2	4
6543731646380642667	1217	3	2	3
6543731646380642667	1218	13	13	9
6543731646380642667	1219	10	14	1
6543731646380642667	1220	3	2	19
6543731646380642667	1221	15	2	1
6543731646380642667	1222	5	13	9
6543731646380642667	1223	16	16	16
6543731646380642667	1224	1	13	19
6543731646380642667	1225	1	9	19
6543731646380642667	1226	6	6	6
6543731646380642667	1227	11	4	11
6543731646380642667	1228	0	0	13
6543731646380642667	1229	5	18	18
6543731646380642667	1230	5	5	9
6543731646380642667	1231	6	6	6
6543731646380642667	1232	15	2	15
6543731646380642667	1233	13	13	9
6543731646380642667	1234	7	13	7
6543731646380642667	1235	18	18	18
6543731646380642667	1236	1	13	9
6543731646380642667	1237	2	2	2
6543731646380642667	1238	3	14	15
6543731646380642667	1239	7	13	7
6543731646380642667	1240	18	18	18
6543731646380642667	1241	10	14	19
6543731646380642667	1242	18	18	11
6543731646380642667	1243	3	14	15
6543731646380642667	1244	19	4	9
6543731646380642667	1245	11	7	11
6543731646380642667	1246	12	12	7
6543731646380642667	1247	4	4	13
6543731646380642667	1248	14	14	19
6543731646380642667	1249	7	9	13
6543731646380642667	1250	0	0	8
6543731646380642667	1251	7	13	7
6543731646380642667	1252	5	5	13
6543731646380642667	1253	3	14	15
6543731646380642667	1254	5	18	9
6543731646380642667	1255	2	2	2
6543731646380642667	1256	7	13	7
6543731646380642667	1257	3	14	15
6543731646380642667	1258	7	13	13
6543731646380642667	1259	13	9	9
6543731646380642667	1260	11	13	18
6543731646380642667	1261	11	13	9
6543731646380642667	1262	8	8	8
6543731646380642667	1263	7	13	11
6543731646380642667	1264	16	8	16
6543731646380642667	1265	10	10	1
6543731646380642667	1266	15	15	15
6543731646380642667	1267	15	2	3
6543731646380642667	1268	1	1	10
6543731646380642667	1269	14	13	13
6543731646380642667	1270	3	17	3
6543731646380642667	1271	13	13	9
6543731646380642667	1272	1	0	19
6543731646380642667	1273	4	4	10
6543731646380642667	1274	12	13	12
6543731646380642667	1275	7	7	7
6543731646380642667	1276	1	1	19
6543731646380642667	1277	13	13	13
6543731646380642667	1278	17	10	19
6543731646380642667	1279	6	6	6
6543731646380642667	1280	10	14	3
6543731646380642667	1281	6	6	6
6543731646380642667	1282	1	13	9
6543731646380642667	1283	19	13	9
6543731646380642667	1284	13	13	9
6543731646380642667	1285	11	7	11
6543731646380642667	1286	4	4	4
6543731646380642667	1287	19	13	9
6543731646380642667	1288	16	8	16
6543731646380642667	1289	16	8	16
6543731646380642667	1290	11	11	11
6543731646380642667	1291	10	14	3
6543731646380642667	1292	0	13	17
6543731646380642667	1293	16	16	16
6543731646380642667	1294	1	7	19
6543731646380642667	1295	8	8	13
6543731646380642667	1296	16	8	16
6543731646380642667	1297	12	12	7
6543731646380642667	1298	10	14	3
6543731646380642667	1299	0	13	19
6543731646380642667	1300	5	18	9
6543731646380642667	1301	8	8	8
6543731646380642667	1302	6	6	6
6543731646380642667	1303	9	9	19
6543731646380642667	1304	6	6	6
6543731646380642667	1305	13	9	9
6543731646380642667	1306	9	13	9
6543731646380642667	1307	10	14	10
6543731646380642667	1308	15	2	6
6543731646380642667	1309	10	10	8
6543731646380642667	1310	14	4	14
6543731646380642667	1311	6	6	6
6543731646380642667	1312	19	13	9
6543731646380642667	1313	15	14	3
6543731646380642667	1314	12	13	13
6543731646380642667	1315	8	8	8
6543731646380642667	1316	13	13	9
6543731646380642667	1317	17	7	9
6543731646380642667	1318	12	13	11
6543731646380642667	1319	9	13	9
6543731646380642667	1320	7	13	7
6543731646380642667	1321	6	6	6
6543731646380642667	1322	8	8	8
6543731646380642667	1323	14	13	16
6543731646380642667	1324	2	2	2
6543731646380642667	1325	18	18	13
6543731646380642667	1326	1	9	9
6543731646380642667	1327	7	13	4
6543731646380642667	1328	7	13	7
6543731646380642667	1329	15	15	6
6543731646380642667	1330	3	14	14
6543731646380642667	1331	6	6	6
6543731646380642667	1332	12	16	7
6543731646380642667	1333	2	10	15
6543731646380642667	1334	19	13	9
6543731646380642667	1335	3	15	3
6543731646380642667	1336	5	5	9
6543731646380642667	1337	14	0	15
6543731646380642667	1338	6	6	6
6543731646380642667	1339	19	13	9
6543731646380642667	1340	12	7	7
6543731646380642667	1341	10	14	10
6543731646380642667	1342	17	0	1
6543731646380642667	1343	10	14	0
6543731646380642667	1344	13	13	13
6543731646380642667	1345	14	14	14
6543731646380642667	1346	4	4	19
6543731646380642667	1347	11	11	18
6543731646380642667	1348	18	18	18
6543731646380642667	1349	11	13	11
6543731646380642667	1350	14	14	3
6543731646380642667	1351	2	14	15
6543731646380642667	1352	17	17	19
6543731646380642667	1353	18	18	13
6543731646380642667	1354	0	0	17
6543731646380642667	1355	3	17	19
6543731646380642667	1356	8	8	8
6543731646380642667	1357	17	9	0
6543731646380642667	1358	2	2	2
6543731646380642667	1359	18	18	13
6543731646380642667	1360	1	13	9
6543731646380642667	1361	7	13	11
6543731646380642667	1362	4	4	13
6543731646380642667	1363	10	0	9
6543731646380642667	1364	8	8	8
6543731646380642667	1365	9	9	9
6543731646380642667	1366	3	2	14
6543731646380642667	1367	3	10	17
6543731646380642667	1368	1	13	9
6543731646380642667	1369	6	6	6
6543731646380642667	1370	15	14	15
6543731646380642667	1371	14	0	3
6543731646380642667	1372	12	13	7
6543731646380642667	1373	10	14	3
6543731646380642667	1374	16	8	16
6543731646380642667	1375	11	13	13
6543731646380642667	1376	3	8	2
6543731646380642667	1377	8	8	8
6543731646380642667	1378	0	13	0
6543731646380642667	1379	15	14	13
6543731646380642667	1380	7	13	13
6543731646380642667	1381	8	8	8
6543731646380642667	1382	15	2	1
6543731646380642667	1383	9	13	9
6543731646380642667	1384	0	14	17
6543731646380642667	1385	17	17	9
6543731646380642667	1386	18	18	18
6543731646380642667	1387	3	2	3
6543731646380642667	1388	1	9	19
6543731646380642667	1389	0	14	19
6543731646380642667	1390	4	4	19
6543731646380642667	1391	1	13	9
6543731646380642667	1392	15	14	11
6543731646380642667	1393	16	16	16
6543731646380642667	1394	9	13	9
6543731646380642667	1395	9	13	9
6543731646380642667	1396	14	14	3
6543731646380642667	1397	3	17	3
6543731646380642667	1398	5	18	9
6543731646380642667	1399	6	6	6
6543731646380642667	1400	3	19	14
6543731646380642667	1401	16	16	14
6543731646380642667	1402	6	6	6
6543731646380642667	1403	18	18	18
6543731646380642667	1404	16	16	16
6543731646380642667	1405	12	13	12
6543731646380642667	1406	6	6	16
6543731646380642667	1407	3	2	17
6543731646380642667	1408	7	13	7
6543731646380642667	1409	13	13	7
6543731646380642667	1410	19	13	1
6543731646380642667	1411	10	0	16
6543731646380642667	1412	11	13	13
6543731646380642667	1413	19	14	1
6543731646380642667	1414	9	9	9
6543731646380642667	1415	15	14	6
6543731646380642667	1416	0	0	0
6543731646380642667	1417	14	15	0
6543731646380642667	1418	12	7	7
6543731646380642667	1419	8	8	8
6543731646380642667	1420	19	13	9
6543731646380642667	1421	12	12	7
6543731646380642667	1422	9	13	9
6543731646380642667	1423	17	0	1
6543731646380642667	1424	1	13	9
6543731646380642667	1425	17	17	17
6543731646380642667	1426	8	8	8
6543731646380642667	1427	13	13	13
6543731646380642667	1428	0	13	1
6543731646380642667	1429	2	14	7
6543731646380642667	1430	16	13	16
6543731646380642667	1431	11	13	13
6543731646380642667	1432	18	18	13
6543731646380642667	1433	14	4	17
6543731646380642667	1434	2	2	2
6543731646380642667	1435	9	9	9
6543731646380642667	1436	15	15	13
6543731646380642667	1437	15	1	17
6543731646380642667	1438	0	13	0
6543731646380642667	1439	14	0	6
6543731646380642667	1440	5	13	13
6543731646380642667	1441	0	0	17
6543731646380642667	1442	17	2	19
6543731646380642667	1443	1	13	7
6543731646380642667	1444	15	2	6
6543731646380642667	1445	4	4	4
6543731646380642667	1446	5	9	9
6543731646380642667	1447	3	2	3
6543731646380642667	1448	3	15	3
6543731646380642667	1449	9	9	9
6543731646380642667	1450	3	0	14
6543731646380642667	1451	12	13	13
6543731646380642667	1452	14	4	7
6543731646380642667	1453	0	2	1
6543731646380642667	1454	3	15	15
6543731646380642667	1455	0	0	14
6543731646380642667	1456	7	13	0
6543731646380642667	1457	19	19	9
6543731646380642667	1458	1	1	8
6543731646380642667	1459	11	11	11
6543731646380642667	1460	17	0	19
6543731646380642667	1461	4	4	4
6543731646380642667	1462	15	2	0
6543731646380642667	1463	15	2	5
6543731646380642667	1464	12	5	7
6543731646380642667	1465	10	0	10
6543731646380642667	1466	18	18	13
6543731646380642667	1467	16	11	16
6543731646380642667	1468	10	10	10
6543731646380642667	1469	16	9	16
6543731646380642667	1470	6	6	16
6543731646380642667	1471	5	13	9
6543731646380642667	1472	17	10	17
6543731646380642667	1473	14	14	14
6543731646380642667	1474	4	4	4
6543731646380642667	1475	13	13	13
6543731646380642667	1476	10	4	10
6543731646380642667	1477	7	0	0
6543731646380642667	1478	6	6	6
6543731646380642667	1479	4	4	4
6543731646380642667	1480	11	13	13
6543731646380642667	1481	10	2	10
6543731646380642667	1482	15	15	15
6543731646380642667	1483	16	11	16
6543731646380642667	1484	12	12	7
6543731646380642667	1485	3	14	17
6543731646380642667	1486	4	4	4
6543731646380642667	1487	0	0	17
6543731646380642667	1488	15	15	15
6543731646380642667	1489	4	4	4
6543731646380642667	1490	9	13	9
6543731646380642667	1491	3	14	14
6543731646380642667	1492	7	13	7
6543731646380642667	1493	1	19	19
6543731646380642667	1494	15	2	15
6543731646380642667	1495	2	14	14
6543731646380642667	1496	11	11	11
6543731646380642667	1497	13	9	13
6543731646380642667	1498	4	4	4
6543731646380642667	1499	5	13	13
6543731646380642667	1500	2	14	3
6543731646380642667	1501	18	18	13
6543731646380642667	1502	8	8	13
6543731646380642667	1503	0	0	0
6543731646380642667	1504	15	1	15
6543731646380642667	1505	11	7	11
6543731646380642667	1506	15	15	6
6543731646380642667	1507	14	2	3
6543731646380642667	1508	7	13	13
6543731646380642667	1509	18	18	13
6543731646380642667	1510	11	13	11
6543731646380642667	1511	16	16	13
6543731646380642667	1512	1	9	9
6543731646380642667	1513	19	13	9
6543731646380642667	1514	10	10	1
6543731646380642667	1515	10	13	10
6543731646380642667	1516	14	14	7
6543731646380642667	1517	16	16	16
6543731646380642667	1518	8	8	8
6543731646380642667	1519	1	1	9
6543731646380642667	1520	9	9	9
6543731646380642667	1521	11	13	11
6543731646380642667	1522	10	10	1
6543731646380642667	1523	18	18	13
6543731646380642667	1524	3	2	3
6543731646380642667	1525	11	11	13
6543731646380642667	1526	10	10	1
6543731646380642667	1527	8	8	8
6543731646380642667	1528	10	10	8
6543731646380642667	1529	18	18	16
6543731646380642667	1530	6	6	6
6543731646380642667	1531	6	6	7
6543731646380642667	1532	1	13	4
6543731646380642667	1533	4	1	13
6543731646380642667	1534	5	13	9
6543731646380642667	1535	12	12	7
6543731646380642667	1536	4	4	4
6543731646380642667	1537	19	19	19
6543731646380642667	1538	10	14	19
6543731646380642667	1539	14	13	17
6543731646380642667	1540	6	16	6
6543731646380642667	1541	3	14	10
6543731646380642667	1542	19	13	1
6543731646380642667	1543	12	13	7
6543731646380642667	1544	19	4	9
6543731646380642667	1545	1	1	1
6543731646380642667	1546	6	6	7
6543731646380642667	1547	16	8	16
6543731646380642667	1548	3	14	15
6543731646380642667	1549	15	2	15
6543731646380642667	1550	16	6	16
6543731646380642667	1551	2	2	14
6543731646380642667	1552	11	7	4
6543731646380642667	1553	1	13	13
6543731646380642667	1554	14	14	14
6543731646380642667	1555	8	8	8
6543731646380642667	1556	7	1	7
6543731646380642667	1557	12	13	13
6543731646380642667	1558	16	16	16
6543731646380642667	1559	18	18	13
6543731646380642667	1560	4	4	4
6543731646380642667	1561	19	9	9
6543731646380642667	1562	15	15	15
6543731646380642667	1563	7	7	12
6543731646380642667	1564	12	12	7
6543731646380642667	1565	10	10	1
6543731646380642667	1566	18	18	13
6543731646380642667	1567	2	14	2
6543731646380642667	1568	19	4	19
6543731646380642667	1569	18	18	18
6543731646380642667	1570	13	5	13
6543731646380642667	1571	15	14	10
6543731646380642667	1572	2	14	7
6543731646380642667	1573	0	13	10
6543731646380642667	1574	1	7	19
6543731646380642667	1575	13	13	9
6543731646380642667	1576	12	13	13
6543731646380642667	1577	17	10	19
6543731646380642667	1578	6	6	6
6543731646380642667	1579	9	13	9
6543731646380642667	1580	11	5	7
6543731646380642667	1581	13	13	9
6543731646380642667	1582	6	6	6
6543731646380642667	1583	19	1	9
6543731646380642667	1584	14	14	14
6543731646380642667	1585	15	4	15
6543731646380642667	1586	15	15	6
6543731646380642667	1587	4	4	3
6543731646380642667	1588	8	8	8
6543731646380642667	1589	5	18	5
6543731646380642667	1590	9	13	9
6543731646380642667	1591	18	18	13
6543731646380642667	1592	6	6	6
6543731646380642667	1593	13	13	13
6543731646380642667	1594	17	10	14
6543731646380642667	1595	11	13	11
6543731646380642667	1596	13	13	9
6543731646380642667	1597	7	7	7
6543731646380642667	1598	9	13	9
6543731646380642667	1599	9	13	9
6543731646380642667	1600	16	8	16
6543731646380642667	1601	17	10	10
6543731646380642667	1602	3	14	4
6543731646380642667	1603	4	4	9
6543731646380642667	1604	14	0	8
6543731646380642667	1605	10	2	10
6543731646380642667	1606	4	4	4
6543731646380642667	1607	10	0	10
6543731646380642667	1608	18	18	13
6543731646380642667	1609	10	14	17
6543731646380642667	1610	17	10	17
6543731646380642667	1611	18	18	18
6543731646380642667	1612	8	8	13
6543731646380642667	1613	18	18	9
6543731646380642667	1614	4	4	4
6543731646380642667	1615	19	10	9
6543731646380642667	1616	5	13	9
6543731646380642667	1617	7	13	11
6543731646380642667	1618	14	13	8
6543731646380642667	1619	10	0	10
6543731646380642667	1620	6	6	6
6543731646380642667	1621	9	13	9
6543731646380642667	1622	16	16	6
6543731646380642667	1623	3	2	3
6543731646380642667	1624	11	9	11
6543731646380642667	1625	19	19	9
6543731646380642667	1626	17	13	0
6543731646380642667	1627	11	13	13
6543731646380642667	1628	5	18	9
6543731646380642667	1629	10	2	3
6543731646380642667	1630	1	1	10
6543731646380642667	1631	5	13	5
6543731646380642667	1632	17	17	0
6543731646380642667	1633	12	12	7
6543731646380642667	1634	8	8	8
6543731646380642667	1635	2	2	2
6543731646380642667	1636	4	4	4
6543731646380642667	1637	17	0	1
6543731646380642667	1638	9	13	9
6543731646380642667	1639	9	13	9
6543731646380642667	1640	4	4	4
6543731646380642667	1641	16	8	16
6543731646380642667	1642	8	8	8
6543731646380642667	1643	9	13	9
6543731646380642667	1644	4	4	13
6543731646380642667	1645	1	1	19
6543731646380642667	1646	5	18	1
6543731646380642667	1647	7	13	17
6543731646380642667	1648	19	13	1
6543731646380642667	1649	9	11	9
6543731646380642667	1650	1	9	9
6543731646380642667	1651	11	11	11
6543731646380642667	1652	4	4	4
6543731646380642667	1653	4	4	19
6543731646380642667	1654	3	10	15
6543731646380642667	1655	16	11	16
6543731646380642667	1656	12	13	13
6543731646380642667	1657	15	2	14
6543731646380642667	1658	4	4	4
6543731646380642667	1659	0	13	19
6543731646380642667	1660	15	2	13
6543731646380642667	1661	5	18	9
6543731646380642667	1662	5	13	11
6543731646380642667	1663	10	10	1
6543731646380642667	1664	5	18	9
6543731646380642667	1665	11	13	11
6543731646380642667	1666	12	7	7
6543731646380642667	1667	6	6	6
6543731646380642667	1668	4	0	8
6543731646380642667	1669	14	14	17
6543731646380642667	1670	7	13	7
6543731646380642667	1671	12	5	7
6543731646380642667	1672	3	2	14
6543731646380642667	1673	8	8	8
6543731646380642667	1674	8	8	13
6543731646380642667	1675	8	8	8
6543731646380642667	1676	5	9	9
6543731646380642667	1677	3	2	3
6543731646380642667	1678	17	9	0
6543731646380642667	1679	1	0	19
6543731646380642667	1680	4	4	13
6543731646380642667	1681	6	6	6
6543731646380642667	1682	18	18	18
6543731646380642667	1683	14	13	7
6543731646380642667	1684	14	14	19
6543731646380642667	1685	17	7	9
6543731646380642667	1686	12	11	18
6543731646380642667	1687	8	8	8
6543731646380642667	1688	5	18	9
6543731646380642667	1689	13	13	9
6543731646380642667	1690	10	10	10
6543731646380642667	1691	11	13	13
6543731646380642667	1692	10	2	3
6543731646380642667	1693	2	14	2
6543731646380642667	1694	1	1	1
6543731646380642667	1695	11	13	11
6543731646380642667	1696	6	6	6
6543731646380642667	1697	4	0	6
6543731646380642667	1698	16	8	16
6543731646380642667	1699	18	18	18
6543731646380642667	1700	11	13	11
6543731646380642667	1701	17	10	19
6543731646380642667	1702	13	13	9
6543731646380642667	1703	0	0	17
6543731646380642667	1704	7	7	7
6543731646380642667	1705	8	8	8
6543731646380642667	1706	14	14	3
6543731646380642667	1707	19	4	19
6543731646380642667	1708	18	18	18
6543731646380642667	1709	0	13	0
6543731646380642667	1710	14	0	14
6543731646380642667	1711	7	13	7
6543731646380642667	1712	1	1	19
6543731646380642667	1713	10	10	1
6543731646380642667	1714	0	13	0
6543731646380642667	1715	8	8	8
6543731646380642667	1716	9	13	9
6543731646380642667	1717	15	2	15
6543731646380642667	1718	11	13	13
6543731646380642667	1719	17	9	9
6543731646380642667	1720	15	14	6
6543731646380642667	1721	12	12	7
6543731646380642667	1722	6	6	6
6543731646380642667	1723	10	10	1
6543731646380642667	1724	19	9	19
6543731646380642667	1725	3	14	6
6543731646380642667	1726	6	6	6
6543731646380642667	1727	11	13	9
6543731646380642667	1728	19	9	9
6543731646380642667	1729	0	0	9
6543731646380642667	1730	13	13	9
6543731646380642667	1731	5	5	13
6543731646380642667	1732	3	2	19
6543731646380642667	1733	16	8	8
6543731646380642667	1734	5	5	13
6543731646380642667	1735	10	9	10
6543731646380642667	1736	14	13	7
6543731646380642667	1737	16	6	16
6543731646380642667	1738	1	13	9
6543731646380642667	1739	16	8	16
6543731646380642667	1740	9	13	9
6543731646380642667	1741	6	6	6
6543731646380642667	1742	16	6	16
6543731646380642667	1743	7	7	7
6543731646380642667	1744	4	4	4
6543731646380642667	1745	10	10	1
6543731646380642667	1746	14	14	3
6543731646380642667	1747	3	2	14
6543731646380642667	1748	18	11	18
6543731646380642667	1749	13	13	9
6543731646380642667	1750	0	0	17
6543731646380642667	1751	19	4	19
6543731646380642667	1752	5	18	1
6543731646380642667	1753	16	8	16
6543731646380642667	1754	8	8	8
6543731646380642667	1755	8	8	8
6543731646380642667	1756	5	9	9
6543731646380642667	1757	6	6	6
6543731646380642667	1758	8	8	8
6543731646380642667	1759	14	14	3
6543731646380642667	1760	18	18	18
6543731646380642667	1761	6	6	6
6543731646380642667	1762	1	13	13
6543731646380642667	1763	6	6	6
6543731646380642667	1764	4	4	7
6543731646380642667	1765	11	13	13
6543731646380642667	1766	8	2	1
6543731646380642667	1767	13	13	13
6543731646380642667	1768	2	10	6
6543731646380642667	1769	16	16	7
6543731646380642667	1770	16	6	13
6543731646380642667	1771	10	14	19
6543731646380642667	1772	16	16	7
6543731646380642667	1773	2	14	14
6543731646380642667	1774	16	8	16
6543731646380642667	1775	16	16	17
6543731646380642667	1776	8	8	8
6543731646380642667	1777	1	13	9
6543731646380642667	1778	10	10	10
6543731646380642667	1779	15	14	14
6543731646380642667	1780	4	19	15
6543731646380642667	1781	17	10	19
6543731646380642667	1782	3	10	14
6543731646380642667	1783	17	9	1
6543731646380642667	1784	8	8	8
6543731646380642667	1785	11	13	13
6543731646380642667	1786	12	13	7
6543731646380642667	1787	8	16	16
6543731646380642667	1788	10	1	14
6543731646380642667	1789	15	15	7
6543731646380642667	1790	2	14	15
6543731646380642667	1791	8	8	8
6543731646380642667	1792	15	14	6
6543731646380642667	1793	0	14	19
6543731646380642667	1794	17	10	3
6543731646380642667	1795	2	14	15
6543731646380642667	1796	13	9	5
6543731646380642667	1797	13	13	19
6543731646380642667	1798	15	2	15
6543731646380642667	1799	2	2	2
6543731646380642667	1800	8	8	8
6543731646380642667	1801	18	18	16
6543731646380642667	1802	4	4	4
6543731646380642667	1803	17	10	19
6543731646380642667	1804	7	13	7
6543731646380642667	1805	18	18	18
6543731646380642667	1806	19	14	3
6543731646380642667	1807	17	2	0
6543731646380642667	1808	7	11	1
6543731646380642667	1809	4	4	4
6543731646380642667	1810	0	14	17
6543731646380642667	1811	17	0	2
6543731646380642667	1812	13	13	9
6543731646380642667	1813	11	7	11
6543731646380642667	1814	15	15	19
6543731646380642667	1815	5	9	9
6543731646380642667	1816	5	18	9
6543731646380642667	1817	17	9	9
6543731646380642667	1818	13	13	13
6543731646380642667	1819	5	13	9
6543731646380642667	1820	18	18	13
6543731646380642667	1821	6	6	6
6543731646380642667	1822	9	11	9
6543731646380642667	1823	8	8	8
6543731646380642667	1824	16	16	16
6543731646380642667	1825	18	18	11
6543731646380642667	1826	5	18	9
6543731646380642667	1827	5	13	13
6543731646380642667	1828	9	13	9
6543731646380642667	1829	2	2	2
6543731646380642667	1830	0	13	1
6543731646380642667	1831	6	6	6
6543731646380642667	1832	14	13	4
6543731646380642667	1833	8	8	8
6543731646380642667	1834	15	2	15
6543731646380642667	1835	2	2	2
6543731646380642667	1836	0	13	17
6543731646380642667	1837	9	13	9
6543731646380642667	1838	0	0	14
6543731646380642667	1839	4	4	4
6543731646380642667	1840	9	13	9
6543731646380642667	1841	16	16	16
6543731646380642667	1842	7	13	13
6543731646380642667	1843	2	2	2
6543731646380642667	1844	4	4	4
6543731646380642667	1845	7	13	7
6543731646380642667	1846	11	11	13
6543731646380642667	1847	7	13	13
6543731646380642667	1848	19	14	19
6543731646380642667	1849	17	9	0
6543731646380642667	1850	1	1	1
6543731646380642667	1851	12	13	4
6543731646380642667	1852	0	0	17
6543731646380642667	1853	12	13	7
6543731646380642667	1854	1	13	9
6543731646380642667	1855	14	14	14
6543731646380642667	1856	15	2	15
6543731646380642667	1857	14	0	0
6543731646380642667	1858	6	6	6
6543731646380642667	1859	18	18	13
6543731646380642667	1860	17	17	16
6543731646380642667	1861	13	13	9
6543731646380642667	1862	18	13	9
6543731646380642667	1863	13	13	9
6543731646380642667	1864	18	18	18
6543731646380642667	1865	17	1	17
6543731646380642667	1866	15	2	3
6543731646380642667	1867	14	0	16
6543731646380642667	1868	3	10	10
6543731646380642667	1869	2	2	2
6543731646380642667	1870	19	13	9
6543731646380642667	1871	15	14	19
6543731646380642667	1872	12	13	4
6543731646380642667	1873	12	13	9
6543731646380642667	1874	17	10	3
6543731646380642667	1875	13	18	13
6543731646380642667	1876	18	18	13
6543731646380642667	1877	2	2	2
6543731646380642667	1878	10	10	1
6543731646380642667	1879	14	14	2
6543731646380642667	1880	4	4	4
6543731646380642667	1881	8	8	8
6543731646380642667	1882	11	13	5
6543731646380642667	1883	19	13	9
6543731646380642667	1884	17	17	6
6543731646380642667	1885	19	13	9
6543731646380642667	1886	3	2	15
6543731646380642667	1887	15	2	3
6543731646380642667	1888	13	13	9
6543731646380642667	1889	11	7	11
6543731646380642667	1890	16	8	16
6543731646380642667	1891	12	13	13
6543731646380642667	1892	5	5	13
6543731646380642667	1893	7	7	7
6543731646380642667	1894	14	14	0
6543731646380642667	1895	13	13	9
6543731646380642667	1896	13	13	13
6543731646380642667	1897	7	13	13
6543731646380642667	1898	15	14	15
6543731646380642667	1899	15	2	6
6543731646380642667	1900	16	16	17
6543731646380642667	1901	4	4	4
6543731646380642667	1902	14	14	3
6543731646380642667	1903	2	14	14
6543731646380642667	1904	7	13	13
6543731646380642667	1905	10	2	3
6543731646380642667	1906	4	4	12
6543731646380642667	1907	12	5	7
6543731646380642667	1908	7	13	15
6543731646380642667	1909	0	13	0
6543731646380642667	1910	10	10	1
6543731646380642667	1911	7	13	9
6543731646380642667	1912	5	5	5
6543731646380642667	1913	12	5	7
6543731646380642667	1914	8	8	8
6543731646380642667	1915	5	1	4
6543731646380642667	1916	4	4	4
6543731646380642667	1917	3	14	10
6543731646380642667	1918	9	9	19
6543731646380642667	1919	6	6	6
6543731646380642667	1920	0	14	17
6543731646380642667	1921	4	4	4
6543731646380642667	1922	4	4	4
6543731646380642667	1923	3	2	19
6543731646380642667	1924	9	13	9
6543731646380642667	1925	14	13	4
6543731646380642667	1926	5	5	13
6543731646380642667	1927	13	9	9
6543731646380642667	1928	9	13	9
6543731646380642667	1929	11	13	13
6543731646380642667	1930	13	9	9
6543731646380642667	1931	2	2	2
6543731646380642667	1932	0	13	1
6543731646380642667	1933	11	7	11
6543731646380642667	1934	1	9	9
6543731646380642667	1935	11	10	11
6543731646380642667	1936	3	10	15
6543731646380642667	1937	19	19	9
6543731646380642667	1938	0	0	17
6543731646380642667	1939	7	13	1
6543731646380642667	1940	11	11	18
6543731646380642667	1941	17	9	0
6543731646380642667	1942	7	13	7
6543731646380642667	1943	15	2	6
6543731646380642667	1944	11	13	11
6543731646380642667	1945	18	18	18
6543731646380642667	1946	13	9	9
6543731646380642667	1947	3	2	3
6543731646380642667	1948	1	13	1
6543731646380642667	1949	18	18	18
6543731646380642667	1950	16	16	16
6543731646380642667	1951	14	2	3
6543731646380642667	1952	9	13	9
6543731646380642667	1953	0	14	17
6543731646380642667	1954	1	1	9
6543731646380642667	1955	13	13	9
6543731646380642667	1956	8	8	8
6543731646380642667	1957	17	0	19
6543731646380642667	1958	0	13	0
6543731646380642667	1959	10	14	10
6543731646380642667	1960	18	18	13
6543731646380642667	1961	3	2	3
6543731646380642667	1962	14	14	3
6543731646380642667	1963	12	18	12
6543731646380642667	1964	9	13	9
6543731646380642667	1965	7	13	7
6543731646380642667	1966	10	2	19
6543731646380642667	1967	0	7	7
6543731646380642667	1968	11	13	13
6543731646380642667	1969	10	14	10
6543731646380642667	1970	14	13	14
6543731646380642667	1971	5	9	13
6543731646380642667	1972	4	4	4
6543731646380642667	1973	2	2	2
6543731646380642667	1974	6	6	6
6543731646380642667	1975	15	2	13
6543731646380642667	1976	14	14	3
6543731646380642667	1977	16	8	16
6543731646380642667	1978	2	2	0
6543731646380642667	1979	11	13	11
6543731646380642667	1980	4	4	4
6543731646380642667	1981	4	4	4
6543731646380642667	1982	19	1	10
6543731646380642667	1983	2	2	2
6543731646380642667	1984	4	4	4
6543731646380642667	1985	15	2	13
6543731646380642667	1986	9	9	9
6543731646380642667	1987	18	18	13
6543731646380642667	1988	18	18	18
6543731646380642667	1989	17	17	9
6543731646380642667	1990	0	17	17
6543731646380642667	1991	16	8	16
6543731646380642667	1992	2	2	2
6543731646380642667	1993	15	8	4
6543731646380642667	1994	11	11	11
6543731646380642667	1995	18	18	13
6543731646380642667	1996	12	13	9
6543731646380642667	1997	17	2	14
6543731646380642667	1998	9	13	9
6543731646380642667	1999	15	14	15
6543731646380642667	2000	17	17	17
6543731646380642667	2001	9	9	9
6543731646380642667	2002	6	6	6
6543731646380642667	2003	11	7	11
6543731646380642667	2004	14	14	3
6543731646380642667	2005	5	18	13
6543731646380642667	2006	18	18	18
6543731646380642667	2007	19	9	9
6543731646380642667	2008	5	9	11
6543731646380642667	2009	12	5	11
6543731646380642667	2010	13	13	13
6543731646380642667	2011	1	9	19
6543731646380642667	2012	7	13	7
6543731646380642667	2013	7	13	11
6543731646380642667	2014	6	6	16
6543731646380642667	2015	4	4	13
6543731646380642667	2016	8	8	8
6543731646380642667	2017	7	7	7
6543731646380642667	2018	12	5	7
6543731646380642667	2019	7	13	7
6543731646380642667	2020	13	1	15
6543731646380642667	2021	4	4	4
6543731646380642667	2022	14	2	3
6543731646380642667	2023	2	14	4
6543731646380642667	2024	14	15	15
6543731646380642667	2025	5	13	7
6543731646380642667	2026	8	8	8
6543731646380642667	2027	2	2	2
6543731646380642667	2028	15	2	17
6543731646380642667	2029	2	14	14
6543731646380642667	2030	14	14	19
6543731646380642667	2031	3	2	3
6543731646380642667	2032	6	6	6
6543731646380642667	2033	16	8	8
6543731646380642667	2034	14	0	7
6543731646380642667	2035	15	2	14
6543731646380642667	2036	4	4	4
6543731646380642667	2037	0	0	9
6543731646380642667	2038	7	13	4
6543731646380642667	2039	11	13	13
6543731646380642667	2040	9	13	9
6543731646380642667	2041	13	9	9
6543731646380642667	2042	12	13	7
6543731646380642667	2043	11	11	11
6543731646380642667	2044	2	14	7
6543731646380642667	2045	3	10	14
6543731646380642667	2046	8	2	1
6543731646380642667	2047	10	14	19
6543731646380642667	2048	13	13	9
6543731646380642667	2049	17	0	9
6543731646380642667	2050	1	13	1
6543731646380642667	2051	2	2	2
6543731646380642667	2052	5	18	9
6543731646380642667	2053	8	8	8
6543731646380642667	2054	4	4	13
6543731646380642667	2055	9	13	9
6543731646380642667	2056	19	19	1
6543731646380642667	2057	10	0	10
6543731646380642667	2058	1	13	9
6543731646380642667	2059	15	15	4
6543731646380642667	2060	4	4	13
6543731646380642667	2061	12	13	7
6543731646380642667	2062	8	8	8
6543731646380642667	2063	19	13	9
6543731646380642667	2064	4	4	15
6543731646380642667	2065	4	4	4
6543731646380642667	2066	2	1	0
6543731646380642667	2067	2	2	2
6543731646380642667	2068	7	13	7
6543731646380642667	2069	12	13	11
6543731646380642667	2070	17	9	0
6543731646380642667	2071	9	9	9
6543731646380642667	2072	2	2	2
6543731646380642667	2073	2	14	9
6543731646380642667	2074	16	16	17
6543731646380642667	2075	9	13	9
6543731646380642667	2076	15	14	6
6543731646380642667	2077	5	13	9
6543731646380642667	2078	8	8	8
6543731646380642667	2079	0	14	17
6543731646380642667	2080	19	19	9
6543731646380642667	2081	12	13	13
6543731646380642667	2082	13	13	9
6543731646380642667	2083	3	15	15
6543731646380642667	2084	6	6	6
6543731646380642667	2085	16	16	16
6543731646380642667	2086	5	4	13
6543731646380642667	2087	7	13	7
6543731646380642667	2088	2	14	2
6543731646380642667	2089	14	0	11
6543731646380642667	2090	0	13	1
6543731646380642667	2091	17	10	19
6543731646380642667	2092	14	4	17
6543731646380642667	2093	16	16	6
6543731646380642667	2094	13	13	13
6543731646380642667	2095	17	17	19
6543731646380642667	2096	2	2	3
6543731646380642667	2097	9	13	9
6543731646380642667	2098	13	13	9
6543731646380642667	2099	9	9	9
6543731646380642667	2100	9	13	9
6543731646380642667	2101	14	8	3
6543731646380642667	2102	19	13	9
6543731646380642667	2103	13	9	13
6543731646380642667	2104	7	13	13
6543731646380642667	2105	1	1	19
6543731646380642667	2106	4	4	5
6543731646380642667	2107	15	1	0
6543731646380642667	2108	6	6	6
6543731646380642667	2109	9	9	19
6543731646380642667	2110	14	14	17
6543731646380642667	2111	15	2	6
6543731646380642667	2112	11	13	11
6543731646380642667	2113	6	16	6
6543731646380642667	2114	5	5	9
6543731646380642667	2115	4	4	4
6543731646380642667	2116	19	13	9
6543731646380642667	2117	4	4	4
6543731646380642667	2118	14	14	3
6543731646380642667	2119	8	8	8
6543731646380642667	2120	6	6	6
6543731646380642667	2121	8	8	8
6543731646380642667	2122	12	13	5
6543731646380642667	2123	2	2	17
6543731646380642667	2124	13	13	9
6543731646380642667	2125	5	5	13
6543731646380642667	2126	0	13	0
6543731646380642667	2127	4	4	4
6543731646380642667	2128	12	16	7
6543731646380642667	2129	16	16	7
6543731646380642667	2130	12	13	13
6543731646380642667	2131	14	4	3
6543731646380642667	2132	13	13	9
6543731646380642667	2133	7	13	7
6543731646380642667	2134	13	13	13
6543731646380642667	2135	18	18	13
6543731646380642667	2136	5	13	9
6543731646380642667	2137	0	0	3
6543731646380642667	2138	17	17	2
6543731646380642667	2139	4	4	4
6543731646380642667	2140	8	8	8
6543731646380642667	2141	16	16	16
6543731646380642667	2142	19	13	9
6543731646380642667	2143	18	18	13
6543731646380642667	2144	18	18	13
6543731646380642667	2145	6	6	6
6543731646380642667	2146	16	8	16
6543731646380642667	2147	12	18	7
6543731646380642667	2148	16	8	16
6543731646380642667	2149	18	18	13
6543731646380642667	2150	13	13	9
6543731646380642667	2151	9	9	19
6543731646380642667	2152	0	14	17
6543731646380642667	2153	14	0	2
6543731646380642667	2154	10	14	3
6543731646380642667	2155	10	14	10
6543731646380642667	2156	18	18	18
6543731646380642667	2157	13	13	9
6543731646380642667	2158	1	13	19
6543731646380642667	2159	4	4	4
6543731646380642667	2160	17	9	9
6543731646380642667	2161	12	13	4
6543731646380642667	2162	10	10	3
6543731646380642667	2163	16	8	16
6543731646380642667	2164	12	12	7
6543731646380642667	2165	16	16	17
6543731646380642667	2166	13	13	9
6543731646380642667	2167	12	13	11
6543731646380642667	2168	12	13	13
6543731646380642667	2169	8	8	2
6543731646380642667	2170	18	18	18
6543731646380642667	2171	2	2	2
6543731646380642667	2172	12	13	7
6543731646380642667	2173	4	0	0
6543731646380642667	2174	16	8	16
6543731646380642667	2175	15	2	4
6543731646380642667	2176	9	9	9
6543731646380642667	2177	16	16	7
6543731646380642667	2178	12	13	9
6543731646380642667	2179	5	18	9
6543731646380642667	2180	14	0	13
6543731646380642667	2181	13	13	9
6543731646380642667	2182	8	8	8
6543731646380642667	2183	12	11	13
6543731646380642667	2184	10	13	10
6543731646380642667	2185	18	18	11
6543731646380642667	2186	1	7	19
6543731646380642667	2187	12	13	7
6543731646380642667	2188	18	18	18
6543731646380642667	2189	7	13	7
6543731646380642667	2190	18	13	9
6543731646380642667	2191	16	16	16
6543731646380642667	2192	17	9	9
6543731646380642667	2193	4	4	9
6543731646380642667	2194	12	13	12
6543731646380642667	2195	7	13	12
6543731646380642667	2196	13	13	13
6543731646380642667	2197	17	10	19
6543731646380642667	2198	8	8	14
6543731646380642667	2199	8	8	8
6543731646380642667	2200	11	11	11
6543731646380642667	2201	15	2	6
6543731646380642667	2202	2	2	2
6543731646380642667	2203	2	2	2
6543731646380642667	2204	13	9	9
6543731646380642667	2205	17	10	9
6543731646380642667	2206	1	13	9
6543731646380642667	2207	0	13	1
6543731646380642667	2208	17	10	17
6543731646380642667	2209	15	14	7
6543731646380642667	2210	19	0	9
6543731646380642667	2211	16	16	17
6543731646380642667	2212	14	0	13
6543731646380642667	2213	15	2	3
6543731646380642667	2214	18	13	9
6543731646380642667	2215	11	7	11
6543731646380642667	2216	5	13	13
6543731646380642667	2217	10	0	19
6543731646380642667	2218	14	13	4
6543731646380642667	2219	15	14	13
6543731646380642667	2220	18	18	13
6543731646380642667	2221	7	1	7
6543731646380642667	2222	8	8	8
6543731646380642667	2223	3	2	3
6543731646380642667	2224	2	8	2
6543731646380642667	2225	15	15	14
6543731646380642667	2226	15	1	14
6543731646380642667	2227	1	1	19
6543731646380642667	2228	17	3	19
6543731646380642667	2229	12	11	13
6543731646380642667	2230	9	13	9
6543731646380642667	2231	1	13	9
6543731646380642667	2232	3	2	3
6543731646380642667	2233	13	13	9
6543731646380642667	2234	6	6	6
6543731646380642667	2235	4	4	15
6543731646380642667	2236	16	16	16
6543731646380642667	2237	14	4	14
6543731646380642667	2238	17	2	17
6543731646380642667	2239	15	2	17
6543731646380642667	2240	18	18	13
6543731646380642667	2241	8	14	17
6543731646380642667	2242	4	4	4
6543731646380642667	2243	1	1	19
6543731646380642667	2244	8	8	8
6543731646380642667	2245	6	6	6
6543731646380642667	2246	19	0	9
6543731646380642667	2247	18	18	13
6543731646380642667	2248	6	6	16
6543731646380642667	2249	7	13	13
6543731646380642667	2250	11	11	11
6543731646380642667	2251	1	13	11
6543731646380642667	2252	11	13	11
6543731646380642667	2253	19	13	9
6543731646380642667	2254	6	6	6
6543731646380642667	2255	17	9	1
6543731646380642667	2256	1	13	9
6543731646380642667	2257	8	8	8
6543731646380642667	2258	9	9	9
6543731646380642667	2259	4	4	0
6543731646380642667	2260	6	6	16
6543731646380642667	2261	1	9	9
6543731646380642667	2262	15	2	14
6543731646380642667	2263	11	7	13
6543731646649078302	0	10	0	9
6543731646649078302	1	11	13	18
6543731646649078302	2	7	13	12
6543731646649078302	3	10	10	0
6543731646649078302	4	3	2	15
6543731646649078302	5	5	9	13
6543731646649078302	6	0	13	1
6543731646649078302	7	10	2	3
6543731646649078302	8	18	18	11
6543731646649078302	9	5	18	13
6543731646649078302	10	16	8	0
6543731646649078302	11	14	0	5
6543731646649078302	12	12	17	7
6543731646649078302	13	8	8	16
6543731646649078302	14	0	0	10
6543731646649078302	15	16	16	16
6543731646649078302	16	10	2	9
6543731646649078302	17	16	8	16
6543731646649078302	18	17	10	19
6543731646649078302	19	13	13	13
6543731646649078302	20	19	1	19
6543731646649078302	21	9	13	9
6543731646649078302	22	7	1	7
6543731646649078302	23	4	4	7
6543731646649078302	24	6	16	16
6543731646649078302	25	9	13	13
6543731646649078302	26	0	13	0
6543731646649078302	27	0	14	7
6543731646649078302	28	9	13	9
6543731646649078302	29	9	13	1
6543731646649078302	30	6	6	7
6543731646649078302	31	2	2	2
6543731646649078302	32	3	14	3
6543731646649078302	33	12	13	13
6543731646649078302	34	8	8	8
6543731646649078302	35	8	8	8
6543731646649078302	36	7	13	7
6543731646649078302	37	10	14	19
6543731646649078302	38	12	13	18
6543731646649078302	39	10	10	0
6543731646649078302	40	14	13	14
6543731646649078302	41	8	8	16
6543731646649078302	42	6	6	16
6543731646649078302	43	0	13	1
6543731646649078302	44	11	13	11
6543731646649078302	45	8	8	8
6543731646649078302	46	7	13	12
6543731646649078302	47	17	7	17
6543731646649078302	48	5	13	18
6543731646649078302	49	7	13	7
6543731646649078302	50	13	13	9
6543731646649078302	51	11	11	11
6543731646649078302	52	18	18	11
6543731646649078302	53	6	6	6
6543731646649078302	54	11	11	13
6543731646649078302	55	6	6	16
6543731646649078302	56	15	15	13
6543731646649078302	57	17	3	17
6543731646649078302	58	14	13	4
6543731646649078302	59	0	14	17
6543731646649078302	60	1	13	1
6543731646649078302	61	18	18	13
6543731646649078302	62	17	2	7
6543731646649078302	63	13	13	18
6543731646649078302	64	0	13	0
6543731646649078302	65	18	18	18
6543731646649078302	66	13	13	13
6543731646649078302	67	5	5	13
6543731646649078302	68	14	8	8
6543731646649078302	69	1	13	13
6543731646649078302	70	10	2	10
6543731646649078302	71	13	13	13
6543731646649078302	72	14	4	13
6543731646649078302	73	14	14	3
6543731646649078302	74	10	1	0
6543731646649078302	75	11	13	11
6543731646649078302	76	4	13	13
6543731646649078302	77	3	14	10
6543731646649078302	78	7	13	7
6543731646649078302	79	17	0	0
6543731646649078302	80	8	8	8
6543731646649078302	81	7	7	12
6543731646649078302	82	14	13	0
6543731646649078302	83	14	2	8
6543731646649078302	84	7	7	7
6543731646649078302	85	16	16	16
6543731646649078302	86	3	2	13
6543731646649078302	87	14	4	3
6543731646649078302	88	15	15	15
6543731646649078302	89	5	5	13
6543731646649078302	90	19	13	9
6543731646649078302	91	10	10	10
6543731646649078302	92	16	8	16
6543731646649078302	93	8	8	14
6543731646649078302	94	19	13	10
6543731646649078302	95	0	14	17
6543731646649078302	96	19	9	5
6543731646649078302	97	1	5	13
6543731646649078302	98	6	6	6
6543731646649078302	99	1	1	1
6543731646649078302	100	18	18	11
6543731646649078302	101	18	18	11
6543731646649078302	102	13	13	13
6543731646649078302	103	11	13	11
6543731646649078302	104	14	14	17
6543731646649078302	105	13	13	9
6543731646649078302	106	4	4	4
6543731646649078302	107	11	13	11
6543731646649078302	108	1	13	13
6543731646649078302	109	10	14	19
6543731646649078302	110	6	6	13
6543731646649078302	111	13	13	13
6543731646649078302	112	4	4	4
6543731646649078302	113	0	14	0
6543731646649078302	114	2	2	2
6543731646649078302	115	12	13	7
6543731646649078302	116	11	7	11
6543731646649078302	117	10	14	10
6543731646649078302	118	18	18	11
6543731646649078302	119	4	4	4
6543731646649078302	120	1	1	1
6543731646649078302	121	12	13	7
6543731646649078302	122	12	11	7
6543731646649078302	123	0	0	0
6543731646649078302	124	4	4	4
6543731646649078302	125	17	0	1
6543731646649078302	126	13	13	1
6543731646649078302	127	16	16	16
6543731646649078302	128	17	3	3
6543731646649078302	129	3	10	15
6543731646649078302	130	7	11	13
6543731646649078302	131	3	2	17
6543731646649078302	132	19	19	13
6543731646649078302	133	0	13	0
6543731646649078302	134	9	13	1
6543731646649078302	135	13	9	13
6543731646649078302	136	10	10	10
6543731646649078302	137	1	1	10
6543731646649078302	138	4	4	4
6543731646649078302	139	9	13	13
6543731646649078302	140	1	13	13
6543731646649078302	141	9	13	9
6543731646649078302	142	6	16	16
6543731646649078302	143	16	13	16
6543731646649078302	144	9	9	9
6543731646649078302	145	15	15	8
6543731646649078302	146	15	2	14
6543731646649078302	147	0	14	19
6543731646649078302	148	14	14	7
6543731646649078302	149	19	13	13
6543731646649078302	150	5	13	5
6543731646649078302	151	5	13	13
6543731646649078302	152	8	8	8
6543731646649078302	153	0	0	10
6543731646649078302	154	12	13	13
6543731646649078302	155	15	1	0
6543731646649078302	156	7	13	7
6543731646649078302	157	2	2	7
6543731646649078302	158	3	14	7
6543731646649078302	159	17	10	17
6543731646649078302	160	1	13	13
6543731646649078302	161	16	8	11
6543731646649078302	162	10	10	10
6543731646649078302	163	9	9	9
6543731646649078302	164	4	4	4
6543731646649078302	165	7	13	7
6543731646649078302	166	2	14	3
6543731646649078302	167	16	16	16
6543731646649078302	168	6	6	16
6543731646649078302	169	19	13	1
6543731646649078302	170	18	18	18
6543731646649078302	171	17	9	1
6543731646649078302	172	19	13	9
6543731646649078302	173	12	13	13
6543731646649078302	174	19	19	19
6543731646649078302	175	5	18	13
6543731646649078302	176	1	1	10
6543731646649078302	177	16	16	16
6543731646649078302	178	5	13	13
6543731646649078302	179	14	13	4
6543731646649078302	180	2	14	16
6543731646649078302	181	9	13	13
6543731646649078302	182	5	18	13
6543731646649078302	183	19	13	17
6543731646649078302	184	13	11	13
6543731646649078302	185	7	13	7
6543731646649078302	186	7	7	7
6543731646649078302	187	7	9	13
6543731646649078302	188	17	0	17
6543731646649078302	189	4	4	4
6543731646649078302	190	11	13	13
6543731646649078302	191	17	9	1
6543731646649078302	192	13	13	13
6543731646649078302	193	14	4	14
6543731646649078302	194	17	17	0
6543731646649078302	195	4	4	4
6543731646649078302	196	4	4	4
6543731646649078302	197	16	6	16
6543731646649078302	198	17	10	19
6543731646649078302	199	14	13	14
6543731646649078302	200	0	13	17
6543731646649078302	201	3	14	15
6543731646649078302	202	6	6	6
6543731646649078302	203	0	13	1
6543731646649078302	204	6	6	0
6543731646649078302	205	15	14	14
6543731646649078302	206	4	4	4
6543731646649078302	207	18	18	11
6543731646649078302	208	19	14	10
6543731646649078302	209	0	13	0
6543731646649078302	210	15	15	2
6543731646649078302	211	12	18	13
6543731646649078302	212	16	16	16
6543731646649078302	213	11	13	11
6543731646649078302	214	12	13	16
6543731646649078302	215	14	14	14
6543731646649078302	216	12	13	12
6543731646649078302	217	12	7	12
6543731646649078302	218	2	19	1
6543731646649078302	219	3	14	4
6543731646649078302	220	3	2	10
6543731646649078302	221	17	2	15
6543731646649078302	222	11	13	11
6543731646649078302	223	1	13	13
6543731646649078302	224	0	7	17
6543731646649078302	225	0	13	19
6543731646649078302	226	5	9	13
6543731646649078302	227	3	14	14
6543731646649078302	228	15	15	10
6543731646649078302	229	8	8	15
6543731646649078302	230	9	13	9
6543731646649078302	231	9	13	13
6543731646649078302	232	12	12	12
6543731646649078302	233	16	16	16
6543731646649078302	234	14	2	19
6543731646649078302	235	15	14	13
6543731646649078302	236	3	15	19
6543731646649078302	237	3	14	9
6543731646649078302	238	5	18	13
6543731646649078302	239	12	13	12
6543731646649078302	240	5	13	13
6543731646649078302	241	2	2	2
6543731646649078302	242	6	6	7
6543731646649078302	243	6	6	16
6543731646649078302	244	19	13	10
6543731646649078302	245	0	0	10
6543731646649078302	246	6	6	6
6543731646649078302	247	17	17	17
6543731646649078302	248	1	13	13
6543731646649078302	249	7	13	11
6543731646649078302	250	19	13	13
6543731646649078302	251	1	13	14
6543731646649078302	252	5	13	14
6543731646649078302	253	10	14	10
6543731646649078302	254	11	11	11
6543731646649078302	255	19	13	13
6543731646649078302	256	13	13	1
6543731646649078302	257	11	13	11
6543731646649078302	258	5	18	11
6543731646649078302	259	12	16	7
6543731646649078302	260	16	8	16
6543731646649078302	261	3	15	19
6543731646649078302	262	13	13	13
6543731646649078302	263	11	13	11
6543731646649078302	264	1	1	1
6543731646649078302	265	15	14	11
6543731646649078302	266	15	2	13
6543731646649078302	267	19	0	10
6543731646649078302	268	18	18	18
6543731646649078302	269	2	14	3
6543731646649078302	270	13	13	13
6543731646649078302	271	3	2	5
6543731646649078302	272	2	14	15
6543731646649078302	273	7	13	5
6543731646649078302	274	1	13	5
6543731646649078302	275	9	9	9
6543731646649078302	276	18	18	13
6543731646649078302	277	3	15	5
6543731646649078302	278	10	2	3
6543731646649078302	279	8	8	8
6543731646649078302	280	17	17	15
6543731646649078302	281	0	0	14
6543731646649078302	282	18	18	11
6543731646649078302	283	18	18	13
6543731646649078302	284	3	2	15
6543731646649078302	285	15	14	6
6543731646649078302	286	8	8	13
6543731646649078302	287	0	0	0
6543731646649078302	288	1	13	13
6543731646649078302	289	12	12	12
6543731646649078302	290	9	9	9
6543731646649078302	291	11	13	11
6543731646649078302	292	5	9	13
6543731646649078302	293	5	13	13
6543731646649078302	294	19	4	1
6543731646649078302	295	11	13	13
6543731646649078302	296	18	18	13
6543731646649078302	297	18	18	13
6543731646649078302	298	10	10	14
6543731646649078302	299	19	13	13
6543731646649078302	300	11	13	11
6543731646649078302	301	11	13	13
6543731646649078302	302	13	13	13
6543731646649078302	303	16	6	16
6543731646649078302	304	11	11	11
6543731646649078302	305	16	8	16
6543731646649078302	306	18	18	11
6543731646649078302	307	7	7	7
6543731646649078302	308	7	7	7
6543731646649078302	309	10	14	0
6543731646649078302	310	18	18	11
6543731646649078302	311	13	13	13
6543731646649078302	312	16	16	16
6543731646649078302	313	0	0	17
6543731646649078302	314	9	9	19
6543731646649078302	315	14	14	3
6543731646649078302	316	3	14	4
6543731646649078302	317	13	13	13
6543731646649078302	318	8	8	8
6543731646649078302	319	7	13	7
6543731646649078302	320	19	13	1
6543731646649078302	321	19	13	1
6543731646649078302	322	8	8	16
6543731646649078302	323	2	2	2
6543731646649078302	324	16	16	16
6543731646649078302	325	8	8	16
6543731646649078302	326	19	13	18
6543731646649078302	327	16	16	16
6543731646649078302	328	9	13	13
6543731646649078302	329	5	18	13
6543731646649078302	330	18	18	18
6543731646649078302	331	6	6	16
6543731646649078302	332	11	7	11
6543731646649078302	333	15	8	0
6543731646649078302	334	2	2	2
6543731646649078302	335	15	1	14
6543731646649078302	336	8	8	16
6543731646649078302	337	4	4	4
6543731646649078302	338	0	0	0
6543731646649078302	339	13	13	13
6543731646649078302	340	2	2	2
6543731646649078302	341	11	13	11
6543731646649078302	342	10	14	3
6543731646649078302	343	14	14	15
6543731646649078302	344	16	16	16
6543731646649078302	345	1	1	1
6543731646649078302	346	8	8	8
6543731646649078302	347	7	7	7
6543731646649078302	348	19	19	10
6543731646649078302	349	11	7	11
6543731646649078302	350	3	1	13
6543731646649078302	351	14	14	15
6543731646649078302	352	17	2	7
6543731646649078302	353	17	10	10
6543731646649078302	354	11	13	11
6543731646649078302	355	15	14	7
6543731646649078302	356	7	7	12
6543731646649078302	357	17	9	17
6543731646649078302	358	8	8	8
6543731646649078302	359	17	17	3
6543731646649078302	360	19	14	1
6543731646649078302	361	3	14	14
6543731646649078302	362	4	4	13
6543731646649078302	363	1	9	19
6543731646649078302	364	12	12	12
6543731646649078302	365	16	16	16
6543731646649078302	366	16	8	16
6543731646649078302	367	8	8	8
6543731646649078302	368	4	4	10
6543731646649078302	369	15	2	15
6543731646649078302	370	6	6	0
6543731646649078302	371	5	18	13
6543731646649078302	372	7	13	7
6543731646649078302	373	16	8	8
6543731646649078302	374	6	6	7
6543731646649078302	375	6	6	16
6543731646649078302	376	17	10	17
6543731646649078302	377	19	19	1
6543731646649078302	378	17	13	14
6543731646649078302	379	4	4	5
6543731646649078302	380	9	9	9
6543731646649078302	381	8	8	8
6543731646649078302	382	14	4	4
6543731646649078302	383	6	6	16
6543731646649078302	384	10	14	10
6543731646649078302	385	11	11	11
6543731646649078302	386	1	17	1
6543731646649078302	387	0	0	10
6543731646649078302	388	10	10	1
6543731646649078302	389	6	6	16
6543731646649078302	390	10	10	3
6543731646649078302	391	13	13	13
6543731646649078302	392	2	15	2
6543731646649078302	393	8	8	8
6543731646649078302	394	12	13	18
6543731646649078302	395	12	5	13
6543731646649078302	396	14	2	13
6543731646649078302	397	12	16	12
6543731646649078302	398	5	13	12
6543731646649078302	399	3	17	3
6543731646649078302	400	11	13	11
6543731646649078302	401	19	14	1
6543731646649078302	402	15	2	13
6543731646649078302	403	6	6	16
6543731646649078302	404	19	19	10
6543731646649078302	405	13	13	13
6543731646649078302	406	11	7	11
6543731646649078302	407	19	19	19
6543731646649078302	408	2	14	14
6543731646649078302	409	7	13	11
6543731646649078302	410	5	18	13
6543731646649078302	411	2	2	2
6543731646649078302	412	10	14	3
6543731646649078302	413	1	9	9
6543731646649078302	414	4	4	4
6543731646649078302	415	7	13	7
6543731646649078302	416	17	7	1
6543731646649078302	417	9	9	9
6543731646649078302	418	3	14	10
6543731646649078302	419	14	13	7
6543731646649078302	420	0	13	0
6543731646649078302	421	4	4	4
6543731646649078302	422	17	0	8
6543731646649078302	423	3	19	1
6543731646649078302	424	1	9	19
6543731646649078302	425	9	13	13
6543731646649078302	426	14	0	7
6543731646649078302	427	3	2	19
6543731646649078302	428	13	13	13
6543731646649078302	429	16	6	16
6543731646649078302	430	19	13	8
6543731646649078302	431	7	13	12
6543731646649078302	432	3	14	13
6543731646649078302	433	6	6	16
6543731646649078302	434	13	11	13
6543731646649078302	435	9	13	1
6543731646649078302	436	1	1	1
6543731646649078302	437	4	4	4
6543731646649078302	438	7	7	7
6543731646649078302	439	1	13	13
6543731646649078302	440	18	18	11
6543731646649078302	441	5	5	13
6543731646649078302	442	11	11	11
6543731646649078302	443	15	2	11
6543731646649078302	444	3	2	14
6543731646649078302	445	13	13	1
6543731646649078302	446	9	13	9
6543731646649078302	447	0	13	17
6543731646649078302	448	6	6	6
6543731646649078302	449	18	18	13
6543731646649078302	450	10	14	10
6543731646649078302	451	11	13	11
6543731646649078302	452	6	6	6
6543731646649078302	453	4	4	4
6543731646649078302	454	16	16	6
6543731646649078302	455	9	13	9
6543731646649078302	456	5	18	13
6543731646649078302	457	10	10	0
6543731646649078302	458	7	13	12
6543731646649078302	459	9	11	9
6543731646649078302	460	13	13	14
6543731646649078302	461	2	14	4
6543731646649078302	462	4	4	4
6543731646649078302	463	13	5	13
6543731646649078302	464	16	8	8
6543731646649078302	465	11	13	18
6543731646649078302	466	6	6	16
6543731646649078302	467	0	1	7
6543731646649078302	468	12	13	11
6543731646649078302	469	10	14	10
6543731646649078302	470	12	7	7
6543731646649078302	471	12	7	12
6543731646649078302	472	14	14	12
6543731646649078302	473	3	8	3
6543731646649078302	474	12	13	13
6543731646649078302	475	17	9	1
6543731646649078302	476	14	13	12
6543731646649078302	477	1	0	13
6543731646649078302	478	11	13	11
6543731646649078302	479	11	13	11
6543731646649078302	480	19	9	10
6543731646649078302	481	16	16	16
6543731646649078302	482	0	0	17
6543731646649078302	483	17	17	16
6543731646649078302	484	8	8	8
6543731646649078302	485	2	14	2
6543731646649078302	486	15	2	11
6543731646649078302	487	0	0	1
6543731646649078302	488	5	18	13
6543731646649078302	489	18	11	18
6543731646649078302	490	10	10	9
6543731646649078302	491	10	2	19
6543731646649078302	492	2	2	2
6543731646649078302	493	5	13	13
6543731646649078302	494	18	18	11
6543731646649078302	495	0	13	17
6543731646649078302	496	7	13	14
6543731646649078302	497	1	9	1
6543731646649078302	498	12	16	12
6543731646649078302	499	8	8	8
6543731646649078302	500	18	18	11
6543731646649078302	501	19	13	13
6543731646649078302	502	17	17	0
6543731646649078302	503	1	13	13
6543731646649078302	504	11	13	18
6543731646649078302	505	5	18	5
6543731646649078302	506	8	8	8
6543731646649078302	507	3	10	13
6543731646649078302	508	17	17	7
6543731646649078302	509	18	18	18
6543731646649078302	510	1	13	1
6543731646649078302	511	13	9	13
6543731646649078302	512	17	2	17
6543731646649078302	513	17	10	17
6543731646649078302	514	5	5	13
6543731646649078302	515	18	18	13
6543731646649078302	516	5	5	13
6543731646649078302	517	19	13	1
6543731646649078302	518	15	14	12
6543731646649078302	519	4	4	4
6543731646649078302	520	17	17	1
6543731646649078302	521	17	0	17
6543731646649078302	522	0	14	17
6543731646649078302	523	15	15	7
6543731646649078302	524	10	14	10
6543731646649078302	525	19	19	1
6543731646649078302	526	2	14	2
6543731646649078302	527	5	9	12
6543731646649078302	528	10	13	10
6543731646649078302	529	15	14	6
6543731646649078302	530	19	9	9
6543731646649078302	531	13	13	14
6543731646649078302	532	3	8	1
6543731646649078302	533	12	11	12
6543731646649078302	534	12	13	7
6543731646649078302	535	4	4	4
6543731646649078302	536	7	13	0
6543731646649078302	537	7	13	7
6543731646649078302	538	5	1	13
6543731646649078302	539	3	2	13
6543731646649078302	540	8	8	16
6543731646649078302	541	6	6	16
6543731646649078302	542	9	13	13
6543731646649078302	543	19	13	1
6543731646649078302	544	14	14	0
6543731646649078302	545	15	15	15
6543731646649078302	546	5	2	13
6543731646649078302	547	8	8	8
6543731646649078302	548	13	13	13
6543731646649078302	549	18	18	11
6543731646649078302	550	16	16	16
6543731646649078302	551	11	11	11
6543731646649078302	552	6	6	16
6543731646649078302	553	4	5	0
6543731646649078302	554	8	8	8
6543731646649078302	555	10	14	10
6543731646649078302	556	14	14	3
6543731646649078302	557	17	17	15
6543731646649078302	558	16	16	16
6543731646649078302	559	10	14	10
6543731646649078302	560	12	13	11
6543731646649078302	561	7	9	13
6543731646649078302	562	4	4	13
6543731646649078302	563	6	6	16
6543731646649078302	564	6	6	6
6543731646649078302	565	3	2	3
6543731646649078302	566	4	4	4
6543731646649078302	567	6	8	6
6543731646649078302	568	5	5	13
6543731646649078302	569	17	10	10
6543731646649078302	570	19	13	13
6543731646649078302	571	13	13	13
6543731646649078302	572	19	10	19
6543731646649078302	573	10	10	8
6543731646649078302	574	19	14	19
6543731646649078302	575	19	14	19
6543731646649078302	576	13	13	13
6543731646649078302	577	3	17	15
6543731646649078302	578	14	13	8
6543731646649078302	579	12	12	12
6543731646649078302	580	10	10	1
6543731646649078302	581	3	8	15
6543731646649078302	582	16	8	16
6543731646649078302	583	7	13	13
6543731646649078302	584	12	13	13
6543731646649078302	585	11	11	13
6543731646649078302	586	1	19	1
6543731646649078302	587	19	19	10
6543731646649078302	588	4	4	4
6543731646649078302	589	12	11	13
6543731646649078302	590	11	13	11
6543731646649078302	591	12	12	7
6543731646649078302	592	11	13	11
6543731646649078302	593	9	13	13
6543731646649078302	594	2	2	2
6543731646649078302	595	6	6	16
6543731646649078302	596	17	7	0
6543731646649078302	597	15	2	3
6543731646649078302	598	18	18	13
6543731646649078302	599	16	16	16
6543731646649078302	600	8	8	8
6543731646649078302	601	15	2	13
6543731646649078302	602	3	14	15
6543731646649078302	603	7	7	7
6543731646649078302	604	17	10	19
6543731646649078302	605	17	10	19
6543731646649078302	606	1	13	1
6543731646649078302	607	5	9	13
6543731646649078302	608	2	2	2
6543731646649078302	609	18	18	13
6543731646649078302	610	17	2	3
6543731646649078302	611	8	8	8
6543731646649078302	612	10	10	9
6543731646649078302	613	12	7	7
6543731646649078302	614	19	19	19
6543731646649078302	615	13	13	13
6543731646649078302	616	10	10	8
6543731646649078302	617	15	14	7
6543731646649078302	618	6	6	0
6543731646649078302	619	8	8	8
6543731646649078302	620	4	4	4
6543731646649078302	621	2	2	2
6543731646649078302	622	15	2	3
6543731646649078302	623	9	13	9
6543731646649078302	624	4	4	4
6543731646649078302	625	14	2	13
6543731646649078302	626	9	13	13
6543731646649078302	627	13	9	13
6543731646649078302	628	18	18	11
6543731646649078302	629	9	9	9
6543731646649078302	630	2	14	15
6543731646649078302	631	12	13	13
6543731646649078302	632	15	14	7
6543731646649078302	633	17	1	0
6543731646649078302	634	11	13	11
6543731646649078302	635	7	9	7
6543731646649078302	636	8	8	8
6543731646649078302	637	9	9	9
6543731646649078302	638	9	9	9
6543731646649078302	639	2	2	15
6543731646649078302	640	13	13	9
6543731646649078302	641	10	2	10
6543731646649078302	642	5	5	18
6543731646649078302	643	18	18	13
6543731646649078302	644	8	8	8
6543731646649078302	645	10	10	13
6543731646649078302	646	6	6	16
6543731646649078302	647	6	6	6
6543731646649078302	648	11	13	11
6543731646649078302	649	4	4	13
6543731646649078302	650	3	2	3
6543731646649078302	651	6	6	6
6543731646649078302	652	19	19	10
6543731646649078302	653	0	0	17
6543731646649078302	654	9	13	1
6543731646649078302	655	5	9	13
6543731646649078302	656	8	8	8
6543731646649078302	657	12	13	13
6543731646649078302	658	0	13	16
6543731646649078302	659	8	14	13
6543731646649078302	660	12	13	7
6543731646649078302	661	13	13	1
6543731646649078302	662	12	12	12
6543731646649078302	663	19	9	19
6543731646649078302	664	9	9	9
6543731646649078302	665	17	17	17
6543731646649078302	666	12	13	12
6543731646649078302	667	16	16	16
6543731646649078302	668	4	4	3
6543731646649078302	669	16	8	16
6543731646649078302	670	17	10	19
6543731646649078302	671	8	8	8
6543731646649078302	672	16	16	16
6543731646649078302	673	5	5	13
6543731646649078302	674	0	0	0
6543731646649078302	675	13	13	1
6543731646649078302	676	9	9	9
6543731646649078302	677	2	14	14
6543731646649078302	678	1	13	13
6543731646649078302	679	1	9	1
6543731646649078302	680	10	14	10
6543731646649078302	681	8	8	8
6543731646649078302	682	3	14	9
6543731646649078302	683	19	19	19
6543731646649078302	684	18	18	18
6543731646649078302	685	9	9	9
6543731646649078302	686	13	13	13
6543731646649078302	687	12	9	12
6543731646649078302	688	2	2	2
6543731646649078302	689	3	14	1
6543731646649078302	690	8	8	8
6543731646649078302	691	8	8	8
6543731646649078302	692	18	18	11
6543731646649078302	693	1	9	1
6543731646649078302	694	8	8	8
6543731646649078302	695	8	14	14
6543731646649078302	696	9	9	9
6543731646649078302	697	12	13	12
6543731646649078302	698	4	4	4
6543731646649078302	699	6	6	16
6543731646649078302	700	13	13	13
6543731646649078302	701	19	9	1
6543731646649078302	702	16	16	16
6543731646649078302	703	11	13	11
6543731646649078302	704	8	8	8
6543731646649078302	705	17	1	1
6543731646649078302	706	14	14	0
6543731646649078302	707	1	1	1
6543731646649078302	708	11	9	11
6543731646649078302	709	5	13	13
6543731646649078302	710	4	4	4
6543731646649078302	711	11	13	11
6543731646649078302	712	2	2	2
6543731646649078302	713	14	0	11
6543731646649078302	714	11	13	11
6543731646649078302	715	11	7	11
6543731646649078302	716	11	11	11
6543731646649078302	717	3	10	13
6543731646649078302	718	9	13	13
6543731646649078302	719	18	18	11
6543731646649078302	720	11	7	11
6543731646649078302	721	0	13	1
6543731646649078302	722	6	6	6
6543731646649078302	723	10	2	10
6543731646649078302	724	13	13	1
6543731646649078302	725	10	14	3
6543731646649078302	726	18	18	11
6543731646649078302	727	5	13	13
6543731646649078302	728	3	14	13
6543731646649078302	729	19	19	19
6543731646649078302	730	10	14	3
6543731646649078302	731	1	13	4
6543731646649078302	732	2	14	17
6543731646649078302	733	1	9	13
6543731646649078302	734	7	13	13
6543731646649078302	735	13	13	13
6543731646649078302	736	2	2	2
6543731646649078302	737	6	6	6
6543731646649078302	738	17	10	19
6543731646649078302	739	2	2	0
6543731646649078302	740	3	2	3
6543731646649078302	741	13	13	18
6543731646649078302	742	11	7	11
6543731646649078302	743	9	9	9
6543731646649078302	744	0	14	19
6543731646649078302	745	0	14	0
6543731646649078302	746	17	0	16
6543731646649078302	747	2	2	2
6543731646649078302	748	12	13	13
6543731646649078302	749	0	1	13
6543731646649078302	750	12	9	12
6543731646649078302	751	4	4	1
6543731646649078302	752	15	1	15
6543731646649078302	753	12	13	7
6543731646649078302	754	10	14	19
6543731646649078302	755	1	9	19
6543731646649078302	756	19	19	19
6543731646649078302	757	3	0	2
6543731646649078302	758	0	10	1
6543731646649078302	759	7	13	7
6543731646649078302	760	19	14	19
6543731646649078302	761	0	14	3
6543731646649078302	762	4	4	4
6543731646649078302	763	0	19	0
6543731646649078302	764	16	16	16
6543731646649078302	765	9	9	9
6543731646649078302	766	15	14	0
6543731646649078302	767	18	18	18
6543731646649078302	768	4	4	4
6543731646649078302	769	2	2	2
6543731646649078302	770	15	2	3
6543731646649078302	771	4	4	4
6543731646649078302	772	0	0	17
6543731646649078302	773	5	13	13
6543731646649078302	774	8	8	8
6543731646649078302	775	12	1	7
6543731646649078302	776	6	6	13
6543731646649078302	777	17	3	3
6543731646649078302	778	19	13	19
6543731646649078302	779	12	16	12
6543731646649078302	780	19	14	19
6543731646649078302	781	10	10	0
6543731646649078302	782	17	0	0
6543731646649078302	783	16	8	16
6543731646649078302	784	7	7	7
6543731646649078302	785	17	10	15
6543731646649078302	786	7	13	18
6543731646649078302	787	15	2	3
6543731646649078302	788	11	7	11
6543731646649078302	789	8	8	8
6543731646649078302	790	5	15	13
6543731646649078302	791	8	8	13
6543731646649078302	792	6	6	16
6543731646649078302	793	18	18	13
6543731646649078302	794	13	13	13
6543731646649078302	795	19	13	13
6543731646649078302	796	5	5	13
6543731646649078302	797	3	2	15
6543731646649078302	798	12	16	12
6543731646649078302	799	12	13	9
6543731646649078302	800	1	9	19
6543731646649078302	801	13	9	13
6543731646649078302	802	7	7	7
6543731646649078302	803	9	9	5
6543731646649078302	804	1	1	1
6543731646649078302	805	0	13	17
6543731646649078302	806	5	5	11
6543731646649078302	807	15	2	14
6543731646649078302	808	13	13	13
6543731646649078302	809	0	0	0
6543731646649078302	810	1	9	13
6543731646649078302	811	11	13	11
6543731646649078302	812	7	13	7
6543731646649078302	813	11	11	11
6543731646649078302	814	1	9	1
6543731646649078302	815	14	14	13
6543731646649078302	816	10	10	1
6543731646649078302	817	1	1	1
6543731646649078302	818	19	1	10
6543731646649078302	819	17	9	13
6543731646649078302	820	17	10	19
6543731646649078302	821	14	13	4
6543731646649078302	822	7	11	0
6543731646649078302	823	11	13	18
6543731646649078302	824	5	18	13
6543731646649078302	825	8	8	8
6543731646649078302	826	2	14	13
6543731646649078302	827	2	14	7
6543731646649078302	828	16	16	16
6543731646649078302	829	9	9	9
6543731646649078302	830	16	16	6
6543731646649078302	831	19	13	1
6543731646649078302	832	2	2	2
6543731646649078302	833	9	13	9
6543731646649078302	834	12	12	12
6543731646649078302	835	17	13	13
6543731646649078302	836	13	13	13
6543731646649078302	837	19	13	1
6543731646649078302	838	16	16	16
6543731646649078302	839	1	7	1
6543731646649078302	840	10	1	17
6543731646649078302	841	17	9	1
6543731646649078302	842	11	13	11
6543731646649078302	843	18	18	11
6543731646649078302	844	11	11	11
6543731646649078302	845	13	13	5
6543731646649078302	846	13	13	9
6543731646649078302	847	3	14	15
6543731646649078302	848	17	2	7
6543731646649078302	849	10	0	10
6543731646649078302	850	18	18	13
6543731646649078302	851	16	16	16
6543731646649078302	852	0	0	17
6543731646649078302	853	16	16	16
6543731646649078302	854	15	2	13
6543731646649078302	855	4	4	2
6543731646649078302	856	5	13	5
6543731646649078302	857	18	18	18
6543731646649078302	858	15	2	7
6543731646649078302	859	3	2	2
6543731646649078302	860	4	4	3
6543731646649078302	861	19	19	19
6543731646649078302	862	2	14	15
6543731646649078302	863	16	8	16
6543731646649078302	864	12	1	7
6543731646649078302	865	5	5	13
6543731646649078302	866	14	14	15
6543731646649078302	867	12	7	7
6543731646649078302	868	11	18	11
6543731646649078302	869	2	14	0
6543731646649078302	870	17	10	17
6543731646649078302	871	2	14	7
6543731646649078302	872	1	19	19
6543731646649078302	873	12	13	12
6543731646649078302	874	14	15	19
6543731646649078302	875	18	18	18
6543731646649078302	876	6	6	16
6543731646649078302	877	9	9	9
6543731646649078302	878	13	13	13
6543731646649078302	879	3	19	14
6543731646649078302	880	0	14	19
6543731646649078302	881	17	13	0
6543731646649078302	882	16	8	16
6543731646649078302	883	2	2	2
6543731646649078302	884	2	2	2
6543731646649078302	885	17	10	17
6543731646649078302	886	2	2	0
6543731646649078302	887	6	6	6
6543731646649078302	888	19	13	1
6543731646649078302	889	18	18	13
6543731646649078302	890	19	13	1
6543731646649078302	891	7	13	7
6543731646649078302	892	17	17	7
6543731646649078302	893	7	13	13
6543731646649078302	894	19	13	19
6543731646649078302	895	18	18	18
6543731646649078302	896	4	4	3
6543731646649078302	897	2	14	2
6543731646649078302	898	1	7	19
6543731646649078302	899	4	4	4
6543731646649078302	900	13	13	13
6543731646649078302	901	12	13	11
6543731646649078302	902	16	16	16
6543731646649078302	903	19	13	19
6543731646649078302	904	11	13	11
6543731646649078302	905	10	10	15
6543731646649078302	906	19	9	14
6543731646649078302	907	12	13	13
6543731646649078302	908	11	11	11
6543731646649078302	909	6	6	6
6543731646649078302	910	2	2	2
6543731646649078302	911	2	14	16
6543731646649078302	912	15	2	13
6543731646649078302	913	8	8	18
6543731646649078302	914	5	18	13
6543731646649078302	915	18	18	13
6543731646649078302	916	14	4	14
6543731646649078302	917	18	18	18
6543731646649078302	918	2	2	2
6543731646649078302	919	15	14	16
6543731646649078302	920	3	2	15
6543731646649078302	921	11	11	11
6543731646649078302	922	10	10	13
6543731646649078302	923	1	13	1
6543731646649078302	924	16	16	16
6543731646649078302	925	15	2	0
6543731646649078302	926	2	2	2
6543731646649078302	927	14	14	14
6543731646649078302	928	9	13	1
6543731646649078302	929	10	2	19
6543731646649078302	930	0	0	0
6543731646649078302	931	8	8	8
6543731646649078302	932	2	2	2
6543731646649078302	933	18	11	18
6543731646649078302	934	18	18	13
6543731646649078302	935	15	14	0
6543731646649078302	936	1	13	1
6543731646649078302	937	11	11	11
6543731646649078302	938	7	13	7
6543731646649078302	939	5	18	13
6543731646649078302	940	19	14	5
6543731646649078302	941	5	18	13
6543731646649078302	942	12	9	12
6543731646649078302	943	10	10	15
6543731646649078302	944	8	8	8
6543731646649078302	945	7	13	13
6543731646649078302	946	19	13	0
6543731646649078302	947	18	18	18
6543731646649078302	948	14	14	2
6543731646649078302	949	10	2	10
6543731646649078302	950	16	8	16
6543731646649078302	951	10	10	10
6543731646649078302	952	18	18	11
6543731646649078302	953	14	13	7
6543731646649078302	954	14	13	14
6543731646649078302	955	17	1	1
6543731646649078302	956	17	10	17
6543731646649078302	957	6	6	16
6543731646649078302	958	10	10	19
6543731646649078302	959	9	13	1
6543731646649078302	960	17	0	19
6543731646649078302	961	7	13	5
6543731646649078302	962	15	2	3
6543731646649078302	963	14	2	5
6543731646649078302	964	11	11	11
6543731646649078302	965	7	13	11
6543731646649078302	966	13	13	9
6543731646649078302	967	8	8	11
6543731646649078302	968	10	4	10
6543731646649078302	969	15	4	4
6543731646649078302	970	3	2	19
6543731646649078302	971	6	6	6
6543731646649078302	972	18	18	11
6543731646649078302	973	19	13	9
6543731646649078302	974	5	13	14
6543731646649078302	975	2	14	13
6543731646649078302	976	12	16	12
6543731646649078302	977	2	2	2
6543731646649078302	978	14	13	3
6543731646649078302	979	3	14	9
6543731646649078302	980	3	8	9
6543731646649078302	981	10	10	1
6543731646649078302	982	2	14	0
6543731646649078302	983	14	0	14
6543731646649078302	984	14	0	11
6543731646649078302	985	15	1	13
6543731646649078302	986	5	18	12
6543731646649078302	987	10	0	0
6543731646649078302	988	4	4	4
6543731646649078302	989	14	0	13
6543731646649078302	990	17	3	17
6543731646649078302	991	13	13	13
6543731646649078302	992	1	9	13
6543731646649078302	993	18	18	18
6543731646649078302	994	19	13	0
6543731646649078302	995	12	7	7
6543731646649078302	996	13	5	13
6543731646649078302	997	16	6	16
6543731646649078302	998	14	0	16
6543731646649078302	999	17	2	7
6543731646649078302	1000	18	18	11
6543731646649078302	1001	13	9	13
6543731646649078302	1002	13	13	13
6543731646649078302	1003	12	12	12
6543731646649078302	1004	10	14	10
6543731646649078302	1005	7	13	7
6543731646649078302	1006	6	6	6
6543731646649078302	1007	17	17	7
6543731646649078302	1008	8	8	8
6543731646649078302	1009	7	7	7
6543731646649078302	1010	0	13	16
6543731646649078302	1011	16	16	16
6543731646649078302	1012	4	4	4
6543731646649078302	1013	9	13	13
6543731646649078302	1014	19	13	19
6543731646649078302	1015	6	6	6
6543731646649078302	1016	15	2	13
6543731646649078302	1017	4	4	4
6543731646649078302	1018	19	14	10
6543731646649078302	1019	5	18	13
6543731646649078302	1020	14	14	8
6543731646649078302	1021	1	13	13
6543731646649078302	1022	3	10	1
6543731646649078302	1023	3	1	15
6543731646649078302	1024	10	10	1
6543731646649078302	1025	9	9	9
6543731646649078302	1026	15	14	16
6543731646649078302	1027	1	9	1
6543731646649078302	1028	9	13	13
6543731646649078302	1029	2	14	3
6543731646649078302	1030	3	2	19
6543731646649078302	1031	6	6	6
6543731646649078302	1032	18	18	13
6543731646649078302	1033	18	18	18
6543731646649078302	1034	7	13	11
6543731646649078302	1035	15	15	13
6543731646649078302	1036	9	9	9
6543731646649078302	1037	5	9	13
6543731646649078302	1038	1	13	5
6543731646649078302	1039	12	11	13
6543731646649078302	1040	9	13	1
6543731646649078302	1041	9	9	9
6543731646649078302	1042	13	13	9
6543731646649078302	1043	16	8	11
6543731646649078302	1044	11	16	11
6543731646649078302	1045	6	6	6
6543731646649078302	1046	1	19	1
6543731646649078302	1047	5	18	13
6543731646649078302	1048	5	13	13
6543731646649078302	1049	12	13	13
6543731646649078302	1050	2	2	2
6543731646649078302	1051	6	6	7
6543731646649078302	1052	11	13	11
6543731646649078302	1053	12	13	7
6543731646649078302	1054	16	8	11
6543731646649078302	1055	10	14	10
6543731646649078302	1056	11	11	11
6543731646649078302	1057	0	0	1
6543731646649078302	1058	7	7	7
6543731646649078302	1059	10	10	8
6543731646649078302	1060	2	14	2
6543731646649078302	1061	6	6	16
6543731646649078302	1062	13	13	13
6543731646649078302	1063	14	14	15
6543731646649078302	1064	16	16	6
6543731646649078302	1065	19	13	8
6543731646649078302	1066	2	14	14
6543731646649078302	1067	18	18	18
6543731646649078302	1068	17	0	17
6543731646649078302	1069	7	13	13
6543731646649078302	1070	4	4	4
6543731646649078302	1071	16	8	16
6543731646649078302	1072	13	13	13
6543731646649078302	1073	8	8	11
6543731646649078302	1074	14	4	16
6543731646649078302	1075	10	10	1
6543731646649078302	1076	4	4	4
6543731646649078302	1077	5	18	13
6543731646649078302	1078	12	5	12
6543731646649078302	1079	0	0	17
6543731646649078302	1080	1	9	19
6543731646649078302	1081	2	2	2
6543731646649078302	1082	11	13	11
6543731646649078302	1083	14	14	6
6543731646649078302	1084	16	8	11
6543731646649078302	1085	3	10	15
6543731646649078302	1086	1	1	14
6543731646649078302	1087	9	13	13
6543731646649078302	1088	10	14	10
6543731646649078302	1089	14	13	6
6543731646649078302	1090	12	13	12
6543731646649078302	1091	5	5	12
6543731646649078302	1092	4	9	11
6543731646649078302	1093	2	2	2
6543731646649078302	1094	6	6	16
6543731646649078302	1095	6	6	16
6543731646649078302	1096	14	0	6
6543731646649078302	1097	10	0	14
6543731646649078302	1098	4	4	4
6543731646649078302	1099	13	13	13
6543731646649078302	1100	18	18	13
6543731646649078302	1101	0	0	0
6543731646649078302	1102	16	6	16
6543731646649078302	1103	2	2	2
6543731646649078302	1104	19	19	19
6543731646649078302	1105	0	13	1
6543731646649078302	1106	8	8	8
6543731646649078302	1107	12	13	13
6543731646649078302	1108	10	10	14
6543731646649078302	1109	19	13	9
6543731646649078302	1110	7	13	12
6543731646649078302	1111	11	16	11
6543731646649078302	1112	13	13	18
6543731646649078302	1113	9	13	13
6543731646649078302	1114	1	1	13
6543731646649078302	1115	14	14	3
6543731646649078302	1116	0	0	7
6543731646649078302	1117	0	0	0
6543731646649078302	1118	1	13	13
6543731646649078302	1119	19	19	19
6543731646649078302	1120	12	13	13
6543731646649078302	1121	10	2	10
6543731646649078302	1122	6	6	16
6543731646649078302	1123	6	6	6
6543731646649078302	1124	17	2	17
6543731646649078302	1125	9	13	9
6543731646649078302	1126	18	18	11
6543731646649078302	1127	4	4	1
6543731646649078302	1128	10	10	1
6543731646649078302	1129	5	18	13
6543731646649078302	1130	18	18	18
6543731646649078302	1131	16	6	16
6543731646649078302	1132	15	2	6
6543731646649078302	1133	1	13	1
6543731646649078302	1134	11	11	11
6543731646649078302	1135	16	16	6
6543731646649078302	1136	8	8	8
6543731646649078302	1137	11	9	11
6543731646649078302	1138	11	13	11
6543731646649078302	1139	5	9	13
6543731646649078302	1140	1	9	1
6543731646649078302	1141	1	13	15
6543731646649078302	1142	4	4	4
6543731646649078302	1143	8	8	13
6543731646649078302	1144	11	13	11
6543731646649078302	1145	18	18	13
6543731646649078302	1146	14	0	7
6543731646649078302	1147	0	4	1
6543731646649078302	1148	18	18	13
6543731646649078302	1149	5	18	11
6543731646649078302	1150	15	14	5
6543731646649078302	1151	17	0	3
6543731646649078302	1152	14	14	3
6543731646649078302	1153	16	16	16
6543731646649078302	1154	13	9	13
6543731646649078302	1155	8	2	11
6543731646649078302	1156	13	13	13
6543731646649078302	1157	17	17	10
6543731646649078302	1158	11	13	13
6543731646649078302	1159	0	13	0
6543731646649078302	1160	18	18	11
6543731646649078302	1161	7	11	7
6543731646649078302	1162	18	18	11
6543731646649078302	1163	19	13	1
6543731646649078302	1164	6	6	6
6543731646649078302	1165	18	18	11
6543731646649078302	1166	10	0	10
6543731646649078302	1167	16	16	6
6543731646649078302	1168	12	5	7
6543731646649078302	1169	0	7	7
6543731646649078302	1170	13	13	18
6543731646649078302	1171	3	3	3
6543731646649078302	1172	19	13	19
6543731646649078302	1173	0	0	10
6543731646649078302	1174	16	16	16
6543731646649078302	1175	8	8	15
6543731646649078302	1176	4	4	4
6543731646649078302	1177	17	0	1
6543731646649078302	1178	8	8	8
6543731646649078302	1179	6	6	6
6543731646649078302	1180	7	13	13
6543731646649078302	1181	8	8	8
6543731646649078302	1182	10	14	19
6543731646649078302	1183	5	5	13
6543731646649078302	1184	10	10	13
6543731646649078302	1185	18	18	13
6543731646649078302	1186	18	18	18
6543731646649078302	1187	9	13	13
6543731646649078302	1188	15	2	15
6543731646649078302	1189	18	18	11
6543731646649078302	1190	19	1	1
6543731646649078302	1191	5	5	13
6543731646649078302	1192	13	13	1
6543731646649078302	1193	18	18	11
6543731646649078302	1194	13	13	13
6543731646649078302	1195	0	13	17
6543731646649078302	1196	17	9	17
6543731646649078302	1197	5	5	13
6543731646649078302	1198	4	4	4
6543731646649078302	1199	16	16	16
6543731646649078302	1200	17	10	19
6543731646649078302	1201	6	6	6
6543731646649078302	1202	9	13	1
6543731646649078302	1203	18	18	13
6543731646649078302	1204	14	13	2
6543731646649078302	1205	16	6	8
6543731646649078302	1206	12	13	13
6543731646649078302	1207	18	18	13
6543731646649078302	1208	14	14	17
6543731646649078302	1209	3	14	15
6543731646649078302	1210	8	8	11
6543731646649078302	1211	2	2	2
6543731646649078302	1212	14	4	14
6543731646649078302	1213	10	1	1
6543731646649078302	1214	13	13	1
6543731646649078302	1215	7	13	11
6543731646649078302	1216	15	2	15
6543731646649078302	1217	3	2	3
6543731646649078302	1218	13	13	9
6543731646649078302	1219	10	14	1
6543731646649078302	1220	3	2	3
6543731646649078302	1221	15	2	13
6543731646649078302	1222	5	13	9
6543731646649078302	1223	16	16	16
6543731646649078302	1224	1	13	1
6543731646649078302	1225	1	9	1
6543731646649078302	1226	6	6	6
6543731646649078302	1227	11	4	11
6543731646649078302	1228	0	0	0
6543731646649078302	1229	5	18	13
6543731646649078302	1230	5	5	13
6543731646649078302	1231	6	6	6
6543731646649078302	1232	15	2	14
6543731646649078302	1233	13	13	1
6543731646649078302	1234	7	13	7
6543731646649078302	1235	18	18	18
6543731646649078302	1236	1	13	5
6543731646649078302	1237	2	2	2
6543731646649078302	1238	3	14	9
6543731646649078302	1239	7	13	12
6543731646649078302	1240	18	18	11
6543731646649078302	1241	10	14	10
6543731646649078302	1242	18	18	18
6543731646649078302	1243	3	14	14
6543731646649078302	1244	19	4	1
6543731646649078302	1245	11	7	11
6543731646649078302	1246	12	12	7
6543731646649078302	1247	4	4	13
6543731646649078302	1248	14	14	10
6543731646649078302	1249	7	9	7
6543731646649078302	1250	0	0	15
6543731646649078302	1251	7	13	7
6543731646649078302	1252	5	5	13
6543731646649078302	1253	3	14	15
6543731646649078302	1254	5	18	13
6543731646649078302	1255	2	2	2
6543731646649078302	1256	7	13	7
6543731646649078302	1257	3	14	7
6543731646649078302	1258	7	13	13
6543731646649078302	1259	13	9	13
6543731646649078302	1260	11	13	13
6543731646649078302	1261	11	13	11
6543731646649078302	1262	8	8	8
6543731646649078302	1263	7	13	11
6543731646649078302	1264	16	8	16
6543731646649078302	1265	10	10	1
6543731646649078302	1266	15	15	19
6543731646649078302	1267	15	2	12
6543731646649078302	1268	1	1	19
6543731646649078302	1269	14	13	2
6543731646649078302	1270	3	17	15
6543731646649078302	1271	13	13	13
6543731646649078302	1272	1	0	1
6543731646649078302	1273	4	4	4
6543731646649078302	1274	12	13	13
6543731646649078302	1275	7	7	13
6543731646649078302	1276	1	1	19
6543731646649078302	1277	13	13	13
6543731646649078302	1278	17	10	17
6543731646649078302	1279	6	6	6
6543731646649078302	1280	10	14	3
6543731646649078302	1281	6	6	6
6543731646649078302	1282	1	13	13
6543731646649078302	1283	19	13	13
6543731646649078302	1284	13	13	5
6543731646649078302	1285	11	7	11
6543731646649078302	1286	4	4	4
6543731646649078302	1287	19	13	13
6543731646649078302	1288	16	8	16
6543731646649078302	1289	16	8	16
6543731646649078302	1290	11	11	11
6543731646649078302	1291	10	14	19
6543731646649078302	1292	0	13	1
6543731646649078302	1293	16	16	16
6543731646649078302	1294	1	7	19
6543731646649078302	1295	8	8	11
6543731646649078302	1296	16	8	16
6543731646649078302	1297	12	12	12
6543731646649078302	1298	10	14	10
6543731646649078302	1299	0	13	19
6543731646649078302	1300	5	18	13
6543731646649078302	1301	8	8	11
6543731646649078302	1302	6	6	6
6543731646649078302	1303	9	9	5
6543731646649078302	1304	6	6	6
6543731646649078302	1305	13	9	13
6543731646649078302	1306	9	13	13
6543731646649078302	1307	10	14	10
6543731646649078302	1308	15	2	7
6543731646649078302	1309	10	10	10
6543731646649078302	1310	14	4	14
6543731646649078302	1311	6	6	6
6543731646649078302	1312	19	13	13
6543731646649078302	1313	15	14	15
6543731646649078302	1314	12	13	13
6543731646649078302	1315	8	8	8
6543731646649078302	1316	13	13	1
6543731646649078302	1317	17	7	1
6543731646649078302	1318	12	13	13
6543731646649078302	1319	9	13	9
6543731646649078302	1320	7	13	11
6543731646649078302	1321	6	6	6
6543731646649078302	1322	8	8	11
6543731646649078302	1323	14	13	11
6543731646649078302	1324	2	2	2
6543731646649078302	1325	18	18	18
6543731646649078302	1326	1	9	5
6543731646649078302	1327	7	13	12
6543731646649078302	1328	7	13	5
6543731646649078302	1329	15	15	6
6543731646649078302	1330	3	14	15
6543731646649078302	1331	6	6	6
6543731646649078302	1332	12	16	12
6543731646649078302	1333	2	10	17
6543731646649078302	1334	19	13	1
6543731646649078302	1335	3	15	4
6543731646649078302	1336	5	5	13
6543731646649078302	1337	14	0	3
6543731646649078302	1338	6	6	6
6543731646649078302	1339	19	13	13
6543731646649078302	1340	12	7	7
6543731646649078302	1341	10	14	10
6543731646649078302	1342	17	0	1
6543731646649078302	1343	10	14	0
6543731646649078302	1344	13	13	13
6543731646649078302	1345	14	14	13
6543731646649078302	1346	4	4	4
6543731646649078302	1347	11	11	18
6543731646649078302	1348	18	18	11
6543731646649078302	1349	11	13	11
6543731646649078302	1350	14	14	4
6543731646649078302	1351	2	14	13
6543731646649078302	1352	17	17	1
6543731646649078302	1353	18	18	18
6543731646649078302	1354	0	0	10
6543731646649078302	1355	3	17	10
6543731646649078302	1356	8	8	16
6543731646649078302	1357	17	9	1
6543731646649078302	1358	2	2	2
6543731646649078302	1359	18	18	11
6543731646649078302	1360	1	13	13
6543731646649078302	1361	7	13	12
6543731646649078302	1362	4	4	4
6543731646649078302	1363	10	0	1
6543731646649078302	1364	8	8	16
6543731646649078302	1365	9	9	9
6543731646649078302	1366	3	2	15
6543731646649078302	1367	3	10	4
6543731646649078302	1368	1	13	13
6543731646649078302	1369	6	6	6
6543731646649078302	1370	15	14	15
6543731646649078302	1371	14	0	3
6543731646649078302	1372	12	13	7
6543731646649078302	1373	10	14	10
6543731646649078302	1374	16	8	16
6543731646649078302	1375	11	13	13
6543731646649078302	1376	3	8	3
6543731646649078302	1377	8	8	8
6543731646649078302	1378	0	13	16
6543731646649078302	1379	15	14	15
6543731646649078302	1380	7	13	13
6543731646649078302	1381	8	8	8
6543731646649078302	1382	15	2	3
6543731646649078302	1383	9	13	9
6543731646649078302	1384	0	14	1
6543731646649078302	1385	17	17	1
6543731646649078302	1386	18	18	18
6543731646649078302	1387	3	2	15
6543731646649078302	1388	1	9	1
6543731646649078302	1389	0	14	10
6543731646649078302	1390	4	4	4
6543731646649078302	1391	1	13	1
6543731646649078302	1392	15	14	6
6543731646649078302	1393	16	16	16
6543731646649078302	1394	9	13	13
6543731646649078302	1395	9	13	9
6543731646649078302	1396	14	14	14
6543731646649078302	1397	3	17	3
6543731646649078302	1398	5	18	13
6543731646649078302	1399	6	6	6
6543731646649078302	1400	3	19	10
6543731646649078302	1401	16	16	16
6543731646649078302	1402	6	6	16
6543731646649078302	1403	18	18	18
6543731646649078302	1404	16	16	16
6543731646649078302	1405	12	13	12
6543731646649078302	1406	6	6	16
6543731646649078302	1407	3	2	3
6543731646649078302	1408	7	13	12
6543731646649078302	1409	13	13	13
6543731646649078302	1410	19	13	1
6543731646649078302	1411	10	0	0
6543731646649078302	1412	11	13	13
6543731646649078302	1413	19	14	10
6543731646649078302	1414	9	9	9
6543731646649078302	1415	15	14	14
6543731646649078302	1416	0	0	0
6543731646649078302	1417	14	15	14
6543731646649078302	1418	12	7	7
6543731646649078302	1419	8	8	8
6543731646649078302	1420	19	13	1
6543731646649078302	1421	12	12	12
6543731646649078302	1422	9	13	9
6543731646649078302	1423	17	0	0
6543731646649078302	1424	1	13	1
6543731646649078302	1425	17	17	0
6543731646649078302	1426	8	8	8
6543731646649078302	1427	13	13	13
6543731646649078302	1428	0	13	0
6543731646649078302	1429	2	14	12
6543731646649078302	1430	16	13	16
6543731646649078302	1431	11	13	11
6543731646649078302	1432	18	18	18
6543731646649078302	1433	14	4	19
6543731646649078302	1434	2	2	2
6543731646649078302	1435	9	9	9
6543731646649078302	1436	15	15	13
6543731646649078302	1437	15	1	7
6543731646649078302	1438	0	13	17
6543731646649078302	1439	14	0	4
6543731646649078302	1440	5	13	13
6543731646649078302	1441	0	0	10
6543731646649078302	1442	17	2	10
6543731646649078302	1443	1	13	4
6543731646649078302	1444	15	2	6
6543731646649078302	1445	4	4	13
6543731646649078302	1446	5	9	13
6543731646649078302	1447	3	2	10
6543731646649078302	1448	3	15	19
6543731646649078302	1449	9	9	9
6543731646649078302	1450	3	0	7
6543731646649078302	1451	12	13	12
6543731646649078302	1452	14	4	0
6543731646649078302	1453	0	2	10
6543731646649078302	1454	3	15	4
6543731646649078302	1455	0	0	10
6543731646649078302	1456	7	13	2
6543731646649078302	1457	19	19	19
6543731646649078302	1458	1	1	0
6543731646649078302	1459	11	11	11
6543731646649078302	1460	17	0	10
6543731646649078302	1461	4	4	4
6543731646649078302	1462	15	2	11
6543731646649078302	1463	15	2	5
6543731646649078302	1464	12	5	7
6543731646649078302	1465	10	0	10
6543731646649078302	1466	18	18	13
6543731646649078302	1467	16	11	16
6543731646649078302	1468	10	10	10
6543731646649078302	1469	16	9	16
6543731646649078302	1470	6	6	16
6543731646649078302	1471	5	13	13
6543731646649078302	1472	17	10	17
6543731646649078302	1473	14	14	15
6543731646649078302	1474	4	4	4
6543731646649078302	1475	13	13	13
6543731646649078302	1476	10	4	10
6543731646649078302	1477	7	0	0
6543731646649078302	1478	6	6	16
6543731646649078302	1479	4	4	4
6543731646649078302	1480	11	13	13
6543731646649078302	1481	10	2	10
6543731646649078302	1482	15	15	13
6543731646649078302	1483	16	11	16
6543731646649078302	1484	12	12	7
6543731646649078302	1485	3	14	14
6543731646649078302	1486	4	4	4
6543731646649078302	1487	0	0	19
6543731646649078302	1488	15	15	15
6543731646649078302	1489	4	4	4
6543731646649078302	1490	9	13	9
6543731646649078302	1491	3	14	15
6543731646649078302	1492	7	13	7
6543731646649078302	1493	1	19	1
6543731646649078302	1494	15	2	7
6543731646649078302	1495	2	14	17
6543731646649078302	1496	11	11	11
6543731646649078302	1497	13	9	5
6543731646649078302	1498	4	4	4
6543731646649078302	1499	5	13	13
6543731646649078302	1500	2	14	3
6543731646649078302	1501	18	18	13
6543731646649078302	1502	8	8	13
6543731646649078302	1503	0	0	17
6543731646649078302	1504	15	1	7
6543731646649078302	1505	11	7	11
6543731646649078302	1506	15	15	11
6543731646649078302	1507	14	2	15
6543731646649078302	1508	7	13	12
6543731646649078302	1509	18	18	13
6543731646649078302	1510	11	13	11
6543731646649078302	1511	16	16	13
6543731646649078302	1512	1	9	5
6543731646649078302	1513	19	13	13
6543731646649078302	1514	10	10	1
6543731646649078302	1515	10	13	10
6543731646649078302	1516	14	14	14
6543731646649078302	1517	16	16	16
6543731646649078302	1518	8	8	8
6543731646649078302	1519	1	1	9
6543731646649078302	1520	9	9	9
6543731646649078302	1521	11	13	11
6543731646649078302	1522	10	10	8
6543731646649078302	1523	18	18	11
6543731646649078302	1524	3	2	14
6543731646649078302	1525	11	11	18
6543731646649078302	1526	10	10	1
6543731646649078302	1527	8	8	8
6543731646649078302	1528	10	10	8
6543731646649078302	1529	18	18	18
6543731646649078302	1530	6	6	16
6543731646649078302	1531	6	6	0
6543731646649078302	1532	1	13	13
6543731646649078302	1533	4	1	4
6543731646649078302	1534	5	13	13
6543731646649078302	1535	12	12	12
6543731646649078302	1536	4	4	4
6543731646649078302	1537	19	19	10
6543731646649078302	1538	10	14	3
6543731646649078302	1539	14	13	13
6543731646649078302	1540	6	16	16
6543731646649078302	1541	3	14	10
6543731646649078302	1542	19	13	13
6543731646649078302	1543	12	13	13
6543731646649078302	1544	19	4	1
6543731646649078302	1545	1	1	13
6543731646649078302	1546	6	6	16
6543731646649078302	1547	16	8	16
6543731646649078302	1548	3	14	19
6543731646649078302	1549	15	2	0
6543731646649078302	1550	16	6	16
6543731646649078302	1551	2	2	7
6543731646649078302	1552	11	7	11
6543731646649078302	1553	1	13	13
6543731646649078302	1554	14	14	2
6543731646649078302	1555	8	8	8
6543731646649078302	1556	7	1	7
6543731646649078302	1557	12	13	13
6543731646649078302	1558	16	16	16
6543731646649078302	1559	18	18	13
6543731646649078302	1560	4	4	4
6543731646649078302	1561	19	9	19
6543731646649078302	1562	15	15	15
6543731646649078302	1563	7	7	12
6543731646649078302	1564	12	12	12
6543731646649078302	1565	10	10	17
6543731646649078302	1566	18	18	13
6543731646649078302	1567	2	14	2
6543731646649078302	1568	19	4	1
6543731646649078302	1569	18	18	18
6543731646649078302	1570	13	5	13
6543731646649078302	1571	15	14	10
6543731646649078302	1572	2	14	7
6543731646649078302	1573	0	13	1
6543731646649078302	1574	1	7	1
6543731646649078302	1575	13	13	5
6543731646649078302	1576	12	13	13
6543731646649078302	1577	17	10	1
6543731646649078302	1578	6	6	16
6543731646649078302	1579	9	13	13
6543731646649078302	1580	11	5	18
6543731646649078302	1581	13	13	1
6543731646649078302	1582	6	6	6
6543731646649078302	1583	19	1	10
6543731646649078302	1584	14	14	3
6543731646649078302	1585	15	4	15
6543731646649078302	1586	15	15	7
6543731646649078302	1587	4	4	4
6543731646649078302	1588	8	8	13
6543731646649078302	1589	5	18	5
6543731646649078302	1590	9	13	13
6543731646649078302	1591	18	18	13
6543731646649078302	1592	6	6	16
6543731646649078302	1593	13	13	12
6543731646649078302	1594	17	10	17
6543731646649078302	1595	11	13	11
6543731646649078302	1596	13	13	13
6543731646649078302	1597	7	7	7
6543731646649078302	1598	9	13	9
6543731646649078302	1599	9	13	9
6543731646649078302	1600	16	8	16
6543731646649078302	1601	17	10	0
6543731646649078302	1602	3	14	4
6543731646649078302	1603	4	4	4
6543731646649078302	1604	14	0	13
6543731646649078302	1605	10	2	15
6543731646649078302	1606	4	4	13
6543731646649078302	1607	10	0	14
6543731646649078302	1608	18	18	18
6543731646649078302	1609	10	14	0
6543731646649078302	1610	17	10	7
6543731646649078302	1611	18	18	18
6543731646649078302	1612	8	8	8
6543731646649078302	1613	18	18	18
6543731646649078302	1614	4	4	4
6543731646649078302	1615	19	10	9
6543731646649078302	1616	5	13	13
6543731646649078302	1617	7	13	12
6543731646649078302	1618	14	13	13
6543731646649078302	1619	10	0	3
6543731646649078302	1620	6	6	6
6543731646649078302	1621	9	13	9
6543731646649078302	1622	16	16	16
6543731646649078302	1623	3	2	15
6543731646649078302	1624	11	9	11
6543731646649078302	1625	19	19	1
6543731646649078302	1626	17	13	17
6543731646649078302	1627	11	13	11
6543731646649078302	1628	5	18	13
6543731646649078302	1629	10	2	10
6543731646649078302	1630	1	1	1
6543731646649078302	1631	5	13	13
6543731646649078302	1632	17	17	1
6543731646649078302	1633	12	12	12
6543731646649078302	1634	8	8	8
6543731646649078302	1635	2	2	2
6543731646649078302	1636	4	4	4
6543731646649078302	1637	17	0	17
6543731646649078302	1638	9	13	9
6543731646649078302	1639	9	13	13
6543731646649078302	1640	4	4	4
6543731646649078302	1641	16	8	16
6543731646649078302	1642	8	8	8
6543731646649078302	1643	9	13	9
6543731646649078302	1644	4	4	4
6543731646649078302	1645	1	1	1
6543731646649078302	1646	5	18	5
6543731646649078302	1647	7	13	7
6543731646649078302	1648	19	13	13
6543731646649078302	1649	9	11	9
6543731646649078302	1650	1	9	1
6543731646649078302	1651	11	11	11
6543731646649078302	1652	4	4	4
6543731646649078302	1653	4	4	4
6543731646649078302	1654	3	10	15
6543731646649078302	1655	16	11	16
6543731646649078302	1656	12	13	13
6543731646649078302	1657	15	2	4
6543731646649078302	1658	4	4	4
6543731646649078302	1659	0	13	19
6543731646649078302	1660	15	2	7
6543731646649078302	1661	5	18	13
6543731646649078302	1662	5	13	11
6543731646649078302	1663	10	10	10
6543731646649078302	1664	5	18	13
6543731646649078302	1665	11	13	11
6543731646649078302	1666	12	7	7
6543731646649078302	1667	6	6	6
6543731646649078302	1668	4	0	2
6543731646649078302	1669	14	14	7
6543731646649078302	1670	7	13	7
6543731646649078302	1671	12	5	12
6543731646649078302	1672	3	2	13
6543731646649078302	1673	8	8	11
6543731646649078302	1674	8	8	11
6543731646649078302	1675	8	8	8
6543731646649078302	1676	5	9	9
6543731646649078302	1677	3	2	10
6543731646649078302	1678	17	9	0
6543731646649078302	1679	1	0	15
6543731646649078302	1680	4	4	4
6543731646649078302	1681	6	6	6
6543731646649078302	1682	18	18	13
6543731646649078302	1683	14	13	6
6543731646649078302	1684	14	14	14
6543731646649078302	1685	17	7	1
6543731646649078302	1686	12	11	13
6543731646649078302	1687	8	8	8
6543731646649078302	1688	5	18	13
6543731646649078302	1689	13	13	13
6543731646649078302	1690	10	10	10
6543731646649078302	1691	11	13	13
6543731646649078302	1692	10	2	10
6543731646649078302	1693	2	14	13
6543731646649078302	1694	1	1	10
6543731646649078302	1695	11	13	11
6543731646649078302	1696	6	6	0
6543731646649078302	1697	4	0	2
6543731646649078302	1698	16	8	16
6543731646649078302	1699	18	18	13
6543731646649078302	1700	11	13	11
6543731646649078302	1701	17	10	1
6543731646649078302	1702	13	13	13
6543731646649078302	1703	0	0	17
6543731646649078302	1704	7	7	7
6543731646649078302	1705	8	8	8
6543731646649078302	1706	14	14	7
6543731646649078302	1707	19	4	19
6543731646649078302	1708	18	18	18
6543731646649078302	1709	0	13	0
6543731646649078302	1710	14	0	15
6543731646649078302	1711	7	13	7
6543731646649078302	1712	1	1	1
6543731646649078302	1713	10	10	9
6543731646649078302	1714	0	13	1
6543731646649078302	1715	8	8	8
6543731646649078302	1716	9	13	5
6543731646649078302	1717	15	2	2
6543731646649078302	1718	11	13	11
6543731646649078302	1719	17	9	19
6543731646649078302	1720	15	14	6
6543731646649078302	1721	12	12	12
6543731646649078302	1722	6	6	16
6543731646649078302	1723	10	10	1
6543731646649078302	1724	19	9	19
6543731646649078302	1725	3	14	15
6543731646649078302	1726	6	6	0
6543731646649078302	1727	11	13	18
6543731646649078302	1728	19	9	5
6543731646649078302	1729	0	0	0
6543731646649078302	1730	13	13	1
6543731646649078302	1731	5	5	11
6543731646649078302	1732	3	2	1
6543731646649078302	1733	16	8	8
6543731646649078302	1734	5	5	13
6543731646649078302	1735	10	9	10
6543731646649078302	1736	14	13	18
6543731646649078302	1737	16	6	16
6543731646649078302	1738	1	13	13
6543731646649078302	1739	16	8	8
6543731646649078302	1740	9	13	9
6543731646649078302	1741	6	6	6
6543731646649078302	1742	16	6	16
6543731646649078302	1743	7	7	7
6543731646649078302	1744	4	4	4
6543731646649078302	1745	10	10	1
6543731646649078302	1746	14	14	0
6543731646649078302	1747	3	2	14
6543731646649078302	1748	18	11	18
6543731646649078302	1749	13	13	18
6543731646649078302	1750	0	0	1
6543731646649078302	1751	19	4	10
6543731646649078302	1752	5	18	5
6543731646649078302	1753	16	8	16
6543731646649078302	1754	8	8	11
6543731646649078302	1755	8	8	8
6543731646649078302	1756	5	9	13
6543731646649078302	1757	6	6	16
6543731646649078302	1758	8	8	8
6543731646649078302	1759	14	14	3
6543731646649078302	1760	18	18	18
6543731646649078302	1761	6	6	16
6543731646649078302	1762	1	13	13
6543731646649078302	1763	6	6	6
6543731646649078302	1764	4	4	4
6543731646649078302	1765	11	13	11
6543731646649078302	1766	8	2	11
6543731646649078302	1767	13	13	13
6543731646649078302	1768	2	10	2
6543731646649078302	1769	16	16	7
6543731646649078302	1770	16	6	4
6543731646649078302	1771	10	14	19
6543731646649078302	1772	16	16	16
6543731646649078302	1773	2	14	0
6543731646649078302	1774	16	8	16
6543731646649078302	1775	16	16	6
6543731646649078302	1776	8	8	8
6543731646649078302	1777	1	13	13
6543731646649078302	1778	10	10	10
6543731646649078302	1779	15	14	13
6543731646649078302	1780	4	19	7
6543731646649078302	1781	17	10	19
6543731646649078302	1782	3	10	15
6543731646649078302	1783	17	9	1
6543731646649078302	1784	8	8	8
6543731646649078302	1785	11	13	13
6543731646649078302	1786	12	13	13
6543731646649078302	1787	8	16	11
6543731646649078302	1788	10	1	10
6543731646649078302	1789	15	15	7
6543731646649078302	1790	2	14	14
6543731646649078302	1791	8	8	16
6543731646649078302	1792	15	14	6
6543731646649078302	1793	0	14	0
6543731646649078302	1794	17	10	10
6543731646649078302	1795	2	14	2
6543731646649078302	1796	13	9	13
6543731646649078302	1797	13	13	13
6543731646649078302	1798	15	2	8
6543731646649078302	1799	2	2	2
6543731646649078302	1800	8	8	8
6543731646649078302	1801	18	18	11
6543731646649078302	1802	4	4	4
6543731646649078302	1803	17	10	14
6543731646649078302	1804	7	13	13
6543731646649078302	1805	18	18	18
6543731646649078302	1806	19	14	10
6543731646649078302	1807	17	2	0
6543731646649078302	1808	7	11	1
6543731646649078302	1809	4	4	4
6543731646649078302	1810	0	14	17
6543731646649078302	1811	17	0	17
6543731646649078302	1812	13	13	13
6543731646649078302	1813	11	7	11
6543731646649078302	1814	15	15	15
6543731646649078302	1815	5	9	5
6543731646649078302	1816	5	18	13
6543731646649078302	1817	17	9	0
6543731646649078302	1818	13	13	13
6543731646649078302	1819	5	13	12
6543731646649078302	1820	18	18	13
6543731646649078302	1821	6	6	16
6543731646649078302	1822	9	11	9
6543731646649078302	1823	8	8	8
6543731646649078302	1824	16	16	16
6543731646649078302	1825	18	18	13
6543731646649078302	1826	5	18	13
6543731646649078302	1827	5	13	13
6543731646649078302	1828	9	13	1
6543731646649078302	1829	2	2	2
6543731646649078302	1830	0	13	14
6543731646649078302	1831	6	6	6
6543731646649078302	1832	14	13	4
6543731646649078302	1833	8	8	8
6543731646649078302	1834	15	2	13
6543731646649078302	1835	2	2	2
6543731646649078302	1836	0	13	17
6543731646649078302	1837	9	13	13
6543731646649078302	1838	0	0	1
6543731646649078302	1839	4	4	4
6543731646649078302	1840	9	13	13
6543731646649078302	1841	16	16	16
6543731646649078302	1842	7	13	13
6543731646649078302	1843	2	2	2
6543731646649078302	1844	4	4	4
6543731646649078302	1845	7	13	13
6543731646649078302	1846	11	11	13
6543731646649078302	1847	7	13	13
6543731646649078302	1848	19	14	19
6543731646649078302	1849	17	9	1
6543731646649078302	1850	1	1	14
6543731646649078302	1851	12	13	7
6543731646649078302	1852	0	0	15
6543731646649078302	1853	12	13	13
6543731646649078302	1854	1	13	19
6543731646649078302	1855	14	14	15
6543731646649078302	1856	15	2	17
6543731646649078302	1857	14	0	15
6543731646649078302	1858	6	6	6
6543731646649078302	1859	18	18	18
6543731646649078302	1860	17	17	7
6543731646649078302	1861	13	13	13
6543731646649078302	1862	18	13	11
6543731646649078302	1863	13	13	9
6543731646649078302	1864	18	18	11
6543731646649078302	1865	17	1	10
6543731646649078302	1866	15	2	2
6543731646649078302	1867	14	0	6
6543731646649078302	1868	3	10	17
6543731646649078302	1869	2	2	2
6543731646649078302	1870	19	13	9
6543731646649078302	1871	15	14	13
6543731646649078302	1872	12	13	13
6543731646649078302	1873	12	13	13
6543731646649078302	1874	17	10	19
6543731646649078302	1875	13	18	13
6543731646649078302	1876	18	18	18
6543731646649078302	1877	2	2	2
6543731646649078302	1878	10	10	0
6543731646649078302	1879	14	14	14
6543731646649078302	1880	4	4	4
6543731646649078302	1881	8	8	8
6543731646649078302	1882	11	13	11
6543731646649078302	1883	19	13	1
6543731646649078302	1884	17	17	0
6543731646649078302	1885	19	13	13
6543731646649078302	1886	3	2	13
6543731646649078302	1887	15	2	8
6543731646649078302	1888	13	13	13
6543731646649078302	1889	11	7	11
6543731646649078302	1890	16	8	16
6543731646649078302	1891	12	13	13
6543731646649078302	1892	5	5	13
6543731646649078302	1893	7	7	7
6543731646649078302	1894	14	14	6
6543731646649078302	1895	13	13	1
6543731646649078302	1896	13	13	13
6543731646649078302	1897	7	13	12
6543731646649078302	1898	15	14	11
6543731646649078302	1899	15	2	11
6543731646649078302	1900	16	16	17
6543731646649078302	1901	4	4	4
6543731646649078302	1902	14	14	6
6543731646649078302	1903	2	14	2
6543731646649078302	1904	7	13	13
6543731646649078302	1905	10	2	19
6543731646649078302	1906	4	4	4
6543731646649078302	1907	12	5	12
6543731646649078302	1908	7	13	13
6543731646649078302	1909	0	13	17
6543731646649078302	1910	10	10	0
6543731646649078302	1911	7	13	13
6543731646649078302	1912	5	5	13
6543731646649078302	1913	12	5	12
6543731646649078302	1914	8	8	8
6543731646649078302	1915	5	1	13
6543731646649078302	1916	4	4	4
6543731646649078302	1917	3	14	19
6543731646649078302	1918	9	9	5
6543731646649078302	1919	6	6	16
6543731646649078302	1920	0	14	17
6543731646649078302	1921	4	4	4
6543731646649078302	1922	4	4	3
6543731646649078302	1923	3	2	19
6543731646649078302	1924	9	13	13
6543731646649078302	1925	14	13	14
6543731646649078302	1926	5	5	13
6543731646649078302	1927	13	9	13
6543731646649078302	1928	9	13	13
6543731646649078302	1929	11	13	11
6543731646649078302	1930	13	9	13
6543731646649078302	1931	2	2	2
6543731646649078302	1932	0	13	17
6543731646649078302	1933	11	7	11
6543731646649078302	1934	1	9	19
6543731646649078302	1935	11	10	11
6543731646649078302	1936	3	10	14
6543731646649078302	1937	19	19	19
6543731646649078302	1938	0	0	17
6543731646649078302	1939	7	13	13
6543731646649078302	1940	11	11	18
6543731646649078302	1941	17	9	1
6543731646649078302	1942	7	13	7
6543731646649078302	1943	15	2	6
6543731646649078302	1944	11	13	11
6543731646649078302	1945	18	18	11
6543731646649078302	1946	13	9	13
6543731646649078302	1947	3	2	15
6543731646649078302	1948	1	13	13
6543731646649078302	1949	18	18	13
6543731646649078302	1950	16	16	16
6543731646649078302	1951	14	2	13
6543731646649078302	1952	9	13	1
6543731646649078302	1953	0	14	17
6543731646649078302	1954	1	1	13
6543731646649078302	1955	13	13	13
6543731646649078302	1956	8	8	8
6543731646649078302	1957	17	0	3
6543731646649078302	1958	0	13	1
6543731646649078302	1959	10	14	10
6543731646649078302	1960	18	18	13
6543731646649078302	1961	3	2	3
6543731646649078302	1962	14	14	3
6543731646649078302	1963	12	18	12
6543731646649078302	1964	9	13	13
6543731646649078302	1965	7	13	7
6543731646649078302	1966	10	2	10
6543731646649078302	1967	0	7	7
6543731646649078302	1968	11	13	13
6543731646649078302	1969	10	14	19
6543731646649078302	1970	14	13	8
6543731646649078302	1971	5	9	13
6543731646649078302	1972	4	4	4
6543731646649078302	1973	2	2	2
6543731646649078302	1974	6	6	16
6543731646649078302	1975	15	2	7
6543731646649078302	1976	14	14	13
6543731646649078302	1977	16	8	16
6543731646649078302	1978	2	2	7
6543731646649078302	1979	11	13	11
6543731646649078302	1980	4	4	4
6543731646649078302	1981	4	4	4
6543731646649078302	1982	19	1	10
6543731646649078302	1983	2	2	2
6543731646649078302	1984	4	4	4
6543731646649078302	1985	15	2	7
6543731646649078302	1986	9	9	9
6543731646649078302	1987	18	18	18
6543731646649078302	1988	18	18	18
6543731646649078302	1989	17	17	1
6543731646649078302	1990	0	17	17
6543731646649078302	1991	16	8	8
6543731646649078302	1992	2	2	2
6543731646649078302	1993	15	8	13
6543731646649078302	1994	11	11	11
6543731646649078302	1995	18	18	13
6543731646649078302	1996	12	13	13
6543731646649078302	1997	17	2	5
6543731646649078302	1998	9	13	1
6543731646649078302	1999	15	14	13
6543731646649078302	2000	17	17	17
6543731646649078302	2001	9	9	9
6543731646649078302	2002	6	6	6
6543731646649078302	2003	11	7	11
6543731646649078302	2004	14	14	15
6543731646649078302	2005	5	18	13
6543731646649078302	2006	18	18	18
6543731646649078302	2007	19	9	1
6543731646649078302	2008	5	9	11
6543731646649078302	2009	12	5	13
6543731646649078302	2010	13	13	13
6543731646649078302	2011	1	9	1
6543731646649078302	2012	7	13	7
6543731646649078302	2013	7	13	12
6543731646649078302	2014	6	6	16
6543731646649078302	2015	4	4	4
6543731646649078302	2016	8	8	8
6543731646649078302	2017	7	7	7
6543731646649078302	2018	12	5	12
6543731646649078302	2019	7	13	7
6543731646649078302	2020	13	1	13
6543731646649078302	2021	4	4	4
6543731646649078302	2022	14	2	15
6543731646649078302	2023	2	14	13
6543731646649078302	2024	14	15	15
6543731646649078302	2025	5	13	13
6543731646649078302	2026	8	8	8
6543731646649078302	2027	2	2	2
6543731646649078302	2028	15	2	13
6543731646649078302	2029	2	14	14
6543731646649078302	2030	14	14	14
6543731646649078302	2031	3	2	15
6543731646649078302	2032	6	6	16
6543731646649078302	2033	16	8	16
6543731646649078302	2034	14	0	14
6543731646649078302	2035	15	2	15
6543731646649078302	2036	4	4	4
6543731646649078302	2037	0	0	0
6543731646649078302	2038	7	13	11
6543731646649078302	2039	11	13	11
6543731646649078302	2040	9	13	13
6543731646649078302	2041	13	9	13
6543731646649078302	2042	12	13	12
6543731646649078302	2043	11	11	11
6543731646649078302	2044	2	14	7
6543731646649078302	2045	3	10	15
6543731646649078302	2046	8	2	8
6543731646649078302	2047	10	14	10
6543731646649078302	2048	13	13	9
6543731646649078302	2049	17	0	10
6543731646649078302	2050	1	13	13
6543731646649078302	2051	2	2	2
6543731646649078302	2052	5	18	13
6543731646649078302	2053	8	8	8
6543731646649078302	2054	4	4	4
6543731646649078302	2055	9	13	9
6543731646649078302	2056	19	19	10
6543731646649078302	2057	10	0	10
6543731646649078302	2058	1	13	1
6543731646649078302	2059	15	15	2
6543731646649078302	2060	4	4	4
6543731646649078302	2061	12	13	12
6543731646649078302	2062	8	8	8
6543731646649078302	2063	19	13	9
6543731646649078302	2064	4	4	4
6543731646649078302	2065	4	4	4
6543731646649078302	2066	2	1	16
6543731646649078302	2067	2	2	2
6543731646649078302	2068	7	13	5
6543731646649078302	2069	12	13	11
6543731646649078302	2070	17	9	0
6543731646649078302	2071	9	9	9
6543731646649078302	2072	2	2	2
6543731646649078302	2073	2	14	16
6543731646649078302	2074	16	16	16
6543731646649078302	2075	9	13	13
6543731646649078302	2076	15	14	7
6543731646649078302	2077	5	13	13
6543731646649078302	2078	8	8	16
6543731646649078302	2079	0	14	17
6543731646649078302	2080	19	19	19
6543731646649078302	2081	12	13	13
6543731646649078302	2082	13	13	9
6543731646649078302	2083	3	15	3
6543731646649078302	2084	6	6	6
6543731646649078302	2085	16	16	16
6543731646649078302	2086	5	4	13
6543731646649078302	2087	7	13	7
6543731646649078302	2088	2	14	2
6543731646649078302	2089	14	0	11
6543731646649078302	2090	0	13	17
6543731646649078302	2091	17	10	19
6543731646649078302	2092	14	4	2
6543731646649078302	2093	16	16	16
6543731646649078302	2094	13	13	13
6543731646649078302	2095	17	17	10
6543731646649078302	2096	2	2	7
6543731646649078302	2097	9	13	5
6543731646649078302	2098	13	13	13
6543731646649078302	2099	9	9	9
6543731646649078302	2100	9	13	13
6543731646649078302	2101	14	8	15
6543731646649078302	2102	19	13	8
6543731646649078302	2103	13	9	13
6543731646649078302	2104	7	13	7
6543731646649078302	2105	1	1	1
6543731646649078302	2106	4	4	4
6543731646649078302	2107	15	1	7
6543731646649078302	2108	6	6	16
6543731646649078302	2109	9	9	19
6543731646649078302	2110	14	14	17
6543731646649078302	2111	15	2	7
6543731646649078302	2112	11	13	11
6543731646649078302	2113	6	16	16
6543731646649078302	2114	5	5	13
6543731646649078302	2115	4	4	4
6543731646649078302	2116	19	13	1
6543731646649078302	2117	4	4	4
6543731646649078302	2118	14	14	5
6543731646649078302	2119	8	8	8
6543731646649078302	2120	6	6	7
6543731646649078302	2121	8	8	13
6543731646649078302	2122	12	13	13
6543731646649078302	2123	2	2	7
6543731646649078302	2124	13	13	13
6543731646649078302	2125	5	5	13
6543731646649078302	2126	0	13	17
6543731646649078302	2127	4	4	4
6543731646649078302	2128	12	16	12
6543731646649078302	2129	16	16	16
6543731646649078302	2130	12	13	13
6543731646649078302	2131	14	4	14
6543731646649078302	2132	13	13	13
6543731646649078302	2133	7	13	0
6543731646649078302	2134	13	13	13
6543731646649078302	2135	18	18	13
6543731646649078302	2136	5	13	13
6543731646649078302	2137	0	0	17
6543731646649078302	2138	17	17	17
6543731646649078302	2139	4	4	13
6543731646649078302	2140	8	8	8
6543731646649078302	2141	16	16	16
6543731646649078302	2142	19	13	13
6543731646649078302	2143	18	18	13
6543731646649078302	2144	18	18	18
6543731646649078302	2145	6	6	6
6543731646649078302	2146	16	8	16
6543731646649078302	2147	12	18	12
6543731646649078302	2148	16	8	16
6543731646649078302	2149	18	18	18
6543731646649078302	2150	13	13	13
6543731646649078302	2151	9	9	5
6543731646649078302	2152	0	14	16
6543731646649078302	2153	14	0	2
6543731646649078302	2154	10	14	3
6543731646649078302	2155	10	14	10
6543731646649078302	2156	18	18	13
6543731646649078302	2157	13	13	13
6543731646649078302	2158	1	13	1
6543731646649078302	2159	4	4	4
6543731646649078302	2160	17	9	1
6543731646649078302	2161	12	13	12
6543731646649078302	2162	10	10	3
6543731646649078302	2163	16	8	8
6543731646649078302	2164	12	12	12
6543731646649078302	2165	16	16	16
6543731646649078302	2166	13	13	1
6543731646649078302	2167	12	13	18
6543731646649078302	2168	12	13	13
6543731646649078302	2169	8	8	8
6543731646649078302	2170	18	18	18
6543731646649078302	2171	2	2	7
6543731646649078302	2172	12	13	12
6543731646649078302	2173	4	0	2
6543731646649078302	2174	16	8	16
6543731646649078302	2175	15	2	13
6543731646649078302	2176	9	9	9
6543731646649078302	2177	16	16	16
6543731646649078302	2178	12	13	9
6543731646649078302	2179	5	18	13
6543731646649078302	2180	14	0	7
6543731646649078302	2181	13	13	13
6543731646649078302	2182	8	8	8
6543731646649078302	2183	12	11	13
6543731646649078302	2184	10	13	10
6543731646649078302	2185	18	18	11
6543731646649078302	2186	1	7	1
6543731646649078302	2187	12	13	13
6543731646649078302	2188	18	18	18
6543731646649078302	2189	7	13	13
6543731646649078302	2190	18	13	13
6543731646649078302	2191	16	16	16
6543731646649078302	2192	17	9	16
6543731646649078302	2193	4	4	4
6543731646649078302	2194	12	13	12
6543731646649078302	2195	7	13	12
6543731646649078302	2196	13	13	13
6543731646649078302	2197	17	10	1
6543731646649078302	2198	8	8	8
6543731646649078302	2199	8	8	16
6543731646649078302	2200	11	11	11
6543731646649078302	2201	15	2	6
6543731646649078302	2202	2	2	2
6543731646649078302	2203	2	2	2
6543731646649078302	2204	13	9	13
6543731646649078302	2205	17	10	1
6543731646649078302	2206	1	13	1
6543731646649078302	2207	0	13	0
6543731646649078302	2208	17	10	17
6543731646649078302	2209	15	14	7
6543731646649078302	2210	19	0	1
6543731646649078302	2211	16	16	16
6543731646649078302	2212	14	0	0
6543731646649078302	2213	15	2	13
6543731646649078302	2214	18	13	11
6543731646649078302	2215	11	7	11
6543731646649078302	2216	5	13	13
6543731646649078302	2217	10	0	14
6543731646649078302	2218	14	13	11
6543731646649078302	2219	15	14	8
6543731646649078302	2220	18	18	11
6543731646649078302	2221	7	1	7
6543731646649078302	2222	8	8	16
6543731646649078302	2223	3	2	3
6543731646649078302	2224	2	8	2
6543731646649078302	2225	15	15	14
6543731646649078302	2226	15	1	13
6543731646649078302	2227	1	1	1
6543731646649078302	2228	17	3	19
6543731646649078302	2229	12	11	13
6543731646649078302	2230	9	13	9
6543731646649078302	2231	1	13	13
6543731646649078302	2232	3	2	3
6543731646649078302	2233	13	13	13
6543731646649078302	2234	6	6	12
6543731646649078302	2235	4	4	4
6543731646649078302	2236	16	16	16
6543731646649078302	2237	14	4	3
6543731646649078302	2238	17	2	17
6543731646649078302	2239	15	2	15
6543731646649078302	2240	18	18	11
6543731646649078302	2241	8	14	14
6543731646649078302	2242	4	4	4
6543731646649078302	2243	1	1	1
6543731646649078302	2244	8	8	8
6543731646649078302	2245	6	6	6
6543731646649078302	2246	19	0	1
6543731646649078302	2247	18	18	13
6543731646649078302	2248	6	6	16
6543731646649078302	2249	7	13	13
6543731646649078302	2250	11	11	11
6543731646649078302	2251	1	13	13
6543731646649078302	2252	11	13	13
6543731646649078302	2253	19	13	1
6543731646649078302	2254	6	6	6
6543731646649078302	2255	17	9	13
6543731646649078302	2256	1	13	13
6543731646649078302	2257	8	8	8
6543731646649078302	2258	9	9	13
6543731646649078302	2259	4	4	0
6543731646649078302	2260	6	6	16
6543731646649078302	2261	1	9	1
6543731646649078302	2262	15	2	7
6543731646649078302	2263	11	7	13
6543731646917513941	0	10	0	1
6543731646917513941	1	11	13	11
6543731646917513941	2	7	13	13
6543731646917513941	3	10	10	1
6543731646917513941	4	3	2	3
6543731646917513941	5	5	9	9
6543731646917513941	6	0	13	1
6543731646917513941	7	10	2	19
6543731646917513941	8	18	18	11
6543731646917513941	9	5	18	13
6543731646917513941	10	16	8	8
6543731646917513941	11	14	0	5
6543731646917513941	12	12	17	7
6543731646917513941	13	8	8	16
6543731646917513941	14	0	0	17
6543731646917513941	15	16	16	16
6543731646917513941	16	10	2	9
6543731646917513941	17	16	8	16
6543731646917513941	18	17	10	9
6543731646917513941	19	13	13	13
6543731646917513941	20	19	1	10
6543731646917513941	21	9	13	9
6543731646917513941	22	7	1	13
6543731646917513941	23	4	4	17
6543731646917513941	24	6	16	6
6543731646917513941	25	9	13	13
6543731646917513941	26	0	13	0
6543731646917513941	27	0	14	4
6543731646917513941	28	9	13	19
6543731646917513941	29	9	13	9
6543731646917513941	30	6	6	6
6543731646917513941	31	2	2	2
6543731646917513941	32	3	14	14
6543731646917513941	33	12	13	5
6543731646917513941	34	8	8	8
6543731646917513941	35	8	8	8
6543731646917513941	36	7	13	7
6543731646917513941	37	10	14	1
6543731646917513941	38	12	13	13
6543731646917513941	39	10	10	1
6543731646917513941	40	14	13	11
6543731646917513941	41	8	8	16
6543731646917513941	42	6	6	6
6543731646917513941	43	0	13	1
6543731646917513941	44	11	13	11
6543731646917513941	45	8	8	8
6543731646917513941	46	7	13	11
6543731646917513941	47	17	7	11
6543731646917513941	48	5	13	11
6543731646917513941	49	7	13	17
6543731646917513941	50	13	13	9
6543731646917513941	51	11	11	11
6543731646917513941	52	18	18	11
6543731646917513941	53	6	6	6
6543731646917513941	54	11	11	11
6543731646917513941	55	6	6	0
6543731646917513941	56	15	15	13
6543731646917513941	57	17	3	17
6543731646917513941	58	14	13	2
6543731646917513941	59	0	14	19
6543731646917513941	60	1	13	19
6543731646917513941	61	18	18	13
6543731646917513941	62	17	2	7
6543731646917513941	63	13	13	8
6543731646917513941	64	0	13	17
6543731646917513941	65	18	18	18
6543731646917513941	66	13	13	13
6543731646917513941	67	5	5	5
6543731646917513941	68	14	8	8
6543731646917513941	69	1	13	13
6543731646917513941	70	10	2	10
6543731646917513941	71	13	13	13
6543731646917513941	72	14	4	15
6543731646917513941	73	14	14	3
6543731646917513941	74	10	1	17
6543731646917513941	75	11	13	11
6543731646917513941	76	4	13	2
6543731646917513941	77	3	14	9
6543731646917513941	78	7	13	7
6543731646917513941	79	17	0	17
6543731646917513941	80	8	8	8
6543731646917513941	81	7	7	7
6543731646917513941	82	14	13	14
6543731646917513941	83	14	2	15
6543731646917513941	84	7	7	7
6543731646917513941	85	16	16	17
6543731646917513941	86	3	2	1
6543731646917513941	87	14	4	15
6543731646917513941	88	15	15	2
6543731646917513941	89	5	5	9
6543731646917513941	90	19	13	9
6543731646917513941	91	10	10	1
6543731646917513941	92	16	8	16
6543731646917513941	93	8	8	8
6543731646917513941	94	19	13	10
6543731646917513941	95	0	14	17
6543731646917513941	96	19	9	5
6543731646917513941	97	1	5	5
6543731646917513941	98	6	6	6
6543731646917513941	99	1	1	1
6543731646917513941	100	18	18	11
6543731646917513941	101	18	18	11
6543731646917513941	102	13	13	13
6543731646917513941	103	11	13	11
6543731646917513941	104	14	14	15
6543731646917513941	105	13	13	9
6543731646917513941	106	4	4	4
6543731646917513941	107	11	13	11
6543731646917513941	108	1	13	5
6543731646917513941	109	10	14	10
6543731646917513941	110	6	6	8
6543731646917513941	111	13	13	13
6543731646917513941	112	4	4	0
6543731646917513941	113	0	14	17
6543731646917513941	114	2	2	2
6543731646917513941	115	12	13	13
6543731646917513941	116	11	7	11
6543731646917513941	117	10	14	10
6543731646917513941	118	18	18	11
6543731646917513941	119	4	4	0
6543731646917513941	120	1	1	19
6543731646917513941	121	12	13	17
6543731646917513941	122	12	11	7
6543731646917513941	123	0	0	10
6543731646917513941	124	4	4	4
6543731646917513941	125	17	0	1
6543731646917513941	126	13	13	9
6543731646917513941	127	16	16	16
6543731646917513941	128	17	3	17
6543731646917513941	129	3	10	11
6543731646917513941	130	7	11	8
6543731646917513941	131	3	2	19
6543731646917513941	132	19	19	15
6543731646917513941	133	0	13	1
6543731646917513941	134	9	13	9
6543731646917513941	135	13	9	13
6543731646917513941	136	10	10	10
6543731646917513941	137	1	1	1
6543731646917513941	138	4	4	6
6543731646917513941	139	9	13	13
6543731646917513941	140	1	13	13
6543731646917513941	141	9	13	9
6543731646917513941	142	6	16	16
6543731646917513941	143	16	13	16
6543731646917513941	144	9	9	9
6543731646917513941	145	15	15	2
6543731646917513941	146	15	2	15
6543731646917513941	147	0	14	17
6543731646917513941	148	14	14	15
6543731646917513941	149	19	13	1
6543731646917513941	150	5	13	13
6543731646917513941	151	5	13	13
6543731646917513941	152	8	8	8
6543731646917513941	153	0	0	0
6543731646917513941	154	12	13	13
6543731646917513941	155	15	1	6
6543731646917513941	156	7	13	7
6543731646917513941	157	2	2	3
6543731646917513941	158	3	14	7
6543731646917513941	159	17	10	15
6543731646917513941	160	1	13	11
6543731646917513941	161	16	8	16
6543731646917513941	162	10	10	10
6543731646917513941	163	9	9	5
6543731646917513941	164	4	4	15
6543731646917513941	165	7	13	12
6543731646917513941	166	2	14	4
6543731646917513941	167	16	16	11
6543731646917513941	168	6	6	17
6543731646917513941	169	19	13	9
6543731646917513941	170	18	18	11
6543731646917513941	171	17	9	1
6543731646917513941	172	19	13	9
6543731646917513941	173	12	13	13
6543731646917513941	174	19	19	10
6543731646917513941	175	5	18	9
6543731646917513941	176	1	1	10
6543731646917513941	177	16	16	16
6543731646917513941	178	5	13	13
6543731646917513941	179	14	0	16
6543731646917513941	180	2	14	16
6543731646917513941	181	9	13	1
6543731646917513941	182	5	18	5
6543731646917513941	183	19	13	1
6543731646917513941	184	13	11	13
6543731646917513941	185	7	13	7
6543731646917513941	186	7	7	6
6543731646917513941	187	7	9	13
6543731646917513941	188	17	0	13
6543731646917513941	189	4	4	5
6543731646917513941	190	11	13	11
6543731646917513941	191	17	9	1
6543731646917513941	192	13	13	13
6543731646917513941	193	14	4	2
6543731646917513941	194	17	17	7
6543731646917513941	195	4	4	15
6543731646917513941	196	4	4	0
6543731646917513941	197	16	6	7
6543731646917513941	198	17	10	17
6543731646917513941	199	14	13	4
6543731646917513941	200	0	13	17
6543731646917513941	201	3	14	15
6543731646917513941	202	6	6	7
6543731646917513941	203	0	13	0
6543731646917513941	204	6	6	6
6543731646917513941	205	15	14	14
6543731646917513941	206	4	4	4
6543731646917513941	207	18	18	11
6543731646917513941	208	19	14	5
6543731646917513941	209	0	13	0
6543731646917513941	210	15	15	16
6543731646917513941	211	12	18	13
6543731646917513941	212	16	16	6
6543731646917513941	213	11	13	11
6543731646917513941	214	12	13	12
6543731646917513941	215	14	14	15
6543731646917513941	216	12	13	13
6543731646917513941	217	12	7	7
6543731646917513941	218	2	19	17
6543731646917513941	219	3	14	4
6543731646917513941	220	3	2	19
6543731646917513941	221	17	2	17
6543731646917513941	222	11	13	11
6543731646917513941	223	1	13	9
6543731646917513941	224	0	7	7
6543731646917513941	225	0	13	17
6543731646917513941	226	5	9	11
6543731646917513941	227	3	14	15
6543731646917513941	228	15	15	10
6543731646917513941	229	8	8	14
6543731646917513941	230	9	13	9
6543731646917513941	231	9	13	9
6543731646917513941	232	12	12	7
6543731646917513941	233	16	16	6
6543731646917513941	234	14	2	19
6543731646917513941	235	15	14	16
6543731646917513941	236	3	15	1
6543731646917513941	237	3	14	9
6543731646917513941	238	5	18	13
6543731646917513941	239	12	13	7
6543731646917513941	240	5	13	13
6543731646917513941	241	2	2	2
6543731646917513941	242	6	6	7
6543731646917513941	243	6	6	0
6543731646917513941	244	19	13	0
6543731646917513941	245	0	0	10
6543731646917513941	246	6	6	6
6543731646917513941	247	17	17	15
6543731646917513941	248	1	13	13
6543731646917513941	249	7	13	11
6543731646917513941	250	19	13	1
6543731646917513941	251	1	13	1
6543731646917513941	252	5	13	5
6543731646917513941	253	10	14	10
6543731646917513941	254	11	11	11
6543731646917513941	255	19	13	4
6543731646917513941	256	13	13	9
6543731646917513941	257	11	13	11
6543731646917513941	258	5	18	13
6543731646917513941	259	12	16	7
6543731646917513941	260	16	8	11
6543731646917513941	261	3	15	1
6543731646917513941	262	13	13	13
6543731646917513941	263	11	13	11
6543731646917513941	264	1	1	1
6543731646917513941	265	15	14	15
6543731646917513941	266	15	2	4
6543731646917513941	267	19	0	17
6543731646917513941	268	18	18	18
6543731646917513941	269	2	14	13
6543731646917513941	270	13	13	13
6543731646917513941	271	3	2	15
6543731646917513941	272	2	14	3
6543731646917513941	273	7	13	5
6543731646917513941	274	1	13	9
6543731646917513941	275	9	9	5
6543731646917513941	276	18	18	11
6543731646917513941	277	3	15	13
6543731646917513941	278	10	2	15
6543731646917513941	279	8	8	8
6543731646917513941	280	17	17	1
6543731646917513941	281	0	0	2
6543731646917513941	282	18	18	11
6543731646917513941	283	18	18	13
6543731646917513941	284	3	2	3
6543731646917513941	285	15	14	11
6543731646917513941	286	8	8	8
6543731646917513941	287	0	0	0
6543731646917513941	288	1	13	13
6543731646917513941	289	12	12	12
6543731646917513941	290	9	9	9
6543731646917513941	291	11	13	11
6543731646917513941	292	5	9	13
6543731646917513941	293	5	13	13
6543731646917513941	294	19	4	10
6543731646917513941	295	11	13	11
6543731646917513941	296	18	18	18
6543731646917513941	297	18	18	11
6543731646917513941	298	10	10	14
6543731646917513941	299	19	13	1
6543731646917513941	300	11	13	11
6543731646917513941	301	11	13	18
6543731646917513941	302	13	13	13
6543731646917513941	303	16	6	16
6543731646917513941	304	11	11	11
6543731646917513941	305	16	8	16
6543731646917513941	306	18	18	11
6543731646917513941	307	7	7	7
6543731646917513941	308	7	7	0
6543731646917513941	309	10	14	17
6543731646917513941	310	18	18	18
6543731646917513941	311	13	13	13
6543731646917513941	312	16	16	16
6543731646917513941	313	0	0	17
6543731646917513941	314	9	9	5
6543731646917513941	315	14	14	3
6543731646917513941	316	3	14	4
6543731646917513941	317	13	13	13
6543731646917513941	318	8	8	8
6543731646917513941	319	7	13	0
6543731646917513941	320	19	13	19
6543731646917513941	321	19	13	17
6543731646917513941	322	8	8	16
6543731646917513941	323	2	2	2
6543731646917513941	324	16	16	16
6543731646917513941	325	8	8	8
6543731646917513941	326	19	13	8
6543731646917513941	327	16	16	16
6543731646917513941	328	9	13	5
6543731646917513941	329	5	18	9
6543731646917513941	330	18	18	11
6543731646917513941	331	6	6	16
6543731646917513941	332	11	7	11
6543731646917513941	333	15	8	3
6543731646917513941	334	2	2	2
6543731646917513941	335	15	1	14
6543731646917513941	336	8	8	8
6543731646917513941	337	4	4	4
6543731646917513941	338	0	0	0
6543731646917513941	339	13	13	13
6543731646917513941	340	2	2	2
6543731646917513941	341	11	13	11
6543731646917513941	342	10	14	17
6543731646917513941	343	14	14	16
6543731646917513941	344	16	16	16
6543731646917513941	345	1	1	1
6543731646917513941	346	8	8	8
6543731646917513941	347	7	7	7
6543731646917513941	348	19	19	10
6543731646917513941	349	11	7	11
6543731646917513941	350	3	1	3
6543731646917513941	351	14	14	7
6543731646917513941	352	17	2	0
6543731646917513941	353	17	10	10
6543731646917513941	354	11	13	11
6543731646917513941	355	15	14	17
6543731646917513941	356	7	7	0
6543731646917513941	357	17	9	17
6543731646917513941	358	8	8	8
6543731646917513941	359	17	17	19
6543731646917513941	360	19	14	10
6543731646917513941	361	3	14	15
6543731646917513941	362	4	4	13
6543731646917513941	363	1	9	19
6543731646917513941	364	12	12	12
6543731646917513941	365	16	16	16
6543731646917513941	366	16	8	16
6543731646917513941	367	8	8	8
6543731646917513941	368	4	4	1
6543731646917513941	369	15	2	14
6543731646917513941	370	6	6	0
6543731646917513941	371	5	18	11
6543731646917513941	372	7	13	0
6543731646917513941	373	16	8	8
6543731646917513941	374	6	6	6
6543731646917513941	375	6	6	16
6543731646917513941	376	17	10	17
6543731646917513941	377	19	19	10
6543731646917513941	378	17	13	14
6543731646917513941	379	4	4	10
6543731646917513941	380	9	9	9
6543731646917513941	381	8	8	8
6543731646917513941	382	14	4	4
6543731646917513941	383	6	6	16
6543731646917513941	384	10	14	10
6543731646917513941	385	11	11	11
6543731646917513941	386	1	17	19
6543731646917513941	387	0	0	17
6543731646917513941	388	10	10	1
6543731646917513941	389	6	6	6
6543731646917513941	390	10	10	0
6543731646917513941	391	13	13	9
6543731646917513941	392	2	15	2
6543731646917513941	393	8	8	8
6543731646917513941	394	12	13	13
6543731646917513941	395	12	5	13
6543731646917513941	396	14	2	15
6543731646917513941	397	12	16	7
6543731646917513941	398	5	13	13
6543731646917513941	399	3	17	8
6543731646917513941	400	11	13	11
6543731646917513941	401	19	14	19
6543731646917513941	402	15	2	8
6543731646917513941	403	6	6	6
6543731646917513941	404	19	19	9
6543731646917513941	405	13	13	5
6543731646917513941	406	11	7	11
6543731646917513941	407	19	19	19
6543731646917513941	408	2	14	4
6543731646917513941	409	7	13	11
6543731646917513941	410	5	18	9
6543731646917513941	411	2	2	2
6543731646917513941	412	10	14	10
6543731646917513941	413	1	9	19
6543731646917513941	414	4	4	0
6543731646917513941	415	7	13	7
6543731646917513941	416	17	7	1
6543731646917513941	417	9	9	9
6543731646917513941	418	3	14	14
6543731646917513941	419	14	13	6
6543731646917513941	420	0	13	17
6543731646917513941	421	4	4	16
6543731646917513941	422	17	0	8
6543731646917513941	423	3	19	1
6543731646917513941	424	1	9	1
6543731646917513941	425	9	13	13
6543731646917513941	426	14	0	14
6543731646917513941	427	3	2	3
6543731646917513941	428	13	13	13
6543731646917513941	429	16	6	6
6543731646917513941	430	19	13	1
6543731646917513941	431	7	13	12
6543731646917513941	432	3	14	15
6543731646917513941	433	6	6	16
6543731646917513941	434	13	11	13
6543731646917513941	435	9	13	9
6543731646917513941	436	1	1	19
6543731646917513941	437	4	4	4
6543731646917513941	438	7	7	0
6543731646917513941	439	1	13	13
6543731646917513941	440	18	18	11
6543731646917513941	441	5	5	5
6543731646917513941	442	11	11	11
6543731646917513941	443	15	2	2
6543731646917513941	444	3	2	14
6543731646917513941	445	13	13	13
6543731646917513941	446	9	13	9
6543731646917513941	447	0	13	0
6543731646917513941	448	6	6	16
6543731646917513941	449	18	18	13
6543731646917513941	450	10	14	19
6543731646917513941	451	11	13	11
6543731646917513941	452	6	6	6
6543731646917513941	453	4	4	14
6543731646917513941	454	16	16	16
6543731646917513941	455	9	13	9
6543731646917513941	456	5	18	13
6543731646917513941	457	10	10	1
6543731646917513941	458	7	13	11
6543731646917513941	459	9	11	9
6543731646917513941	460	13	13	13
6543731646917513941	461	2	14	15
6543731646917513941	462	4	4	15
6543731646917513941	463	13	5	5
6543731646917513941	464	16	8	16
6543731646917513941	465	11	13	11
6543731646917513941	466	6	6	6
6543731646917513941	467	0	1	6
6543731646917513941	468	12	13	11
6543731646917513941	469	10	14	19
6543731646917513941	470	12	7	0
6543731646917513941	471	12	7	7
6543731646917513941	472	14	14	17
6543731646917513941	473	3	8	15
6543731646917513941	474	12	13	5
6543731646917513941	475	17	9	17
6543731646917513941	476	14	13	14
6543731646917513941	477	1	0	13
6543731646917513941	478	11	13	11
6543731646917513941	479	11	13	5
6543731646917513941	480	19	9	19
6543731646917513941	481	16	16	11
6543731646917513941	482	0	0	17
6543731646917513941	483	17	17	17
6543731646917513941	484	8	8	8
6543731646917513941	485	2	14	0
6543731646917513941	486	15	2	14
6543731646917513941	487	0	0	1
6543731646917513941	488	5	18	9
6543731646917513941	489	18	11	18
6543731646917513941	490	10	10	10
6543731646917513941	491	10	2	10
6543731646917513941	492	2	2	2
6543731646917513941	493	5	13	5
6543731646917513941	494	18	18	11
6543731646917513941	495	0	13	0
6543731646917513941	496	7	13	13
6543731646917513941	497	1	9	19
6543731646917513941	498	12	16	7
6543731646917513941	499	8	8	8
6543731646917513941	500	18	18	18
6543731646917513941	501	19	13	13
6543731646917513941	502	17	17	0
6543731646917513941	503	1	13	13
6543731646917513941	504	11	13	11
6543731646917513941	505	5	18	5
6543731646917513941	506	8	8	8
6543731646917513941	507	3	10	11
6543731646917513941	508	17	17	6
6543731646917513941	509	18	18	13
6543731646917513941	510	1	13	9
6543731646917513941	511	13	9	5
6543731646917513941	512	17	2	17
6543731646917513941	513	17	10	17
6543731646917513941	514	5	5	13
6543731646917513941	515	18	18	11
6543731646917513941	516	5	5	5
6543731646917513941	517	19	13	1
6543731646917513941	518	15	14	3
6543731646917513941	519	4	4	4
6543731646917513941	520	17	17	1
6543731646917513941	521	17	0	17
6543731646917513941	522	0	14	17
6543731646917513941	523	15	15	2
6543731646917513941	524	10	14	10
6543731646917513941	525	19	19	10
6543731646917513941	526	2	14	2
6543731646917513941	527	5	9	13
6543731646917513941	528	10	13	4
6543731646917513941	529	15	2	12
6543731646917513941	530	19	9	10
6543731646917513941	531	13	13	8
6543731646917513941	532	3	8	9
6543731646917513941	533	12	11	13
6543731646917513941	534	12	13	7
6543731646917513941	535	4	4	4
6543731646917513941	536	7	13	0
6543731646917513941	537	7	13	17
6543731646917513941	538	5	1	13
6543731646917513941	539	3	2	13
6543731646917513941	540	8	8	11
6543731646917513941	541	6	6	6
6543731646917513941	542	9	13	5
6543731646917513941	543	19	13	9
6543731646917513941	544	14	14	14
6543731646917513941	545	15	15	10
6543731646917513941	546	5	2	13
6543731646917513941	547	8	8	8
6543731646917513941	548	13	13	13
6543731646917513941	549	18	18	11
6543731646917513941	550	16	16	16
6543731646917513941	551	11	11	11
6543731646917513941	552	6	6	0
6543731646917513941	553	4	5	4
6543731646917513941	554	8	8	8
6543731646917513941	555	10	14	10
6543731646917513941	556	14	14	17
6543731646917513941	557	17	17	14
6543731646917513941	558	16	16	16
6543731646917513941	559	10	14	10
6543731646917513941	560	12	13	13
6543731646917513941	561	7	9	13
6543731646917513941	562	4	4	13
6543731646917513941	563	6	6	6
6543731646917513941	564	6	6	6
6543731646917513941	565	3	2	3
6543731646917513941	566	4	4	13
6543731646917513941	567	6	8	6
6543731646917513941	568	5	5	13
6543731646917513941	569	17	10	19
6543731646917513941	570	19	13	1
6543731646917513941	571	13	13	13
6543731646917513941	572	19	10	19
6543731646917513941	573	10	10	17
6543731646917513941	574	19	14	10
6543731646917513941	575	19	14	19
6543731646917513941	576	13	13	13
6543731646917513941	577	3	17	3
6543731646917513941	578	14	13	11
6543731646917513941	579	12	12	12
6543731646917513941	580	10	10	19
6543731646917513941	581	3	8	13
6543731646917513941	582	16	8	16
6543731646917513941	583	7	13	12
6543731646917513941	584	12	13	13
6543731646917513941	585	11	11	11
6543731646917513941	586	1	19	9
6543731646917513941	587	19	19	19
6543731646917513941	588	4	4	0
6543731646917513941	589	12	11	13
6543731646917513941	590	11	13	11
6543731646917513941	591	12	12	7
6543731646917513941	592	11	13	13
6543731646917513941	593	9	13	9
6543731646917513941	594	2	2	2
6543731646917513941	595	6	6	6
6543731646917513941	596	17	7	7
6543731646917513941	597	15	2	3
6543731646917513941	598	18	18	18
6543731646917513941	599	16	16	16
6543731646917513941	600	8	8	8
6543731646917513941	601	15	2	4
6543731646917513941	602	3	14	3
6543731646917513941	603	7	7	0
6543731646917513941	604	17	10	14
6543731646917513941	605	17	10	9
6543731646917513941	606	1	13	19
6543731646917513941	607	5	9	5
6543731646917513941	608	2	2	2
6543731646917513941	609	18	18	13
6543731646917513941	610	17	2	3
6543731646917513941	611	8	8	8
6543731646917513941	612	10	10	1
6543731646917513941	613	12	7	7
6543731646917513941	614	19	19	19
6543731646917513941	615	13	13	13
6543731646917513941	616	10	10	8
6543731646917513941	617	15	14	7
6543731646917513941	618	6	6	0
6543731646917513941	619	8	8	8
6543731646917513941	620	4	4	4
6543731646917513941	621	2	2	2
6543731646917513941	622	15	2	15
6543731646917513941	623	9	13	9
6543731646917513941	624	4	4	4
6543731646917513941	625	14	2	15
6543731646917513941	626	9	13	5
6543731646917513941	627	13	9	13
6543731646917513941	628	18	18	18
6543731646917513941	629	9	9	9
6543731646917513941	630	2	14	15
6543731646917513941	631	12	13	11
6543731646917513941	632	15	14	15
6543731646917513941	633	17	1	1
6543731646917513941	634	11	13	11
6543731646917513941	635	7	9	7
6543731646917513941	636	8	8	8
6543731646917513941	637	9	9	9
6543731646917513941	638	9	9	5
6543731646917513941	639	2	2	15
6543731646917513941	640	13	13	9
6543731646917513941	641	10	2	10
6543731646917513941	642	5	5	9
6543731646917513941	643	18	18	11
6543731646917513941	644	8	8	8
6543731646917513941	645	10	10	0
6543731646917513941	646	6	6	16
6543731646917513941	647	6	6	6
6543731646917513941	648	11	13	11
6543731646917513941	649	4	4	13
6543731646917513941	650	3	2	3
6543731646917513941	651	6	6	6
6543731646917513941	652	19	19	19
6543731646917513941	653	0	0	17
6543731646917513941	654	9	13	9
6543731646917513941	655	5	9	18
6543731646917513941	656	8	8	8
6543731646917513941	657	12	13	9
6543731646917513941	658	0	13	17
6543731646917513941	659	8	14	8
6543731646917513941	660	12	13	7
6543731646917513941	661	13	13	9
6543731646917513941	662	12	12	7
6543731646917513941	663	19	9	1
6543731646917513941	664	9	9	9
6543731646917513941	665	17	17	14
6543731646917513941	666	12	13	12
6543731646917513941	667	16	16	16
6543731646917513941	668	4	4	3
6543731646917513941	669	16	8	16
6543731646917513941	670	17	10	19
6543731646917513941	671	8	8	8
6543731646917513941	672	16	16	16
6543731646917513941	673	5	5	5
6543731646917513941	674	0	0	0
6543731646917513941	675	13	13	9
6543731646917513941	676	9	9	9
6543731646917513941	677	2	14	16
6543731646917513941	678	1	13	13
6543731646917513941	679	1	9	9
6543731646917513941	680	10	14	15
6543731646917513941	681	8	8	5
6543731646917513941	682	3	14	15
6543731646917513941	683	19	19	19
6543731646917513941	684	18	18	18
6543731646917513941	685	9	9	5
6543731646917513941	686	13	13	13
6543731646917513941	687	12	9	12
6543731646917513941	688	2	2	2
6543731646917513941	689	3	14	3
6543731646917513941	690	8	8	8
6543731646917513941	691	8	8	8
6543731646917513941	692	18	18	11
6543731646917513941	693	1	9	19
6543731646917513941	694	8	8	8
6543731646917513941	695	8	14	8
6543731646917513941	696	9	9	9
6543731646917513941	697	12	13	12
6543731646917513941	698	4	4	4
6543731646917513941	699	6	6	6
6543731646917513941	700	13	13	13
6543731646917513941	701	19	9	9
6543731646917513941	702	16	16	16
6543731646917513941	703	11	13	11
6543731646917513941	704	8	8	8
6543731646917513941	705	17	1	1
6543731646917513941	706	14	14	11
6543731646917513941	707	1	1	1
6543731646917513941	708	11	9	11
6543731646917513941	709	5	13	5
6543731646917513941	710	4	4	4
6543731646917513941	711	11	13	11
6543731646917513941	712	2	2	2
6543731646917513941	713	14	0	3
6543731646917513941	714	11	13	11
6543731646917513941	715	11	7	11
6543731646917513941	716	11	11	11
6543731646917513941	717	3	10	2
6543731646917513941	718	9	13	9
6543731646917513941	719	18	18	11
6543731646917513941	720	11	7	11
6543731646917513941	721	0	13	1
6543731646917513941	722	6	6	6
6543731646917513941	723	10	2	14
6543731646917513941	724	13	13	9
6543731646917513941	725	10	14	19
6543731646917513941	726	18	18	11
6543731646917513941	727	5	13	13
6543731646917513941	728	3	14	17
6543731646917513941	729	19	19	19
6543731646917513941	730	10	14	3
6543731646917513941	731	1	13	9
6543731646917513941	732	2	14	17
6543731646917513941	733	1	9	13
6543731646917513941	734	7	13	13
6543731646917513941	735	13	13	1
6543731646917513941	736	2	2	2
6543731646917513941	737	6	6	6
6543731646917513941	738	17	10	19
6543731646917513941	739	2	2	2
6543731646917513941	740	3	2	19
6543731646917513941	741	13	13	9
6543731646917513941	742	11	7	11
6543731646917513941	743	9	9	9
6543731646917513941	744	0	14	17
6543731646917513941	745	0	14	15
6543731646917513941	746	17	0	1
6543731646917513941	747	2	2	2
6543731646917513941	748	12	13	11
6543731646917513941	749	0	1	8
6543731646917513941	750	12	9	12
6543731646917513941	751	4	4	5
6543731646917513941	752	15	1	2
6543731646917513941	753	12	13	7
6543731646917513941	754	10	14	5
6543731646917513941	755	1	9	9
6543731646917513941	756	19	19	19
6543731646917513941	757	3	0	2
6543731646917513941	758	0	10	17
6543731646917513941	759	7	13	7
6543731646917513941	760	19	14	9
6543731646917513941	761	0	14	15
6543731646917513941	762	4	4	4
6543731646917513941	763	0	19	0
6543731646917513941	764	16	16	16
6543731646917513941	765	9	9	9
6543731646917513941	766	15	14	13
6543731646917513941	767	18	18	11
6543731646917513941	768	4	4	13
6543731646917513941	769	2	2	3
6543731646917513941	770	15	2	2
6543731646917513941	771	4	4	1
6543731646917513941	772	0	0	17
6543731646917513941	773	5	13	13
6543731646917513941	774	8	8	8
6543731646917513941	775	12	1	13
6543731646917513941	776	6	6	7
6543731646917513941	777	17	3	15
6543731646917513941	778	19	13	19
6543731646917513941	779	12	16	7
6543731646917513941	780	19	14	10
6543731646917513941	781	10	10	14
6543731646917513941	782	17	0	1
6543731646917513941	783	16	8	16
6543731646917513941	784	7	7	7
6543731646917513941	785	17	10	15
6543731646917513941	786	7	13	13
6543731646917513941	787	15	2	3
6543731646917513941	788	11	7	11
6543731646917513941	789	8	8	8
6543731646917513941	790	5	15	13
6543731646917513941	791	8	8	8
6543731646917513941	792	6	6	6
6543731646917513941	793	18	18	11
6543731646917513941	794	13	13	13
6543731646917513941	795	19	13	8
6543731646917513941	796	5	5	13
6543731646917513941	797	3	2	3
6543731646917513941	798	12	16	7
6543731646917513941	799	12	13	9
6543731646917513941	800	1	9	9
6543731646917513941	801	13	9	13
6543731646917513941	802	7	7	17
6543731646917513941	803	9	9	9
6543731646917513941	804	1	1	1
6543731646917513941	805	0	13	1
6543731646917513941	806	5	5	5
6543731646917513941	807	15	2	8
6543731646917513941	808	13	13	13
6543731646917513941	809	0	0	0
6543731646917513941	810	1	9	13
6543731646917513941	811	11	13	11
6543731646917513941	812	7	13	7
6543731646917513941	813	11	11	11
6543731646917513941	814	1	9	19
6543731646917513941	815	14	14	3
6543731646917513941	816	10	10	15
6543731646917513941	817	1	1	10
6543731646917513941	818	19	1	1
6543731646917513941	819	17	9	17
6543731646917513941	820	17	10	9
6543731646917513941	821	14	13	6
6543731646917513941	822	7	11	7
6543731646917513941	823	11	13	11
6543731646917513941	824	5	18	9
6543731646917513941	825	8	8	8
6543731646917513941	826	2	14	8
6543731646917513941	827	2	14	2
6543731646917513941	828	16	16	16
6543731646917513941	829	9	9	5
6543731646917513941	830	16	16	6
6543731646917513941	831	19	13	1
6543731646917513941	832	2	2	2
6543731646917513941	833	9	13	5
6543731646917513941	834	12	12	12
6543731646917513941	835	17	13	1
6543731646917513941	836	13	13	13
6543731646917513941	837	19	13	1
6543731646917513941	838	16	16	16
6543731646917513941	839	1	7	19
6543731646917513941	840	10	1	1
6543731646917513941	841	17	9	1
6543731646917513941	842	11	13	11
6543731646917513941	843	18	18	11
6543731646917513941	844	11	11	11
6543731646917513941	845	13	13	5
6543731646917513941	846	13	13	9
6543731646917513941	847	3	14	14
6543731646917513941	848	17	2	0
6543731646917513941	849	10	0	19
6543731646917513941	850	18	18	18
6543731646917513941	851	16	16	16
6543731646917513941	852	0	0	17
6543731646917513941	853	16	16	16
6543731646917513941	854	15	2	2
6543731646917513941	855	4	4	6
6543731646917513941	856	5	13	13
6543731646917513941	857	18	18	11
6543731646917513941	858	15	2	15
6543731646917513941	859	3	2	15
6543731646917513941	860	4	4	3
6543731646917513941	861	19	19	19
6543731646917513941	862	2	14	15
6543731646917513941	863	16	8	16
6543731646917513941	864	12	1	7
6543731646917513941	865	5	5	13
6543731646917513941	866	14	14	11
6543731646917513941	867	12	7	7
6543731646917513941	868	11	18	11
6543731646917513941	869	2	14	17
6543731646917513941	870	17	10	17
6543731646917513941	871	2	14	2
6543731646917513941	872	1	19	1
6543731646917513941	873	12	13	12
6543731646917513941	874	14	15	15
6543731646917513941	875	18	18	11
6543731646917513941	876	6	6	6
6543731646917513941	877	9	9	9
6543731646917513941	878	13	13	13
6543731646917513941	879	3	19	17
6543731646917513941	880	0	14	17
6543731646917513941	881	17	13	14
6543731646917513941	882	16	8	16
6543731646917513941	883	2	2	2
6543731646917513941	884	2	2	2
6543731646917513941	885	17	10	19
6543731646917513941	886	2	2	2
6543731646917513941	887	6	6	6
6543731646917513941	888	19	13	9
6543731646917513941	889	18	18	13
6543731646917513941	890	19	13	1
6543731646917513941	891	7	13	7
6543731646917513941	892	17	17	0
6543731646917513941	893	7	13	12
6543731646917513941	894	19	13	19
6543731646917513941	895	18	18	8
6543731646917513941	896	4	4	13
6543731646917513941	897	2	14	0
6543731646917513941	898	1	7	19
6543731646917513941	899	4	4	10
6543731646917513941	900	13	13	13
6543731646917513941	901	12	13	16
6543731646917513941	902	16	16	16
6543731646917513941	903	19	13	10
6543731646917513941	904	11	13	11
6543731646917513941	905	10	10	1
6543731646917513941	906	19	9	0
6543731646917513941	907	12	13	13
6543731646917513941	908	11	11	11
6543731646917513941	909	6	6	6
6543731646917513941	910	2	2	2
6543731646917513941	911	2	14	14
6543731646917513941	912	15	2	8
6543731646917513941	913	8	8	8
6543731646917513941	914	5	18	9
6543731646917513941	915	18	18	9
6543731646917513941	916	14	4	13
6543731646917513941	917	18	18	11
6543731646917513941	918	2	2	2
6543731646917513941	919	15	14	6
6543731646917513941	920	3	2	3
6543731646917513941	921	11	11	11
6543731646917513941	922	10	10	8
6543731646917513941	923	1	13	13
6543731646917513941	924	16	16	16
6543731646917513941	925	15	2	4
6543731646917513941	926	2	2	2
6543731646917513941	927	14	14	2
6543731646917513941	928	9	13	9
6543731646917513941	929	10	2	19
6543731646917513941	930	0	0	0
6543731646917513941	931	8	8	8
6543731646917513941	932	2	2	2
6543731646917513941	933	18	11	8
6543731646917513941	934	18	18	13
6543731646917513941	935	15	14	14
6543731646917513941	936	1	13	19
6543731646917513941	937	11	11	11
6543731646917513941	938	7	13	7
6543731646917513941	939	5	18	9
6543731646917513941	940	19	14	19
6543731646917513941	941	5	18	9
6543731646917513941	942	12	9	12
6543731646917513941	943	10	10	9
6543731646917513941	944	8	8	11
6543731646917513941	945	7	13	2
6543731646917513941	946	19	13	17
6543731646917513941	947	18	18	11
6543731646917513941	948	14	14	2
6543731646917513941	949	10	2	19
6543731646917513941	950	16	8	16
6543731646917513941	951	10	10	1
6543731646917513941	952	18	18	11
6543731646917513941	953	14	13	8
6543731646917513941	954	14	13	2
6543731646917513941	955	17	1	17
6543731646917513941	956	17	10	15
6543731646917513941	957	6	6	6
6543731646917513941	958	10	10	1
6543731646917513941	959	9	13	11
6543731646917513941	960	17	0	8
6543731646917513941	961	7	13	13
6543731646917513941	962	15	2	4
6543731646917513941	963	14	2	4
6543731646917513941	964	11	11	11
6543731646917513941	965	7	13	11
6543731646917513941	966	13	13	9
6543731646917513941	967	8	8	8
6543731646917513941	968	10	4	4
6543731646917513941	969	15	4	4
6543731646917513941	970	3	2	15
6543731646917513941	971	6	6	6
6543731646917513941	972	18	18	11
6543731646917513941	973	19	13	1
6543731646917513941	974	5	13	0
6543731646917513941	975	2	14	2
6543731646917513941	976	12	16	7
6543731646917513941	977	2	2	2
6543731646917513941	978	14	13	6
6543731646917513941	979	3	14	9
6543731646917513941	980	3	8	9
6543731646917513941	981	10	10	1
6543731646917513941	982	2	14	14
6543731646917513941	983	14	0	10
6543731646917513941	984	14	0	16
6543731646917513941	985	15	1	0
6543731646917513941	986	5	18	5
6543731646917513941	987	10	0	14
6543731646917513941	988	4	4	13
6543731646917513941	989	14	0	15
6543731646917513941	990	17	3	17
6543731646917513941	991	13	13	9
6543731646917513941	992	1	9	19
6543731646917513941	993	18	18	13
6543731646917513941	994	19	13	1
6543731646917513941	995	12	7	7
6543731646917513941	996	13	5	13
6543731646917513941	997	16	6	16
6543731646917513941	998	14	0	17
6543731646917513941	999	17	2	17
6543731646917513941	1000	18	18	11
6543731646917513941	1001	13	9	13
6543731646917513941	1002	13	13	13
6543731646917513941	1003	12	12	12
6543731646917513941	1004	10	14	19
6543731646917513941	1005	7	13	0
6543731646917513941	1006	6	6	6
6543731646917513941	1007	17	17	17
6543731646917513941	1008	8	8	8
6543731646917513941	1009	7	7	0
6543731646917513941	1010	0	13	16
6543731646917513941	1011	16	16	16
6543731646917513941	1012	4	4	1
6543731646917513941	1013	9	13	9
6543731646917513941	1014	19	13	1
6543731646917513941	1015	6	6	6
6543731646917513941	1016	15	2	8
6543731646917513941	1017	4	4	4
6543731646917513941	1018	19	14	10
6543731646917513941	1019	5	18	9
6543731646917513941	1020	14	14	3
6543731646917513941	1021	1	13	13
6543731646917513941	1022	3	10	1
6543731646917513941	1023	3	1	4
6543731646917513941	1024	10	10	1
6543731646917513941	1025	9	9	9
6543731646917513941	1026	15	14	6
6543731646917513941	1027	1	9	19
6543731646917513941	1028	9	13	13
6543731646917513941	1029	2	14	15
6543731646917513941	1030	3	2	19
6543731646917513941	1031	6	6	6
6543731646917513941	1032	18	18	11
6543731646917513941	1033	18	18	11
6543731646917513941	1034	7	13	12
6543731646917513941	1035	15	15	4
6543731646917513941	1036	9	9	9
6543731646917513941	1037	5	9	13
6543731646917513941	1038	1	13	5
6543731646917513941	1039	12	11	11
6543731646917513941	1040	9	13	5
6543731646917513941	1041	9	9	13
6543731646917513941	1042	13	13	1
6543731646917513941	1043	16	8	8
6543731646917513941	1044	11	16	11
6543731646917513941	1045	6	6	6
6543731646917513941	1046	1	19	19
6543731646917513941	1047	5	18	13
6543731646917513941	1048	5	13	13
6543731646917513941	1049	12	13	16
6543731646917513941	1050	2	2	2
6543731646917513941	1051	6	6	6
6543731646917513941	1052	11	13	11
6543731646917513941	1053	12	13	13
6543731646917513941	1054	16	8	11
6543731646917513941	1055	10	14	1
6543731646917513941	1056	11	11	11
6543731646917513941	1057	0	0	9
6543731646917513941	1058	7	7	6
6543731646917513941	1059	10	10	8
6543731646917513941	1060	2	14	2
6543731646917513941	1061	6	6	6
6543731646917513941	1062	13	13	13
6543731646917513941	1063	14	14	17
6543731646917513941	1064	16	16	6
6543731646917513941	1065	19	13	8
6543731646917513941	1066	2	14	15
6543731646917513941	1067	18	18	11
6543731646917513941	1068	17	0	17
6543731646917513941	1069	7	13	13
6543731646917513941	1070	4	4	4
6543731646917513941	1071	16	8	16
6543731646917513941	1072	13	13	13
6543731646917513941	1073	8	8	8
6543731646917513941	1074	14	4	2
6543731646917513941	1075	10	10	1
6543731646917513941	1076	4	4	0
6543731646917513941	1077	5	18	9
6543731646917513941	1078	12	5	12
6543731646917513941	1079	0	0	17
6543731646917513941	1080	1	9	19
6543731646917513941	1081	2	2	2
6543731646917513941	1082	11	13	18
6543731646917513941	1083	14	14	6
6543731646917513941	1084	16	8	11
6543731646917513941	1085	3	10	3
6543731646917513941	1086	1	1	1
6543731646917513941	1087	9	13	9
6543731646917513941	1088	10	14	19
6543731646917513941	1089	14	13	2
6543731646917513941	1090	12	13	13
6543731646917513941	1091	5	5	5
6543731646917513941	1092	4	9	2
6543731646917513941	1093	2	2	2
6543731646917513941	1094	6	6	2
6543731646917513941	1095	6	6	16
6543731646917513941	1096	14	0	6
6543731646917513941	1097	10	0	10
6543731646917513941	1098	4	4	4
6543731646917513941	1099	13	13	13
6543731646917513941	1100	18	18	11
6543731646917513941	1101	0	0	17
6543731646917513941	1102	16	6	16
6543731646917513941	1103	2	2	2
6543731646917513941	1104	19	19	19
6543731646917513941	1105	0	13	17
6543731646917513941	1106	8	8	8
6543731646917513941	1107	12	13	13
6543731646917513941	1108	10	10	10
6543731646917513941	1109	19	13	1
6543731646917513941	1110	7	13	0
6543731646917513941	1111	11	16	11
6543731646917513941	1112	13	13	13
6543731646917513941	1113	9	13	9
6543731646917513941	1114	1	1	3
6543731646917513941	1115	14	14	15
6543731646917513941	1116	0	0	7
6543731646917513941	1117	0	0	1
6543731646917513941	1118	1	13	13
6543731646917513941	1119	19	19	15
6543731646917513941	1120	12	13	11
6543731646917513941	1121	10	2	10
6543731646917513941	1122	6	6	6
6543731646917513941	1123	6	6	6
6543731646917513941	1124	17	2	17
6543731646917513941	1125	9	13	9
6543731646917513941	1126	18	18	11
6543731646917513941	1127	4	4	4
6543731646917513941	1128	10	10	1
6543731646917513941	1129	5	18	9
6543731646917513941	1130	18	18	11
6543731646917513941	1131	16	6	6
6543731646917513941	1132	15	2	0
6543731646917513941	1133	1	13	19
6543731646917513941	1134	11	11	11
6543731646917513941	1135	16	16	6
6543731646917513941	1136	8	8	8
6543731646917513941	1137	11	9	11
6543731646917513941	1138	11	13	11
6543731646917513941	1139	5	9	13
6543731646917513941	1140	1	9	19
6543731646917513941	1141	1	13	13
6543731646917513941	1142	4	4	4
6543731646917513941	1143	8	8	8
6543731646917513941	1144	11	13	5
6543731646917513941	1145	18	18	11
6543731646917513941	1146	14	0	11
6543731646917513941	1147	0	4	19
6543731646917513941	1148	18	18	18
6543731646917513941	1149	5	18	13
6543731646917513941	1150	15	14	15
6543731646917513941	1151	17	0	8
6543731646917513941	1152	14	14	17
6543731646917513941	1153	16	16	6
6543731646917513941	1154	13	9	13
6543731646917513941	1155	8	2	5
6543731646917513941	1156	13	13	13
6543731646917513941	1157	17	17	17
6543731646917513941	1158	11	13	13
6543731646917513941	1159	0	13	17
6543731646917513941	1160	18	18	18
6543731646917513941	1161	7	11	7
6543731646917513941	1162	18	18	11
6543731646917513941	1163	19	13	9
6543731646917513941	1164	6	6	6
6543731646917513941	1165	18	18	11
6543731646917513941	1166	10	0	10
6543731646917513941	1167	16	16	6
6543731646917513941	1168	12	5	12
6543731646917513941	1169	0	7	7
6543731646917513941	1170	13	13	9
6543731646917513941	1171	3	3	17
6543731646917513941	1172	19	13	17
6543731646917513941	1173	0	0	17
6543731646917513941	1174	16	16	16
6543731646917513941	1175	8	8	15
6543731646917513941	1176	4	4	4
6543731646917513941	1177	17	0	1
6543731646917513941	1178	8	8	8
6543731646917513941	1179	6	6	6
6543731646917513941	1180	7	13	13
6543731646917513941	1181	8	8	13
6543731646917513941	1182	10	14	19
6543731646917513941	1183	5	5	13
6543731646917513941	1184	10	10	8
6543731646917513941	1185	18	18	18
6543731646917513941	1186	18	18	13
6543731646917513941	1187	9	13	13
6543731646917513941	1188	15	2	3
6543731646917513941	1189	18	18	11
6543731646917513941	1190	19	1	10
6543731646917513941	1191	5	5	13
6543731646917513941	1192	13	13	9
6543731646917513941	1193	18	18	11
6543731646917513941	1194	13	13	13
6543731646917513941	1195	0	13	15
6543731646917513941	1196	17	9	0
6543731646917513941	1197	5	5	5
6543731646917513941	1198	4	4	0
6543731646917513941	1199	16	16	16
6543731646917513941	1200	17	10	17
6543731646917513941	1201	6	6	6
6543731646917513941	1202	9	13	9
6543731646917513941	1203	18	18	11
6543731646917513941	1204	14	13	2
6543731646917513941	1205	16	6	16
6543731646917513941	1206	12	13	13
6543731646917513941	1207	18	18	9
6543731646917513941	1208	14	14	2
6543731646917513941	1209	3	14	9
6543731646917513941	1210	8	8	14
6543731646917513941	1211	2	2	2
6543731646917513941	1212	14	4	16
6543731646917513941	1213	10	1	10
6543731646917513941	1214	13	13	1
6543731646917513941	1215	7	13	13
6543731646917513941	1216	15	2	2
6543731646917513941	1217	3	2	3
6543731646917513941	1218	13	13	9
6543731646917513941	1219	10	14	0
6543731646917513941	1220	3	2	3
6543731646917513941	1221	15	2	7
6543731646917513941	1222	5	13	9
6543731646917513941	1223	16	16	16
6543731646917513941	1224	1	13	1
6543731646917513941	1225	1	9	9
6543731646917513941	1226	6	6	6
6543731646917513941	1227	11	4	4
6543731646917513941	1228	0	0	0
6543731646917513941	1229	5	18	9
6543731646917513941	1230	5	5	5
6543731646917513941	1231	6	6	6
6543731646917513941	1232	15	2	14
6543731646917513941	1233	13	13	9
6543731646917513941	1234	7	13	0
6543731646917513941	1235	18	18	18
6543731646917513941	1236	1	13	5
6543731646917513941	1237	2	2	2
6543731646917513941	1238	3	14	1
6543731646917513941	1239	7	13	7
6543731646917513941	1240	18	18	11
6543731646917513941	1241	10	14	10
6543731646917513941	1242	18	18	11
6543731646917513941	1243	3	14	14
6543731646917513941	1244	19	4	19
6543731646917513941	1245	11	7	11
6543731646917513941	1246	12	12	7
6543731646917513941	1247	4	4	13
6543731646917513941	1248	14	14	14
6543731646917513941	1249	7	9	12
6543731646917513941	1250	0	0	14
6543731646917513941	1251	7	13	14
6543731646917513941	1252	5	5	5
6543731646917513941	1253	3	14	4
6543731646917513941	1254	5	18	13
6543731646917513941	1255	2	2	2
6543731646917513941	1256	7	13	0
6543731646917513941	1257	3	14	15
6543731646917513941	1258	7	13	13
6543731646917513941	1259	13	9	13
6543731646917513941	1260	11	13	11
6543731646917513941	1261	11	13	11
6543731646917513941	1262	8	8	8
6543731646917513941	1263	7	13	11
6543731646917513941	1264	16	8	16
6543731646917513941	1265	10	10	1
6543731646917513941	1266	15	15	15
6543731646917513941	1267	15	2	4
6543731646917513941	1268	1	1	17
6543731646917513941	1269	14	13	13
6543731646917513941	1270	3	17	3
6543731646917513941	1271	13	13	13
6543731646917513941	1272	1	0	10
6543731646917513941	1273	4	4	1
6543731646917513941	1274	12	13	13
6543731646917513941	1275	7	7	7
6543731646917513941	1276	1	1	19
6543731646917513941	1277	13	13	13
6543731646917513941	1278	17	10	17
6543731646917513941	1279	6	6	6
6543731646917513941	1280	10	14	1
6543731646917513941	1281	6	6	6
6543731646917513941	1282	1	13	9
6543731646917513941	1283	19	13	13
6543731646917513941	1284	13	13	13
6543731646917513941	1285	11	7	11
6543731646917513941	1286	4	4	4
6543731646917513941	1287	19	13	13
6543731646917513941	1288	16	8	8
6543731646917513941	1289	16	8	16
6543731646917513941	1290	11	11	11
6543731646917513941	1291	10	14	19
6543731646917513941	1292	0	13	17
6543731646917513941	1293	16	16	16
6543731646917513941	1294	1	7	19
6543731646917513941	1295	8	8	2
6543731646917513941	1296	16	8	11
6543731646917513941	1297	12	12	7
6543731646917513941	1298	10	14	19
6543731646917513941	1299	0	13	17
6543731646917513941	1300	5	18	13
6543731646917513941	1301	8	8	8
6543731646917513941	1302	6	6	6
6543731646917513941	1303	9	9	19
6543731646917513941	1304	6	6	6
6543731646917513941	1305	13	9	9
6543731646917513941	1306	9	13	13
6543731646917513941	1307	10	14	10
6543731646917513941	1308	15	2	3
6543731646917513941	1309	10	10	1
6543731646917513941	1310	14	4	14
6543731646917513941	1311	6	6	6
6543731646917513941	1312	19	13	8
6543731646917513941	1313	15	14	15
6543731646917513941	1314	12	13	13
6543731646917513941	1315	8	8	8
6543731646917513941	1316	13	13	13
6543731646917513941	1317	17	7	0
6543731646917513941	1318	12	13	13
6543731646917513941	1319	9	13	9
6543731646917513941	1320	7	13	11
6543731646917513941	1321	6	6	6
6543731646917513941	1322	8	8	8
6543731646917513941	1323	14	13	16
6543731646917513941	1324	2	2	2
6543731646917513941	1325	18	18	18
6543731646917513941	1326	1	9	19
6543731646917513941	1327	7	13	5
6543731646917513941	1328	7	13	13
6543731646917513941	1329	15	15	4
6543731646917513941	1330	3	14	11
6543731646917513941	1331	6	6	6
6543731646917513941	1332	12	16	12
6543731646917513941	1333	2	10	17
6543731646917513941	1334	19	13	1
6543731646917513941	1335	3	15	5
6543731646917513941	1336	5	5	1
6543731646917513941	1337	14	0	4
6543731646917513941	1338	6	6	16
6543731646917513941	1339	19	13	9
6543731646917513941	1340	12	7	7
6543731646917513941	1341	10	14	10
6543731646917513941	1342	17	0	1
6543731646917513941	1343	10	14	0
6543731646917513941	1344	13	13	13
6543731646917513941	1345	14	14	11
6543731646917513941	1346	4	4	1
6543731646917513941	1347	11	11	11
6543731646917513941	1348	18	18	11
6543731646917513941	1349	11	13	11
6543731646917513941	1350	14	14	15
6543731646917513941	1351	2	14	2
6543731646917513941	1352	17	17	19
6543731646917513941	1353	18	18	13
6543731646917513941	1354	0	0	0
6543731646917513941	1355	3	17	3
6543731646917513941	1356	8	8	16
6543731646917513941	1357	17	9	0
6543731646917513941	1358	2	2	2
6543731646917513941	1359	18	18	13
6543731646917513941	1360	1	13	13
6543731646917513941	1361	7	13	12
6543731646917513941	1362	4	4	13
6543731646917513941	1363	10	0	9
6543731646917513941	1364	8	8	8
6543731646917513941	1365	9	9	9
6543731646917513941	1366	3	2	15
6543731646917513941	1367	3	10	4
6543731646917513941	1368	1	13	13
6543731646917513941	1369	6	6	6
6543731646917513941	1370	15	14	15
6543731646917513941	1371	14	0	5
6543731646917513941	1372	12	13	7
6543731646917513941	1373	10	14	3
6543731646917513941	1374	16	8	16
6543731646917513941	1375	11	13	11
6543731646917513941	1376	3	8	3
6543731646917513941	1377	8	8	13
6543731646917513941	1378	0	13	1
6543731646917513941	1379	15	14	13
6543731646917513941	1380	7	13	11
6543731646917513941	1381	8	8	8
6543731646917513941	1382	15	2	3
6543731646917513941	1383	9	13	9
6543731646917513941	1384	0	14	17
6543731646917513941	1385	17	17	1
6543731646917513941	1386	18	18	11
6543731646917513941	1387	3	2	3
6543731646917513941	1388	1	9	19
6543731646917513941	1389	0	14	17
6543731646917513941	1390	4	4	4
6543731646917513941	1391	1	13	13
6543731646917513941	1392	15	14	6
6543731646917513941	1393	16	16	6
6543731646917513941	1394	9	13	13
6543731646917513941	1395	9	13	9
6543731646917513941	1396	14	14	14
6543731646917513941	1397	3	17	3
6543731646917513941	1398	5	18	13
6543731646917513941	1399	6	6	6
6543731646917513941	1400	3	19	9
6543731646917513941	1401	16	16	16
6543731646917513941	1402	6	6	16
6543731646917513941	1403	18	18	18
6543731646917513941	1404	16	16	16
6543731646917513941	1405	12	13	12
6543731646917513941	1406	6	6	16
6543731646917513941	1407	3	2	2
6543731646917513941	1408	7	13	4
6543731646917513941	1409	13	13	13
6543731646917513941	1410	19	13	1
6543731646917513941	1411	10	0	16
6543731646917513941	1412	11	13	13
6543731646917513941	1413	19	14	10
6543731646917513941	1414	9	9	9
6543731646917513941	1415	15	14	6
6543731646917513941	1416	0	0	1
6543731646917513941	1417	14	15	14
6543731646917513941	1418	12	7	7
6543731646917513941	1419	8	8	8
6543731646917513941	1420	19	13	1
6543731646917513941	1421	12	12	7
6543731646917513941	1422	9	13	5
6543731646917513941	1423	17	0	0
6543731646917513941	1424	1	13	9
6543731646917513941	1425	17	17	17
6543731646917513941	1426	8	8	8
6543731646917513941	1427	13	13	13
6543731646917513941	1428	0	13	0
6543731646917513941	1429	2	14	3
6543731646917513941	1430	16	13	11
6543731646917513941	1431	11	13	11
6543731646917513941	1432	18	18	18
6543731646917513941	1433	14	4	10
6543731646917513941	1434	2	2	2
6543731646917513941	1435	9	9	9
6543731646917513941	1436	15	15	4
6543731646917513941	1437	15	1	15
6543731646917513941	1438	0	13	17
6543731646917513941	1439	14	0	15
6543731646917513941	1440	5	13	13
6543731646917513941	1441	0	0	0
6543731646917513941	1442	17	2	15
6543731646917513941	1443	1	13	11
6543731646917513941	1444	15	2	6
6543731646917513941	1445	4	4	5
6543731646917513941	1446	5	9	13
6543731646917513941	1447	3	2	19
6543731646917513941	1448	3	15	15
6543731646917513941	1449	9	9	9
6543731646917513941	1450	3	0	2
6543731646917513941	1451	12	13	11
6543731646917513941	1452	14	4	6
6543731646917513941	1453	0	2	1
6543731646917513941	1454	3	15	4
6543731646917513941	1455	0	0	1
6543731646917513941	1456	7	13	7
6543731646917513941	1457	19	19	19
6543731646917513941	1458	1	1	14
6543731646917513941	1459	11	11	11
6543731646917513941	1460	17	0	17
6543731646917513941	1461	4	4	1
6543731646917513941	1462	15	2	3
6543731646917513941	1463	15	2	5
6543731646917513941	1464	12	5	7
6543731646917513941	1465	10	0	10
6543731646917513941	1466	18	18	11
6543731646917513941	1467	16	11	16
6543731646917513941	1468	10	10	10
6543731646917513941	1469	16	9	16
6543731646917513941	1470	6	6	6
6543731646917513941	1471	5	13	13
6543731646917513941	1472	17	10	7
6543731646917513941	1473	14	14	15
6543731646917513941	1474	4	4	4
6543731646917513941	1475	13	13	5
6543731646917513941	1476	10	4	10
6543731646917513941	1477	7	0	0
6543731646917513941	1478	6	6	6
6543731646917513941	1479	4	4	4
6543731646917513941	1480	11	13	11
6543731646917513941	1481	10	2	17
6543731646917513941	1482	15	15	7
6543731646917513941	1483	16	11	16
6543731646917513941	1484	12	12	7
6543731646917513941	1485	3	14	15
6543731646917513941	1486	4	4	4
6543731646917513941	1487	0	0	17
6543731646917513941	1488	15	15	17
6543731646917513941	1489	4	4	4
6543731646917513941	1490	9	13	1
6543731646917513941	1491	3	14	15
6543731646917513941	1492	7	13	7
6543731646917513941	1493	1	19	1
6543731646917513941	1494	15	2	7
6543731646917513941	1495	2	14	2
6543731646917513941	1496	11	11	11
6543731646917513941	1497	13	9	13
6543731646917513941	1498	4	4	4
6543731646917513941	1499	5	13	13
6543731646917513941	1500	2	14	15
6543731646917513941	1501	18	18	11
6543731646917513941	1502	8	8	8
6543731646917513941	1503	0	0	17
6543731646917513941	1504	15	1	15
6543731646917513941	1505	11	7	11
6543731646917513941	1506	15	15	14
6543731646917513941	1507	14	2	3
6543731646917513941	1508	7	13	13
6543731646917513941	1509	18	18	18
6543731646917513941	1510	11	13	11
6543731646917513941	1511	16	16	16
6543731646917513941	1512	1	9	5
6543731646917513941	1513	19	13	1
6543731646917513941	1514	10	10	1
6543731646917513941	1515	10	13	10
6543731646917513941	1516	14	14	17
6543731646917513941	1517	16	16	16
6543731646917513941	1518	8	8	8
6543731646917513941	1519	1	1	8
6543731646917513941	1520	9	9	9
6543731646917513941	1521	11	13	11
6543731646917513941	1522	10	10	1
6543731646917513941	1523	18	18	11
6543731646917513941	1524	3	2	15
6543731646917513941	1525	11	11	18
6543731646917513941	1526	10	10	17
6543731646917513941	1527	8	8	8
6543731646917513941	1528	10	10	8
6543731646917513941	1529	18	18	13
6543731646917513941	1530	6	6	16
6543731646917513941	1531	6	6	7
6543731646917513941	1532	1	13	13
6543731646917513941	1533	4	1	4
6543731646917513941	1534	5	13	13
6543731646917513941	1535	12	12	7
6543731646917513941	1536	4	4	0
6543731646917513941	1537	19	19	19
6543731646917513941	1538	10	14	19
6543731646917513941	1539	14	13	17
6543731646917513941	1540	6	16	6
6543731646917513941	1541	3	14	3
6543731646917513941	1542	19	13	1
6543731646917513941	1543	12	13	12
6543731646917513941	1544	19	4	10
6543731646917513941	1545	1	1	1
6543731646917513941	1546	6	6	6
6543731646917513941	1547	16	8	16
6543731646917513941	1548	3	14	15
6543731646917513941	1549	15	2	16
6543731646917513941	1550	16	6	16
6543731646917513941	1551	2	2	14
6543731646917513941	1552	11	7	11
6543731646917513941	1553	1	13	9
6543731646917513941	1554	14	14	2
6543731646917513941	1555	8	8	8
6543731646917513941	1556	7	1	7
6543731646917513941	1557	12	13	13
6543731646917513941	1558	16	16	16
6543731646917513941	1559	18	18	18
6543731646917513941	1560	4	4	0
6543731646917513941	1561	19	9	9
6543731646917513941	1562	15	15	6
6543731646917513941	1563	7	7	12
6543731646917513941	1564	12	12	7
6543731646917513941	1565	10	10	0
6543731646917513941	1566	18	18	13
6543731646917513941	1567	2	14	2
6543731646917513941	1568	19	4	19
6543731646917513941	1569	18	18	18
6543731646917513941	1570	13	5	13
6543731646917513941	1571	15	14	6
6543731646917513941	1572	2	14	2
6543731646917513941	1573	0	13	17
6543731646917513941	1574	1	7	17
6543731646917513941	1575	13	13	1
6543731646917513941	1576	12	13	2
6543731646917513941	1577	17	10	19
6543731646917513941	1578	6	6	6
6543731646917513941	1579	9	13	9
6543731646917513941	1580	11	5	11
6543731646917513941	1581	13	13	9
6543731646917513941	1582	6	6	6
6543731646917513941	1583	19	1	10
6543731646917513941	1584	14	14	8
6543731646917513941	1585	15	4	15
6543731646917513941	1586	15	15	7
6543731646917513941	1587	4	4	4
6543731646917513941	1588	8	8	8
6543731646917513941	1589	5	18	5
6543731646917513941	1590	9	13	13
6543731646917513941	1591	18	18	13
6543731646917513941	1592	6	6	6
6543731646917513941	1593	13	13	13
6543731646917513941	1594	17	10	14
6543731646917513941	1595	11	13	11
6543731646917513941	1596	13	13	13
6543731646917513941	1597	7	7	7
6543731646917513941	1598	9	13	9
6543731646917513941	1599	9	13	9
6543731646917513941	1600	16	8	16
6543731646917513941	1601	17	10	15
6543731646917513941	1602	3	14	4
6543731646917513941	1603	4	4	13
6543731646917513941	1604	14	0	11
6543731646917513941	1605	10	2	19
6543731646917513941	1606	4	4	1
6543731646917513941	1607	10	0	10
6543731646917513941	1608	18	18	18
6543731646917513941	1609	10	14	1
6543731646917513941	1610	17	10	7
6543731646917513941	1611	18	18	11
6543731646917513941	1612	8	8	8
6543731646917513941	1613	18	18	18
6543731646917513941	1614	4	4	4
6543731646917513941	1615	19	10	9
6543731646917513941	1616	5	13	13
6543731646917513941	1617	7	13	11
6543731646917513941	1618	14	13	13
6543731646917513941	1619	10	0	10
6543731646917513941	1620	6	6	6
6543731646917513941	1621	9	13	9
6543731646917513941	1622	16	16	16
6543731646917513941	1623	3	2	3
6543731646917513941	1624	11	9	11
6543731646917513941	1625	19	14	3
6543731646917513941	1626	17	13	0
6543731646917513941	1627	11	13	11
6543731646917513941	1628	5	18	9
6543731646917513941	1629	10	2	19
6543731646917513941	1630	1	1	10
6543731646917513941	1631	5	13	13
6543731646917513941	1632	17	17	0
6543731646917513941	1633	12	12	7
6543731646917513941	1634	8	8	8
6543731646917513941	1635	2	2	2
6543731646917513941	1636	4	4	4
6543731646917513941	1637	17	0	1
6543731646917513941	1638	9	13	9
6543731646917513941	1639	9	13	9
6543731646917513941	1640	4	4	4
6543731646917513941	1641	16	8	16
6543731646917513941	1642	8	8	8
6543731646917513941	1643	9	13	9
6543731646917513941	1644	4	4	13
6543731646917513941	1645	1	1	1
6543731646917513941	1646	5	18	5
6543731646917513941	1647	7	13	0
6543731646917513941	1648	19	13	1
6543731646917513941	1649	9	11	9
6543731646917513941	1650	1	9	19
6543731646917513941	1651	11	11	11
6543731646917513941	1652	4	4	13
6543731646917513941	1653	4	4	10
6543731646917513941	1654	3	10	14
6543731646917513941	1655	16	11	11
6543731646917513941	1656	12	13	13
6543731646917513941	1657	15	2	13
6543731646917513941	1658	4	4	4
6543731646917513941	1659	0	13	17
6543731646917513941	1660	15	2	15
6543731646917513941	1661	5	18	9
6543731646917513941	1662	5	13	11
6543731646917513941	1663	10	10	0
6543731646917513941	1664	5	18	9
6543731646917513941	1665	11	13	11
6543731646917513941	1666	12	7	7
6543731646917513941	1667	6	6	6
6543731646917513941	1668	4	0	8
6543731646917513941	1669	14	14	14
6543731646917513941	1670	7	13	17
6543731646917513941	1671	12	5	7
6543731646917513941	1672	3	2	11
6543731646917513941	1673	8	8	11
6543731646917513941	1674	8	8	11
6543731646917513941	1675	8	8	8
6543731646917513941	1676	5	9	9
6543731646917513941	1677	3	2	3
6543731646917513941	1678	17	9	0
6543731646917513941	1679	1	0	10
6543731646917513941	1680	4	4	13
6543731646917513941	1681	6	6	6
6543731646917513941	1682	18	18	11
6543731646917513941	1683	14	13	12
6543731646917513941	1684	14	14	15
6543731646917513941	1685	17	7	1
6543731646917513941	1686	12	11	11
6543731646917513941	1687	8	8	8
6543731646917513941	1688	5	18	9
6543731646917513941	1689	13	13	13
6543731646917513941	1690	10	10	10
6543731646917513941	1691	11	13	13
6543731646917513941	1692	10	2	10
6543731646917513941	1693	2	14	2
6543731646917513941	1694	1	1	1
6543731646917513941	1695	11	13	11
6543731646917513941	1696	6	6	6
6543731646917513941	1697	4	0	16
6543731646917513941	1698	16	8	16
6543731646917513941	1699	18	18	11
6543731646917513941	1700	11	13	11
6543731646917513941	1701	17	10	15
6543731646917513941	1702	13	13	13
6543731646917513941	1703	0	0	10
6543731646917513941	1704	7	7	0
6543731646917513941	1705	8	8	8
6543731646917513941	1706	14	14	7
6543731646917513941	1707	19	4	9
6543731646917513941	1708	18	18	11
6543731646917513941	1709	0	13	2
6543731646917513941	1710	14	0	4
6543731646917513941	1711	7	13	7
6543731646917513941	1712	1	1	10
6543731646917513941	1713	10	10	1
6543731646917513941	1714	0	13	0
6543731646917513941	1715	8	8	8
6543731646917513941	1716	9	13	5
6543731646917513941	1717	15	2	4
6543731646917513941	1718	11	13	11
6543731646917513941	1719	17	9	4
6543731646917513941	1720	15	14	14
6543731646917513941	1721	12	12	7
6543731646917513941	1722	6	6	6
6543731646917513941	1723	10	10	8
6543731646917513941	1724	19	9	19
6543731646917513941	1725	3	14	16
6543731646917513941	1726	6	6	6
6543731646917513941	1727	11	13	11
6543731646917513941	1728	19	9	5
6543731646917513941	1729	0	0	1
6543731646917513941	1730	13	13	9
6543731646917513941	1731	5	5	13
6543731646917513941	1732	3	2	1
6543731646917513941	1733	16	8	8
6543731646917513941	1734	5	5	5
6543731646917513941	1735	10	9	10
6543731646917513941	1736	14	13	11
6543731646917513941	1737	16	6	16
6543731646917513941	1738	1	13	5
6543731646917513941	1739	16	8	8
6543731646917513941	1740	9	13	9
6543731646917513941	1741	6	6	6
6543731646917513941	1742	16	6	6
6543731646917513941	1743	7	7	7
6543731646917513941	1744	4	4	13
6543731646917513941	1745	10	10	1
6543731646917513941	1746	14	14	13
6543731646917513941	1747	3	2	14
6543731646917513941	1748	18	11	18
6543731646917513941	1749	13	13	9
6543731646917513941	1750	0	0	15
6543731646917513941	1751	19	4	19
6543731646917513941	1752	5	18	5
6543731646917513941	1753	16	8	8
6543731646917513941	1754	8	8	11
6543731646917513941	1755	8	8	8
6543731646917513941	1756	5	9	9
6543731646917513941	1757	6	6	16
6543731646917513941	1758	8	8	8
6543731646917513941	1759	14	14	7
6543731646917513941	1760	18	18	11
6543731646917513941	1761	6	6	6
6543731646917513941	1762	1	13	13
6543731646917513941	1763	6	6	6
6543731646917513941	1764	4	4	4
6543731646917513941	1765	11	13	13
6543731646917513941	1766	8	2	8
6543731646917513941	1767	13	13	13
6543731646917513941	1768	2	10	2
6543731646917513941	1769	16	16	17
6543731646917513941	1770	16	6	2
6543731646917513941	1771	10	14	19
6543731646917513941	1772	16	16	6
6543731646917513941	1773	2	14	8
6543731646917513941	1774	16	8	16
6543731646917513941	1775	16	16	6
6543731646917513941	1776	8	8	8
6543731646917513941	1777	1	13	9
6543731646917513941	1778	10	10	10
6543731646917513941	1779	15	14	15
6543731646917513941	1780	4	19	14
6543731646917513941	1781	17	10	9
6543731646917513941	1782	3	10	15
6543731646917513941	1783	17	9	1
6543731646917513941	1784	8	8	8
6543731646917513941	1785	11	13	11
6543731646917513941	1786	12	13	11
6543731646917513941	1787	8	16	17
6543731646917513941	1788	10	1	7
6543731646917513941	1789	15	15	7
6543731646917513941	1790	2	14	7
6543731646917513941	1791	8	8	11
6543731646917513941	1792	15	14	8
6543731646917513941	1793	0	14	17
6543731646917513941	1794	17	10	15
6543731646917513941	1795	2	14	4
6543731646917513941	1796	13	9	13
6543731646917513941	1797	13	13	9
6543731646917513941	1798	15	2	8
6543731646917513941	1799	2	2	2
6543731646917513941	1800	8	8	8
6543731646917513941	1801	18	18	11
6543731646917513941	1802	4	4	0
6543731646917513941	1803	17	10	15
6543731646917513941	1804	7	13	13
6543731646917513941	1805	18	18	18
6543731646917513941	1806	19	14	3
6543731646917513941	1807	17	2	0
6543731646917513941	1808	7	11	7
6543731646917513941	1809	4	4	14
6543731646917513941	1810	0	14	19
6543731646917513941	1811	17	0	1
6543731646917513941	1812	13	13	13
6543731646917513941	1813	11	7	11
6543731646917513941	1814	15	15	3
6543731646917513941	1815	5	9	5
6543731646917513941	1816	5	18	13
6543731646917513941	1817	17	9	1
6543731646917513941	1818	13	13	3
6543731646917513941	1819	5	13	13
6543731646917513941	1820	18	18	13
6543731646917513941	1821	6	6	6
6543731646917513941	1822	9	11	9
6543731646917513941	1823	8	8	8
6543731646917513941	1824	16	16	16
6543731646917513941	1825	18	18	11
6543731646917513941	1826	5	18	18
6543731646917513941	1827	5	13	13
6543731646917513941	1828	9	13	9
6543731646917513941	1829	2	2	2
6543731646917513941	1830	0	13	1
6543731646917513941	1831	6	6	6
6543731646917513941	1832	14	13	2
6543731646917513941	1833	8	8	8
6543731646917513941	1834	15	2	15
6543731646917513941	1835	2	2	2
6543731646917513941	1836	0	13	17
6543731646917513941	1837	9	13	5
6543731646917513941	1838	0	0	15
6543731646917513941	1839	4	4	4
6543731646917513941	1840	9	13	13
6543731646917513941	1841	16	16	16
6543731646917513941	1842	7	13	13
6543731646917513941	1843	2	2	13
6543731646917513941	1844	4	4	4
6543731646917513941	1845	7	13	13
6543731646917513941	1846	11	11	11
6543731646917513941	1847	7	13	13
6543731646917513941	1848	19	14	9
6543731646917513941	1849	17	9	1
6543731646917513941	1850	1	1	8
6543731646917513941	1851	12	13	13
6543731646917513941	1852	0	0	15
6543731646917513941	1853	12	13	13
6543731646917513941	1854	1	13	5
6543731646917513941	1855	14	14	4
6543731646917513941	1856	15	2	6
6543731646917513941	1857	14	0	0
6543731646917513941	1858	6	6	6
6543731646917513941	1859	18	18	9
6543731646917513941	1860	17	17	7
6543731646917513941	1861	13	13	13
6543731646917513941	1862	18	13	11
6543731646917513941	1863	13	13	9
6543731646917513941	1864	18	18	11
6543731646917513941	1865	17	1	17
6543731646917513941	1866	15	2	15
6543731646917513941	1867	14	0	6
6543731646917513941	1868	3	10	17
6543731646917513941	1869	2	2	2
6543731646917513941	1870	19	13	9
6543731646917513941	1871	15	14	13
6543731646917513941	1872	12	13	13
6543731646917513941	1873	12	13	9
6543731646917513941	1874	17	10	3
6543731646917513941	1875	13	18	13
6543731646917513941	1876	18	18	11
6543731646917513941	1877	2	2	2
6543731646917513941	1878	10	10	1
6543731646917513941	1879	14	14	2
6543731646917513941	1880	4	4	13
6543731646917513941	1881	8	8	8
6543731646917513941	1882	11	13	11
6543731646917513941	1883	19	13	19
6543731646917513941	1884	17	17	17
6543731646917513941	1885	19	13	1
6543731646917513941	1886	3	2	13
6543731646917513941	1887	15	2	14
6543731646917513941	1888	13	13	9
6543731646917513941	1889	11	7	11
6543731646917513941	1890	16	8	11
6543731646917513941	1891	12	13	5
6543731646917513941	1892	5	5	5
6543731646917513941	1893	7	7	0
6543731646917513941	1894	14	14	14
6543731646917513941	1895	13	13	9
6543731646917513941	1896	13	13	13
6543731646917513941	1897	7	13	12
6543731646917513941	1898	15	14	6
6543731646917513941	1899	15	2	11
6543731646917513941	1900	16	16	16
6543731646917513941	1901	4	4	0
6543731646917513941	1902	14	14	16
6543731646917513941	1903	2	14	2
6543731646917513941	1904	7	13	13
6543731646917513941	1905	10	2	19
6543731646917513941	1906	4	4	13
6543731646917513941	1907	12	5	7
6543731646917513941	1908	7	13	13
6543731646917513941	1909	0	13	0
6543731646917513941	1910	10	10	0
6543731646917513941	1911	7	13	13
6543731646917513941	1912	5	5	5
6543731646917513941	1913	12	5	12
6543731646917513941	1914	8	8	8
6543731646917513941	1915	5	1	4
6543731646917513941	1916	4	4	0
6543731646917513941	1917	3	14	9
6543731646917513941	1918	9	9	9
6543731646917513941	1919	6	6	16
6543731646917513941	1920	0	14	17
6543731646917513941	1921	4	4	13
6543731646917513941	1922	4	4	3
6543731646917513941	1923	3	2	19
6543731646917513941	1924	9	13	9
6543731646917513941	1925	14	13	2
6543731646917513941	1926	5	5	13
6543731646917513941	1927	13	9	13
6543731646917513941	1928	9	13	9
6543731646917513941	1929	11	13	13
6543731646917513941	1930	13	9	13
6543731646917513941	1931	2	2	2
6543731646917513941	1932	0	13	0
6543731646917513941	1933	11	7	11
6543731646917513941	1934	1	9	9
6543731646917513941	1935	11	10	11
6543731646917513941	1936	3	10	15
6543731646917513941	1937	19	19	19
6543731646917513941	1938	0	0	17
6543731646917513941	1939	7	13	13
6543731646917513941	1940	11	11	18
6543731646917513941	1941	17	9	1
6543731646917513941	1942	7	13	0
6543731646917513941	1943	15	2	11
6543731646917513941	1944	11	13	11
6543731646917513941	1945	18	18	11
6543731646917513941	1946	13	9	13
6543731646917513941	1947	3	2	7
6543731646917513941	1948	1	13	1
6543731646917513941	1949	18	18	11
6543731646917513941	1950	16	16	16
6543731646917513941	1951	14	2	13
6543731646917513941	1952	9	13	9
6543731646917513941	1953	0	14	0
6543731646917513941	1954	1	1	9
6543731646917513941	1955	13	13	13
6543731646917513941	1956	8	8	2
6543731646917513941	1957	17	0	19
6543731646917513941	1958	0	13	17
6543731646917513941	1959	10	14	19
6543731646917513941	1960	18	18	13
6543731646917513941	1961	3	2	3
6543731646917513941	1962	14	14	13
6543731646917513941	1963	12	18	7
6543731646917513941	1964	9	13	9
6543731646917513941	1965	7	13	12
6543731646917513941	1966	10	2	1
6543731646917513941	1967	0	7	0
6543731646917513941	1968	11	13	13
6543731646917513941	1969	10	14	19
6543731646917513941	1970	14	13	8
6543731646917513941	1971	5	9	5
6543731646917513941	1972	4	4	4
6543731646917513941	1973	2	2	2
6543731646917513941	1974	6	6	6
6543731646917513941	1975	15	2	7
6543731646917513941	1976	14	14	8
6543731646917513941	1977	16	8	8
6543731646917513941	1978	2	2	2
6543731646917513941	1979	11	13	11
6543731646917513941	1980	4	4	4
6543731646917513941	1981	4	4	13
6543731646917513941	1982	19	1	10
6543731646917513941	1983	2	2	2
6543731646917513941	1984	4	4	4
6543731646917513941	1985	15	2	13
6543731646917513941	1986	9	9	9
6543731646917513941	1987	18	18	18
6543731646917513941	1988	18	18	18
6543731646917513941	1989	17	17	8
6543731646917513941	1990	0	17	17
6543731646917513941	1991	16	8	16
6543731646917513941	1992	2	2	2
6543731646917513941	1993	15	8	0
6543731646917513941	1994	11	11	11
6543731646917513941	1995	18	18	13
6543731646917513941	1996	12	13	9
6543731646917513941	1997	17	2	2
6543731646917513941	1998	9	13	9
6543731646917513941	1999	15	14	19
6543731646917513941	2000	17	17	17
6543731646917513941	2001	9	9	9
6543731646917513941	2002	6	6	6
6543731646917513941	2003	11	7	11
6543731646917513941	2004	14	14	3
6543731646917513941	2005	5	18	13
6543731646917513941	2006	18	18	11
6543731646917513941	2007	19	9	19
6543731646917513941	2008	5	9	9
6543731646917513941	2009	12	5	13
6543731646917513941	2010	13	13	4
6543731646917513941	2011	1	9	19
6543731646917513941	2012	7	13	12
6543731646917513941	2013	7	13	13
6543731646917513941	2014	6	6	16
6543731646917513941	2015	4	4	13
6543731646917513941	2016	8	8	8
6543731646917513941	2017	7	7	2
6543731646917513941	2018	12	5	7
6543731646917513941	2019	7	13	7
6543731646917513941	2020	13	1	13
6543731646917513941	2021	4	4	4
6543731646917513941	2022	14	2	4
6543731646917513941	2023	2	14	2
6543731646917513941	2024	14	15	15
6543731646917513941	2025	5	13	5
6543731646917513941	2026	8	8	11
6543731646917513941	2027	2	2	2
6543731646917513941	2028	15	2	15
6543731646917513941	2029	2	14	3
6543731646917513941	2030	14	14	15
6543731646917513941	2031	3	2	4
6543731646917513941	2032	6	6	16
6543731646917513941	2033	16	8	11
6543731646917513941	2034	14	0	11
6543731646917513941	2035	15	2	15
6543731646917513941	2036	4	4	7
6543731646917513941	2037	0	0	1
6543731646917513941	2038	7	13	13
6543731646917513941	2039	11	13	11
6543731646917513941	2040	9	13	9
6543731646917513941	2041	13	9	13
6543731646917513941	2042	12	13	12
6543731646917513941	2043	11	11	11
6543731646917513941	2044	2	14	0
6543731646917513941	2045	3	10	7
6543731646917513941	2046	8	2	1
6543731646917513941	2047	10	14	19
6543731646917513941	2048	13	13	9
6543731646917513941	2049	17	0	14
6543731646917513941	2050	1	13	13
6543731646917513941	2051	2	2	2
6543731646917513941	2052	5	18	9
6543731646917513941	2053	8	8	8
6543731646917513941	2054	4	4	10
6543731646917513941	2055	9	13	5
6543731646917513941	2056	19	19	19
6543731646917513941	2057	10	0	10
6543731646917513941	2058	1	13	9
6543731646917513941	2059	15	15	0
6543731646917513941	2060	4	4	15
6543731646917513941	2061	12	13	7
6543731646917513941	2062	8	8	8
6543731646917513941	2063	19	13	10
6543731646917513941	2064	4	4	0
6543731646917513941	2065	4	4	4
6543731646917513941	2066	2	1	16
6543731646917513941	2067	2	2	2
6543731646917513941	2068	7	13	13
6543731646917513941	2069	12	13	11
6543731646917513941	2070	17	9	0
6543731646917513941	2071	9	9	9
6543731646917513941	2072	2	2	2
6543731646917513941	2073	2	14	17
6543731646917513941	2074	16	16	16
6543731646917513941	2075	9	13	9
6543731646917513941	2076	15	14	6
6543731646917513941	2077	5	13	13
6543731646917513941	2078	8	8	8
6543731646917513941	2079	0	14	17
6543731646917513941	2080	19	19	1
6543731646917513941	2081	12	13	11
6543731646917513941	2082	13	13	9
6543731646917513941	2083	3	15	14
6543731646917513941	2084	6	6	16
6543731646917513941	2085	16	16	16
6543731646917513941	2086	5	4	13
6543731646917513941	2087	7	13	7
6543731646917513941	2088	2	14	2
6543731646917513941	2089	14	0	11
6543731646917513941	2090	0	13	1
6543731646917513941	2091	17	10	17
6543731646917513941	2092	14	4	2
6543731646917513941	2093	16	16	16
6543731646917513941	2094	13	13	13
6543731646917513941	2095	17	17	10
6543731646917513941	2096	2	2	8
6543731646917513941	2097	9	13	9
6543731646917513941	2098	13	13	13
6543731646917513941	2099	9	9	9
6543731646917513941	2100	9	13	13
6543731646917513941	2101	14	8	14
6543731646917513941	2102	19	13	8
6543731646917513941	2103	13	9	13
6543731646917513941	2104	7	13	13
6543731646917513941	2105	1	1	10
6543731646917513941	2106	4	4	5
6543731646917513941	2107	15	1	7
6543731646917513941	2108	6	6	6
6543731646917513941	2109	9	9	5
6543731646917513941	2110	14	14	5
6543731646917513941	2111	15	2	2
6543731646917513941	2112	11	13	11
6543731646917513941	2113	6	16	16
6543731646917513941	2114	5	5	9
6543731646917513941	2115	4	4	4
6543731646917513941	2116	19	13	9
6543731646917513941	2117	4	4	15
6543731646917513941	2118	14	14	3
6543731646917513941	2119	8	8	13
6543731646917513941	2120	6	6	6
6543731646917513941	2121	8	8	8
6543731646917513941	2122	12	13	13
6543731646917513941	2123	2	2	6
6543731646917513941	2124	13	13	13
6543731646917513941	2125	5	5	13
6543731646917513941	2126	0	13	17
6543731646917513941	2127	4	4	4
6543731646917513941	2128	12	16	17
6543731646917513941	2129	16	16	16
6543731646917513941	2130	12	13	11
6543731646917513941	2131	14	4	4
6543731646917513941	2132	13	13	13
6543731646917513941	2133	7	13	7
6543731646917513941	2134	13	13	13
6543731646917513941	2135	18	18	18
6543731646917513941	2136	5	13	5
6543731646917513941	2137	0	0	0
6543731646917513941	2138	17	17	15
6543731646917513941	2139	4	4	13
6543731646917513941	2140	8	8	8
6543731646917513941	2141	16	16	16
6543731646917513941	2142	19	13	13
6543731646917513941	2143	18	18	11
6543731646917513941	2144	18	18	13
6543731646917513941	2145	6	6	6
6543731646917513941	2146	16	8	8
6543731646917513941	2147	12	18	7
6543731646917513941	2148	16	8	16
6543731646917513941	2149	18	18	18
6543731646917513941	2150	13	13	9
6543731646917513941	2151	9	9	5
6543731646917513941	2152	0	14	17
6543731646917513941	2153	14	0	2
6543731646917513941	2154	10	14	3
6543731646917513941	2155	10	14	10
6543731646917513941	2156	18	18	13
6543731646917513941	2157	13	13	13
6543731646917513941	2158	1	13	19
6543731646917513941	2159	4	4	4
6543731646917513941	2160	17	9	0
6543731646917513941	2161	12	13	13
6543731646917513941	2162	10	10	1
6543731646917513941	2163	16	8	8
6543731646917513941	2164	12	12	12
6543731646917513941	2165	16	16	16
6543731646917513941	2166	13	13	13
6543731646917513941	2167	12	13	11
6543731646917513941	2168	12	13	13
6543731646917513941	2169	8	8	8
6543731646917513941	2170	18	18	18
6543731646917513941	2171	2	2	7
6543731646917513941	2172	12	13	12
6543731646917513941	2173	4	0	17
6543731646917513941	2174	16	8	16
6543731646917513941	2175	15	2	4
6543731646917513941	2176	9	9	9
6543731646917513941	2177	16	16	17
6543731646917513941	2178	12	13	9
6543731646917513941	2179	5	18	5
6543731646917513941	2180	14	0	6
6543731646917513941	2181	13	13	9
6543731646917513941	2182	8	8	8
6543731646917513941	2183	12	11	13
6543731646917513941	2184	10	13	10
6543731646917513941	2185	18	18	11
6543731646917513941	2186	1	7	9
6543731646917513941	2187	12	13	13
6543731646917513941	2188	18	18	11
6543731646917513941	2189	7	13	11
6543731646917513941	2190	18	13	13
6543731646917513941	2191	16	16	16
6543731646917513941	2192	17	9	8
6543731646917513941	2193	4	4	13
6543731646917513941	2194	12	13	12
6543731646917513941	2195	7	13	13
6543731646917513941	2196	13	13	13
6543731646917513941	2197	17	10	9
6543731646917513941	2198	8	8	14
6543731646917513941	2199	8	8	16
6543731646917513941	2200	11	11	11
6543731646917513941	2201	15	2	15
6543731646917513941	2202	2	2	2
6543731646917513941	2203	2	2	2
6543731646917513941	2204	13	9	13
6543731646917513941	2205	17	10	14
6543731646917513941	2206	1	13	9
6543731646917513941	2207	0	13	1
6543731646917513941	2208	17	10	2
6543731646917513941	2209	15	14	6
6543731646917513941	2210	19	0	1
6543731646917513941	2211	16	16	16
6543731646917513941	2212	14	0	14
6543731646917513941	2213	15	2	3
6543731646917513941	2214	18	13	11
6543731646917513941	2215	11	7	11
6543731646917513941	2216	5	13	9
6543731646917513941	2217	10	0	19
6543731646917513941	2218	14	13	6
6543731646917513941	2219	15	14	8
6543731646917513941	2220	18	18	11
6543731646917513941	2221	7	1	0
6543731646917513941	2222	8	8	15
6543731646917513941	2223	3	2	19
6543731646917513941	2224	2	8	2
6543731646917513941	2225	15	15	15
6543731646917513941	2226	15	1	14
6543731646917513941	2227	1	1	1
6543731646917513941	2228	17	3	14
6543731646917513941	2229	12	11	13
6543731646917513941	2230	9	13	9
6543731646917513941	2231	1	13	13
6543731646917513941	2232	3	2	4
6543731646917513941	2233	13	13	9
6543731646917513941	2234	6	6	6
6543731646917513941	2235	4	4	4
6543731646917513941	2236	16	16	6
6543731646917513941	2237	14	4	4
6543731646917513941	2238	17	2	17
6543731646917513941	2239	15	2	15
6543731646917513941	2240	18	18	11
6543731646917513941	2241	8	14	19
6543731646917513941	2242	4	4	0
6543731646917513941	2243	1	1	1
6543731646917513941	2244	8	8	8
6543731646917513941	2245	6	6	16
6543731646917513941	2246	19	0	1
6543731646917513941	2247	18	18	13
6543731646917513941	2248	6	6	16
6543731646917513941	2249	7	13	11
6543731646917513941	2250	11	11	11
6543731646917513941	2251	1	13	11
6543731646917513941	2252	11	13	11
6543731646917513941	2253	19	13	1
6543731646917513941	2254	6	6	6
6543731646917513941	2255	17	9	3
6543731646917513941	2256	1	13	11
6543731646917513941	2257	8	8	8
6543731646917513941	2258	9	9	13
6543731646917513941	2259	4	4	0
6543731646917513941	2260	6	6	11
6543731646917513941	2261	1	9	5
6543731646917513941	2262	15	2	4
6543731646917513941	2263	11	7	13
6543731647185949576	0	10	0	1
6543731647185949576	1	11	13	11
6543731647185949576	2	7	13	12
6543731647185949576	3	10	10	17
6543731647185949576	4	3	2	10
6543731647185949576	5	5	9	13
6543731647185949576	6	0	13	0
6543731647185949576	7	10	2	3
6543731647185949576	8	18	18	13
6543731647185949576	9	5	18	13
6543731647185949576	10	16	8	0
6543731647185949576	11	14	0	14
6543731647185949576	12	12	17	17
6543731647185949576	13	8	8	8
6543731647185949576	14	0	0	17
6543731647185949576	15	16	16	16
6543731647185949576	16	10	2	13
6543731647185949576	17	16	8	16
6543731647185949576	18	17	10	1
6543731647185949576	19	13	13	13
6543731647185949576	20	19	1	10
6543731647185949576	21	9	13	9
6543731647185949576	22	7	1	7
6543731647185949576	23	4	4	17
6543731647185949576	24	6	16	6
6543731647185949576	25	9	13	13
6543731647185949576	26	0	13	17
6543731647185949576	27	0	14	14
6543731647185949576	28	9	13	9
6543731647185949576	29	9	13	13
6543731647185949576	30	6	6	0
6543731647185949576	31	2	2	2
6543731647185949576	32	3	14	14
6543731647185949576	33	12	13	13
6543731647185949576	34	8	8	8
6543731647185949576	35	8	8	8
6543731647185949576	36	7	13	5
6543731647185949576	37	10	14	4
6543731647185949576	38	12	13	5
6543731647185949576	39	10	10	1
6543731647185949576	40	14	13	14
6543731647185949576	41	8	8	16
6543731647185949576	42	6	6	6
6543731647185949576	43	0	13	0
6543731647185949576	44	11	13	11
6543731647185949576	45	8	8	8
6543731647185949576	46	7	13	4
6543731647185949576	47	17	7	17
6543731647185949576	48	5	13	11
6543731647185949576	49	7	13	7
6543731647185949576	50	13	13	9
6543731647185949576	51	11	11	11
6543731647185949576	52	18	18	11
6543731647185949576	53	6	6	6
6543731647185949576	54	11	11	13
6543731647185949576	55	6	6	16
6543731647185949576	56	15	15	3
6543731647185949576	57	17	3	17
6543731647185949576	58	14	13	14
6543731647185949576	59	0	14	17
6543731647185949576	60	1	13	9
6543731647185949576	61	18	18	18
6543731647185949576	62	17	2	7
6543731647185949576	63	13	13	8
6543731647185949576	64	0	13	0
6543731647185949576	65	18	18	18
6543731647185949576	66	13	13	13
6543731647185949576	67	5	5	13
6543731647185949576	68	14	8	16
6543731647185949576	69	1	13	13
6543731647185949576	70	10	2	10
6543731647185949576	71	13	13	13
6543731647185949576	72	14	4	15
6543731647185949576	73	14	14	15
6543731647185949576	74	10	1	0
6543731647185949576	75	11	13	11
6543731647185949576	76	4	13	2
6543731647185949576	77	3	14	9
6543731647185949576	78	7	13	7
6543731647185949576	79	17	0	17
6543731647185949576	80	8	8	8
6543731647185949576	81	7	7	7
6543731647185949576	82	14	13	2
6543731647185949576	83	14	2	14
6543731647185949576	84	7	7	0
6543731647185949576	85	16	16	17
6543731647185949576	86	3	2	19
6543731647185949576	87	14	4	4
6543731647185949576	88	15	15	15
6543731647185949576	89	5	5	5
6543731647185949576	90	19	13	13
6543731647185949576	91	10	10	8
6543731647185949576	92	16	8	16
6543731647185949576	93	8	8	8
6543731647185949576	94	19	13	19
6543731647185949576	95	0	14	17
6543731647185949576	96	19	9	9
6543731647185949576	97	1	5	13
6543731647185949576	98	6	6	11
6543731647185949576	99	1	1	1
6543731647185949576	100	18	18	11
6543731647185949576	101	18	18	11
6543731647185949576	102	13	13	13
6543731647185949576	103	11	13	11
6543731647185949576	104	14	14	14
6543731647185949576	105	13	13	9
6543731647185949576	106	4	4	13
6543731647185949576	107	11	13	13
6543731647185949576	108	1	13	13
6543731647185949576	109	10	14	19
6543731647185949576	110	6	6	8
6543731647185949576	111	13	13	13
6543731647185949576	112	4	4	14
6543731647185949576	113	0	14	17
6543731647185949576	114	2	2	2
6543731647185949576	115	12	13	13
6543731647185949576	116	11	7	11
6543731647185949576	117	10	14	19
6543731647185949576	118	18	18	11
6543731647185949576	119	4	4	13
6543731647185949576	120	1	1	1
6543731647185949576	121	12	13	0
6543731647185949576	122	12	11	12
6543731647185949576	123	0	0	17
6543731647185949576	124	4	4	16
6543731647185949576	125	17	0	1
6543731647185949576	126	13	13	13
6543731647185949576	127	16	16	16
6543731647185949576	128	17	3	17
6543731647185949576	129	3	10	15
6543731647185949576	130	7	11	11
6543731647185949576	131	3	2	9
6543731647185949576	132	19	19	15
6543731647185949576	133	0	13	0
6543731647185949576	134	9	13	9
6543731647185949576	135	13	9	13
6543731647185949576	136	10	10	10
6543731647185949576	137	1	1	15
6543731647185949576	138	4	4	6
6543731647185949576	139	9	13	13
6543731647185949576	140	1	13	9
6543731647185949576	141	9	13	11
6543731647185949576	142	6	16	6
6543731647185949576	143	16	13	16
6543731647185949576	144	9	9	9
6543731647185949576	145	15	15	15
6543731647185949576	146	15	2	13
6543731647185949576	147	0	14	17
6543731647185949576	148	14	14	15
6543731647185949576	149	19	13	1
6543731647185949576	150	5	13	13
6543731647185949576	151	5	13	13
6543731647185949576	152	8	8	8
6543731647185949576	153	0	0	17
6543731647185949576	154	12	13	12
6543731647185949576	155	15	1	2
6543731647185949576	156	7	13	7
6543731647185949576	157	2	2	7
6543731647185949576	158	3	14	15
6543731647185949576	159	17	10	15
6543731647185949576	160	1	13	9
6543731647185949576	161	16	8	16
6543731647185949576	162	10	10	17
6543731647185949576	163	9	9	9
6543731647185949576	164	4	4	13
6543731647185949576	165	7	13	12
6543731647185949576	166	2	14	15
6543731647185949576	167	16	16	16
6543731647185949576	168	6	6	6
6543731647185949576	169	19	13	1
6543731647185949576	170	18	18	13
6543731647185949576	171	17	9	0
6543731647185949576	172	19	13	1
6543731647185949576	173	12	13	11
6543731647185949576	174	19	19	10
6543731647185949576	175	5	18	13
6543731647185949576	176	1	1	2
6543731647185949576	177	16	16	6
6543731647185949576	178	5	13	13
6543731647185949576	179	14	0	15
6543731647185949576	180	2	14	15
6543731647185949576	181	9	13	1
6543731647185949576	182	5	18	13
6543731647185949576	183	19	13	1
6543731647185949576	184	13	11	13
6543731647185949576	185	7	13	7
6543731647185949576	186	7	7	7
6543731647185949576	187	7	9	17
6543731647185949576	188	17	0	17
6543731647185949576	189	4	4	11
6543731647185949576	190	11	13	13
6543731647185949576	191	17	9	0
6543731647185949576	192	13	13	1
6543731647185949576	193	14	4	4
6543731647185949576	194	17	17	7
6543731647185949576	195	4	4	14
6543731647185949576	196	4	4	15
6543731647185949576	197	16	6	17
6543731647185949576	198	17	10	14
6543731647185949576	199	14	13	0
6543731647185949576	200	0	13	17
6543731647185949576	201	3	14	15
6543731647185949576	202	6	6	2
6543731647185949576	203	0	13	17
6543731647185949576	204	6	6	6
6543731647185949576	205	15	14	14
6543731647185949576	206	4	4	13
6543731647185949576	207	18	18	11
6543731647185949576	208	19	14	1
6543731647185949576	209	0	13	16
6543731647185949576	210	15	15	15
6543731647185949576	211	12	18	13
6543731647185949576	212	16	16	6
6543731647185949576	213	11	13	11
6543731647185949576	214	12	13	11
6543731647185949576	215	14	14	14
6543731647185949576	216	12	13	12
6543731647185949576	217	12	7	7
6543731647185949576	218	2	19	8
6543731647185949576	219	3	14	4
6543731647185949576	220	3	2	1
6543731647185949576	221	17	2	17
6543731647185949576	222	11	13	11
6543731647185949576	223	1	13	9
6543731647185949576	224	0	7	17
6543731647185949576	225	0	13	17
6543731647185949576	226	5	9	13
6543731647185949576	227	3	14	14
6543731647185949576	228	15	15	17
6543731647185949576	229	8	8	14
6543731647185949576	230	9	13	5
6543731647185949576	231	9	13	9
6543731647185949576	232	12	12	12
6543731647185949576	233	16	16	16
6543731647185949576	234	14	2	15
6543731647185949576	235	15	14	8
6543731647185949576	236	3	15	15
6543731647185949576	237	3	14	15
6543731647185949576	238	5	18	13
6543731647185949576	239	12	13	12
6543731647185949576	240	5	13	13
6543731647185949576	241	2	2	7
6543731647185949576	242	6	6	2
6543731647185949576	243	6	6	0
6543731647185949576	244	19	13	14
6543731647185949576	245	0	0	10
6543731647185949576	246	6	6	2
6543731647185949576	247	17	17	17
6543731647185949576	248	1	13	4
6543731647185949576	249	7	13	13
6543731647185949576	250	19	13	1
6543731647185949576	251	1	13	9
6543731647185949576	252	5	13	4
6543731647185949576	253	10	14	10
6543731647185949576	254	11	11	11
6543731647185949576	255	19	13	15
6543731647185949576	256	13	13	9
6543731647185949576	257	11	13	11
6543731647185949576	258	5	18	11
6543731647185949576	259	12	16	7
6543731647185949576	260	16	8	8
6543731647185949576	261	3	15	1
6543731647185949576	262	13	13	13
6543731647185949576	263	11	13	18
6543731647185949576	264	1	1	1
6543731647185949576	265	15	14	15
6543731647185949576	266	15	2	4
6543731647185949576	267	19	0	17
6543731647185949576	268	18	18	18
6543731647185949576	269	2	14	2
6543731647185949576	270	13	13	13
6543731647185949576	271	3	2	3
6543731647185949576	272	2	14	15
6543731647185949576	273	7	13	13
6543731647185949576	274	1	13	9
6543731647185949576	275	9	9	5
6543731647185949576	276	18	18	18
6543731647185949576	277	3	15	13
6543731647185949576	278	10	2	15
6543731647185949576	279	8	8	8
6543731647185949576	280	17	17	15
6543731647185949576	281	0	0	4
6543731647185949576	282	18	18	13
6543731647185949576	283	18	18	13
6543731647185949576	284	3	2	3
6543731647185949576	285	15	14	14
6543731647185949576	286	8	8	2
6543731647185949576	287	0	0	0
6543731647185949576	288	1	13	13
6543731647185949576	289	12	12	12
6543731647185949576	290	9	9	9
6543731647185949576	291	11	13	13
6543731647185949576	292	5	9	5
6543731647185949576	293	5	13	13
6543731647185949576	294	19	4	10
6543731647185949576	295	11	13	13
6543731647185949576	296	18	18	18
6543731647185949576	297	18	18	13
6543731647185949576	298	10	10	1
6543731647185949576	299	19	13	1
6543731647185949576	300	11	13	11
6543731647185949576	301	11	13	13
6543731647185949576	302	13	13	13
6543731647185949576	303	16	6	16
6543731647185949576	304	11	11	11
6543731647185949576	305	16	8	16
6543731647185949576	306	18	18	11
6543731647185949576	307	7	7	12
6543731647185949576	308	7	7	0
6543731647185949576	309	10	14	8
6543731647185949576	310	18	18	11
6543731647185949576	311	13	13	13
6543731647185949576	312	16	16	16
6543731647185949576	313	0	0	0
6543731647185949576	314	9	9	5
6543731647185949576	315	14	14	14
6543731647185949576	316	3	14	4
6543731647185949576	317	13	13	11
6543731647185949576	318	8	8	8
6543731647185949576	319	7	13	17
6543731647185949576	320	19	13	15
6543731647185949576	321	19	13	17
6543731647185949576	322	8	8	16
6543731647185949576	323	2	2	2
6543731647185949576	324	16	16	16
6543731647185949576	325	8	8	8
6543731647185949576	326	19	13	1
6543731647185949576	327	16	16	17
6543731647185949576	328	9	13	9
6543731647185949576	329	5	18	13
6543731647185949576	330	18	18	18
6543731647185949576	331	6	6	16
6543731647185949576	332	11	7	11
6543731647185949576	333	15	8	0
6543731647185949576	334	2	2	2
6543731647185949576	335	15	1	14
6543731647185949576	336	8	8	8
6543731647185949576	337	4	4	4
6543731647185949576	338	0	0	17
6543731647185949576	339	13	13	13
6543731647185949576	340	2	2	2
6543731647185949576	341	11	13	11
6543731647185949576	342	10	14	3
6543731647185949576	343	14	14	8
6543731647185949576	344	16	16	16
6543731647185949576	345	1	1	17
6543731647185949576	346	8	8	8
6543731647185949576	347	7	7	7
6543731647185949576	348	19	19	10
6543731647185949576	349	11	7	11
6543731647185949576	350	3	1	3
6543731647185949576	351	14	14	17
6543731647185949576	352	17	2	17
6543731647185949576	353	17	10	10
6543731647185949576	354	11	13	11
6543731647185949576	355	15	14	4
6543731647185949576	356	7	7	7
6543731647185949576	357	17	9	17
6543731647185949576	358	8	8	8
6543731647185949576	359	17	17	17
6543731647185949576	360	19	14	10
6543731647185949576	361	3	14	14
6543731647185949576	362	4	4	13
6543731647185949576	363	1	9	9
6543731647185949576	364	12	12	12
6543731647185949576	365	16	16	16
6543731647185949576	366	16	8	8
6543731647185949576	367	8	8	8
6543731647185949576	368	4	4	8
6543731647185949576	369	15	2	3
6543731647185949576	370	6	6	6
6543731647185949576	371	5	18	11
6543731647185949576	372	7	13	7
6543731647185949576	373	16	8	16
6543731647185949576	374	6	6	6
6543731647185949576	375	6	6	6
6543731647185949576	376	17	10	17
6543731647185949576	377	19	19	1
6543731647185949576	378	17	13	15
6543731647185949576	379	4	4	3
6543731647185949576	380	9	9	9
6543731647185949576	381	8	8	8
6543731647185949576	382	14	4	13
6543731647185949576	383	6	6	16
6543731647185949576	384	10	14	19
6543731647185949576	385	11	11	11
6543731647185949576	386	1	17	19
6543731647185949576	387	0	0	17
6543731647185949576	388	10	10	1
6543731647185949576	389	6	6	6
6543731647185949576	390	10	10	14
6543731647185949576	391	13	13	9
6543731647185949576	392	2	15	2
6543731647185949576	393	8	8	8
6543731647185949576	394	12	13	13
6543731647185949576	395	12	5	13
6543731647185949576	396	14	2	7
6543731647185949576	397	12	16	12
6543731647185949576	398	5	13	13
6543731647185949576	399	3	17	2
6543731647185949576	400	11	13	11
6543731647185949576	401	19	14	1
6543731647185949576	402	15	2	3
6543731647185949576	403	6	6	0
6543731647185949576	404	19	19	1
6543731647185949576	405	13	13	5
6543731647185949576	406	11	7	11
6543731647185949576	407	19	19	19
6543731647185949576	408	2	14	15
6543731647185949576	409	7	13	11
6543731647185949576	410	5	18	13
6543731647185949576	411	2	2	2
6543731647185949576	412	10	14	10
6543731647185949576	413	1	9	9
6543731647185949576	414	4	4	13
6543731647185949576	415	7	13	7
6543731647185949576	416	17	7	0
6543731647185949576	417	9	9	1
6543731647185949576	418	3	14	14
6543731647185949576	419	14	13	2
6543731647185949576	420	0	13	0
6543731647185949576	421	4	4	17
6543731647185949576	422	17	0	8
6543731647185949576	423	3	19	1
6543731647185949576	424	1	9	9
6543731647185949576	425	9	13	9
6543731647185949576	426	14	0	2
6543731647185949576	427	3	2	3
6543731647185949576	428	13	13	13
6543731647185949576	429	16	6	16
6543731647185949576	430	19	13	8
6543731647185949576	431	7	13	12
6543731647185949576	432	3	14	15
6543731647185949576	433	6	6	16
6543731647185949576	434	13	11	13
6543731647185949576	435	9	13	1
6543731647185949576	436	1	1	1
6543731647185949576	437	4	4	14
6543731647185949576	438	7	7	0
6543731647185949576	439	1	13	13
6543731647185949576	440	18	18	11
6543731647185949576	441	5	5	13
6543731647185949576	442	11	11	11
6543731647185949576	443	15	2	4
6543731647185949576	444	3	2	3
6543731647185949576	445	13	13	1
6543731647185949576	446	9	13	9
6543731647185949576	447	0	13	17
6543731647185949576	448	6	6	6
6543731647185949576	449	18	18	13
6543731647185949576	450	10	14	10
6543731647185949576	451	11	13	11
6543731647185949576	452	6	6	16
6543731647185949576	453	4	4	14
6543731647185949576	454	16	16	16
6543731647185949576	455	9	13	9
6543731647185949576	456	5	18	13
6543731647185949576	457	10	10	1
6543731647185949576	458	7	13	13
6543731647185949576	459	9	11	9
6543731647185949576	460	13	13	4
6543731647185949576	461	2	14	9
6543731647185949576	462	4	4	13
6543731647185949576	463	13	5	5
6543731647185949576	464	16	8	8
6543731647185949576	465	11	13	13
6543731647185949576	466	6	6	16
6543731647185949576	467	0	1	17
6543731647185949576	468	12	13	13
6543731647185949576	469	10	14	10
6543731647185949576	470	12	7	17
6543731647185949576	471	12	7	12
6543731647185949576	472	14	14	17
6543731647185949576	473	3	8	15
6543731647185949576	474	12	13	12
6543731647185949576	475	17	9	17
6543731647185949576	476	14	13	15
6543731647185949576	477	1	0	9
6543731647185949576	478	11	13	11
6543731647185949576	479	11	13	13
6543731647185949576	480	19	9	1
6543731647185949576	481	16	16	16
6543731647185949576	482	0	0	17
6543731647185949576	483	17	17	17
6543731647185949576	484	8	8	8
6543731647185949576	485	2	14	2
6543731647185949576	486	15	2	14
6543731647185949576	487	0	0	8
6543731647185949576	488	5	18	13
6543731647185949576	489	18	11	11
6543731647185949576	490	10	10	10
6543731647185949576	491	10	2	1
6543731647185949576	492	2	2	2
6543731647185949576	493	5	13	13
6543731647185949576	494	18	18	11
6543731647185949576	495	0	13	17
6543731647185949576	496	7	13	15
6543731647185949576	497	1	9	9
6543731647185949576	498	12	16	12
6543731647185949576	499	8	8	8
6543731647185949576	500	18	18	13
6543731647185949576	501	19	13	1
6543731647185949576	502	17	17	0
6543731647185949576	503	1	13	13
6543731647185949576	504	11	13	18
6543731647185949576	505	5	18	5
6543731647185949576	506	8	8	8
6543731647185949576	507	3	10	14
6543731647185949576	508	17	17	17
6543731647185949576	509	18	18	13
6543731647185949576	510	1	13	9
6543731647185949576	511	13	9	13
6543731647185949576	512	17	2	17
6543731647185949576	513	17	10	17
6543731647185949576	514	5	5	13
6543731647185949576	515	18	18	13
6543731647185949576	516	5	5	13
6543731647185949576	517	19	13	15
6543731647185949576	518	15	14	4
6543731647185949576	519	4	4	19
6543731647185949576	520	17	17	1
6543731647185949576	521	17	0	17
6543731647185949576	522	0	14	17
6543731647185949576	523	15	15	7
6543731647185949576	524	10	14	10
6543731647185949576	525	19	19	15
6543731647185949576	526	2	14	17
6543731647185949576	527	5	9	7
6543731647185949576	528	10	13	14
6543731647185949576	529	15	2	6
6543731647185949576	530	19	9	9
6543731647185949576	531	13	13	14
6543731647185949576	532	3	8	9
6543731647185949576	533	12	11	13
6543731647185949576	534	12	13	7
6543731647185949576	535	4	4	13
6543731647185949576	536	7	13	7
6543731647185949576	537	7	13	0
6543731647185949576	538	5	1	13
6543731647185949576	539	3	2	13
6543731647185949576	540	8	8	8
6543731647185949576	541	6	6	6
6543731647185949576	542	9	13	13
6543731647185949576	543	19	13	1
6543731647185949576	544	14	14	15
6543731647185949576	545	15	15	15
6543731647185949576	546	5	2	13
6543731647185949576	547	8	8	8
6543731647185949576	548	13	13	13
6543731647185949576	549	18	18	13
6543731647185949576	550	16	16	16
6543731647185949576	551	11	11	11
6543731647185949576	552	6	6	0
6543731647185949576	553	4	5	4
6543731647185949576	554	8	8	8
6543731647185949576	555	10	14	10
6543731647185949576	556	14	14	15
6543731647185949576	557	17	17	17
6543731647185949576	558	16	16	16
6543731647185949576	559	10	14	19
6543731647185949576	560	12	13	11
6543731647185949576	561	7	9	13
6543731647185949576	562	4	4	13
6543731647185949576	563	6	6	6
6543731647185949576	564	6	6	6
6543731647185949576	565	3	2	10
6543731647185949576	566	4	4	15
6543731647185949576	567	6	8	11
6543731647185949576	568	5	5	13
6543731647185949576	569	17	10	14
6543731647185949576	570	19	13	1
6543731647185949576	571	13	13	13
6543731647185949576	572	19	10	1
6543731647185949576	573	10	10	0
6543731647185949576	574	19	14	15
6543731647185949576	575	19	14	19
6543731647185949576	576	13	13	13
6543731647185949576	577	3	17	17
6543731647185949576	578	14	13	12
6543731647185949576	579	12	12	12
6543731647185949576	580	10	10	8
6543731647185949576	581	3	8	14
6543731647185949576	582	16	8	8
6543731647185949576	583	7	13	11
6543731647185949576	584	12	13	11
6543731647185949576	585	11	11	13
6543731647185949576	586	1	19	9
6543731647185949576	587	19	19	19
6543731647185949576	588	4	4	15
6543731647185949576	589	12	11	13
6543731647185949576	590	11	13	11
6543731647185949576	591	12	12	12
6543731647185949576	592	11	13	11
6543731647185949576	593	9	13	1
6543731647185949576	594	2	2	2
6543731647185949576	595	6	6	6
6543731647185949576	596	17	7	0
6543731647185949576	597	15	2	2
6543731647185949576	598	18	18	13
6543731647185949576	599	16	16	16
6543731647185949576	600	8	8	8
6543731647185949576	601	15	2	4
6543731647185949576	602	3	14	15
6543731647185949576	603	7	7	7
6543731647185949576	604	17	10	15
6543731647185949576	605	17	10	9
6543731647185949576	606	1	13	9
6543731647185949576	607	5	9	13
6543731647185949576	608	2	2	2
6543731647185949576	609	18	18	13
6543731647185949576	610	17	2	3
6543731647185949576	611	8	8	8
6543731647185949576	612	10	10	9
6543731647185949576	613	12	7	17
6543731647185949576	614	19	19	15
6543731647185949576	615	13	13	13
6543731647185949576	616	10	10	19
6543731647185949576	617	15	14	0
6543731647185949576	618	6	6	0
6543731647185949576	619	8	8	8
6543731647185949576	620	4	4	2
6543731647185949576	621	2	2	2
6543731647185949576	622	15	2	15
6543731647185949576	623	9	13	9
6543731647185949576	624	4	4	15
6543731647185949576	625	14	2	4
6543731647185949576	626	9	13	5
6543731647185949576	627	13	9	13
6543731647185949576	628	18	18	18
6543731647185949576	629	9	9	9
6543731647185949576	630	2	14	4
6543731647185949576	631	12	13	11
6543731647185949576	632	15	14	15
6543731647185949576	633	17	1	17
6543731647185949576	634	11	13	11
6543731647185949576	635	7	9	7
6543731647185949576	636	8	8	8
6543731647185949576	637	9	9	9
6543731647185949576	638	9	9	9
6543731647185949576	639	2	2	15
6543731647185949576	640	13	13	1
6543731647185949576	641	10	2	15
6543731647185949576	642	5	5	5
6543731647185949576	643	18	18	18
6543731647185949576	644	8	8	8
6543731647185949576	645	10	10	3
6543731647185949576	646	6	6	17
6543731647185949576	647	6	6	6
6543731647185949576	648	11	13	11
6543731647185949576	649	4	4	13
6543731647185949576	650	3	2	3
6543731647185949576	651	6	6	6
6543731647185949576	652	19	19	1
6543731647185949576	653	0	0	17
6543731647185949576	654	9	13	13
6543731647185949576	655	5	9	11
6543731647185949576	656	8	8	8
6543731647185949576	657	12	13	1
6543731647185949576	658	0	13	17
6543731647185949576	659	8	14	8
6543731647185949576	660	12	13	12
6543731647185949576	661	13	13	1
6543731647185949576	662	12	12	12
6543731647185949576	663	19	9	5
6543731647185949576	664	9	9	9
6543731647185949576	665	17	17	0
6543731647185949576	666	12	13	11
6543731647185949576	667	16	16	16
6543731647185949576	668	4	4	14
6543731647185949576	669	16	8	16
6543731647185949576	670	17	10	14
6543731647185949576	671	8	8	2
6543731647185949576	672	16	16	17
6543731647185949576	673	5	5	13
6543731647185949576	674	0	0	17
6543731647185949576	675	13	13	1
6543731647185949576	676	9	9	9
6543731647185949576	677	2	14	14
6543731647185949576	678	1	13	9
6543731647185949576	679	1	9	9
6543731647185949576	680	10	14	15
6543731647185949576	681	8	8	14
6543731647185949576	682	3	14	14
6543731647185949576	683	19	19	9
6543731647185949576	684	18	18	13
6543731647185949576	685	9	9	13
6543731647185949576	686	13	13	13
6543731647185949576	687	12	9	12
6543731647185949576	688	2	2	2
6543731647185949576	689	3	14	9
6543731647185949576	690	8	8	8
6543731647185949576	691	8	8	15
6543731647185949576	692	18	18	11
6543731647185949576	693	1	9	1
6543731647185949576	694	8	8	8
6543731647185949576	695	8	14	8
6543731647185949576	696	9	9	9
6543731647185949576	697	12	13	12
6543731647185949576	698	4	4	4
6543731647185949576	699	6	6	6
6543731647185949576	700	13	13	13
6543731647185949576	701	19	9	1
6543731647185949576	702	16	16	16
6543731647185949576	703	11	13	11
6543731647185949576	704	8	8	8
6543731647185949576	705	17	1	1
6543731647185949576	706	14	14	14
6543731647185949576	707	1	1	1
6543731647185949576	708	11	9	11
6543731647185949576	709	5	13	18
6543731647185949576	710	4	4	4
6543731647185949576	711	11	13	11
6543731647185949576	712	2	2	13
6543731647185949576	713	14	0	15
6543731647185949576	714	11	13	11
6543731647185949576	715	11	7	11
6543731647185949576	716	11	11	11
6543731647185949576	717	3	10	2
6543731647185949576	718	9	13	11
6543731647185949576	719	18	18	11
6543731647185949576	720	11	7	11
6543731647185949576	721	0	13	1
6543731647185949576	722	6	6	6
6543731647185949576	723	10	2	14
6543731647185949576	724	13	13	1
6543731647185949576	725	10	14	15
6543731647185949576	726	18	18	13
6543731647185949576	727	5	13	13
6543731647185949576	728	3	14	4
6543731647185949576	729	19	19	19
6543731647185949576	730	10	14	10
6543731647185949576	731	1	13	9
6543731647185949576	732	2	14	14
6543731647185949576	733	1	9	13
6543731647185949576	734	7	13	13
6543731647185949576	735	13	13	1
6543731647185949576	736	2	2	2
6543731647185949576	737	6	6	6
6543731647185949576	738	17	10	19
6543731647185949576	739	2	2	2
6543731647185949576	740	3	2	15
6543731647185949576	741	13	13	9
6543731647185949576	742	11	7	11
6543731647185949576	743	9	9	1
6543731647185949576	744	0	14	17
6543731647185949576	745	0	14	17
6543731647185949576	746	17	0	17
6543731647185949576	747	2	2	2
6543731647185949576	748	12	13	11
6543731647185949576	749	0	1	14
6543731647185949576	750	12	9	7
6543731647185949576	751	4	4	13
6543731647185949576	752	15	1	14
6543731647185949576	753	12	13	12
6543731647185949576	754	10	14	19
6543731647185949576	755	1	9	19
6543731647185949576	756	19	19	10
6543731647185949576	757	3	0	15
6543731647185949576	758	0	10	17
6543731647185949576	759	7	13	0
6543731647185949576	760	19	14	1
6543731647185949576	761	0	14	15
6543731647185949576	762	4	4	4
6543731647185949576	763	0	19	0
6543731647185949576	764	16	16	16
6543731647185949576	765	9	9	1
6543731647185949576	766	15	14	0
6543731647185949576	767	18	18	18
6543731647185949576	768	4	4	4
6543731647185949576	769	2	2	2
6543731647185949576	770	15	2	3
6543731647185949576	771	4	4	9
6543731647185949576	772	0	0	9
6543731647185949576	773	5	13	13
6543731647185949576	774	8	8	8
6543731647185949576	775	12	1	13
6543731647185949576	776	6	6	7
6543731647185949576	777	17	3	15
6543731647185949576	778	19	13	4
6543731647185949576	779	12	16	12
6543731647185949576	780	19	14	10
6543731647185949576	781	10	10	14
6543731647185949576	782	17	0	0
6543731647185949576	783	16	8	16
6543731647185949576	784	7	7	0
6543731647185949576	785	17	10	15
6543731647185949576	786	7	13	5
6543731647185949576	787	15	2	4
6543731647185949576	788	11	7	11
6543731647185949576	789	8	8	8
6543731647185949576	790	5	15	4
6543731647185949576	791	8	8	8
6543731647185949576	792	6	6	16
6543731647185949576	793	18	18	13
6543731647185949576	794	13	13	13
6543731647185949576	795	19	13	4
6543731647185949576	796	5	5	13
6543731647185949576	797	3	2	2
6543731647185949576	798	12	16	12
6543731647185949576	799	12	13	1
6543731647185949576	800	1	9	19
6543731647185949576	801	13	9	13
6543731647185949576	802	7	7	17
6543731647185949576	803	9	9	5
6543731647185949576	804	1	1	1
6543731647185949576	805	0	13	17
6543731647185949576	806	5	5	13
6543731647185949576	807	15	2	14
6543731647185949576	808	13	13	13
6543731647185949576	809	0	0	0
6543731647185949576	810	1	9	13
6543731647185949576	811	11	13	11
6543731647185949576	812	7	13	17
6543731647185949576	813	11	11	11
6543731647185949576	814	1	9	9
6543731647185949576	815	14	14	4
6543731647185949576	816	10	10	15
6543731647185949576	817	1	1	10
6543731647185949576	818	19	1	14
6543731647185949576	819	17	9	1
6543731647185949576	820	17	10	9
6543731647185949576	821	14	16	14
6543731647185949576	822	7	11	0
6543731647185949576	823	11	13	18
6543731647185949576	824	5	18	13
6543731647185949576	825	8	8	8
6543731647185949576	826	2	14	14
6543731647185949576	827	2	14	15
6543731647185949576	828	16	16	16
6543731647185949576	829	9	9	5
6543731647185949576	830	16	16	6
6543731647185949576	831	19	13	4
6543731647185949576	832	2	2	2
6543731647185949576	833	9	13	9
6543731647185949576	834	12	12	7
6543731647185949576	835	17	13	14
6543731647185949576	836	13	13	13
6543731647185949576	837	19	13	17
6543731647185949576	838	16	16	16
6543731647185949576	839	1	7	1
6543731647185949576	840	10	1	17
6543731647185949576	841	17	9	17
6543731647185949576	842	11	13	11
6543731647185949576	843	18	18	13
6543731647185949576	844	11	11	11
6543731647185949576	845	13	13	5
6543731647185949576	846	13	13	13
6543731647185949576	847	3	14	3
6543731647185949576	848	17	2	17
6543731647185949576	849	10	0	19
6543731647185949576	850	18	18	13
6543731647185949576	851	16	16	17
6543731647185949576	852	0	0	17
6543731647185949576	853	16	16	16
6543731647185949576	854	15	2	14
6543731647185949576	855	4	4	2
6543731647185949576	856	5	13	13
6543731647185949576	857	18	18	18
6543731647185949576	858	15	2	14
6543731647185949576	859	3	2	15
6543731647185949576	860	4	4	14
6543731647185949576	861	19	19	19
6543731647185949576	862	2	14	15
6543731647185949576	863	16	8	14
6543731647185949576	864	12	1	17
6543731647185949576	865	5	5	13
6543731647185949576	866	14	14	15
6543731647185949576	867	12	7	7
6543731647185949576	868	11	18	11
6543731647185949576	869	2	14	15
6543731647185949576	870	17	10	17
6543731647185949576	871	2	14	2
6543731647185949576	872	1	19	9
6543731647185949576	873	12	13	12
6543731647185949576	874	14	15	14
6543731647185949576	875	18	18	18
6543731647185949576	876	6	6	0
6543731647185949576	877	9	9	9
6543731647185949576	878	13	13	13
6543731647185949576	879	3	19	15
6543731647185949576	880	0	14	17
6543731647185949576	881	17	13	14
6543731647185949576	882	16	8	16
6543731647185949576	883	2	2	2
6543731647185949576	884	2	2	2
6543731647185949576	885	17	10	17
6543731647185949576	886	2	2	2
6543731647185949576	887	6	6	6
6543731647185949576	888	19	13	1
6543731647185949576	889	18	18	13
6543731647185949576	890	19	13	1
6543731647185949576	891	7	13	7
6543731647185949576	892	17	17	0
6543731647185949576	893	7	13	13
6543731647185949576	894	19	13	4
6543731647185949576	895	18	18	18
6543731647185949576	896	4	4	3
6543731647185949576	897	2	14	7
6543731647185949576	898	1	7	9
6543731647185949576	899	4	4	15
6543731647185949576	900	13	13	11
6543731647185949576	901	12	13	11
6543731647185949576	902	16	16	16
6543731647185949576	903	19	13	15
6543731647185949576	904	11	13	18
6543731647185949576	905	10	10	4
6543731647185949576	906	19	9	0
6543731647185949576	907	12	13	13
6543731647185949576	908	11	11	11
6543731647185949576	909	6	6	6
6543731647185949576	910	2	2	2
6543731647185949576	911	2	14	14
6543731647185949576	912	15	2	13
6543731647185949576	913	8	8	8
6543731647185949576	914	5	18	13
6543731647185949576	915	18	18	13
6543731647185949576	916	14	4	7
6543731647185949576	917	18	18	11
6543731647185949576	918	2	2	2
6543731647185949576	919	15	14	4
6543731647185949576	920	3	2	10
6543731647185949576	921	11	11	11
6543731647185949576	922	10	10	8
6543731647185949576	923	1	13	13
6543731647185949576	924	16	16	16
6543731647185949576	925	15	2	4
6543731647185949576	926	2	2	2
6543731647185949576	927	14	14	14
6543731647185949576	928	9	13	9
6543731647185949576	929	10	2	9
6543731647185949576	930	0	0	17
6543731647185949576	931	8	8	8
6543731647185949576	932	2	2	2
6543731647185949576	933	18	11	4
6543731647185949576	934	18	18	13
6543731647185949576	935	15	14	14
6543731647185949576	936	1	13	9
6543731647185949576	937	11	11	11
6543731647185949576	938	7	13	7
6543731647185949576	939	5	18	13
6543731647185949576	940	19	14	4
6543731647185949576	941	5	18	13
6543731647185949576	942	12	9	12
6543731647185949576	943	10	10	8
6543731647185949576	944	8	8	8
6543731647185949576	945	7	13	7
6543731647185949576	946	19	13	8
6543731647185949576	947	18	18	13
6543731647185949576	948	14	14	15
6543731647185949576	949	10	2	19
6543731647185949576	950	16	8	8
6543731647185949576	951	10	10	19
6543731647185949576	952	18	18	11
6543731647185949576	953	14	13	14
6543731647185949576	954	14	13	14
6543731647185949576	955	17	1	0
6543731647185949576	956	17	10	17
6543731647185949576	957	6	6	6
6543731647185949576	958	10	10	1
6543731647185949576	959	9	13	13
6543731647185949576	960	17	0	8
6543731647185949576	961	7	13	5
6543731647185949576	962	15	2	15
6543731647185949576	963	14	2	14
6543731647185949576	964	11	11	11
6543731647185949576	965	7	13	4
6543731647185949576	966	13	13	1
6543731647185949576	967	8	8	8
6543731647185949576	968	10	4	15
6543731647185949576	969	15	4	0
6543731647185949576	970	3	2	14
6543731647185949576	971	6	6	6
6543731647185949576	972	18	18	18
6543731647185949576	973	19	13	9
6543731647185949576	974	5	13	14
6543731647185949576	975	2	14	15
6543731647185949576	976	12	16	7
6543731647185949576	977	2	2	2
6543731647185949576	978	14	13	14
6543731647185949576	979	3	14	9
6543731647185949576	980	3	8	15
6543731647185949576	981	10	10	1
6543731647185949576	982	2	14	15
6543731647185949576	983	14	0	17
6543731647185949576	984	14	0	14
6543731647185949576	985	15	1	0
6543731647185949576	986	5	18	13
6543731647185949576	987	10	0	13
6543731647185949576	988	4	4	13
6543731647185949576	989	14	0	14
6543731647185949576	990	17	3	17
6543731647185949576	991	13	13	13
6543731647185949576	992	1	9	9
6543731647185949576	993	18	18	13
6543731647185949576	994	19	13	8
6543731647185949576	995	12	7	7
6543731647185949576	996	13	5	13
6543731647185949576	997	16	6	16
6543731647185949576	998	14	0	17
6543731647185949576	999	17	2	0
6543731647185949576	1000	18	18	11
6543731647185949576	1001	13	9	13
6543731647185949576	1002	13	13	13
6543731647185949576	1003	12	12	12
6543731647185949576	1004	10	14	10
6543731647185949576	1005	7	13	0
6543731647185949576	1006	6	6	6
6543731647185949576	1007	17	17	17
6543731647185949576	1008	8	8	8
6543731647185949576	1009	7	7	7
6543731647185949576	1010	0	13	17
6543731647185949576	1011	16	16	16
6543731647185949576	1012	4	4	4
6543731647185949576	1013	9	13	13
6543731647185949576	1014	19	13	19
6543731647185949576	1015	6	6	6
6543731647185949576	1016	15	2	13
6543731647185949576	1017	4	4	13
6543731647185949576	1018	19	14	1
6543731647185949576	1019	5	18	13
6543731647185949576	1020	14	14	2
6543731647185949576	1021	1	13	9
6543731647185949576	1022	3	10	4
6543731647185949576	1023	3	1	14
6543731647185949576	1024	10	10	1
6543731647185949576	1025	9	9	5
6543731647185949576	1026	15	14	15
6543731647185949576	1027	1	9	9
6543731647185949576	1028	9	13	9
6543731647185949576	1029	2	14	14
6543731647185949576	1030	3	2	19
6543731647185949576	1031	6	6	6
6543731647185949576	1032	18	18	11
6543731647185949576	1033	18	18	18
6543731647185949576	1034	7	13	13
6543731647185949576	1035	15	15	15
6543731647185949576	1036	9	9	9
6543731647185949576	1037	5	9	13
6543731647185949576	1038	1	13	5
6543731647185949576	1039	12	11	4
6543731647185949576	1040	9	13	9
6543731647185949576	1041	9	9	9
6543731647185949576	1042	13	13	1
6543731647185949576	1043	16	8	16
6543731647185949576	1044	11	16	11
6543731647185949576	1045	6	6	6
6543731647185949576	1046	1	19	1
6543731647185949576	1047	5	18	13
6543731647185949576	1048	5	13	13
6543731647185949576	1049	12	13	12
6543731647185949576	1050	2	2	2
6543731647185949576	1051	6	6	6
6543731647185949576	1052	11	13	11
6543731647185949576	1053	12	13	13
6543731647185949576	1054	16	8	8
6543731647185949576	1055	10	14	10
6543731647185949576	1056	11	11	11
6543731647185949576	1057	0	0	9
6543731647185949576	1058	7	7	7
6543731647185949576	1059	10	10	0
6543731647185949576	1060	2	14	2
6543731647185949576	1061	6	6	6
6543731647185949576	1062	13	13	13
6543731647185949576	1063	14	14	17
6543731647185949576	1064	16	16	16
6543731647185949576	1065	19	13	14
6543731647185949576	1066	2	14	14
6543731647185949576	1067	18	18	11
6543731647185949576	1068	17	0	15
6543731647185949576	1069	7	13	13
6543731647185949576	1070	4	4	4
6543731647185949576	1071	16	8	8
6543731647185949576	1072	13	13	13
6543731647185949576	1073	8	8	8
6543731647185949576	1074	14	4	14
6543731647185949576	1075	10	10	8
6543731647185949576	1076	4	4	13
6543731647185949576	1077	5	18	13
6543731647185949576	1078	12	5	12
6543731647185949576	1079	0	0	17
6543731647185949576	1080	1	9	19
6543731647185949576	1081	2	2	2
6543731647185949576	1082	11	13	18
6543731647185949576	1083	14	14	4
6543731647185949576	1084	16	8	16
6543731647185949576	1085	3	10	4
6543731647185949576	1086	1	1	14
6543731647185949576	1087	9	13	9
6543731647185949576	1088	10	14	10
6543731647185949576	1089	14	13	14
6543731647185949576	1090	12	13	11
6543731647185949576	1091	5	5	13
6543731647185949576	1092	4	9	14
6543731647185949576	1093	2	2	2
6543731647185949576	1094	6	6	2
6543731647185949576	1095	6	6	16
6543731647185949576	1096	14	0	14
6543731647185949576	1097	10	0	15
6543731647185949576	1098	4	4	4
6543731647185949576	1099	13	13	13
6543731647185949576	1100	18	18	13
6543731647185949576	1101	0	0	17
6543731647185949576	1102	16	6	16
6543731647185949576	1103	2	2	2
6543731647185949576	1104	19	19	10
6543731647185949576	1105	0	13	0
6543731647185949576	1106	8	8	8
6543731647185949576	1107	12	13	13
6543731647185949576	1108	10	10	10
6543731647185949576	1109	19	13	15
6543731647185949576	1110	7	13	7
6543731647185949576	1111	11	16	11
6543731647185949576	1112	13	13	13
6543731647185949576	1113	9	13	9
6543731647185949576	1114	1	1	14
6543731647185949576	1115	14	14	3
6543731647185949576	1116	0	0	7
6543731647185949576	1117	0	0	0
6543731647185949576	1118	1	13	13
6543731647185949576	1119	19	19	19
6543731647185949576	1120	12	13	11
6543731647185949576	1121	10	2	19
6543731647185949576	1122	6	6	6
6543731647185949576	1123	6	6	6
6543731647185949576	1124	17	2	17
6543731647185949576	1125	9	13	9
6543731647185949576	1126	18	18	13
6543731647185949576	1127	4	4	4
6543731647185949576	1128	10	10	1
6543731647185949576	1129	5	18	13
6543731647185949576	1130	18	18	18
6543731647185949576	1131	16	6	6
6543731647185949576	1132	15	2	4
6543731647185949576	1133	1	13	1
6543731647185949576	1134	11	11	11
6543731647185949576	1135	16	16	16
6543731647185949576	1136	8	8	8
6543731647185949576	1137	11	9	13
6543731647185949576	1138	11	13	13
6543731647185949576	1139	5	9	13
6543731647185949576	1140	1	9	13
6543731647185949576	1141	1	13	4
6543731647185949576	1142	4	4	4
6543731647185949576	1143	8	8	16
6543731647185949576	1144	11	13	11
6543731647185949576	1145	18	18	11
6543731647185949576	1146	14	0	11
6543731647185949576	1147	0	4	17
6543731647185949576	1148	18	18	13
6543731647185949576	1149	5	18	13
6543731647185949576	1150	15	14	15
6543731647185949576	1151	17	0	8
6543731647185949576	1152	14	14	3
6543731647185949576	1153	16	16	6
6543731647185949576	1154	13	9	13
6543731647185949576	1155	8	2	13
6543731647185949576	1156	13	13	13
6543731647185949576	1157	17	17	17
6543731647185949576	1158	11	13	11
6543731647185949576	1159	0	13	17
6543731647185949576	1160	18	18	18
6543731647185949576	1161	7	11	11
6543731647185949576	1162	18	18	11
6543731647185949576	1163	19	13	11
6543731647185949576	1164	6	6	6
6543731647185949576	1165	18	18	18
6543731647185949576	1166	10	0	10
6543731647185949576	1167	16	16	16
6543731647185949576	1168	12	5	12
6543731647185949576	1169	0	7	6
6543731647185949576	1170	13	13	9
6543731647185949576	1171	3	3	15
6543731647185949576	1172	19	13	1
6543731647185949576	1173	0	0	17
6543731647185949576	1174	16	16	16
6543731647185949576	1175	8	8	13
6543731647185949576	1176	4	4	13
6543731647185949576	1177	17	0	1
6543731647185949576	1178	8	8	8
6543731647185949576	1179	6	6	6
6543731647185949576	1180	7	13	13
6543731647185949576	1181	8	8	8
6543731647185949576	1182	10	14	19
6543731647185949576	1183	5	5	13
6543731647185949576	1184	10	10	0
6543731647185949576	1185	18	18	13
6543731647185949576	1186	18	18	13
6543731647185949576	1187	9	13	13
6543731647185949576	1188	15	2	14
6543731647185949576	1189	18	18	18
6543731647185949576	1190	19	1	10
6543731647185949576	1191	5	5	13
6543731647185949576	1192	13	13	1
6543731647185949576	1193	18	18	11
6543731647185949576	1194	13	13	13
6543731647185949576	1195	0	13	17
6543731647185949576	1196	17	9	0
6543731647185949576	1197	5	5	11
6543731647185949576	1198	4	4	15
6543731647185949576	1199	16	16	16
6543731647185949576	1200	17	10	15
6543731647185949576	1201	6	6	6
6543731647185949576	1202	9	13	13
6543731647185949576	1203	18	18	11
6543731647185949576	1204	14	13	14
6543731647185949576	1205	16	6	8
6543731647185949576	1206	12	13	13
6543731647185949576	1207	18	18	13
6543731647185949576	1208	14	14	15
6543731647185949576	1209	3	14	4
6543731647185949576	1210	8	8	8
6543731647185949576	1211	2	2	2
6543731647185949576	1212	14	4	4
6543731647185949576	1213	10	1	9
6543731647185949576	1214	13	13	17
6543731647185949576	1215	7	13	13
6543731647185949576	1216	15	2	4
6543731647185949576	1217	3	2	3
6543731647185949576	1218	13	13	13
6543731647185949576	1219	10	14	14
6543731647185949576	1220	3	2	3
6543731647185949576	1221	15	2	2
6543731647185949576	1222	5	13	9
6543731647185949576	1223	16	16	6
6543731647185949576	1224	1	13	13
6543731647185949576	1225	1	9	19
6543731647185949576	1226	6	6	16
6543731647185949576	1227	11	4	4
6543731647185949576	1228	0	0	11
6543731647185949576	1229	5	18	13
6543731647185949576	1230	5	5	13
6543731647185949576	1231	6	6	6
6543731647185949576	1232	15	2	15
6543731647185949576	1233	13	13	1
6543731647185949576	1234	7	13	0
6543731647185949576	1235	18	18	18
6543731647185949576	1236	1	13	9
6543731647185949576	1237	2	2	2
6543731647185949576	1238	3	14	15
6543731647185949576	1239	7	13	12
6543731647185949576	1240	18	18	18
6543731647185949576	1241	10	14	10
6543731647185949576	1242	18	18	11
6543731647185949576	1243	3	14	14
6543731647185949576	1244	19	4	9
6543731647185949576	1245	11	7	11
6543731647185949576	1246	12	12	7
6543731647185949576	1247	4	4	13
6543731647185949576	1248	14	14	14
6543731647185949576	1249	7	9	7
6543731647185949576	1250	0	0	8
6543731647185949576	1251	7	13	0
6543731647185949576	1252	5	5	13
6543731647185949576	1253	3	14	15
6543731647185949576	1254	5	18	13
6543731647185949576	1255	2	2	2
6543731647185949576	1256	7	13	0
6543731647185949576	1257	3	14	14
6543731647185949576	1258	7	13	13
6543731647185949576	1259	13	9	13
6543731647185949576	1260	11	13	5
6543731647185949576	1261	11	13	11
6543731647185949576	1262	8	8	8
6543731647185949576	1263	7	13	11
6543731647185949576	1264	16	8	8
6543731647185949576	1265	10	10	19
6543731647185949576	1266	15	15	11
6543731647185949576	1267	15	2	15
6543731647185949576	1268	1	1	17
6543731647185949576	1269	14	13	2
6543731647185949576	1270	3	17	17
6543731647185949576	1271	13	13	9
6543731647185949576	1272	1	0	19
6543731647185949576	1273	4	4	1
6543731647185949576	1274	12	13	13
6543731647185949576	1275	7	7	0
6543731647185949576	1276	1	1	19
6543731647185949576	1277	13	13	13
6543731647185949576	1278	17	10	17
6543731647185949576	1279	6	6	6
6543731647185949576	1280	10	14	19
6543731647185949576	1281	6	6	6
6543731647185949576	1282	1	13	9
6543731647185949576	1283	19	13	0
6543731647185949576	1284	13	13	13
6543731647185949576	1285	11	7	11
6543731647185949576	1286	4	4	15
6543731647185949576	1287	19	13	13
6543731647185949576	1288	16	8	16
6543731647185949576	1289	16	8	8
6543731647185949576	1290	11	11	11
6543731647185949576	1291	10	14	1
6543731647185949576	1292	0	13	1
6543731647185949576	1293	16	16	16
6543731647185949576	1294	1	7	19
6543731647185949576	1295	8	8	8
6543731647185949576	1296	16	8	8
6543731647185949576	1297	12	12	7
6543731647185949576	1298	10	14	10
6543731647185949576	1299	0	13	17
6543731647185949576	1300	5	18	13
6543731647185949576	1301	8	8	8
6543731647185949576	1302	6	6	6
6543731647185949576	1303	9	9	9
6543731647185949576	1304	6	6	6
6543731647185949576	1305	13	9	13
6543731647185949576	1306	9	13	11
6543731647185949576	1307	10	14	10
6543731647185949576	1308	15	2	15
6543731647185949576	1309	10	10	8
6543731647185949576	1310	14	4	14
6543731647185949576	1311	6	6	6
6543731647185949576	1312	19	13	14
6543731647185949576	1313	15	14	4
6543731647185949576	1314	12	13	13
6543731647185949576	1315	8	8	8
6543731647185949576	1316	13	13	1
6543731647185949576	1317	17	7	15
6543731647185949576	1318	12	13	13
6543731647185949576	1319	9	13	13
6543731647185949576	1320	7	13	11
6543731647185949576	1321	6	6	6
6543731647185949576	1322	8	8	2
6543731647185949576	1323	14	13	16
6543731647185949576	1324	2	2	2
6543731647185949576	1325	18	18	18
6543731647185949576	1326	1	9	1
6543731647185949576	1327	7	13	13
6543731647185949576	1328	7	13	5
6543731647185949576	1329	15	15	14
6543731647185949576	1330	3	14	15
6543731647185949576	1331	6	6	6
6543731647185949576	1332	12	16	12
6543731647185949576	1333	2	10	14
6543731647185949576	1334	19	13	8
6543731647185949576	1335	3	15	4
6543731647185949576	1336	5	5	13
6543731647185949576	1337	14	0	14
6543731647185949576	1338	6	6	6
6543731647185949576	1339	19	13	9
6543731647185949576	1340	12	7	17
6543731647185949576	1341	10	14	10
6543731647185949576	1342	17	0	1
6543731647185949576	1343	10	14	0
6543731647185949576	1344	13	13	13
6543731647185949576	1345	14	14	14
6543731647185949576	1346	4	4	9
6543731647185949576	1347	11	11	18
6543731647185949576	1348	18	18	18
6543731647185949576	1349	11	13	11
6543731647185949576	1350	14	14	4
6543731647185949576	1351	2	14	15
6543731647185949576	1352	17	17	9
6543731647185949576	1353	18	18	13
6543731647185949576	1354	0	0	17
6543731647185949576	1355	3	17	17
6543731647185949576	1356	8	8	8
6543731647185949576	1357	17	9	0
6543731647185949576	1358	2	2	2
6543731647185949576	1359	18	18	11
6543731647185949576	1360	1	13	13
6543731647185949576	1361	7	13	12
6543731647185949576	1362	4	4	13
6543731647185949576	1363	10	0	1
6543731647185949576	1364	8	8	8
6543731647185949576	1365	9	9	9
6543731647185949576	1366	3	2	14
6543731647185949576	1367	3	10	3
6543731647185949576	1368	1	13	9
6543731647185949576	1369	6	6	6
6543731647185949576	1370	15	14	8
6543731647185949576	1371	14	0	15
6543731647185949576	1372	12	13	7
6543731647185949576	1373	10	14	3
6543731647185949576	1374	16	8	16
6543731647185949576	1375	11	13	13
6543731647185949576	1376	3	8	3
6543731647185949576	1377	8	8	8
6543731647185949576	1378	0	13	17
6543731647185949576	1379	15	14	4
6543731647185949576	1380	7	13	13
6543731647185949576	1381	8	8	8
6543731647185949576	1382	15	2	4
6543731647185949576	1383	9	13	9
6543731647185949576	1384	0	14	17
6543731647185949576	1385	17	17	0
6543731647185949576	1386	18	18	18
6543731647185949576	1387	3	2	10
6543731647185949576	1388	1	9	1
6543731647185949576	1389	0	14	17
6543731647185949576	1390	4	4	13
6543731647185949576	1391	1	13	13
6543731647185949576	1392	15	14	6
6543731647185949576	1393	16	16	16
6543731647185949576	1394	9	13	13
6543731647185949576	1395	9	13	9
6543731647185949576	1396	14	14	14
6543731647185949576	1397	3	17	15
6543731647185949576	1398	5	18	13
6543731647185949576	1399	6	6	6
6543731647185949576	1400	3	19	4
6543731647185949576	1401	16	16	16
6543731647185949576	1402	6	6	16
6543731647185949576	1403	18	18	18
6543731647185949576	1404	16	16	8
6543731647185949576	1405	12	13	7
6543731647185949576	1406	6	6	16
6543731647185949576	1407	3	2	7
6543731647185949576	1408	7	13	4
6543731647185949576	1409	13	13	13
6543731647185949576	1410	19	13	8
6543731647185949576	1411	10	0	10
6543731647185949576	1412	11	13	13
6543731647185949576	1413	19	14	10
6543731647185949576	1414	9	9	9
6543731647185949576	1415	15	14	6
6543731647185949576	1416	0	0	0
6543731647185949576	1417	14	15	14
6543731647185949576	1418	12	7	7
6543731647185949576	1419	8	8	8
6543731647185949576	1420	19	13	0
6543731647185949576	1421	12	12	7
6543731647185949576	1422	9	13	9
6543731647185949576	1423	17	0	0
6543731647185949576	1424	1	13	9
6543731647185949576	1425	17	17	0
6543731647185949576	1426	8	8	8
6543731647185949576	1427	13	13	13
6543731647185949576	1428	0	13	0
6543731647185949576	1429	2	14	4
6543731647185949576	1430	16	13	16
6543731647185949576	1431	11	13	13
6543731647185949576	1432	18	18	13
6543731647185949576	1433	14	4	10
6543731647185949576	1434	2	2	2
6543731647185949576	1435	9	9	9
6543731647185949576	1436	15	15	16
6543731647185949576	1437	15	1	4
6543731647185949576	1438	0	13	17
6543731647185949576	1439	14	0	4
6543731647185949576	1440	5	13	13
6543731647185949576	1441	0	0	17
6543731647185949576	1442	17	2	17
6543731647185949576	1443	1	13	9
6543731647185949576	1444	15	2	4
6543731647185949576	1445	4	4	13
6543731647185949576	1446	5	9	13
6543731647185949576	1447	3	2	19
6543731647185949576	1448	3	15	15
6543731647185949576	1449	9	9	9
6543731647185949576	1450	3	0	15
6543731647185949576	1451	12	13	11
6543731647185949576	1452	14	4	14
6543731647185949576	1453	0	2	3
6543731647185949576	1454	3	15	15
6543731647185949576	1455	0	0	17
6543731647185949576	1456	7	13	2
6543731647185949576	1457	19	19	19
6543731647185949576	1458	1	1	14
6543731647185949576	1459	11	11	11
6543731647185949576	1460	17	0	17
6543731647185949576	1461	4	4	4
6543731647185949576	1462	15	2	2
6543731647185949576	1463	15	2	15
6543731647185949576	1464	12	5	7
6543731647185949576	1465	10	0	8
6543731647185949576	1466	18	18	11
6543731647185949576	1467	16	11	16
6543731647185949576	1468	10	10	15
6543731647185949576	1469	16	9	16
6543731647185949576	1470	6	6	6
6543731647185949576	1471	5	13	4
6543731647185949576	1472	17	10	7
6543731647185949576	1473	14	14	14
6543731647185949576	1474	4	4	4
6543731647185949576	1475	13	13	4
6543731647185949576	1476	10	4	10
6543731647185949576	1477	7	0	0
6543731647185949576	1478	6	6	6
6543731647185949576	1479	4	4	13
6543731647185949576	1480	11	13	11
6543731647185949576	1481	10	2	3
6543731647185949576	1482	15	15	4
6543731647185949576	1483	16	11	16
6543731647185949576	1484	12	12	7
6543731647185949576	1485	3	14	14
6543731647185949576	1486	4	4	13
6543731647185949576	1487	0	0	17
6543731647185949576	1488	15	15	15
6543731647185949576	1489	4	4	13
6543731647185949576	1490	9	13	1
6543731647185949576	1491	3	14	15
6543731647185949576	1492	7	13	7
6543731647185949576	1493	1	19	9
6543731647185949576	1494	15	2	15
6543731647185949576	1495	2	14	2
6543731647185949576	1496	11	11	11
6543731647185949576	1497	13	9	13
6543731647185949576	1498	4	4	13
6543731647185949576	1499	5	13	13
6543731647185949576	1500	2	14	15
6543731647185949576	1501	18	18	13
6543731647185949576	1502	8	8	8
6543731647185949576	1503	0	0	0
6543731647185949576	1504	15	1	15
6543731647185949576	1505	11	7	11
6543731647185949576	1506	15	15	11
6543731647185949576	1507	14	2	17
6543731647185949576	1508	7	13	4
6543731647185949576	1509	18	18	13
6543731647185949576	1510	11	13	11
6543731647185949576	1511	16	16	0
6543731647185949576	1512	1	9	9
6543731647185949576	1513	19	13	13
6543731647185949576	1514	10	10	1
6543731647185949576	1515	10	13	14
6543731647185949576	1516	14	14	14
6543731647185949576	1517	16	16	16
6543731647185949576	1518	8	8	8
6543731647185949576	1519	1	1	1
6543731647185949576	1520	9	9	9
6543731647185949576	1521	11	13	11
6543731647185949576	1522	10	10	15
6543731647185949576	1523	18	18	13
6543731647185949576	1524	3	2	4
6543731647185949576	1525	11	11	13
6543731647185949576	1526	10	10	0
6543731647185949576	1527	8	8	8
6543731647185949576	1528	10	10	8
6543731647185949576	1529	18	18	18
6543731647185949576	1530	6	6	6
6543731647185949576	1531	6	6	0
6543731647185949576	1532	1	13	13
6543731647185949576	1533	4	1	15
6543731647185949576	1534	5	13	13
6543731647185949576	1535	12	12	7
6543731647185949576	1536	4	4	15
6543731647185949576	1537	19	19	19
6543731647185949576	1538	10	14	19
6543731647185949576	1539	14	13	17
6543731647185949576	1540	6	16	6
6543731647185949576	1541	3	14	14
6543731647185949576	1542	19	13	8
6543731647185949576	1543	12	13	12
6543731647185949576	1544	19	4	10
6543731647185949576	1545	1	1	1
6543731647185949576	1546	6	6	16
6543731647185949576	1547	16	8	16
6543731647185949576	1548	3	14	15
6543731647185949576	1549	15	2	14
6543731647185949576	1550	16	6	6
6543731647185949576	1551	2	2	14
6543731647185949576	1552	11	7	5
6543731647185949576	1553	1	13	9
6543731647185949576	1554	14	14	14
6543731647185949576	1555	8	8	8
6543731647185949576	1556	7	1	7
6543731647185949576	1557	12	13	13
6543731647185949576	1558	16	16	16
6543731647185949576	1559	18	18	13
6543731647185949576	1560	4	4	15
6543731647185949576	1561	19	9	10
6543731647185949576	1562	15	15	15
6543731647185949576	1563	7	7	12
6543731647185949576	1564	12	12	12
6543731647185949576	1565	10	10	0
6543731647185949576	1566	18	18	13
6543731647185949576	1567	2	14	15
6543731647185949576	1568	19	4	3
6543731647185949576	1569	18	18	18
6543731647185949576	1570	13	5	13
6543731647185949576	1571	15	14	15
6543731647185949576	1572	2	14	14
6543731647185949576	1573	0	13	1
6543731647185949576	1574	1	7	9
6543731647185949576	1575	13	13	8
6543731647185949576	1576	12	13	12
6543731647185949576	1577	17	10	19
6543731647185949576	1578	6	6	6
6543731647185949576	1579	9	13	9
6543731647185949576	1580	11	5	13
6543731647185949576	1581	13	13	1
6543731647185949576	1582	6	6	0
6543731647185949576	1583	19	1	10
6543731647185949576	1584	14	14	14
6543731647185949576	1585	15	4	14
6543731647185949576	1586	15	15	6
6543731647185949576	1587	4	4	15
6543731647185949576	1588	8	8	8
6543731647185949576	1589	5	18	13
6543731647185949576	1590	9	13	13
6543731647185949576	1591	18	18	13
6543731647185949576	1592	6	6	6
6543731647185949576	1593	13	13	13
6543731647185949576	1594	17	10	14
6543731647185949576	1595	11	13	11
6543731647185949576	1596	13	13	13
6543731647185949576	1597	7	7	7
6543731647185949576	1598	9	13	9
6543731647185949576	1599	9	13	9
6543731647185949576	1600	16	8	8
6543731647185949576	1601	17	10	15
6543731647185949576	1602	3	14	4
6543731647185949576	1603	4	4	4
6543731647185949576	1604	14	0	15
6543731647185949576	1605	10	2	10
6543731647185949576	1606	4	4	13
6543731647185949576	1607	10	0	0
6543731647185949576	1608	18	18	18
6543731647185949576	1609	10	14	15
6543731647185949576	1610	17	10	17
6543731647185949576	1611	18	18	13
6543731647185949576	1612	8	8	2
6543731647185949576	1613	18	18	18
6543731647185949576	1614	4	4	15
6543731647185949576	1615	19	10	9
6543731647185949576	1616	5	13	13
6543731647185949576	1617	7	13	12
6543731647185949576	1618	14	13	4
6543731647185949576	1619	10	0	10
6543731647185949576	1620	6	6	6
6543731647185949576	1621	9	13	11
6543731647185949576	1622	16	16	16
6543731647185949576	1623	3	2	17
6543731647185949576	1624	11	9	11
6543731647185949576	1625	19	14	10
6543731647185949576	1626	17	13	17
6543731647185949576	1627	11	13	13
6543731647185949576	1628	5	18	13
6543731647185949576	1629	10	2	3
6543731647185949576	1630	1	1	15
6543731647185949576	1631	5	13	13
6543731647185949576	1632	17	17	17
6543731647185949576	1633	12	12	12
6543731647185949576	1634	8	8	8
6543731647185949576	1635	2	2	2
6543731647185949576	1636	4	4	13
6543731647185949576	1637	17	0	17
6543731647185949576	1638	9	13	1
6543731647185949576	1639	9	13	13
6543731647185949576	1640	4	4	13
6543731647185949576	1641	16	8	16
6543731647185949576	1642	8	8	8
6543731647185949576	1643	9	13	9
6543731647185949576	1644	4	4	13
6543731647185949576	1645	1	1	1
6543731647185949576	1646	5	18	5
6543731647185949576	1647	7	13	7
6543731647185949576	1648	19	13	13
6543731647185949576	1649	9	11	9
6543731647185949576	1650	1	9	1
6543731647185949576	1651	11	11	11
6543731647185949576	1652	4	4	13
6543731647185949576	1653	4	4	4
6543731647185949576	1654	3	10	14
6543731647185949576	1655	16	11	0
6543731647185949576	1656	12	13	13
6543731647185949576	1657	15	2	14
6543731647185949576	1658	4	4	14
6543731647185949576	1659	0	13	17
6543731647185949576	1660	15	2	15
6543731647185949576	1661	5	18	13
6543731647185949576	1662	5	13	11
6543731647185949576	1663	10	10	14
6543731647185949576	1664	5	18	13
6543731647185949576	1665	11	13	11
6543731647185949576	1666	12	7	7
6543731647185949576	1667	6	6	6
6543731647185949576	1668	4	0	8
6543731647185949576	1669	14	14	14
6543731647185949576	1670	7	13	0
6543731647185949576	1671	12	5	12
6543731647185949576	1672	3	2	11
6543731647185949576	1673	8	8	8
6543731647185949576	1674	8	8	11
6543731647185949576	1675	8	8	8
6543731647185949576	1676	5	9	9
6543731647185949576	1677	3	2	1
6543731647185949576	1678	17	9	17
6543731647185949576	1679	1	0	17
6543731647185949576	1680	4	4	14
6543731647185949576	1681	6	6	6
6543731647185949576	1682	18	18	13
6543731647185949576	1683	14	13	16
6543731647185949576	1684	14	14	2
6543731647185949576	1685	17	7	0
6543731647185949576	1686	12	11	13
6543731647185949576	1687	8	8	8
6543731647185949576	1688	5	18	13
6543731647185949576	1689	13	13	13
6543731647185949576	1690	10	10	10
6543731647185949576	1691	11	13	13
6543731647185949576	1692	10	2	10
6543731647185949576	1693	2	14	2
6543731647185949576	1694	1	1	13
6543731647185949576	1695	11	13	11
6543731647185949576	1696	6	6	6
6543731647185949576	1697	4	0	8
6543731647185949576	1698	16	8	16
6543731647185949576	1699	18	18	18
6543731647185949576	1700	11	13	11
6543731647185949576	1701	17	10	15
6543731647185949576	1702	13	13	13
6543731647185949576	1703	0	0	17
6543731647185949576	1704	7	7	17
6543731647185949576	1705	8	8	8
6543731647185949576	1706	14	14	14
6543731647185949576	1707	19	4	19
6543731647185949576	1708	18	18	18
6543731647185949576	1709	0	13	0
6543731647185949576	1710	14	0	4
6543731647185949576	1711	7	13	7
6543731647185949576	1712	1	1	1
6543731647185949576	1713	10	10	15
6543731647185949576	1714	0	13	0
6543731647185949576	1715	8	8	8
6543731647185949576	1716	9	13	1
6543731647185949576	1717	15	2	15
6543731647185949576	1718	11	13	11
6543731647185949576	1719	17	9	19
6543731647185949576	1720	15	14	14
6543731647185949576	1721	12	12	7
6543731647185949576	1722	6	6	6
6543731647185949576	1723	10	10	19
6543731647185949576	1724	19	9	9
6543731647185949576	1725	3	14	15
6543731647185949576	1726	6	6	6
6543731647185949576	1727	11	13	11
6543731647185949576	1728	19	9	1
6543731647185949576	1729	0	0	0
6543731647185949576	1730	13	13	1
6543731647185949576	1731	5	5	13
6543731647185949576	1732	3	2	1
6543731647185949576	1733	16	8	8
6543731647185949576	1734	5	5	13
6543731647185949576	1735	10	9	4
6543731647185949576	1736	14	13	14
6543731647185949576	1737	16	6	16
6543731647185949576	1738	1	13	9
6543731647185949576	1739	16	8	8
6543731647185949576	1740	9	13	9
6543731647185949576	1741	6	6	6
6543731647185949576	1742	16	6	6
6543731647185949576	1743	7	7	17
6543731647185949576	1744	4	4	4
6543731647185949576	1745	10	10	19
6543731647185949576	1746	14	14	16
6543731647185949576	1747	3	2	14
6543731647185949576	1748	18	11	18
6543731647185949576	1749	13	13	13
6543731647185949576	1750	0	0	17
6543731647185949576	1751	19	4	10
6543731647185949576	1752	5	18	5
6543731647185949576	1753	16	8	8
6543731647185949576	1754	8	8	8
6543731647185949576	1755	8	8	8
6543731647185949576	1756	5	9	13
6543731647185949576	1757	6	6	16
6543731647185949576	1758	8	8	8
6543731647185949576	1759	14	14	14
6543731647185949576	1760	18	18	13
6543731647185949576	1761	6	6	16
6543731647185949576	1762	1	13	13
6543731647185949576	1763	6	6	6
6543731647185949576	1764	4	4	14
6543731647185949576	1765	11	13	13
6543731647185949576	1766	8	2	15
6543731647185949576	1767	13	13	13
6543731647185949576	1768	2	10	2
6543731647185949576	1769	16	16	17
6543731647185949576	1770	16	6	13
6543731647185949576	1771	10	14	19
6543731647185949576	1772	16	16	6
6543731647185949576	1773	2	14	14
6543731647185949576	1774	16	8	16
6543731647185949576	1775	16	16	0
6543731647185949576	1776	8	8	8
6543731647185949576	1777	1	13	13
6543731647185949576	1778	10	10	10
6543731647185949576	1779	15	14	14
6543731647185949576	1780	4	19	4
6543731647185949576	1781	17	10	15
6543731647185949576	1782	3	10	15
6543731647185949576	1783	17	9	1
6543731647185949576	1784	8	8	8
6543731647185949576	1785	11	13	11
6543731647185949576	1786	12	13	11
6543731647185949576	1787	8	16	14
6543731647185949576	1788	10	1	1
6543731647185949576	1789	15	15	7
6543731647185949576	1790	2	14	14
6543731647185949576	1791	8	8	8
6543731647185949576	1792	15	14	14
6543731647185949576	1793	0	14	17
6543731647185949576	1794	17	10	17
6543731647185949576	1795	2	14	14
6543731647185949576	1796	13	9	13
6543731647185949576	1797	13	13	13
6543731647185949576	1798	15	2	4
6543731647185949576	1799	2	2	2
6543731647185949576	1800	8	8	8
6543731647185949576	1801	18	18	11
6543731647185949576	1802	4	4	13
6543731647185949576	1803	17	10	17
6543731647185949576	1804	7	13	13
6543731647185949576	1805	18	18	18
6543731647185949576	1806	19	14	10
6543731647185949576	1807	17	2	0
6543731647185949576	1808	7	11	11
6543731647185949576	1809	4	4	4
6543731647185949576	1810	0	14	17
6543731647185949576	1811	17	0	1
6543731647185949576	1812	13	13	13
6543731647185949576	1813	11	7	11
6543731647185949576	1814	15	15	15
6543731647185949576	1815	5	9	13
6543731647185949576	1816	5	18	13
6543731647185949576	1817	17	9	17
6543731647185949576	1818	13	13	3
6543731647185949576	1819	5	13	4
6543731647185949576	1820	18	18	13
6543731647185949576	1821	6	6	16
6543731647185949576	1822	9	11	9
6543731647185949576	1823	8	8	8
6543731647185949576	1824	16	16	16
6543731647185949576	1825	18	18	13
6543731647185949576	1826	5	18	13
6543731647185949576	1827	5	13	13
6543731647185949576	1828	9	13	9
6543731647185949576	1829	2	2	2
6543731647185949576	1830	0	13	14
6543731647185949576	1831	6	6	6
6543731647185949576	1832	14	13	2
6543731647185949576	1833	8	8	8
6543731647185949576	1834	15	2	8
6543731647185949576	1835	2	2	2
6543731647185949576	1836	0	13	17
6543731647185949576	1837	9	13	9
6543731647185949576	1838	0	0	1
6543731647185949576	1839	4	4	5
6543731647185949576	1840	9	13	13
6543731647185949576	1841	16	16	16
6543731647185949576	1842	7	13	13
6543731647185949576	1843	2	2	2
6543731647185949576	1844	4	4	2
6543731647185949576	1845	7	13	13
6543731647185949576	1846	11	11	11
6543731647185949576	1847	7	13	4
6543731647185949576	1848	19	14	9
6543731647185949576	1849	17	9	17
6543731647185949576	1850	1	1	15
6543731647185949576	1851	12	13	13
6543731647185949576	1852	0	0	17
6543731647185949576	1853	12	13	13
6543731647185949576	1854	1	13	9
6543731647185949576	1855	14	14	4
6543731647185949576	1856	15	2	6
6543731647185949576	1857	14	0	15
6543731647185949576	1858	6	6	6
6543731647185949576	1859	18	18	13
6543731647185949576	1860	17	17	0
6543731647185949576	1861	13	13	13
6543731647185949576	1862	18	13	11
6543731647185949576	1863	13	13	9
6543731647185949576	1864	18	18	13
6543731647185949576	1865	17	1	17
6543731647185949576	1866	15	2	2
6543731647185949576	1867	14	0	14
6543731647185949576	1868	3	10	17
6543731647185949576	1869	2	2	2
6543731647185949576	1870	19	13	19
6543731647185949576	1871	15	14	16
6543731647185949576	1872	12	13	13
6543731647185949576	1873	12	13	1
6543731647185949576	1874	17	10	19
6543731647185949576	1875	13	18	13
6543731647185949576	1876	18	18	13
6543731647185949576	1877	2	2	2
6543731647185949576	1878	10	10	8
6543731647185949576	1879	14	14	2
6543731647185949576	1880	4	4	13
6543731647185949576	1881	8	8	8
6543731647185949576	1882	11	13	11
6543731647185949576	1883	19	13	1
6543731647185949576	1884	17	17	17
6543731647185949576	1885	19	13	1
6543731647185949576	1886	3	2	13
6543731647185949576	1887	15	2	8
6543731647185949576	1888	13	13	1
6543731647185949576	1889	11	7	11
6543731647185949576	1890	16	8	8
6543731647185949576	1891	12	13	13
6543731647185949576	1892	5	5	13
6543731647185949576	1893	7	7	7
6543731647185949576	1894	14	14	14
6543731647185949576	1895	13	13	1
6543731647185949576	1896	13	13	13
6543731647185949576	1897	7	13	13
6543731647185949576	1898	15	14	14
6543731647185949576	1899	15	2	2
6543731647185949576	1900	16	16	17
6543731647185949576	1901	4	4	13
6543731647185949576	1902	14	14	15
6543731647185949576	1903	2	14	2
6543731647185949576	1904	7	13	13
6543731647185949576	1905	10	2	15
6543731647185949576	1906	4	4	12
6543731647185949576	1907	12	5	7
6543731647185949576	1908	7	13	13
6543731647185949576	1909	0	13	17
6543731647185949576	1910	10	10	14
6543731647185949576	1911	7	13	13
6543731647185949576	1912	5	5	13
6543731647185949576	1913	12	5	12
6543731647185949576	1914	8	8	8
6543731647185949576	1915	5	1	4
6543731647185949576	1916	4	4	13
6543731647185949576	1917	3	14	9
6543731647185949576	1918	9	9	9
6543731647185949576	1919	6	6	16
6543731647185949576	1920	0	14	17
6543731647185949576	1921	4	4	13
6543731647185949576	1922	4	4	4
6543731647185949576	1923	3	2	19
6543731647185949576	1924	9	13	9
6543731647185949576	1925	14	13	2
6543731647185949576	1926	5	5	13
6543731647185949576	1927	13	9	13
6543731647185949576	1928	9	13	13
6543731647185949576	1929	11	13	13
6543731647185949576	1930	13	9	5
6543731647185949576	1931	2	2	2
6543731647185949576	1932	0	13	0
6543731647185949576	1933	11	7	11
6543731647185949576	1934	1	9	9
6543731647185949576	1935	11	10	11
6543731647185949576	1936	3	10	14
6543731647185949576	1937	19	19	19
6543731647185949576	1938	0	0	17
6543731647185949576	1939	7	13	13
6543731647185949576	1940	11	11	18
6543731647185949576	1941	17	9	17
6543731647185949576	1942	7	13	0
6543731647185949576	1943	15	2	8
6543731647185949576	1944	11	13	11
6543731647185949576	1945	18	18	13
6543731647185949576	1946	13	9	13
6543731647185949576	1947	3	2	15
6543731647185949576	1948	1	13	13
6543731647185949576	1949	18	18	11
6543731647185949576	1950	16	16	16
6543731647185949576	1951	14	2	3
6543731647185949576	1952	9	13	13
6543731647185949576	1953	0	14	17
6543731647185949576	1954	1	1	9
6543731647185949576	1955	13	13	13
6543731647185949576	1956	8	8	8
6543731647185949576	1957	17	0	17
6543731647185949576	1958	0	13	0
6543731647185949576	1959	10	14	10
6543731647185949576	1960	18	18	13
6543731647185949576	1961	3	2	3
6543731647185949576	1962	14	14	3
6543731647185949576	1963	12	18	12
6543731647185949576	1964	9	13	9
6543731647185949576	1965	7	13	12
6543731647185949576	1966	10	2	19
6543731647185949576	1967	0	7	7
6543731647185949576	1968	11	13	13
6543731647185949576	1969	10	14	10
6543731647185949576	1970	14	13	14
6543731647185949576	1971	5	9	13
6543731647185949576	1972	4	4	14
6543731647185949576	1973	2	2	2
6543731647185949576	1974	6	6	0
6543731647185949576	1975	15	2	7
6543731647185949576	1976	14	14	8
6543731647185949576	1977	16	8	8
6543731647185949576	1978	2	2	2
6543731647185949576	1979	11	13	11
6543731647185949576	1980	4	4	4
6543731647185949576	1981	4	4	13
6543731647185949576	1982	19	1	19
6543731647185949576	1983	2	2	2
6543731647185949576	1984	4	4	13
6543731647185949576	1985	15	2	13
6543731647185949576	1986	9	9	5
6543731647185949576	1987	18	18	18
6543731647185949576	1988	18	18	13
6543731647185949576	1989	17	17	15
6543731647185949576	1990	0	17	17
6543731647185949576	1991	16	8	8
6543731647185949576	1992	2	2	2
6543731647185949576	1993	15	8	4
6543731647185949576	1994	11	11	11
6543731647185949576	1995	18	18	13
6543731647185949576	1996	12	13	13
6543731647185949576	1997	17	2	14
6543731647185949576	1998	9	13	9
6543731647185949576	1999	15	14	4
6543731647185949576	2000	17	17	17
6543731647185949576	2001	9	9	9
6543731647185949576	2002	6	6	6
6543731647185949576	2003	11	7	11
6543731647185949576	2004	14	14	14
6543731647185949576	2005	5	18	13
6543731647185949576	2006	18	18	18
6543731647185949576	2007	19	9	1
6543731647185949576	2008	5	9	11
6543731647185949576	2009	12	5	11
6543731647185949576	2010	13	13	13
6543731647185949576	2011	1	9	9
6543731647185949576	2012	7	13	7
6543731647185949576	2013	7	13	11
6543731647185949576	2014	6	6	16
6543731647185949576	2015	4	4	13
6543731647185949576	2016	8	8	8
6543731647185949576	2017	7	7	11
6543731647185949576	2018	12	5	12
6543731647185949576	2019	7	13	12
6543731647185949576	2020	13	1	13
6543731647185949576	2021	4	4	3
6543731647185949576	2022	14	2	15
6543731647185949576	2023	2	14	14
6543731647185949576	2024	14	15	15
6543731647185949576	2025	5	13	12
6543731647185949576	2026	8	8	8
6543731647185949576	2027	2	2	2
6543731647185949576	2028	15	2	15
6543731647185949576	2029	2	14	14
6543731647185949576	2030	14	14	14
6543731647185949576	2031	3	2	13
6543731647185949576	2032	6	6	16
6543731647185949576	2033	16	8	11
6543731647185949576	2034	14	0	15
6543731647185949576	2035	15	2	4
6543731647185949576	2036	4	4	2
6543731647185949576	2037	0	0	0
6543731647185949576	2038	7	13	11
6543731647185949576	2039	11	13	18
6543731647185949576	2040	9	13	13
6543731647185949576	2041	13	9	13
6543731647185949576	2042	12	13	7
6543731647185949576	2043	11	11	11
6543731647185949576	2044	2	14	4
6543731647185949576	2045	3	10	4
6543731647185949576	2046	8	2	9
6543731647185949576	2047	10	14	10
6543731647185949576	2048	13	13	9
6543731647185949576	2049	17	0	1
6543731647185949576	2050	1	13	9
6543731647185949576	2051	2	2	2
6543731647185949576	2052	5	18	13
6543731647185949576	2053	8	8	8
6543731647185949576	2054	4	4	13
6543731647185949576	2055	9	13	9
6543731647185949576	2056	19	19	10
6543731647185949576	2057	10	0	1
6543731647185949576	2058	1	13	9
6543731647185949576	2059	15	15	14
6543731647185949576	2060	4	4	4
6543731647185949576	2061	12	13	7
6543731647185949576	2062	8	8	8
6543731647185949576	2063	19	13	1
6543731647185949576	2064	4	4	15
6543731647185949576	2065	4	4	13
6543731647185949576	2066	2	1	9
6543731647185949576	2067	2	2	2
6543731647185949576	2068	7	13	5
6543731647185949576	2069	12	13	13
6543731647185949576	2070	17	9	0
6543731647185949576	2071	9	9	9
6543731647185949576	2072	2	2	2
6543731647185949576	2073	2	14	9
6543731647185949576	2074	16	16	17
6543731647185949576	2075	9	13	9
6543731647185949576	2076	15	14	14
6543731647185949576	2077	5	13	13
6543731647185949576	2078	8	8	8
6543731647185949576	2079	0	14	17
6543731647185949576	2080	19	19	1
6543731647185949576	2081	12	13	13
6543731647185949576	2082	13	13	1
6543731647185949576	2083	3	15	2
6543731647185949576	2084	6	6	16
6543731647185949576	2085	16	16	16
6543731647185949576	2086	5	4	13
6543731647185949576	2087	7	13	7
6543731647185949576	2088	2	14	2
6543731647185949576	2089	14	0	11
6543731647185949576	2090	0	13	1
6543731647185949576	2091	17	10	17
6543731647185949576	2092	14	4	15
6543731647185949576	2093	16	16	16
6543731647185949576	2094	13	13	13
6543731647185949576	2095	17	17	10
6543731647185949576	2096	2	2	2
6543731647185949576	2097	9	13	9
6543731647185949576	2098	13	13	1
6543731647185949576	2099	9	9	9
6543731647185949576	2100	9	13	9
6543731647185949576	2101	14	8	4
6543731647185949576	2102	19	13	8
6543731647185949576	2103	13	9	13
6543731647185949576	2104	7	13	13
6543731647185949576	2105	1	1	1
6543731647185949576	2106	4	4	15
6543731647185949576	2107	15	1	2
6543731647185949576	2108	6	6	6
6543731647185949576	2109	9	9	4
6543731647185949576	2110	14	14	8
6543731647185949576	2111	15	2	15
6543731647185949576	2112	11	13	11
6543731647185949576	2113	6	16	16
6543731647185949576	2114	5	5	13
6543731647185949576	2115	4	4	15
6543731647185949576	2116	19	13	1
6543731647185949576	2117	4	4	4
6543731647185949576	2118	14	14	3
6543731647185949576	2119	8	8	15
6543731647185949576	2120	6	6	6
6543731647185949576	2121	8	8	8
6543731647185949576	2122	12	13	13
6543731647185949576	2123	2	2	2
6543731647185949576	2124	13	13	13
6543731647185949576	2125	5	5	13
6543731647185949576	2126	0	13	17
6543731647185949576	2127	4	4	13
6543731647185949576	2128	12	16	17
6543731647185949576	2129	16	16	16
6543731647185949576	2130	12	13	11
6543731647185949576	2131	14	4	14
6543731647185949576	2132	13	13	11
6543731647185949576	2133	7	13	7
6543731647185949576	2134	13	13	13
6543731647185949576	2135	18	18	18
6543731647185949576	2136	5	13	13
6543731647185949576	2137	0	0	17
6543731647185949576	2138	17	17	17
6543731647185949576	2139	4	4	13
6543731647185949576	2140	8	8	8
6543731647185949576	2141	16	16	16
6543731647185949576	2142	19	13	13
6543731647185949576	2143	18	18	13
6543731647185949576	2144	18	18	13
6543731647185949576	2145	6	6	6
6543731647185949576	2146	16	8	16
6543731647185949576	2147	12	18	7
6543731647185949576	2148	16	8	8
6543731647185949576	2149	18	18	18
6543731647185949576	2150	13	13	13
6543731647185949576	2151	9	9	13
6543731647185949576	2152	0	14	17
6543731647185949576	2153	14	0	2
6543731647185949576	2154	10	14	3
6543731647185949576	2155	10	14	10
6543731647185949576	2156	18	18	13
6543731647185949576	2157	13	13	1
6543731647185949576	2158	1	13	19
6543731647185949576	2159	4	4	4
6543731647185949576	2160	17	9	1
6543731647185949576	2161	12	13	13
6543731647185949576	2162	10	10	15
6543731647185949576	2163	16	8	8
6543731647185949576	2164	12	12	7
6543731647185949576	2165	16	16	16
6543731647185949576	2166	13	13	13
6543731647185949576	2167	12	13	4
6543731647185949576	2168	12	13	13
6543731647185949576	2169	8	8	14
6543731647185949576	2170	18	18	18
6543731647185949576	2171	2	2	2
6543731647185949576	2172	12	13	12
6543731647185949576	2173	4	0	4
6543731647185949576	2174	16	8	8
6543731647185949576	2175	15	2	7
6543731647185949576	2176	9	9	9
6543731647185949576	2177	16	16	16
6543731647185949576	2178	12	13	9
6543731647185949576	2179	5	18	13
6543731647185949576	2180	14	0	14
6543731647185949576	2181	13	13	9
6543731647185949576	2182	8	8	8
6543731647185949576	2183	12	11	13
6543731647185949576	2184	10	13	0
6543731647185949576	2185	18	18	13
6543731647185949576	2186	1	7	9
6543731647185949576	2187	12	13	12
6543731647185949576	2188	18	18	18
6543731647185949576	2189	7	13	11
6543731647185949576	2190	18	13	13
6543731647185949576	2191	16	16	16
6543731647185949576	2192	17	9	17
6543731647185949576	2193	4	4	13
6543731647185949576	2194	12	13	12
6543731647185949576	2195	7	13	12
6543731647185949576	2196	13	13	13
6543731647185949576	2197	17	10	15
6543731647185949576	2198	8	8	14
6543731647185949576	2199	8	8	8
6543731647185949576	2200	11	11	11
6543731647185949576	2201	15	2	2
6543731647185949576	2202	2	2	2
6543731647185949576	2203	2	2	2
6543731647185949576	2204	13	9	13
6543731647185949576	2205	17	10	1
6543731647185949576	2206	1	13	9
6543731647185949576	2207	0	13	0
6543731647185949576	2208	17	10	0
6543731647185949576	2209	15	14	7
6543731647185949576	2210	19	0	8
6543731647185949576	2211	16	16	17
6543731647185949576	2212	14	0	2
6543731647185949576	2213	15	2	15
6543731647185949576	2214	18	13	11
6543731647185949576	2215	11	7	11
6543731647185949576	2216	5	13	12
6543731647185949576	2217	10	0	19
6543731647185949576	2218	14	13	11
6543731647185949576	2219	15	14	16
6543731647185949576	2220	18	18	18
6543731647185949576	2221	7	1	0
6543731647185949576	2222	8	8	15
6543731647185949576	2223	3	2	17
6543731647185949576	2224	2	8	2
6543731647185949576	2225	15	15	15
6543731647185949576	2226	15	1	14
6543731647185949576	2227	1	1	1
6543731647185949576	2228	17	3	17
6543731647185949576	2229	12	11	13
6543731647185949576	2230	9	13	9
6543731647185949576	2231	1	13	9
6543731647185949576	2232	3	2	15
6543731647185949576	2233	13	13	9
6543731647185949576	2234	6	6	6
6543731647185949576	2235	4	4	15
6543731647185949576	2236	16	16	16
6543731647185949576	2237	14	4	14
6543731647185949576	2238	17	2	17
6543731647185949576	2239	15	2	15
6543731647185949576	2240	18	18	11
6543731647185949576	2241	8	14	17
6543731647185949576	2242	4	4	14
6543731647185949576	2243	1	1	1
6543731647185949576	2244	8	8	8
6543731647185949576	2245	6	6	6
6543731647185949576	2246	19	0	1
6543731647185949576	2247	18	18	13
6543731647185949576	2248	6	6	16
6543731647185949576	2249	7	13	11
6543731647185949576	2250	11	11	11
6543731647185949576	2251	1	13	9
6543731647185949576	2252	11	13	11
6543731647185949576	2253	19	13	1
6543731647185949576	2254	6	6	6
6543731647185949576	2255	17	9	14
6543731647185949576	2256	1	13	11
6543731647185949576	2257	8	8	8
6543731647185949576	2258	9	9	13
6543731647185949576	2259	4	4	7
6543731647185949576	2260	6	6	16
6543731647185949576	2261	1	9	9
6543731647185949576	2262	15	2	4
6543731647185949576	2263	11	7	13
6543731647454385215	0	10	0	1
6543731647454385215	1	11	13	11
6543731647454385215	2	7	13	13
6543731647454385215	3	10	10	0
6543731647454385215	4	3	2	3
6543731647454385215	5	5	9	13
6543731647454385215	6	0	13	0
6543731647454385215	7	10	2	10
6543731647454385215	8	18	18	18
6543731647454385215	9	5	18	13
6543731647454385215	10	16	8	8
6543731647454385215	11	14	0	14
6543731647454385215	12	12	17	12
6543731647454385215	13	8	8	8
6543731647454385215	14	0	0	10
6543731647454385215	15	16	16	16
6543731647454385215	16	10	2	14
6543731647454385215	17	16	8	16
6543731647454385215	18	17	10	1
6543731647454385215	19	13	13	13
6543731647454385215	20	19	1	10
6543731647454385215	21	9	13	9
6543731647454385215	22	7	1	15
6543731647454385215	23	4	4	4
6543731647454385215	24	6	16	16
6543731647454385215	25	9	13	13
6543731647454385215	26	0	13	0
6543731647454385215	27	0	14	14
6543731647454385215	28	9	13	9
6543731647454385215	29	9	13	1
6543731647454385215	30	6	6	6
6543731647454385215	31	2	2	2
6543731647454385215	32	3	14	1
6543731647454385215	33	12	13	12
6543731647454385215	34	8	8	8
6543731647454385215	35	8	8	8
6543731647454385215	36	7	13	12
6543731647454385215	37	10	14	4
6543731647454385215	38	12	13	13
6543731647454385215	39	10	10	8
6543731647454385215	40	14	13	16
6543731647454385215	41	8	8	8
6543731647454385215	42	6	6	16
6543731647454385215	43	0	13	4
6543731647454385215	44	11	13	18
6543731647454385215	45	8	8	8
6543731647454385215	46	7	13	18
6543731647454385215	47	17	7	17
6543731647454385215	48	5	13	13
6543731647454385215	49	7	13	7
6543731647454385215	50	13	13	9
6543731647454385215	51	11	11	11
6543731647454385215	52	18	18	18
6543731647454385215	53	6	6	6
6543731647454385215	54	11	11	18
6543731647454385215	55	6	6	16
6543731647454385215	56	15	15	4
6543731647454385215	57	17	3	17
6543731647454385215	58	14	13	3
6543731647454385215	59	0	14	1
6543731647454385215	60	1	13	1
6543731647454385215	61	18	18	18
6543731647454385215	62	17	2	7
6543731647454385215	63	13	13	18
6543731647454385215	64	0	13	0
6543731647454385215	65	18	18	18
6543731647454385215	66	13	13	13
6543731647454385215	67	5	5	13
6543731647454385215	68	14	8	8
6543731647454385215	69	1	13	13
6543731647454385215	70	10	2	10
6543731647454385215	71	13	13	13
6543731647454385215	72	14	4	0
6543731647454385215	73	14	14	2
6543731647454385215	74	10	1	0
6543731647454385215	75	11	13	18
6543731647454385215	76	4	13	13
6543731647454385215	77	3	14	9
6543731647454385215	78	7	13	7
6543731647454385215	79	17	0	17
6543731647454385215	80	8	8	8
6543731647454385215	81	7	7	7
6543731647454385215	82	14	13	5
6543731647454385215	83	14	2	8
6543731647454385215	84	7	7	7
6543731647454385215	85	16	16	16
6543731647454385215	86	3	2	4
6543731647454385215	87	14	4	14
6543731647454385215	88	15	15	14
6543731647454385215	89	5	5	4
6543731647454385215	90	19	13	9
6543731647454385215	91	10	10	8
6543731647454385215	92	16	8	16
6543731647454385215	93	8	8	8
6543731647454385215	94	19	13	10
6543731647454385215	95	0	14	0
6543731647454385215	96	19	9	1
6543731647454385215	97	1	5	13
6543731647454385215	98	6	6	6
6543731647454385215	99	1	1	1
6543731647454385215	100	18	18	11
6543731647454385215	101	18	18	11
6543731647454385215	102	13	13	13
6543731647454385215	103	11	13	11
6543731647454385215	104	14	14	14
6543731647454385215	105	13	13	9
6543731647454385215	106	4	4	4
6543731647454385215	107	11	13	18
6543731647454385215	108	1	13	13
6543731647454385215	109	10	14	10
6543731647454385215	110	6	6	8
6543731647454385215	111	13	13	13
6543731647454385215	112	4	4	4
6543731647454385215	113	0	14	0
6543731647454385215	114	2	2	2
6543731647454385215	115	12	13	7
6543731647454385215	116	11	7	11
6543731647454385215	117	10	14	10
6543731647454385215	118	18	18	11
6543731647454385215	119	4	4	4
6543731647454385215	120	1	1	1
6543731647454385215	121	12	13	7
6543731647454385215	122	12	11	7
6543731647454385215	123	0	0	0
6543731647454385215	124	4	4	4
6543731647454385215	125	17	0	1
6543731647454385215	126	13	13	13
6543731647454385215	127	16	16	16
6543731647454385215	128	17	3	17
6543731647454385215	129	3	10	14
6543731647454385215	130	7	11	15
6543731647454385215	131	3	2	17
6543731647454385215	132	19	19	0
6543731647454385215	133	0	13	0
6543731647454385215	134	9	13	9
6543731647454385215	135	13	9	13
6543731647454385215	136	10	10	10
6543731647454385215	137	1	1	10
6543731647454385215	138	4	4	4
6543731647454385215	139	9	13	13
6543731647454385215	140	1	13	13
6543731647454385215	141	9	13	9
6543731647454385215	142	6	16	16
6543731647454385215	143	16	13	16
6543731647454385215	144	9	9	9
6543731647454385215	145	15	15	8
6543731647454385215	146	15	2	15
6543731647454385215	147	0	14	10
6543731647454385215	148	14	14	14
6543731647454385215	149	19	13	13
6543731647454385215	150	5	13	5
6543731647454385215	151	5	13	13
6543731647454385215	152	8	8	8
6543731647454385215	153	0	0	17
6543731647454385215	154	12	13	13
6543731647454385215	155	15	1	3
6543731647454385215	156	7	13	7
6543731647454385215	157	2	2	2
6543731647454385215	158	3	14	17
6543731647454385215	159	17	10	17
6543731647454385215	160	1	13	13
6543731647454385215	161	16	8	16
6543731647454385215	162	10	10	10
6543731647454385215	163	9	9	9
6543731647454385215	164	4	4	4
6543731647454385215	165	7	13	7
6543731647454385215	166	2	14	17
6543731647454385215	167	16	16	16
6543731647454385215	168	6	6	16
6543731647454385215	169	19	13	13
6543731647454385215	170	18	18	18
6543731647454385215	171	17	9	1
6543731647454385215	172	19	13	9
6543731647454385215	173	12	13	13
6543731647454385215	174	19	19	10
6543731647454385215	175	5	18	18
6543731647454385215	176	1	1	10
6543731647454385215	177	16	16	16
6543731647454385215	178	5	13	13
6543731647454385215	179	14	13	8
6543731647454385215	180	2	14	16
6543731647454385215	181	9	13	9
6543731647454385215	182	5	18	18
6543731647454385215	183	19	13	9
6543731647454385215	184	13	11	11
6543731647454385215	185	7	13	7
6543731647454385215	186	7	7	7
6543731647454385215	187	7	9	17
6543731647454385215	188	17	0	13
6543731647454385215	189	4	4	13
6543731647454385215	190	11	13	18
6543731647454385215	191	17	9	1
6543731647454385215	192	13	13	13
6543731647454385215	193	14	4	14
6543731647454385215	194	17	17	7
6543731647454385215	195	4	4	4
6543731647454385215	196	4	4	4
6543731647454385215	197	16	6	16
6543731647454385215	198	17	10	17
6543731647454385215	199	14	13	16
6543731647454385215	200	0	13	1
6543731647454385215	201	3	14	10
6543731647454385215	202	6	6	7
6543731647454385215	203	0	13	0
6543731647454385215	204	6	6	6
6543731647454385215	205	15	14	14
6543731647454385215	206	4	4	13
6543731647454385215	207	18	18	13
6543731647454385215	208	19	14	1
6543731647454385215	209	0	13	0
6543731647454385215	210	15	15	7
6543731647454385215	211	12	18	18
6543731647454385215	212	16	16	16
6543731647454385215	213	11	13	11
6543731647454385215	214	12	13	13
6543731647454385215	215	14	14	14
6543731647454385215	216	12	13	12
6543731647454385215	217	12	7	12
6543731647454385215	218	2	19	16
6543731647454385215	219	3	14	0
6543731647454385215	220	3	2	1
6543731647454385215	221	17	2	17
6543731647454385215	222	11	13	11
6543731647454385215	223	1	13	13
6543731647454385215	224	0	7	7
6543731647454385215	225	0	13	0
6543731647454385215	226	5	9	13
6543731647454385215	227	3	14	3
6543731647454385215	228	15	15	15
6543731647454385215	229	8	8	8
6543731647454385215	230	9	13	9
6543731647454385215	231	9	13	9
6543731647454385215	232	12	12	7
6543731647454385215	233	16	16	16
6543731647454385215	234	14	2	19
6543731647454385215	235	15	14	13
6543731647454385215	236	3	15	0
6543731647454385215	237	3	14	9
6543731647454385215	238	5	18	13
6543731647454385215	239	12	13	12
6543731647454385215	240	5	13	13
6543731647454385215	241	2	2	13
6543731647454385215	242	6	6	16
6543731647454385215	243	6	6	6
6543731647454385215	244	19	13	15
6543731647454385215	245	0	0	10
6543731647454385215	246	6	6	16
6543731647454385215	247	17	17	17
6543731647454385215	248	1	13	13
6543731647454385215	249	7	13	18
6543731647454385215	250	19	13	9
6543731647454385215	251	1	13	1
6543731647454385215	252	5	13	4
6543731647454385215	253	10	14	10
6543731647454385215	254	11	11	11
6543731647454385215	255	19	13	13
6543731647454385215	256	13	13	9
6543731647454385215	257	11	13	11
6543731647454385215	258	5	18	11
6543731647454385215	259	12	16	7
6543731647454385215	260	16	8	16
6543731647454385215	261	3	15	1
6543731647454385215	262	13	13	13
6543731647454385215	263	11	13	18
6543731647454385215	264	1	1	1
6543731647454385215	265	15	14	14
6543731647454385215	266	15	2	13
6543731647454385215	267	19	0	17
6543731647454385215	268	18	18	18
6543731647454385215	269	2	14	15
6543731647454385215	270	13	13	13
6543731647454385215	271	3	2	15
6543731647454385215	272	2	14	15
6543731647454385215	273	7	13	5
6543731647454385215	274	1	13	1
6543731647454385215	275	9	9	9
6543731647454385215	276	18	18	18
6543731647454385215	277	3	15	13
6543731647454385215	278	10	2	15
6543731647454385215	279	8	8	8
6543731647454385215	280	17	17	3
6543731647454385215	281	0	0	14
6543731647454385215	282	18	18	18
6543731647454385215	283	18	18	18
6543731647454385215	284	3	2	15
6543731647454385215	285	15	14	6
6543731647454385215	286	8	8	8
6543731647454385215	287	0	0	0
6543731647454385215	288	1	13	9
6543731647454385215	289	12	12	12
6543731647454385215	290	9	9	9
6543731647454385215	291	11	13	18
6543731647454385215	292	5	9	13
6543731647454385215	293	5	13	13
6543731647454385215	294	19	4	10
6543731647454385215	295	11	13	18
6543731647454385215	296	18	18	18
6543731647454385215	297	18	18	18
6543731647454385215	298	10	10	15
6543731647454385215	299	19	13	9
6543731647454385215	300	11	13	11
6543731647454385215	301	11	13	13
6543731647454385215	302	13	13	13
6543731647454385215	303	16	6	16
6543731647454385215	304	11	11	11
6543731647454385215	305	16	8	16
6543731647454385215	306	18	18	11
6543731647454385215	307	7	7	7
6543731647454385215	308	7	7	7
6543731647454385215	309	10	14	8
6543731647454385215	310	18	18	18
6543731647454385215	311	13	13	13
6543731647454385215	312	16	16	16
6543731647454385215	313	0	0	17
6543731647454385215	314	9	9	9
6543731647454385215	315	14	14	14
6543731647454385215	316	3	14	14
6543731647454385215	317	13	13	13
6543731647454385215	318	8	8	8
6543731647454385215	319	7	13	7
6543731647454385215	320	19	13	13
6543731647454385215	321	19	13	9
6543731647454385215	322	8	8	16
6543731647454385215	323	2	2	7
6543731647454385215	324	16	16	6
6543731647454385215	325	8	8	8
6543731647454385215	326	19	13	9
6543731647454385215	327	16	16	16
6543731647454385215	328	9	13	9
6543731647454385215	329	5	18	13
6543731647454385215	330	18	18	18
6543731647454385215	331	6	6	16
6543731647454385215	332	11	7	11
6543731647454385215	333	15	8	3
6543731647454385215	334	2	2	2
6543731647454385215	335	15	1	15
6543731647454385215	336	8	8	8
6543731647454385215	337	4	4	4
6543731647454385215	338	0	0	0
6543731647454385215	339	13	13	13
6543731647454385215	340	2	2	2
6543731647454385215	341	11	13	11
6543731647454385215	342	10	14	0
6543731647454385215	343	14	14	9
6543731647454385215	344	16	16	16
6543731647454385215	345	1	1	1
6543731647454385215	346	8	8	8
6543731647454385215	347	7	7	7
6543731647454385215	348	19	19	1
6543731647454385215	349	11	7	11
6543731647454385215	350	3	1	3
6543731647454385215	351	14	14	7
6543731647454385215	352	17	2	7
6543731647454385215	353	17	10	3
6543731647454385215	354	11	13	18
6543731647454385215	355	15	14	7
6543731647454385215	356	7	7	7
6543731647454385215	357	17	9	17
6543731647454385215	358	8	8	8
6543731647454385215	359	17	17	17
6543731647454385215	360	19	14	10
6543731647454385215	361	3	14	14
6543731647454385215	362	4	4	13
6543731647454385215	363	1	9	1
6543731647454385215	364	12	12	7
6543731647454385215	365	16	16	16
6543731647454385215	366	16	8	16
6543731647454385215	367	8	8	8
6543731647454385215	368	4	4	10
6543731647454385215	369	15	2	15
6543731647454385215	370	6	6	6
6543731647454385215	371	5	18	13
6543731647454385215	372	7	13	7
6543731647454385215	373	16	8	16
6543731647454385215	374	6	6	7
6543731647454385215	375	6	6	6
6543731647454385215	376	17	10	17
6543731647454385215	377	19	19	10
6543731647454385215	378	17	13	15
6543731647454385215	379	4	4	0
6543731647454385215	380	9	9	9
6543731647454385215	381	8	8	8
6543731647454385215	382	14	4	4
6543731647454385215	383	6	6	16
6543731647454385215	384	10	14	10
6543731647454385215	385	11	11	18
6543731647454385215	386	1	17	1
6543731647454385215	387	0	0	17
6543731647454385215	388	10	10	0
6543731647454385215	389	6	6	16
6543731647454385215	390	10	10	14
6543731647454385215	391	13	13	9
6543731647454385215	392	2	15	13
6543731647454385215	393	8	8	8
6543731647454385215	394	12	13	13
6543731647454385215	395	12	5	13
6543731647454385215	396	14	2	14
6543731647454385215	397	12	16	12
6543731647454385215	398	5	13	13
6543731647454385215	399	3	17	3
6543731647454385215	400	11	13	11
6543731647454385215	401	19	14	10
6543731647454385215	402	15	2	14
6543731647454385215	403	6	6	6
6543731647454385215	404	19	19	10
6543731647454385215	405	13	13	13
6543731647454385215	406	11	7	18
6543731647454385215	407	19	19	19
6543731647454385215	408	2	14	15
6543731647454385215	409	7	13	13
6543731647454385215	410	5	18	13
6543731647454385215	411	2	2	2
6543731647454385215	412	10	14	1
6543731647454385215	413	1	9	1
6543731647454385215	414	4	4	4
6543731647454385215	415	7	13	7
6543731647454385215	416	17	7	9
6543731647454385215	417	9	9	9
6543731647454385215	418	3	14	3
6543731647454385215	419	14	13	8
6543731647454385215	420	0	13	0
6543731647454385215	421	4	4	0
6543731647454385215	422	17	0	15
6543731647454385215	423	3	19	1
6543731647454385215	424	1	9	1
6543731647454385215	425	9	13	13
6543731647454385215	426	14	0	7
6543731647454385215	427	3	2	15
6543731647454385215	428	13	13	13
6543731647454385215	429	16	6	6
6543731647454385215	430	19	13	1
6543731647454385215	431	7	13	12
6543731647454385215	432	3	14	13
6543731647454385215	433	6	6	16
6543731647454385215	434	13	11	13
6543731647454385215	435	9	13	9
6543731647454385215	436	1	1	1
6543731647454385215	437	4	4	4
6543731647454385215	438	7	7	7
6543731647454385215	439	1	13	13
6543731647454385215	440	18	18	18
6543731647454385215	441	5	5	13
6543731647454385215	442	11	11	18
6543731647454385215	443	15	2	14
6543731647454385215	444	3	2	7
6543731647454385215	445	13	13	9
6543731647454385215	446	9	13	9
6543731647454385215	447	0	13	0
6543731647454385215	448	6	6	16
6543731647454385215	449	18	18	18
6543731647454385215	450	10	14	10
6543731647454385215	451	11	13	11
6543731647454385215	452	6	6	6
6543731647454385215	453	4	4	4
6543731647454385215	454	16	16	8
6543731647454385215	455	9	13	9
6543731647454385215	456	5	18	13
6543731647454385215	457	10	10	0
6543731647454385215	458	7	13	13
6543731647454385215	459	9	11	9
6543731647454385215	460	13	13	14
6543731647454385215	461	2	14	15
6543731647454385215	462	4	4	4
6543731647454385215	463	13	5	13
6543731647454385215	464	16	8	8
6543731647454385215	465	11	13	18
6543731647454385215	466	6	6	16
6543731647454385215	467	0	1	7
6543731647454385215	468	12	13	11
6543731647454385215	469	10	14	10
6543731647454385215	470	12	7	0
6543731647454385215	471	12	7	12
6543731647454385215	472	14	14	7
6543731647454385215	473	3	8	4
6543731647454385215	474	12	13	12
6543731647454385215	475	17	9	1
6543731647454385215	476	14	13	13
6543731647454385215	477	1	0	13
6543731647454385215	478	11	13	18
6543731647454385215	479	11	13	18
6543731647454385215	480	19	9	10
6543731647454385215	481	16	16	16
6543731647454385215	482	0	0	0
6543731647454385215	483	17	17	17
6543731647454385215	484	8	8	8
6543731647454385215	485	2	14	7
6543731647454385215	486	15	2	14
6543731647454385215	487	0	0	4
6543731647454385215	488	5	18	18
6543731647454385215	489	18	11	18
6543731647454385215	490	10	10	13
6543731647454385215	491	10	2	14
6543731647454385215	492	2	2	2
6543731647454385215	493	5	13	13
6543731647454385215	494	18	18	11
6543731647454385215	495	0	13	0
6543731647454385215	496	7	13	13
6543731647454385215	497	1	9	1
6543731647454385215	498	12	16	12
6543731647454385215	499	8	8	8
6543731647454385215	500	18	18	18
6543731647454385215	501	19	13	13
6543731647454385215	502	17	17	0
6543731647454385215	503	1	13	13
6543731647454385215	504	11	13	11
6543731647454385215	505	5	18	5
6543731647454385215	506	8	8	8
6543731647454385215	507	3	10	3
6543731647454385215	508	17	17	7
6543731647454385215	509	18	18	18
6543731647454385215	510	1	13	9
6543731647454385215	511	13	9	13
6543731647454385215	512	17	2	17
6543731647454385215	513	17	10	17
6543731647454385215	514	5	5	13
6543731647454385215	515	18	18	18
6543731647454385215	516	5	5	13
6543731647454385215	517	19	13	13
6543731647454385215	518	15	14	0
6543731647454385215	519	4	4	4
6543731647454385215	520	17	17	8
6543731647454385215	521	17	0	17
6543731647454385215	522	0	14	10
6543731647454385215	523	15	15	7
6543731647454385215	524	10	14	10
6543731647454385215	525	19	19	10
6543731647454385215	526	2	14	15
6543731647454385215	527	5	9	13
6543731647454385215	528	10	13	14
6543731647454385215	529	15	2	6
6543731647454385215	530	19	9	9
6543731647454385215	531	13	13	2
6543731647454385215	532	3	8	8
6543731647454385215	533	12	11	13
6543731647454385215	534	12	13	7
6543731647454385215	535	4	4	4
6543731647454385215	536	7	13	0
6543731647454385215	537	7	13	7
6543731647454385215	538	5	1	13
6543731647454385215	539	3	2	13
6543731647454385215	540	8	8	8
6543731647454385215	541	6	6	6
6543731647454385215	542	9	13	5
6543731647454385215	543	19	13	1
6543731647454385215	544	14	14	7
6543731647454385215	545	15	15	15
6543731647454385215	546	5	2	13
6543731647454385215	547	8	8	8
6543731647454385215	548	13	13	13
6543731647454385215	549	18	18	18
6543731647454385215	550	16	16	16
6543731647454385215	551	11	11	11
6543731647454385215	552	6	6	0
6543731647454385215	553	4	5	4
6543731647454385215	554	8	8	8
6543731647454385215	555	10	14	1
6543731647454385215	556	14	14	0
6543731647454385215	557	17	17	17
6543731647454385215	558	16	16	16
6543731647454385215	559	10	14	10
6543731647454385215	560	12	13	18
6543731647454385215	561	7	9	13
6543731647454385215	562	4	4	13
6543731647454385215	563	6	6	16
6543731647454385215	564	6	6	6
6543731647454385215	565	3	2	3
6543731647454385215	566	4	4	4
6543731647454385215	567	6	8	8
6543731647454385215	568	5	5	13
6543731647454385215	569	17	10	3
6543731647454385215	570	19	13	13
6543731647454385215	571	13	13	13
6543731647454385215	572	19	10	19
6543731647454385215	573	10	10	0
6543731647454385215	574	19	14	10
6543731647454385215	575	19	14	10
6543731647454385215	576	13	13	13
6543731647454385215	577	3	17	3
6543731647454385215	578	14	13	8
6543731647454385215	579	12	12	7
6543731647454385215	580	10	10	10
6543731647454385215	581	3	8	13
6543731647454385215	582	16	8	16
6543731647454385215	583	7	13	13
6543731647454385215	584	12	13	13
6543731647454385215	585	11	11	11
6543731647454385215	586	1	19	1
6543731647454385215	587	19	19	10
6543731647454385215	588	4	4	4
6543731647454385215	589	12	11	13
6543731647454385215	590	11	13	11
6543731647454385215	591	12	12	12
6543731647454385215	592	11	13	11
6543731647454385215	593	9	13	9
6543731647454385215	594	2	2	2
6543731647454385215	595	6	6	6
6543731647454385215	596	17	7	7
6543731647454385215	597	15	2	14
6543731647454385215	598	18	18	18
6543731647454385215	599	16	16	16
6543731647454385215	600	8	8	8
6543731647454385215	601	15	2	13
6543731647454385215	602	3	14	3
6543731647454385215	603	7	7	12
6543731647454385215	604	17	10	3
6543731647454385215	605	17	10	17
6543731647454385215	606	1	13	1
6543731647454385215	607	5	9	13
6543731647454385215	608	2	2	2
6543731647454385215	609	18	18	18
6543731647454385215	610	17	2	11
6543731647454385215	611	8	8	8
6543731647454385215	612	10	10	8
6543731647454385215	613	12	7	16
6543731647454385215	614	19	19	10
6543731647454385215	615	13	13	13
6543731647454385215	616	10	10	8
6543731647454385215	617	15	14	0
6543731647454385215	618	6	6	6
6543731647454385215	619	8	8	8
6543731647454385215	620	4	4	4
6543731647454385215	621	2	2	2
6543731647454385215	622	15	2	14
6543731647454385215	623	9	13	9
6543731647454385215	624	4	4	4
6543731647454385215	625	14	2	15
6543731647454385215	626	9	13	13
6543731647454385215	627	13	9	13
6543731647454385215	628	18	18	18
6543731647454385215	629	9	9	9
6543731647454385215	630	2	14	14
6543731647454385215	631	12	13	13
6543731647454385215	632	15	14	0
6543731647454385215	633	17	1	1
6543731647454385215	634	11	13	18
6543731647454385215	635	7	9	0
6543731647454385215	636	8	8	8
6543731647454385215	637	9	9	13
6543731647454385215	638	9	9	9
6543731647454385215	639	2	2	2
6543731647454385215	640	13	13	9
6543731647454385215	641	10	2	10
6543731647454385215	642	5	5	18
6543731647454385215	643	18	18	18
6543731647454385215	644	8	8	8
6543731647454385215	645	10	10	14
6543731647454385215	646	6	6	16
6543731647454385215	647	6	6	6
6543731647454385215	648	11	13	11
6543731647454385215	649	4	4	13
6543731647454385215	650	3	2	3
6543731647454385215	651	6	6	16
6543731647454385215	652	19	19	10
6543731647454385215	653	0	0	1
6543731647454385215	654	9	13	13
6543731647454385215	655	5	9	18
6543731647454385215	656	8	8	8
6543731647454385215	657	12	13	9
6543731647454385215	658	0	13	1
6543731647454385215	659	8	14	13
6543731647454385215	660	12	13	12
6543731647454385215	661	13	13	9
6543731647454385215	662	12	12	12
6543731647454385215	663	19	9	10
6543731647454385215	664	9	9	9
6543731647454385215	665	17	17	1
6543731647454385215	666	12	13	13
6543731647454385215	667	16	16	16
6543731647454385215	668	4	4	15
6543731647454385215	669	16	8	16
6543731647454385215	670	17	10	17
6543731647454385215	671	8	8	8
6543731647454385215	672	16	16	16
6543731647454385215	673	5	5	13
6543731647454385215	674	0	0	0
6543731647454385215	675	13	13	9
6543731647454385215	676	9	9	9
6543731647454385215	677	2	14	15
6543731647454385215	678	1	13	1
6543731647454385215	679	1	9	9
6543731647454385215	680	10	14	10
6543731647454385215	681	8	8	8
6543731647454385215	682	3	14	14
6543731647454385215	683	19	19	19
6543731647454385215	684	18	18	11
6543731647454385215	685	9	9	9
6543731647454385215	686	13	13	13
6543731647454385215	687	12	9	7
6543731647454385215	688	2	2	2
6543731647454385215	689	3	14	9
6543731647454385215	690	8	8	8
6543731647454385215	691	8	8	8
6543731647454385215	692	18	18	18
6543731647454385215	693	1	9	1
6543731647454385215	694	8	8	8
6543731647454385215	695	8	14	15
6543731647454385215	696	9	9	9
6543731647454385215	697	12	13	12
6543731647454385215	698	4	4	4
6543731647454385215	699	6	6	16
6543731647454385215	700	13	13	13
6543731647454385215	701	19	9	9
6543731647454385215	702	16	16	16
6543731647454385215	703	11	13	11
6543731647454385215	704	8	8	8
6543731647454385215	705	17	1	1
6543731647454385215	706	14	14	14
6543731647454385215	707	1	1	1
6543731647454385215	708	11	9	11
6543731647454385215	709	5	13	13
6543731647454385215	710	4	4	4
6543731647454385215	711	11	13	11
6543731647454385215	712	2	2	7
6543731647454385215	713	14	0	14
6543731647454385215	714	11	13	13
6543731647454385215	715	11	7	11
6543731647454385215	716	11	11	11
6543731647454385215	717	3	10	2
6543731647454385215	718	9	13	9
6543731647454385215	719	18	18	18
6543731647454385215	720	11	7	11
6543731647454385215	721	0	13	0
6543731647454385215	722	6	6	16
6543731647454385215	723	10	2	14
6543731647454385215	724	13	13	9
6543731647454385215	725	10	14	10
6543731647454385215	726	18	18	18
6543731647454385215	727	5	13	18
6543731647454385215	728	3	14	3
6543731647454385215	729	19	19	10
6543731647454385215	730	10	14	10
6543731647454385215	731	1	13	13
6543731647454385215	732	2	14	0
6543731647454385215	733	1	9	13
6543731647454385215	734	7	13	13
6543731647454385215	735	13	13	1
6543731647454385215	736	2	2	2
6543731647454385215	737	6	6	6
6543731647454385215	738	17	10	1
6543731647454385215	739	2	2	3
6543731647454385215	740	3	2	15
6543731647454385215	741	13	13	13
6543731647454385215	742	11	7	11
6543731647454385215	743	9	9	9
6543731647454385215	744	0	14	17
6543731647454385215	745	0	14	0
6543731647454385215	746	17	0	17
6543731647454385215	747	2	2	2
6543731647454385215	748	12	13	18
6543731647454385215	749	0	1	1
6543731647454385215	750	12	9	7
6543731647454385215	751	4	4	4
6543731647454385215	752	15	1	3
6543731647454385215	753	12	13	12
6543731647454385215	754	10	14	1
6543731647454385215	755	1	9	1
6543731647454385215	756	19	19	10
6543731647454385215	757	3	0	14
6543731647454385215	758	0	10	1
6543731647454385215	759	7	13	7
6543731647454385215	760	19	14	1
6543731647454385215	761	0	14	0
6543731647454385215	762	4	4	4
6543731647454385215	763	0	19	0
6543731647454385215	764	16	16	16
6543731647454385215	765	9	9	9
6543731647454385215	766	15	14	15
6543731647454385215	767	18	18	18
6543731647454385215	768	4	4	4
6543731647454385215	769	2	2	3
6543731647454385215	770	15	2	3
6543731647454385215	771	4	4	4
6543731647454385215	772	0	0	1
6543731647454385215	773	5	13	13
6543731647454385215	774	8	8	8
6543731647454385215	775	12	1	13
6543731647454385215	776	6	6	6
6543731647454385215	777	17	3	17
6543731647454385215	778	19	13	10
6543731647454385215	779	12	16	7
6543731647454385215	780	19	14	10
6543731647454385215	781	10	10	8
6543731647454385215	782	17	0	0
6543731647454385215	783	16	8	16
6543731647454385215	784	7	7	7
6543731647454385215	785	17	10	3
6543731647454385215	786	7	13	13
6543731647454385215	787	15	2	4
6543731647454385215	788	11	7	18
6543731647454385215	789	8	8	8
6543731647454385215	790	5	15	5
6543731647454385215	791	8	8	8
6543731647454385215	792	6	6	16
6543731647454385215	793	18	18	18
6543731647454385215	794	13	13	13
6543731647454385215	795	19	13	1
6543731647454385215	796	5	5	12
6543731647454385215	797	3	2	2
6543731647454385215	798	12	16	12
6543731647454385215	799	12	13	13
6543731647454385215	800	1	9	1
6543731647454385215	801	13	9	9
6543731647454385215	802	7	7	7
6543731647454385215	803	9	9	9
6543731647454385215	804	1	1	1
6543731647454385215	805	0	13	1
6543731647454385215	806	5	5	13
6543731647454385215	807	15	2	4
6543731647454385215	808	13	13	13
6543731647454385215	809	0	0	0
6543731647454385215	810	1	9	13
6543731647454385215	811	11	13	18
6543731647454385215	812	7	13	7
6543731647454385215	813	11	11	11
6543731647454385215	814	1	9	1
6543731647454385215	815	14	14	14
6543731647454385215	816	10	10	9
6543731647454385215	817	1	1	1
6543731647454385215	818	19	1	17
6543731647454385215	819	17	9	1
6543731647454385215	820	17	10	9
6543731647454385215	821	14	13	14
6543731647454385215	822	7	11	7
6543731647454385215	823	11	13	18
6543731647454385215	824	5	18	13
6543731647454385215	825	8	8	8
6543731647454385215	826	2	14	15
6543731647454385215	827	2	14	7
6543731647454385215	828	16	16	16
6543731647454385215	829	9	9	9
6543731647454385215	830	16	16	16
6543731647454385215	831	19	13	13
6543731647454385215	832	2	2	2
6543731647454385215	833	9	13	9
6543731647454385215	834	12	12	12
6543731647454385215	835	17	13	15
6543731647454385215	836	13	13	9
6543731647454385215	837	19	13	1
6543731647454385215	838	16	16	6
6543731647454385215	839	1	7	1
6543731647454385215	840	10	1	1
6543731647454385215	841	17	9	17
6543731647454385215	842	11	13	11
6543731647454385215	843	18	18	18
6543731647454385215	844	11	11	11
6543731647454385215	845	13	13	13
6543731647454385215	846	13	13	13
6543731647454385215	847	3	14	14
6543731647454385215	848	17	2	7
6543731647454385215	849	10	0	10
6543731647454385215	850	18	18	11
6543731647454385215	851	16	16	16
6543731647454385215	852	0	0	17
6543731647454385215	853	16	16	16
6543731647454385215	854	15	2	14
6543731647454385215	855	4	4	6
6543731647454385215	856	5	13	5
6543731647454385215	857	18	18	18
6543731647454385215	858	15	2	5
6543731647454385215	859	3	2	4
6543731647454385215	860	4	4	14
6543731647454385215	861	19	19	4
6543731647454385215	862	2	14	7
6543731647454385215	863	16	8	16
6543731647454385215	864	12	1	7
6543731647454385215	865	5	5	13
6543731647454385215	866	14	14	4
6543731647454385215	867	12	7	7
6543731647454385215	868	11	18	18
6543731647454385215	869	2	14	3
6543731647454385215	870	17	10	17
6543731647454385215	871	2	14	7
6543731647454385215	872	1	19	1
6543731647454385215	873	12	13	12
6543731647454385215	874	14	15	3
6543731647454385215	875	18	18	18
6543731647454385215	876	6	6	6
6543731647454385215	877	9	9	9
6543731647454385215	878	13	13	13
6543731647454385215	879	3	19	17
6543731647454385215	880	0	14	10
6543731647454385215	881	17	13	0
6543731647454385215	882	16	8	16
6543731647454385215	883	2	2	2
6543731647454385215	884	2	2	2
6543731647454385215	885	17	10	17
6543731647454385215	886	2	2	2
6543731647454385215	887	6	6	6
6543731647454385215	888	19	13	9
6543731647454385215	889	18	18	13
6543731647454385215	890	19	13	8
6543731647454385215	891	7	13	7
6543731647454385215	892	17	17	3
6543731647454385215	893	7	13	13
6543731647454385215	894	19	13	19
6543731647454385215	895	18	18	18
6543731647454385215	896	4	4	10
6543731647454385215	897	2	14	17
6543731647454385215	898	1	7	1
6543731647454385215	899	4	4	10
6543731647454385215	900	13	13	13
6543731647454385215	901	12	13	16
6543731647454385215	902	16	16	8
6543731647454385215	903	19	13	10
6543731647454385215	904	11	13	18
6543731647454385215	905	10	10	1
6543731647454385215	906	19	9	0
6543731647454385215	907	12	13	13
6543731647454385215	908	11	11	11
6543731647454385215	909	6	6	6
6543731647454385215	910	2	2	2
6543731647454385215	911	2	14	17
6543731647454385215	912	15	2	13
6543731647454385215	913	8	8	8
6543731647454385215	914	5	18	13
6543731647454385215	915	18	18	18
6543731647454385215	916	14	4	2
6543731647454385215	917	18	18	11
6543731647454385215	918	2	2	3
6543731647454385215	919	15	14	6
6543731647454385215	920	3	2	3
6543731647454385215	921	11	11	18
6543731647454385215	922	10	10	8
6543731647454385215	923	1	13	13
6543731647454385215	924	16	16	16
6543731647454385215	925	15	2	10
6543731647454385215	926	2	2	2
6543731647454385215	927	14	14	14
6543731647454385215	928	9	13	9
6543731647454385215	929	10	2	1
6543731647454385215	930	0	0	0
6543731647454385215	931	8	8	8
6543731647454385215	932	2	2	2
6543731647454385215	933	18	11	18
6543731647454385215	934	18	18	18
6543731647454385215	935	15	14	17
6543731647454385215	936	1	13	19
6543731647454385215	937	11	11	18
6543731647454385215	938	7	13	7
6543731647454385215	939	5	18	18
6543731647454385215	940	19	14	4
6543731647454385215	941	5	18	5
6543731647454385215	942	12	9	7
6543731647454385215	943	10	10	8
6543731647454385215	944	8	8	8
6543731647454385215	945	7	13	7
6543731647454385215	946	19	13	13
6543731647454385215	947	18	18	18
6543731647454385215	948	14	14	8
6543731647454385215	949	10	2	15
6543731647454385215	950	16	8	16
6543731647454385215	951	10	10	1
6543731647454385215	952	18	18	11
6543731647454385215	953	14	13	8
6543731647454385215	954	14	13	8
6543731647454385215	955	17	1	9
6543731647454385215	956	17	10	17
6543731647454385215	957	6	6	16
6543731647454385215	958	10	10	10
6543731647454385215	959	9	13	9
6543731647454385215	960	17	0	8
6543731647454385215	961	7	13	7
6543731647454385215	962	15	2	14
6543731647454385215	963	14	2	4
6543731647454385215	964	11	11	11
6543731647454385215	965	7	13	13
6543731647454385215	966	13	13	9
6543731647454385215	967	8	8	8
6543731647454385215	968	10	4	15
6543731647454385215	969	15	4	10
6543731647454385215	970	3	2	14
6543731647454385215	971	6	6	6
6543731647454385215	972	18	18	18
6543731647454385215	973	19	13	1
6543731647454385215	974	5	13	0
6543731647454385215	975	2	14	15
6543731647454385215	976	12	16	7
6543731647454385215	977	2	2	13
6543731647454385215	978	14	13	8
6543731647454385215	979	3	14	9
6543731647454385215	980	3	8	9
6543731647454385215	981	10	10	3
6543731647454385215	982	2	14	0
6543731647454385215	983	14	0	14
6543731647454385215	984	14	0	6
6543731647454385215	985	15	1	14
6543731647454385215	986	5	18	5
6543731647454385215	987	10	0	2
6543731647454385215	988	4	4	4
6543731647454385215	989	14	0	8
6543731647454385215	990	17	3	17
6543731647454385215	991	13	13	13
6543731647454385215	992	1	9	1
6543731647454385215	993	18	18	18
6543731647454385215	994	19	13	1
6543731647454385215	995	12	7	7
6543731647454385215	996	13	5	18
6543731647454385215	997	16	6	6
6543731647454385215	998	14	0	8
6543731647454385215	999	17	2	7
6543731647454385215	1000	18	18	18
6543731647454385215	1001	13	9	11
6543731647454385215	1002	13	13	9
6543731647454385215	1003	12	12	12
6543731647454385215	1004	10	14	10
6543731647454385215	1005	7	13	0
6543731647454385215	1006	6	6	6
6543731647454385215	1007	17	17	7
6543731647454385215	1008	8	8	8
6543731647454385215	1009	7	7	7
6543731647454385215	1010	0	13	0
6543731647454385215	1011	16	16	16
6543731647454385215	1012	4	4	4
6543731647454385215	1013	9	13	13
6543731647454385215	1014	19	13	10
6543731647454385215	1015	6	6	16
6543731647454385215	1016	15	2	8
6543731647454385215	1017	4	4	4
6543731647454385215	1018	19	14	10
6543731647454385215	1019	5	18	5
6543731647454385215	1020	14	14	8
6543731647454385215	1021	1	13	13
6543731647454385215	1022	3	10	1
6543731647454385215	1023	3	1	3
6543731647454385215	1024	10	10	8
6543731647454385215	1025	9	9	9
6543731647454385215	1026	15	14	11
6543731647454385215	1027	1	9	1
6543731647454385215	1028	9	13	5
6543731647454385215	1029	2	14	3
6543731647454385215	1030	3	2	10
6543731647454385215	1031	6	6	6
6543731647454385215	1032	18	18	18
6543731647454385215	1033	18	18	18
6543731647454385215	1034	7	13	13
6543731647454385215	1035	15	15	15
6543731647454385215	1036	9	9	9
6543731647454385215	1037	5	9	13
6543731647454385215	1038	1	13	13
6543731647454385215	1039	12	11	13
6543731647454385215	1040	9	13	13
6543731647454385215	1041	9	9	13
6543731647454385215	1042	13	13	13
6543731647454385215	1043	16	8	16
6543731647454385215	1044	11	16	16
6543731647454385215	1045	6	6	6
6543731647454385215	1046	1	19	1
6543731647454385215	1047	5	18	13
6543731647454385215	1048	5	13	13
6543731647454385215	1049	12	13	13
6543731647454385215	1050	2	2	2
6543731647454385215	1051	6	6	6
6543731647454385215	1052	11	13	18
6543731647454385215	1053	12	13	7
6543731647454385215	1054	16	8	8
6543731647454385215	1055	10	14	10
6543731647454385215	1056	11	11	11
6543731647454385215	1057	0	0	10
6543731647454385215	1058	7	7	7
6543731647454385215	1059	10	10	0
6543731647454385215	1060	2	14	2
6543731647454385215	1061	6	6	16
6543731647454385215	1062	13	13	9
6543731647454385215	1063	14	14	7
6543731647454385215	1064	16	16	16
6543731647454385215	1065	19	13	8
6543731647454385215	1066	2	14	3
6543731647454385215	1067	18	18	18
6543731647454385215	1068	17	0	3
6543731647454385215	1069	7	13	13
6543731647454385215	1070	4	4	4
6543731647454385215	1071	16	8	16
6543731647454385215	1072	13	13	13
6543731647454385215	1073	8	8	8
6543731647454385215	1074	14	4	8
6543731647454385215	1075	10	10	9
6543731647454385215	1076	4	4	4
6543731647454385215	1077	5	18	18
6543731647454385215	1078	12	5	7
6543731647454385215	1079	0	0	0
6543731647454385215	1080	1	9	19
6543731647454385215	1081	2	2	2
6543731647454385215	1082	11	13	18
6543731647454385215	1083	14	14	13
6543731647454385215	1084	16	8	16
6543731647454385215	1085	3	10	15
6543731647454385215	1086	1	1	14
6543731647454385215	1087	9	13	9
6543731647454385215	1088	10	14	1
6543731647454385215	1089	14	13	8
6543731647454385215	1090	12	13	13
6543731647454385215	1091	5	5	12
6543731647454385215	1092	4	9	4
6543731647454385215	1093	2	2	2
6543731647454385215	1094	6	6	16
6543731647454385215	1095	6	6	16
6543731647454385215	1096	14	0	7
6543731647454385215	1097	10	0	15
6543731647454385215	1098	4	4	4
6543731647454385215	1099	13	13	13
6543731647454385215	1100	18	18	18
6543731647454385215	1101	0	0	17
6543731647454385215	1102	16	6	16
6543731647454385215	1103	2	2	2
6543731647454385215	1104	19	19	10
6543731647454385215	1105	0	13	0
6543731647454385215	1106	8	8	8
6543731647454385215	1107	12	13	13
6543731647454385215	1108	10	10	15
6543731647454385215	1109	19	13	9
6543731647454385215	1110	7	13	0
6543731647454385215	1111	11	16	16
6543731647454385215	1112	13	13	13
6543731647454385215	1113	9	13	13
6543731647454385215	1114	1	1	0
6543731647454385215	1115	14	14	10
6543731647454385215	1116	0	0	7
6543731647454385215	1117	0	0	0
6543731647454385215	1118	1	13	13
6543731647454385215	1119	19	19	10
6543731647454385215	1120	12	13	13
6543731647454385215	1121	10	2	10
6543731647454385215	1122	6	6	6
6543731647454385215	1123	6	6	6
6543731647454385215	1124	17	2	17
6543731647454385215	1125	9	13	9
6543731647454385215	1126	18	18	13
6543731647454385215	1127	4	4	4
6543731647454385215	1128	10	10	1
6543731647454385215	1129	5	18	13
6543731647454385215	1130	18	18	18
6543731647454385215	1131	16	6	16
6543731647454385215	1132	15	2	6
6543731647454385215	1133	1	13	1
6543731647454385215	1134	11	11	11
6543731647454385215	1135	16	16	6
6543731647454385215	1136	8	8	8
6543731647454385215	1137	11	9	13
6543731647454385215	1138	11	13	11
6543731647454385215	1139	5	9	13
6543731647454385215	1140	1	9	1
6543731647454385215	1141	1	13	4
6543731647454385215	1142	4	4	4
6543731647454385215	1143	8	8	18
6543731647454385215	1144	11	13	11
6543731647454385215	1145	18	18	11
6543731647454385215	1146	14	0	16
6543731647454385215	1147	0	4	0
6543731647454385215	1148	18	18	18
6543731647454385215	1149	5	18	13
6543731647454385215	1150	15	14	4
6543731647454385215	1151	17	0	8
6543731647454385215	1152	14	14	15
6543731647454385215	1153	16	16	16
6543731647454385215	1154	13	9	13
6543731647454385215	1155	8	2	8
6543731647454385215	1156	13	13	13
6543731647454385215	1157	17	17	17
6543731647454385215	1158	11	13	18
6543731647454385215	1159	0	13	0
6543731647454385215	1160	18	18	16
6543731647454385215	1161	7	11	15
6543731647454385215	1162	18	18	11
6543731647454385215	1163	19	13	9
6543731647454385215	1164	6	6	6
6543731647454385215	1165	18	18	18
6543731647454385215	1166	10	0	15
6543731647454385215	1167	16	16	6
6543731647454385215	1168	12	5	12
6543731647454385215	1169	0	7	7
6543731647454385215	1170	13	13	13
6543731647454385215	1171	3	3	3
6543731647454385215	1172	19	13	1
6543731647454385215	1173	0	0	10
6543731647454385215	1174	16	16	16
6543731647454385215	1175	8	8	15
6543731647454385215	1176	4	4	13
6543731647454385215	1177	17	0	4
6543731647454385215	1178	8	8	8
6543731647454385215	1179	6	6	6
6543731647454385215	1180	7	13	13
6543731647454385215	1181	8	8	8
6543731647454385215	1182	10	14	10
6543731647454385215	1183	5	5	13
6543731647454385215	1184	10	10	1
6543731647454385215	1185	18	18	18
6543731647454385215	1186	18	18	18
6543731647454385215	1187	9	13	13
6543731647454385215	1188	15	2	8
6543731647454385215	1189	18	18	18
6543731647454385215	1190	19	1	10
6543731647454385215	1191	5	5	13
6543731647454385215	1192	13	13	9
6543731647454385215	1193	18	18	11
6543731647454385215	1194	13	13	9
6543731647454385215	1195	0	13	0
6543731647454385215	1196	17	9	1
6543731647454385215	1197	5	5	13
6543731647454385215	1198	4	4	4
6543731647454385215	1199	16	16	16
6543731647454385215	1200	17	10	17
6543731647454385215	1201	6	6	7
6543731647454385215	1202	9	13	9
6543731647454385215	1203	18	18	18
6543731647454385215	1204	14	13	8
6543731647454385215	1205	16	6	16
6543731647454385215	1206	12	13	13
6543731647454385215	1207	18	18	11
6543731647454385215	1208	14	14	7
6543731647454385215	1209	3	14	13
6543731647454385215	1210	8	8	8
6543731647454385215	1211	2	2	7
6543731647454385215	1212	14	4	0
6543731647454385215	1213	10	1	1
6543731647454385215	1214	13	13	9
6543731647454385215	1215	7	13	11
6543731647454385215	1216	15	2	15
6543731647454385215	1217	3	2	13
6543731647454385215	1218	13	13	9
6543731647454385215	1219	10	14	10
6543731647454385215	1220	3	2	10
6543731647454385215	1221	15	2	7
6543731647454385215	1222	5	13	9
6543731647454385215	1223	16	16	16
6543731647454385215	1224	1	13	1
6543731647454385215	1225	1	9	1
6543731647454385215	1226	6	6	16
6543731647454385215	1227	11	4	4
6543731647454385215	1228	0	0	0
6543731647454385215	1229	5	18	13
6543731647454385215	1230	5	5	13
6543731647454385215	1231	6	6	6
6543731647454385215	1232	15	2	15
6543731647454385215	1233	13	13	9
6543731647454385215	1234	7	13	7
6543731647454385215	1235	18	18	18
6543731647454385215	1236	1	13	1
6543731647454385215	1237	2	2	2
6543731647454385215	1238	3	14	1
6543731647454385215	1239	7	13	7
6543731647454385215	1240	18	18	18
6543731647454385215	1241	10	14	10
6543731647454385215	1242	18	18	18
6543731647454385215	1243	3	14	15
6543731647454385215	1244	19	4	10
6543731647454385215	1245	11	7	11
6543731647454385215	1246	12	12	7
6543731647454385215	1247	4	4	13
6543731647454385215	1248	14	14	8
6543731647454385215	1249	7	9	7
6543731647454385215	1250	0	0	4
6543731647454385215	1251	7	13	7
6543731647454385215	1252	5	5	13
6543731647454385215	1253	3	14	13
6543731647454385215	1254	5	18	13
6543731647454385215	1255	2	2	2
6543731647454385215	1256	7	13	7
6543731647454385215	1257	3	14	15
6543731647454385215	1258	7	13	13
6543731647454385215	1259	13	9	13
6543731647454385215	1260	11	13	13
6543731647454385215	1261	11	13	11
6543731647454385215	1262	8	8	8
6543731647454385215	1263	7	13	13
6543731647454385215	1264	16	8	16
6543731647454385215	1265	10	10	14
6543731647454385215	1266	15	15	15
6543731647454385215	1267	15	2	0
6543731647454385215	1268	1	1	15
6543731647454385215	1269	14	13	2
6543731647454385215	1270	3	17	17
6543731647454385215	1271	13	13	13
6543731647454385215	1272	1	0	1
6543731647454385215	1273	4	4	4
6543731647454385215	1274	12	13	13
6543731647454385215	1275	7	7	0
6543731647454385215	1276	1	1	1
6543731647454385215	1277	13	13	13
6543731647454385215	1278	17	10	17
6543731647454385215	1279	6	6	16
6543731647454385215	1280	10	14	17
6543731647454385215	1281	6	6	6
6543731647454385215	1282	1	13	13
6543731647454385215	1283	19	13	9
6543731647454385215	1284	13	13	13
6543731647454385215	1285	11	7	11
6543731647454385215	1286	4	4	4
6543731647454385215	1287	19	13	13
6543731647454385215	1288	16	8	16
6543731647454385215	1289	16	8	16
6543731647454385215	1290	11	11	18
6543731647454385215	1291	10	14	10
6543731647454385215	1292	0	13	0
6543731647454385215	1293	16	16	16
6543731647454385215	1294	1	7	1
6543731647454385215	1295	8	8	8
6543731647454385215	1296	16	8	16
6543731647454385215	1297	12	12	12
6543731647454385215	1298	10	14	10
6543731647454385215	1299	0	13	17
6543731647454385215	1300	5	18	5
6543731647454385215	1301	8	8	8
6543731647454385215	1302	6	6	6
6543731647454385215	1303	9	9	9
6543731647454385215	1304	6	6	6
6543731647454385215	1305	13	9	13
6543731647454385215	1306	9	13	9
6543731647454385215	1307	10	14	10
6543731647454385215	1308	15	2	15
6543731647454385215	1309	10	10	1
6543731647454385215	1310	14	4	14
6543731647454385215	1311	6	6	6
6543731647454385215	1312	19	13	15
6543731647454385215	1313	15	14	4
6543731647454385215	1314	12	13	13
6543731647454385215	1315	8	8	8
6543731647454385215	1316	13	13	9
6543731647454385215	1317	17	7	11
6543731647454385215	1318	12	13	13
6543731647454385215	1319	9	13	13
6543731647454385215	1320	7	13	11
6543731647454385215	1321	6	6	16
6543731647454385215	1322	8	8	8
6543731647454385215	1323	14	13	8
6543731647454385215	1324	2	2	2
6543731647454385215	1325	18	18	18
6543731647454385215	1326	1	9	13
6543731647454385215	1327	7	13	9
6543731647454385215	1328	7	13	13
6543731647454385215	1329	15	15	14
6543731647454385215	1330	3	14	17
6543731647454385215	1331	6	6	7
6543731647454385215	1332	12	16	12
6543731647454385215	1333	2	10	17
6543731647454385215	1334	19	13	9
6543731647454385215	1335	3	15	10
6543731647454385215	1336	5	5	5
6543731647454385215	1337	14	0	8
6543731647454385215	1338	6	6	16
6543731647454385215	1339	19	13	9
6543731647454385215	1340	12	7	7
6543731647454385215	1341	10	14	15
6543731647454385215	1342	17	0	1
6543731647454385215	1343	10	14	9
6543731647454385215	1344	13	13	13
6543731647454385215	1345	14	14	8
6543731647454385215	1346	4	4	4
6543731647454385215	1347	11	11	18
6543731647454385215	1348	18	18	18
6543731647454385215	1349	11	13	18
6543731647454385215	1350	14	14	8
6543731647454385215	1351	2	14	3
6543731647454385215	1352	17	17	17
6543731647454385215	1353	18	18	18
6543731647454385215	1354	0	0	17
6543731647454385215	1355	3	17	17
6543731647454385215	1356	8	8	8
6543731647454385215	1357	17	9	1
6543731647454385215	1358	2	2	2
6543731647454385215	1359	18	18	11
6543731647454385215	1360	1	13	13
6543731647454385215	1361	7	13	12
6543731647454385215	1362	4	4	4
6543731647454385215	1363	10	0	1
6543731647454385215	1364	8	8	16
6543731647454385215	1365	9	9	13
6543731647454385215	1366	3	2	15
6543731647454385215	1367	3	10	2
6543731647454385215	1368	1	13	13
6543731647454385215	1369	6	6	16
6543731647454385215	1370	15	14	10
6543731647454385215	1371	14	0	14
6543731647454385215	1372	12	13	7
6543731647454385215	1373	10	14	10
6543731647454385215	1374	16	8	16
6543731647454385215	1375	11	13	18
6543731647454385215	1376	3	8	3
6543731647454385215	1377	8	8	8
6543731647454385215	1378	0	13	0
6543731647454385215	1379	15	14	14
6543731647454385215	1380	7	13	13
6543731647454385215	1381	8	8	8
6543731647454385215	1382	15	2	15
6543731647454385215	1383	9	13	9
6543731647454385215	1384	0	14	0
6543731647454385215	1385	17	17	1
6543731647454385215	1386	18	18	18
6543731647454385215	1387	3	2	3
6543731647454385215	1388	1	9	1
6543731647454385215	1389	0	14	0
6543731647454385215	1390	4	4	4
6543731647454385215	1391	1	13	0
6543731647454385215	1392	15	14	6
6543731647454385215	1393	16	16	16
6543731647454385215	1394	9	13	13
6543731647454385215	1395	9	13	9
6543731647454385215	1396	14	14	14
6543731647454385215	1397	3	17	14
6543731647454385215	1398	5	18	13
6543731647454385215	1399	6	6	16
6543731647454385215	1400	3	19	17
6543731647454385215	1401	16	16	14
6543731647454385215	1402	6	6	16
6543731647454385215	1403	18	18	18
6543731647454385215	1404	16	16	16
6543731647454385215	1405	12	13	12
6543731647454385215	1406	6	6	16
6543731647454385215	1407	3	2	3
6543731647454385215	1408	7	13	12
6543731647454385215	1409	13	13	9
6543731647454385215	1410	19	13	9
6543731647454385215	1411	10	0	0
6543731647454385215	1412	11	13	13
6543731647454385215	1413	19	14	10
6543731647454385215	1414	9	9	9
6543731647454385215	1415	15	14	15
6543731647454385215	1416	0	0	0
6543731647454385215	1417	14	15	15
6543731647454385215	1418	12	7	12
6543731647454385215	1419	8	8	8
6543731647454385215	1420	19	13	9
6543731647454385215	1421	12	12	7
6543731647454385215	1422	9	13	9
6543731647454385215	1423	17	0	1
6543731647454385215	1424	1	13	1
6543731647454385215	1425	17	17	17
6543731647454385215	1426	8	8	8
6543731647454385215	1427	13	13	13
6543731647454385215	1428	0	13	0
6543731647454385215	1429	2	14	5
6543731647454385215	1430	16	13	16
6543731647454385215	1431	11	13	18
6543731647454385215	1432	18	18	18
6543731647454385215	1433	14	4	10
6543731647454385215	1434	2	2	2
6543731647454385215	1435	9	9	9
6543731647454385215	1436	15	15	10
6543731647454385215	1437	15	1	14
6543731647454385215	1438	0	13	1
6543731647454385215	1439	14	0	6
6543731647454385215	1440	5	13	13
6543731647454385215	1441	0	0	0
6543731647454385215	1442	17	2	17
6543731647454385215	1443	1	13	1
6543731647454385215	1444	15	2	3
6543731647454385215	1445	4	4	13
6543731647454385215	1446	5	9	13
6543731647454385215	1447	3	2	14
6543731647454385215	1448	3	15	1
6543731647454385215	1449	9	9	9
6543731647454385215	1450	3	0	15
6543731647454385215	1451	12	13	18
6543731647454385215	1452	14	4	17
6543731647454385215	1453	0	2	10
6543731647454385215	1454	3	15	4
6543731647454385215	1455	0	0	1
6543731647454385215	1456	7	13	7
6543731647454385215	1457	19	19	4
6543731647454385215	1458	1	1	17
6543731647454385215	1459	11	11	18
6543731647454385215	1460	17	0	17
6543731647454385215	1461	4	4	4
6543731647454385215	1462	15	2	15
6543731647454385215	1463	15	2	14
6543731647454385215	1464	12	5	7
6543731647454385215	1465	10	0	10
6543731647454385215	1466	18	18	18
6543731647454385215	1467	16	11	16
6543731647454385215	1468	10	10	0
6543731647454385215	1469	16	9	16
6543731647454385215	1470	6	6	16
6543731647454385215	1471	5	13	13
6543731647454385215	1472	17	10	17
6543731647454385215	1473	14	14	13
6543731647454385215	1474	4	4	4
6543731647454385215	1475	13	13	13
6543731647454385215	1476	10	4	10
6543731647454385215	1477	7	0	7
6543731647454385215	1478	6	6	6
6543731647454385215	1479	4	4	4
6543731647454385215	1480	11	13	18
6543731647454385215	1481	10	2	10
6543731647454385215	1482	15	15	0
6543731647454385215	1483	16	11	16
6543731647454385215	1484	12	12	7
6543731647454385215	1485	3	14	8
6543731647454385215	1486	4	4	4
6543731647454385215	1487	0	0	0
6543731647454385215	1488	15	15	7
6543731647454385215	1489	4	4	4
6543731647454385215	1490	9	13	9
6543731647454385215	1491	3	14	17
6543731647454385215	1492	7	13	7
6543731647454385215	1493	1	19	1
6543731647454385215	1494	15	2	7
6543731647454385215	1495	2	14	2
6543731647454385215	1496	11	11	11
6543731647454385215	1497	13	9	5
6543731647454385215	1498	4	4	4
6543731647454385215	1499	5	13	13
6543731647454385215	1500	2	14	17
6543731647454385215	1501	18	18	13
6543731647454385215	1502	8	8	8
6543731647454385215	1503	0	0	0
6543731647454385215	1504	15	1	4
6543731647454385215	1505	11	7	13
6543731647454385215	1506	15	15	13
6543731647454385215	1507	14	2	14
6543731647454385215	1508	7	13	13
6543731647454385215	1509	18	18	18
6543731647454385215	1510	11	13	11
6543731647454385215	1511	16	16	11
6543731647454385215	1512	1	9	13
6543731647454385215	1513	19	13	13
6543731647454385215	1514	10	10	0
6543731647454385215	1515	10	13	10
6543731647454385215	1516	14	14	10
6543731647454385215	1517	16	16	16
6543731647454385215	1518	8	8	8
6543731647454385215	1519	1	1	9
6543731647454385215	1520	9	9	9
6543731647454385215	1521	11	13	18
6543731647454385215	1522	10	10	8
6543731647454385215	1523	18	18	18
6543731647454385215	1524	3	2	10
6543731647454385215	1525	11	11	18
6543731647454385215	1526	10	10	0
6543731647454385215	1527	8	8	8
6543731647454385215	1528	10	10	16
6543731647454385215	1529	18	18	18
6543731647454385215	1530	6	6	16
6543731647454385215	1531	6	6	16
6543731647454385215	1532	1	13	1
6543731647454385215	1533	4	1	10
6543731647454385215	1534	5	13	13
6543731647454385215	1535	12	12	12
6543731647454385215	1536	4	4	4
6543731647454385215	1537	19	19	10
6543731647454385215	1538	10	14	10
6543731647454385215	1539	14	13	7
6543731647454385215	1540	6	16	16
6543731647454385215	1541	3	14	3
6543731647454385215	1542	19	13	9
6543731647454385215	1543	12	13	13
6543731647454385215	1544	19	4	10
6543731647454385215	1545	1	1	1
6543731647454385215	1546	6	6	16
6543731647454385215	1547	16	8	16
6543731647454385215	1548	3	14	17
6543731647454385215	1549	15	2	13
6543731647454385215	1550	16	6	6
6543731647454385215	1551	2	2	14
6543731647454385215	1552	11	7	13
6543731647454385215	1553	1	13	1
6543731647454385215	1554	14	14	3
6543731647454385215	1555	8	8	8
6543731647454385215	1556	7	1	17
6543731647454385215	1557	12	13	18
6543731647454385215	1558	16	16	16
6543731647454385215	1559	18	18	18
6543731647454385215	1560	4	4	4
6543731647454385215	1561	19	9	19
6543731647454385215	1562	15	15	7
6543731647454385215	1563	7	7	12
6543731647454385215	1564	12	12	12
6543731647454385215	1565	10	10	1
6543731647454385215	1566	18	18	13
6543731647454385215	1567	2	14	3
6543731647454385215	1568	19	4	10
6543731647454385215	1569	18	18	18
6543731647454385215	1570	13	5	13
6543731647454385215	1571	15	14	15
6543731647454385215	1572	2	14	7
6543731647454385215	1573	0	13	0
6543731647454385215	1574	1	7	1
6543731647454385215	1575	13	13	5
6543731647454385215	1576	12	13	12
6543731647454385215	1577	17	10	9
6543731647454385215	1578	6	6	16
6543731647454385215	1579	9	13	9
6543731647454385215	1580	11	5	18
6543731647454385215	1581	13	13	9
6543731647454385215	1582	6	6	6
6543731647454385215	1583	19	1	10
6543731647454385215	1584	14	14	8
6543731647454385215	1585	15	4	0
6543731647454385215	1586	15	15	7
6543731647454385215	1587	4	4	4
6543731647454385215	1588	8	8	8
6543731647454385215	1589	5	18	13
6543731647454385215	1590	9	13	9
6543731647454385215	1591	18	18	13
6543731647454385215	1592	6	6	6
6543731647454385215	1593	13	13	13
6543731647454385215	1594	17	10	3
6543731647454385215	1595	11	13	18
6543731647454385215	1596	13	13	13
6543731647454385215	1597	7	7	7
6543731647454385215	1598	9	13	9
6543731647454385215	1599	9	13	9
6543731647454385215	1600	16	8	16
6543731647454385215	1601	17	10	17
6543731647454385215	1602	3	14	4
6543731647454385215	1603	4	4	4
6543731647454385215	1604	14	0	14
6543731647454385215	1605	10	2	1
6543731647454385215	1606	4	4	4
6543731647454385215	1607	10	0	15
6543731647454385215	1608	18	18	18
6543731647454385215	1609	10	14	0
6543731647454385215	1610	17	10	7
6543731647454385215	1611	18	18	18
6543731647454385215	1612	8	8	8
6543731647454385215	1613	18	18	18
6543731647454385215	1614	4	4	4
6543731647454385215	1615	19	10	9
6543731647454385215	1616	5	13	13
6543731647454385215	1617	7	13	11
6543731647454385215	1618	14	13	13
6543731647454385215	1619	10	0	0
6543731647454385215	1620	6	6	16
6543731647454385215	1621	9	13	9
6543731647454385215	1622	16	16	16
6543731647454385215	1623	3	2	3
6543731647454385215	1624	11	9	18
6543731647454385215	1625	19	14	10
6543731647454385215	1626	17	13	17
6543731647454385215	1627	11	13	11
6543731647454385215	1628	5	18	18
6543731647454385215	1629	10	2	15
6543731647454385215	1630	1	1	15
6543731647454385215	1631	5	13	5
6543731647454385215	1632	17	17	1
6543731647454385215	1633	12	12	7
6543731647454385215	1634	8	8	8
6543731647454385215	1635	2	2	2
6543731647454385215	1636	4	4	4
6543731647454385215	1637	17	0	17
6543731647454385215	1638	9	13	9
6543731647454385215	1639	9	13	13
6543731647454385215	1640	4	4	4
6543731647454385215	1641	16	8	16
6543731647454385215	1642	8	8	8
6543731647454385215	1643	9	13	9
6543731647454385215	1644	4	4	13
6543731647454385215	1645	1	1	1
6543731647454385215	1646	5	18	5
6543731647454385215	1647	7	13	7
6543731647454385215	1648	19	13	13
6543731647454385215	1649	9	11	9
6543731647454385215	1650	1	9	1
6543731647454385215	1651	11	11	11
6543731647454385215	1652	4	4	13
6543731647454385215	1653	4	4	4
6543731647454385215	1654	3	10	15
6543731647454385215	1655	16	11	16
6543731647454385215	1656	12	13	13
6543731647454385215	1657	15	2	5
6543731647454385215	1658	4	4	4
6543731647454385215	1659	0	13	17
6543731647454385215	1660	15	2	4
6543731647454385215	1661	5	18	18
6543731647454385215	1662	5	13	5
6543731647454385215	1663	10	10	1
6543731647454385215	1664	5	18	13
6543731647454385215	1665	11	13	11
6543731647454385215	1666	12	7	7
6543731647454385215	1667	6	6	6
6543731647454385215	1668	4	0	8
6543731647454385215	1669	14	14	7
6543731647454385215	1670	7	13	7
6543731647454385215	1671	12	5	12
6543731647454385215	1672	3	2	13
6543731647454385215	1673	8	8	8
6543731647454385215	1674	8	8	8
6543731647454385215	1675	8	8	8
6543731647454385215	1676	5	9	9
6543731647454385215	1677	3	2	3
6543731647454385215	1678	17	9	0
6543731647454385215	1679	1	0	15
6543731647454385215	1680	4	4	4
6543731647454385215	1681	6	6	7
6543731647454385215	1682	18	18	13
6543731647454385215	1683	14	13	16
6543731647454385215	1684	14	14	14
6543731647454385215	1685	17	7	17
6543731647454385215	1686	12	11	18
6543731647454385215	1687	8	8	8
6543731647454385215	1688	5	18	18
6543731647454385215	1689	13	13	13
6543731647454385215	1690	10	10	10
6543731647454385215	1691	11	13	11
6543731647454385215	1692	10	2	1
6543731647454385215	1693	2	14	2
6543731647454385215	1694	1	1	17
6543731647454385215	1695	11	13	11
6543731647454385215	1696	6	6	16
6543731647454385215	1697	4	0	2
6543731647454385215	1698	16	8	16
6543731647454385215	1699	18	18	13
6543731647454385215	1700	11	13	11
6543731647454385215	1701	17	10	1
6543731647454385215	1702	13	13	13
6543731647454385215	1703	0	0	0
6543731647454385215	1704	7	7	7
6543731647454385215	1705	8	8	8
6543731647454385215	1706	14	14	0
6543731647454385215	1707	19	4	10
6543731647454385215	1708	18	18	18
6543731647454385215	1709	0	13	0
6543731647454385215	1710	14	0	13
6543731647454385215	1711	7	13	7
6543731647454385215	1712	1	1	1
6543731647454385215	1713	10	10	9
6543731647454385215	1714	0	13	0
6543731647454385215	1715	8	8	8
6543731647454385215	1716	9	13	9
6543731647454385215	1717	15	2	4
6543731647454385215	1718	11	13	18
6543731647454385215	1719	17	9	10
6543731647454385215	1720	15	14	16
6543731647454385215	1721	12	12	12
6543731647454385215	1722	6	6	16
6543731647454385215	1723	10	10	8
6543731647454385215	1724	19	9	10
6543731647454385215	1725	3	14	2
6543731647454385215	1726	6	6	7
6543731647454385215	1727	11	13	18
6543731647454385215	1728	19	9	13
6543731647454385215	1729	0	0	0
6543731647454385215	1730	13	13	9
6543731647454385215	1731	5	5	13
6543731647454385215	1732	3	2	1
6543731647454385215	1733	16	8	8
6543731647454385215	1734	5	5	13
6543731647454385215	1735	10	9	10
6543731647454385215	1736	14	13	8
6543731647454385215	1737	16	6	16
6543731647454385215	1738	1	13	13
6543731647454385215	1739	16	8	8
6543731647454385215	1740	9	13	9
6543731647454385215	1741	6	6	6
6543731647454385215	1742	16	6	16
6543731647454385215	1743	7	7	7
6543731647454385215	1744	4	4	4
6543731647454385215	1745	10	10	1
6543731647454385215	1746	14	14	0
6543731647454385215	1747	3	2	15
6543731647454385215	1748	18	11	18
6543731647454385215	1749	13	13	9
6543731647454385215	1750	0	0	1
6543731647454385215	1751	19	4	10
6543731647454385215	1752	5	18	5
6543731647454385215	1753	16	8	8
6543731647454385215	1754	8	8	16
6543731647454385215	1755	8	8	8
6543731647454385215	1756	5	9	18
6543731647454385215	1757	6	6	16
6543731647454385215	1758	8	8	8
6543731647454385215	1759	14	14	7
6543731647454385215	1760	18	18	18
6543731647454385215	1761	6	6	16
6543731647454385215	1762	1	13	13
6543731647454385215	1763	6	6	6
6543731647454385215	1764	4	4	4
6543731647454385215	1765	11	13	18
6543731647454385215	1766	8	2	14
6543731647454385215	1767	13	13	13
6543731647454385215	1768	2	10	0
6543731647454385215	1769	16	16	7
6543731647454385215	1770	16	6	15
6543731647454385215	1771	10	14	1
6543731647454385215	1772	16	16	6
6543731647454385215	1773	2	14	17
6543731647454385215	1774	16	8	16
6543731647454385215	1775	16	16	6
6543731647454385215	1776	8	8	8
6543731647454385215	1777	1	13	9
6543731647454385215	1778	10	10	10
6543731647454385215	1779	15	14	8
6543731647454385215	1780	4	19	4
6543731647454385215	1781	17	10	9
6543731647454385215	1782	3	10	15
6543731647454385215	1783	17	9	1
6543731647454385215	1784	8	8	8
6543731647454385215	1785	11	13	18
6543731647454385215	1786	12	13	7
6543731647454385215	1787	8	16	8
6543731647454385215	1788	10	1	0
6543731647454385215	1789	15	15	7
6543731647454385215	1790	2	14	13
6543731647454385215	1791	8	8	8
6543731647454385215	1792	15	14	8
6543731647454385215	1793	0	14	17
6543731647454385215	1794	17	10	17
6543731647454385215	1795	2	14	3
6543731647454385215	1796	13	9	13
6543731647454385215	1797	13	13	13
6543731647454385215	1798	15	2	8
6543731647454385215	1799	2	2	2
6543731647454385215	1800	8	8	8
6543731647454385215	1801	18	18	18
6543731647454385215	1802	4	4	4
6543731647454385215	1803	17	10	17
6543731647454385215	1804	7	13	13
6543731647454385215	1805	18	18	18
6543731647454385215	1806	19	14	4
6543731647454385215	1807	17	2	17
6543731647454385215	1808	7	11	7
6543731647454385215	1809	4	4	14
6543731647454385215	1810	0	14	17
6543731647454385215	1811	17	0	17
6543731647454385215	1812	13	13	13
6543731647454385215	1813	11	7	11
6543731647454385215	1814	15	15	15
6543731647454385215	1815	5	9	18
6543731647454385215	1816	5	18	13
6543731647454385215	1817	17	9	0
6543731647454385215	1818	13	13	13
6543731647454385215	1819	5	13	13
6543731647454385215	1820	18	18	18
6543731647454385215	1821	6	6	7
6543731647454385215	1822	9	11	9
6543731647454385215	1823	8	8	8
6543731647454385215	1824	16	16	16
6543731647454385215	1825	18	18	13
6543731647454385215	1826	5	18	18
6543731647454385215	1827	5	13	13
6543731647454385215	1828	9	13	9
6543731647454385215	1829	2	2	2
6543731647454385215	1830	0	13	4
6543731647454385215	1831	6	6	6
6543731647454385215	1832	14	13	14
6543731647454385215	1833	8	8	8
6543731647454385215	1834	15	2	4
6543731647454385215	1835	2	2	2
6543731647454385215	1836	0	13	0
6543731647454385215	1837	9	13	9
6543731647454385215	1838	0	0	0
6543731647454385215	1839	4	4	4
6543731647454385215	1840	9	13	9
6543731647454385215	1841	16	16	16
6543731647454385215	1842	7	13	13
6543731647454385215	1843	2	2	2
6543731647454385215	1844	4	4	4
6543731647454385215	1845	7	13	13
6543731647454385215	1846	11	11	18
6543731647454385215	1847	7	13	13
6543731647454385215	1848	19	14	10
6543731647454385215	1849	17	9	1
6543731647454385215	1850	1	1	14
6543731647454385215	1851	12	13	13
6543731647454385215	1852	0	0	10
6543731647454385215	1853	12	13	13
6543731647454385215	1854	1	13	1
6543731647454385215	1855	14	14	4
6543731647454385215	1856	15	2	0
6543731647454385215	1857	14	0	14
6543731647454385215	1858	6	6	6
6543731647454385215	1859	18	18	18
6543731647454385215	1860	17	17	7
6543731647454385215	1861	13	13	13
6543731647454385215	1862	18	13	11
6543731647454385215	1863	13	13	9
6543731647454385215	1864	18	18	18
6543731647454385215	1865	17	1	17
6543731647454385215	1866	15	2	15
6543731647454385215	1867	14	0	7
6543731647454385215	1868	3	10	0
6543731647454385215	1869	2	2	2
6543731647454385215	1870	19	13	9
6543731647454385215	1871	15	14	14
6543731647454385215	1872	12	13	13
6543731647454385215	1873	12	13	9
6543731647454385215	1874	17	10	17
6543731647454385215	1875	13	18	13
6543731647454385215	1876	18	18	18
6543731647454385215	1877	2	2	2
6543731647454385215	1878	10	10	16
6543731647454385215	1879	14	14	2
6543731647454385215	1880	4	4	13
6543731647454385215	1881	8	8	8
6543731647454385215	1882	11	13	11
6543731647454385215	1883	19	13	9
6543731647454385215	1884	17	17	17
6543731647454385215	1885	19	13	9
6543731647454385215	1886	3	2	13
6543731647454385215	1887	15	2	10
6543731647454385215	1888	13	13	9
6543731647454385215	1889	11	7	11
6543731647454385215	1890	16	8	16
6543731647454385215	1891	12	13	13
6543731647454385215	1892	5	5	13
6543731647454385215	1893	7	7	7
6543731647454385215	1894	14	14	14
6543731647454385215	1895	13	13	9
6543731647454385215	1896	13	13	13
6543731647454385215	1897	7	13	13
6543731647454385215	1898	15	14	16
6543731647454385215	1899	15	2	3
6543731647454385215	1900	16	16	17
6543731647454385215	1901	4	4	4
6543731647454385215	1902	14	14	15
6543731647454385215	1903	2	14	10
6543731647454385215	1904	7	13	13
6543731647454385215	1905	10	2	3
6543731647454385215	1906	4	4	13
6543731647454385215	1907	12	5	7
6543731647454385215	1908	7	13	13
6543731647454385215	1909	0	13	0
6543731647454385215	1910	10	10	14
6543731647454385215	1911	7	13	13
6543731647454385215	1912	5	5	13
6543731647454385215	1913	12	5	12
6543731647454385215	1914	8	8	8
6543731647454385215	1915	5	1	8
6543731647454385215	1916	4	4	4
6543731647454385215	1917	3	14	9
6543731647454385215	1918	9	9	9
6543731647454385215	1919	6	6	16
6543731647454385215	1920	0	14	17
6543731647454385215	1921	4	4	4
6543731647454385215	1922	4	4	4
6543731647454385215	1923	3	2	14
6543731647454385215	1924	9	13	9
6543731647454385215	1925	14	13	14
6543731647454385215	1926	5	5	13
6543731647454385215	1927	13	9	13
6543731647454385215	1928	9	13	9
6543731647454385215	1929	11	13	11
6543731647454385215	1930	13	9	13
6543731647454385215	1931	2	2	2
6543731647454385215	1932	0	13	0
6543731647454385215	1933	11	7	11
6543731647454385215	1934	1	9	1
6543731647454385215	1935	11	10	11
6543731647454385215	1936	3	10	15
6543731647454385215	1937	19	19	10
6543731647454385215	1938	0	0	17
6543731647454385215	1939	7	13	13
6543731647454385215	1940	11	11	18
6543731647454385215	1941	17	9	1
6543731647454385215	1942	7	13	7
6543731647454385215	1943	15	2	6
6543731647454385215	1944	11	13	16
6543731647454385215	1945	18	18	18
6543731647454385215	1946	13	9	9
6543731647454385215	1947	3	2	0
6543731647454385215	1948	1	13	13
6543731647454385215	1949	18	18	18
6543731647454385215	1950	16	16	16
6543731647454385215	1951	14	2	2
6543731647454385215	1952	9	13	9
6543731647454385215	1953	0	14	17
6543731647454385215	1954	1	1	1
6543731647454385215	1955	13	13	13
6543731647454385215	1956	8	8	8
6543731647454385215	1957	17	0	17
6543731647454385215	1958	0	13	0
6543731647454385215	1959	10	14	10
6543731647454385215	1960	18	18	18
6543731647454385215	1961	3	2	3
6543731647454385215	1962	14	14	4
6543731647454385215	1963	12	18	12
6543731647454385215	1964	9	13	9
6543731647454385215	1965	7	13	12
6543731647454385215	1966	10	2	1
6543731647454385215	1967	0	7	7
6543731647454385215	1968	11	13	13
6543731647454385215	1969	10	14	14
6543731647454385215	1970	14	13	8
6543731647454385215	1971	5	9	13
6543731647454385215	1972	4	4	4
6543731647454385215	1973	2	2	2
6543731647454385215	1974	6	6	6
6543731647454385215	1975	15	2	7
6543731647454385215	1976	14	14	14
6543731647454385215	1977	16	8	16
6543731647454385215	1978	2	2	0
6543731647454385215	1979	11	13	11
6543731647454385215	1980	4	4	4
6543731647454385215	1981	4	4	13
6543731647454385215	1982	19	1	9
6543731647454385215	1983	2	2	2
6543731647454385215	1984	4	4	4
6543731647454385215	1985	15	2	7
6543731647454385215	1986	9	9	9
6543731647454385215	1987	18	18	18
6543731647454385215	1988	18	18	18
6543731647454385215	1989	17	17	0
6543731647454385215	1990	0	17	17
6543731647454385215	1991	16	8	16
6543731647454385215	1992	2	2	2
6543731647454385215	1993	15	8	14
6543731647454385215	1994	11	11	18
6543731647454385215	1995	18	18	13
6543731647454385215	1996	12	13	13
6543731647454385215	1997	17	2	0
6543731647454385215	1998	9	13	9
6543731647454385215	1999	15	14	15
6543731647454385215	2000	17	17	17
6543731647454385215	2001	9	9	9
6543731647454385215	2002	6	6	6
6543731647454385215	2003	11	7	11
6543731647454385215	2004	14	14	13
6543731647454385215	2005	5	18	18
6543731647454385215	2006	18	18	11
6543731647454385215	2007	19	9	10
6543731647454385215	2008	5	9	18
6543731647454385215	2009	12	5	13
6543731647454385215	2010	13	13	13
6543731647454385215	2011	1	9	1
6543731647454385215	2012	7	13	7
6543731647454385215	2013	7	13	7
6543731647454385215	2014	6	6	16
6543731647454385215	2015	4	4	4
6543731647454385215	2016	8	8	8
6543731647454385215	2017	7	7	15
6543731647454385215	2018	12	5	12
6543731647454385215	2019	7	13	7
6543731647454385215	2020	13	1	13
6543731647454385215	2021	4	4	4
6543731647454385215	2022	14	2	15
6543731647454385215	2023	2	14	17
6543731647454385215	2024	14	15	14
6543731647454385215	2025	5	13	12
6543731647454385215	2026	8	8	8
6543731647454385215	2027	2	2	2
6543731647454385215	2028	15	2	4
6543731647454385215	2029	2	14	14
6543731647454385215	2030	14	14	13
6543731647454385215	2031	3	2	0
6543731647454385215	2032	6	6	16
6543731647454385215	2033	16	8	16
6543731647454385215	2034	14	0	14
6543731647454385215	2035	15	2	15
6543731647454385215	2036	4	4	4
6543731647454385215	2037	0	0	0
6543731647454385215	2038	7	13	13
6543731647454385215	2039	11	13	18
6543731647454385215	2040	9	13	9
6543731647454385215	2041	13	9	13
6543731647454385215	2042	12	13	12
6543731647454385215	2043	11	11	11
6543731647454385215	2044	2	14	2
6543731647454385215	2045	3	10	3
6543731647454385215	2046	8	2	1
6543731647454385215	2047	10	14	10
6543731647454385215	2048	13	13	9
6543731647454385215	2049	17	0	1
6543731647454385215	2050	1	13	13
6543731647454385215	2051	2	2	2
6543731647454385215	2052	5	18	13
6543731647454385215	2053	8	8	8
6543731647454385215	2054	4	4	4
6543731647454385215	2055	9	13	9
6543731647454385215	2056	19	19	10
6543731647454385215	2057	10	0	15
6543731647454385215	2058	1	13	1
6543731647454385215	2059	15	15	17
6543731647454385215	2060	4	4	4
6543731647454385215	2061	12	13	7
6543731647454385215	2062	8	8	8
6543731647454385215	2063	19	13	1
6543731647454385215	2064	4	4	4
6543731647454385215	2065	4	4	4
6543731647454385215	2066	2	1	0
6543731647454385215	2067	2	2	2
6543731647454385215	2068	7	13	13
6543731647454385215	2069	12	13	13
6543731647454385215	2070	17	9	0
6543731647454385215	2071	9	9	9
6543731647454385215	2072	2	2	2
6543731647454385215	2073	2	14	10
6543731647454385215	2074	16	16	16
6543731647454385215	2075	9	13	13
6543731647454385215	2076	15	14	6
6543731647454385215	2077	5	13	13
6543731647454385215	2078	8	8	8
6543731647454385215	2079	0	14	10
6543731647454385215	2080	19	19	4
6543731647454385215	2081	12	13	13
6543731647454385215	2082	13	13	9
6543731647454385215	2083	3	15	2
6543731647454385215	2084	6	6	16
6543731647454385215	2085	16	16	16
6543731647454385215	2086	5	4	13
6543731647454385215	2087	7	13	7
6543731647454385215	2088	2	14	14
6543731647454385215	2089	14	0	11
6543731647454385215	2090	0	13	0
6543731647454385215	2091	17	10	10
6543731647454385215	2092	14	4	0
6543731647454385215	2093	16	16	16
6543731647454385215	2094	13	13	13
6543731647454385215	2095	17	17	17
6543731647454385215	2096	2	2	2
6543731647454385215	2097	9	13	13
6543731647454385215	2098	13	13	13
6543731647454385215	2099	9	9	9
6543731647454385215	2100	9	13	9
6543731647454385215	2101	14	8	14
6543731647454385215	2102	19	13	9
6543731647454385215	2103	13	9	13
6543731647454385215	2104	7	13	13
6543731647454385215	2105	1	1	15
6543731647454385215	2106	4	4	4
6543731647454385215	2107	15	1	0
6543731647454385215	2108	6	6	16
6543731647454385215	2109	9	9	13
6543731647454385215	2110	14	14	8
6543731647454385215	2111	15	2	14
6543731647454385215	2112	11	13	18
6543731647454385215	2113	6	16	16
6543731647454385215	2114	5	5	18
6543731647454385215	2115	4	4	4
6543731647454385215	2116	19	13	9
6543731647454385215	2117	4	4	4
6543731647454385215	2118	14	14	14
6543731647454385215	2119	8	8	8
6543731647454385215	2120	6	6	7
6543731647454385215	2121	8	8	8
6543731647454385215	2122	12	13	18
6543731647454385215	2123	2	2	7
6543731647454385215	2124	13	13	13
6543731647454385215	2125	5	5	13
6543731647454385215	2126	0	13	0
6543731647454385215	2127	4	4	4
6543731647454385215	2128	12	16	7
6543731647454385215	2129	16	16	16
6543731647454385215	2130	12	13	12
6543731647454385215	2131	14	4	4
6543731647454385215	2132	13	13	9
6543731647454385215	2133	7	13	12
6543731647454385215	2134	13	13	13
6543731647454385215	2135	18	18	18
6543731647454385215	2136	5	13	13
6543731647454385215	2137	0	0	0
6543731647454385215	2138	17	17	17
6543731647454385215	2139	4	4	13
6543731647454385215	2140	8	8	8
6543731647454385215	2141	16	16	16
6543731647454385215	2142	19	13	13
6543731647454385215	2143	18	18	18
6543731647454385215	2144	18	18	18
6543731647454385215	2145	6	6	16
6543731647454385215	2146	16	8	16
6543731647454385215	2147	12	18	7
6543731647454385215	2148	16	8	16
6543731647454385215	2149	18	18	18
6543731647454385215	2150	13	13	9
6543731647454385215	2151	9	9	17
6543731647454385215	2152	0	14	0
6543731647454385215	2153	14	0	7
6543731647454385215	2154	10	14	1
6543731647454385215	2155	10	14	10
6543731647454385215	2156	18	18	18
6543731647454385215	2157	13	13	13
6543731647454385215	2158	1	13	1
6543731647454385215	2159	4	4	4
6543731647454385215	2160	17	9	17
6543731647454385215	2161	12	13	13
6543731647454385215	2162	10	10	13
6543731647454385215	2163	16	8	16
6543731647454385215	2164	12	12	12
6543731647454385215	2165	16	16	16
6543731647454385215	2166	13	13	9
6543731647454385215	2167	12	13	13
6543731647454385215	2168	12	13	13
6543731647454385215	2169	8	8	8
6543731647454385215	2170	18	18	18
6543731647454385215	2171	2	2	7
6543731647454385215	2172	12	13	7
6543731647454385215	2173	4	0	6
6543731647454385215	2174	16	8	8
6543731647454385215	2175	15	2	7
6543731647454385215	2176	9	9	9
6543731647454385215	2177	16	16	15
6543731647454385215	2178	12	13	9
6543731647454385215	2179	5	18	13
6543731647454385215	2180	14	0	8
6543731647454385215	2181	13	13	9
6543731647454385215	2182	8	8	8
6543731647454385215	2183	12	11	11
6543731647454385215	2184	10	13	10
6543731647454385215	2185	18	18	18
6543731647454385215	2186	1	7	1
6543731647454385215	2187	12	13	13
6543731647454385215	2188	18	18	18
6543731647454385215	2189	7	13	11
6543731647454385215	2190	18	13	13
6543731647454385215	2191	16	16	16
6543731647454385215	2192	17	9	17
6543731647454385215	2193	4	4	13
6543731647454385215	2194	12	13	12
6543731647454385215	2195	7	13	13
6543731647454385215	2196	13	13	13
6543731647454385215	2197	17	10	9
6543731647454385215	2198	8	8	8
6543731647454385215	2199	8	8	8
6543731647454385215	2200	11	11	11
6543731647454385215	2201	15	2	15
6543731647454385215	2202	2	2	2
6543731647454385215	2203	2	2	2
6543731647454385215	2204	13	9	13
6543731647454385215	2205	17	10	1
6543731647454385215	2206	1	13	0
6543731647454385215	2207	0	13	0
6543731647454385215	2208	17	10	17
6543731647454385215	2209	15	14	17
6543731647454385215	2210	19	0	1
6543731647454385215	2211	16	16	16
6543731647454385215	2212	14	0	14
6543731647454385215	2213	15	2	15
6543731647454385215	2214	18	13	18
6543731647454385215	2215	11	7	18
6543731647454385215	2216	5	13	13
6543731647454385215	2217	10	0	10
6543731647454385215	2218	14	13	8
6543731647454385215	2219	15	14	8
6543731647454385215	2220	18	18	18
6543731647454385215	2221	7	1	0
6543731647454385215	2222	8	8	16
6543731647454385215	2223	3	2	3
6543731647454385215	2224	2	8	2
6543731647454385215	2225	15	15	4
6543731647454385215	2226	15	1	14
6543731647454385215	2227	1	1	1
6543731647454385215	2228	17	3	3
6543731647454385215	2229	12	11	13
6543731647454385215	2230	9	13	9
6543731647454385215	2231	1	13	13
6543731647454385215	2232	3	2	10
6543731647454385215	2233	13	13	9
6543731647454385215	2234	6	6	16
6543731647454385215	2235	4	4	0
6543731647454385215	2236	16	16	16
6543731647454385215	2237	14	4	4
6543731647454385215	2238	17	2	17
6543731647454385215	2239	15	2	15
6543731647454385215	2240	18	18	11
6543731647454385215	2241	8	14	17
6543731647454385215	2242	4	4	10
6543731647454385215	2243	1	19	1
6543731647454385215	2244	8	8	8
6543731647454385215	2245	6	6	16
6543731647454385215	2246	19	0	4
6543731647454385215	2247	18	18	18
6543731647454385215	2248	6	6	16
6543731647454385215	2249	7	13	13
6543731647454385215	2250	11	11	11
6543731647454385215	2251	1	13	9
6543731647454385215	2252	11	13	18
6543731647454385215	2253	19	13	1
6543731647454385215	2254	6	6	0
6543731647454385215	2255	17	9	3
6543731647454385215	2256	1	13	13
6543731647454385215	2257	8	8	8
6543731647454385215	2258	9	9	9
6543731647454385215	2259	4	4	7
6543731647454385215	2260	6	6	16
6543731647454385215	2261	1	9	1
6543731647454385215	2262	15	2	17
6543731647454385215	2263	11	7	11
6543731647722820850	0	10	0	10
6543731647722820850	1	11	13	11
6543731647722820850	2	7	13	12
6543731647722820850	3	10	10	1
6543731647722820850	4	3	2	3
6543731647722820850	5	5	9	9
6543731647722820850	6	0	13	1
6543731647722820850	7	10	2	3
6543731647722820850	8	18	18	11
6543731647722820850	9	5	18	13
6543731647722820850	10	16	8	16
6543731647722820850	11	14	0	14
6543731647722820850	12	12	17	7
6543731647722820850	13	8	8	14
6543731647722820850	14	0	0	10
6543731647722820850	15	16	16	16
6543731647722820850	16	10	2	19
6543731647722820850	17	16	8	16
6543731647722820850	18	17	10	3
6543731647722820850	19	13	13	13
6543731647722820850	20	19	1	9
6543731647722820850	21	9	13	9
6543731647722820850	22	7	1	15
6543731647722820850	23	4	4	14
6543731647722820850	24	6	16	16
6543731647722820850	25	9	13	5
6543731647722820850	26	0	13	1
6543731647722820850	27	0	14	14
6543731647722820850	28	9	13	1
6543731647722820850	29	9	13	9
6543731647722820850	30	6	6	6
6543731647722820850	31	2	2	2
6543731647722820850	32	3	14	14
6543731647722820850	33	12	13	4
6543731647722820850	34	8	8	8
6543731647722820850	35	8	8	8
6543731647722820850	36	7	13	7
6543731647722820850	37	10	14	15
6543731647722820850	38	12	13	13
6543731647722820850	39	10	10	1
6543731647722820850	40	14	13	11
6543731647722820850	41	8	8	8
6543731647722820850	42	6	6	6
6543731647722820850	43	0	13	1
6543731647722820850	44	11	13	11
6543731647722820850	45	8	8	8
6543731647722820850	46	7	13	11
6543731647722820850	47	17	7	1
6543731647722820850	48	5	13	11
6543731647722820850	49	7	13	7
6543731647722820850	50	13	13	9
6543731647722820850	51	11	11	11
6543731647722820850	52	18	18	11
6543731647722820850	53	6	6	7
6543731647722820850	54	11	11	13
6543731647722820850	55	6	6	0
6543731647722820850	56	15	15	13
6543731647722820850	57	17	3	17
6543731647722820850	58	14	13	5
6543731647722820850	59	0	14	17
6543731647722820850	60	1	13	1
6543731647722820850	61	18	18	13
6543731647722820850	62	17	2	4
6543731647722820850	63	13	13	1
6543731647722820850	64	0	13	1
6543731647722820850	65	18	18	11
6543731647722820850	66	13	13	13
6543731647722820850	67	5	5	5
6543731647722820850	68	14	8	6
6543731647722820850	69	1	13	9
6543731647722820850	70	10	2	10
6543731647722820850	71	13	13	5
6543731647722820850	72	14	4	15
6543731647722820850	73	14	14	2
6543731647722820850	74	10	1	0
6543731647722820850	75	11	13	11
6543731647722820850	76	4	13	13
6543731647722820850	77	3	14	15
6543731647722820850	78	7	13	7
6543731647722820850	79	17	0	9
6543731647722820850	80	8	8	8
6543731647722820850	81	7	7	7
6543731647722820850	82	14	13	11
6543731647722820850	83	14	2	15
6543731647722820850	84	7	7	7
6543731647722820850	85	16	16	15
6543731647722820850	86	3	2	19
6543731647722820850	87	14	4	15
6543731647722820850	88	15	15	15
6543731647722820850	89	5	5	11
6543731647722820850	90	19	13	1
6543731647722820850	91	10	10	16
6543731647722820850	92	16	8	16
6543731647722820850	93	8	8	8
6543731647722820850	94	19	13	9
6543731647722820850	95	0	14	17
6543731647722820850	96	19	9	1
6543731647722820850	97	1	5	9
6543731647722820850	98	6	6	6
6543731647722820850	99	1	1	1
6543731647722820850	100	18	18	11
6543731647722820850	101	18	18	11
6543731647722820850	102	13	13	13
6543731647722820850	103	11	13	11
6543731647722820850	104	14	14	3
6543731647722820850	105	13	13	1
6543731647722820850	106	4	4	4
6543731647722820850	107	11	13	13
6543731647722820850	108	1	13	13
6543731647722820850	109	10	14	19
6543731647722820850	110	6	6	8
6543731647722820850	111	13	13	13
6543731647722820850	112	4	4	4
6543731647722820850	113	0	14	0
6543731647722820850	114	2	2	2
6543731647722820850	115	12	13	13
6543731647722820850	116	11	7	11
6543731647722820850	117	10	14	1
6543731647722820850	118	18	18	13
6543731647722820850	119	4	4	4
6543731647722820850	120	1	1	19
6543731647722820850	121	12	13	7
6543731647722820850	122	12	11	7
6543731647722820850	123	0	0	0
6543731647722820850	124	4	4	4
6543731647722820850	125	17	0	1
6543731647722820850	126	13	13	9
6543731647722820850	127	16	16	16
6543731647722820850	128	17	3	3
6543731647722820850	129	3	10	15
6543731647722820850	130	7	11	11
6543731647722820850	131	3	2	14
6543731647722820850	132	19	19	13
6543731647722820850	133	0	13	14
6543731647722820850	134	9	13	9
6543731647722820850	135	13	9	13
6543731647722820850	136	10	10	10
6543731647722820850	137	1	1	1
6543731647722820850	138	4	4	4
6543731647722820850	139	9	13	9
6543731647722820850	140	1	13	1
6543731647722820850	141	9	13	9
6543731647722820850	142	6	16	6
6543731647722820850	143	16	13	16
6543731647722820850	144	9	9	9
6543731647722820850	145	15	15	15
6543731647722820850	146	15	2	15
6543731647722820850	147	0	14	0
6543731647722820850	148	14	14	14
6543731647722820850	149	19	13	1
6543731647722820850	150	5	13	5
6543731647722820850	151	5	13	5
6543731647722820850	152	8	8	8
6543731647722820850	153	0	0	19
6543731647722820850	154	12	13	13
6543731647722820850	155	15	1	11
6543731647722820850	156	7	13	7
6543731647722820850	157	2	2	6
6543731647722820850	158	3	14	7
6543731647722820850	159	17	10	19
6543731647722820850	160	1	13	9
6543731647722820850	161	16	8	11
6543731647722820850	162	10	10	10
6543731647722820850	163	9	9	1
6543731647722820850	164	4	4	13
6543731647722820850	165	7	13	12
6543731647722820850	166	2	14	3
6543731647722820850	167	16	16	16
6543731647722820850	168	6	6	16
6543731647722820850	169	19	13	9
6543731647722820850	170	18	18	11
6543731647722820850	171	17	9	1
6543731647722820850	172	19	13	1
6543731647722820850	173	12	13	13
6543731647722820850	174	19	19	9
6543731647722820850	175	5	18	5
6543731647722820850	176	1	1	19
6543731647722820850	177	16	16	16
6543731647722820850	178	5	13	13
6543731647722820850	179	14	13	15
6543731647722820850	180	2	14	15
6543731647722820850	181	9	13	9
6543731647722820850	182	5	18	11
6543731647722820850	183	19	13	9
6543731647722820850	184	13	11	13
6543731647722820850	185	7	13	7
6543731647722820850	186	7	7	7
6543731647722820850	187	7	9	13
6543731647722820850	188	17	0	1
6543731647722820850	189	4	4	4
6543731647722820850	190	11	13	13
6543731647722820850	191	17	9	1
6543731647722820850	192	13	13	13
6543731647722820850	193	14	4	14
6543731647722820850	194	17	17	7
6543731647722820850	195	4	4	5
6543731647722820850	196	4	4	1
6543731647722820850	197	16	6	7
6543731647722820850	198	17	10	14
6543731647722820850	199	14	13	11
6543731647722820850	200	0	13	17
6543731647722820850	201	3	14	2
6543731647722820850	202	6	6	2
6543731647722820850	203	0	13	17
6543731647722820850	204	6	6	0
6543731647722820850	205	15	14	14
6543731647722820850	206	4	4	4
6543731647722820850	207	18	18	5
6543731647722820850	208	19	14	5
6543731647722820850	209	0	13	16
6543731647722820850	210	15	15	7
6543731647722820850	211	12	18	12
6543731647722820850	212	16	16	6
6543731647722820850	213	11	13	11
6543731647722820850	214	12	13	11
6543731647722820850	215	14	14	4
6543731647722820850	216	12	13	5
6543731647722820850	217	12	7	7
6543731647722820850	218	2	19	4
6543731647722820850	219	3	14	1
6543731647722820850	220	3	2	10
6543731647722820850	221	17	2	3
6543731647722820850	222	11	13	11
6543731647722820850	223	1	13	9
6543731647722820850	224	0	7	7
6543731647722820850	225	0	13	19
6543731647722820850	226	5	9	5
6543731647722820850	227	3	14	15
6543731647722820850	228	15	15	1
6543731647722820850	229	8	8	4
6543731647722820850	230	9	13	9
6543731647722820850	231	9	13	9
6543731647722820850	232	12	12	7
6543731647722820850	233	16	16	16
6543731647722820850	234	14	2	14
6543731647722820850	235	15	14	14
6543731647722820850	236	3	15	19
6543731647722820850	237	3	14	1
6543731647722820850	238	5	18	5
6543731647722820850	239	12	13	12
6543731647722820850	240	5	13	5
6543731647722820850	241	2	2	2
6543731647722820850	242	6	6	7
6543731647722820850	243	6	6	6
6543731647722820850	244	19	13	5
6543731647722820850	245	0	0	10
6543731647722820850	246	6	6	6
6543731647722820850	247	17	17	17
6543731647722820850	248	1	13	13
6543731647722820850	249	7	13	13
6543731647722820850	250	19	13	9
6543731647722820850	251	1	13	13
6543731647722820850	252	5	13	5
6543731647722820850	253	10	14	10
6543731647722820850	254	11	11	11
6543731647722820850	255	19	13	1
6543731647722820850	256	13	13	9
6543731647722820850	257	11	13	11
6543731647722820850	258	5	18	11
6543731647722820850	259	12	16	7
6543731647722820850	260	16	8	16
6543731647722820850	261	3	15	1
6543731647722820850	262	13	13	13
6543731647722820850	263	11	13	13
6543731647722820850	264	1	1	1
6543731647722820850	265	15	14	15
6543731647722820850	266	15	2	13
6543731647722820850	267	19	0	17
6543731647722820850	268	18	18	18
6543731647722820850	269	2	14	14
6543731647722820850	270	13	13	13
6543731647722820850	271	3	2	10
6543731647722820850	272	2	14	3
6543731647722820850	273	7	13	4
6543731647722820850	274	1	13	1
6543731647722820850	275	9	9	5
6543731647722820850	276	18	18	13
6543731647722820850	277	3	15	9
6543731647722820850	278	10	2	10
6543731647722820850	279	8	8	8
6543731647722820850	280	17	17	15
6543731647722820850	281	0	0	15
6543731647722820850	282	18	18	11
6543731647722820850	283	18	18	11
6543731647722820850	284	3	2	3
6543731647722820850	285	15	14	15
6543731647722820850	286	8	8	8
6543731647722820850	287	0	0	7
6543731647722820850	288	1	13	13
6543731647722820850	289	12	12	12
6543731647722820850	290	9	9	9
6543731647722820850	291	11	13	11
6543731647722820850	292	5	9	5
6543731647722820850	293	5	13	11
6543731647722820850	294	19	4	5
6543731647722820850	295	11	13	11
6543731647722820850	296	18	18	13
6543731647722820850	297	18	18	11
6543731647722820850	298	10	10	1
6543731647722820850	299	19	13	1
6543731647722820850	300	11	13	11
6543731647722820850	301	11	13	13
6543731647722820850	302	13	13	5
6543731647722820850	303	16	6	16
6543731647722820850	304	11	11	11
6543731647722820850	305	16	8	16
6543731647722820850	306	18	18	11
6543731647722820850	307	7	7	7
6543731647722820850	308	7	7	7
6543731647722820850	309	10	14	1
6543731647722820850	310	18	18	11
6543731647722820850	311	13	13	13
6543731647722820850	312	16	16	16
6543731647722820850	313	0	0	14
6543731647722820850	314	9	9	9
6543731647722820850	315	14	14	3
6543731647722820850	316	3	14	15
6543731647722820850	317	13	13	13
6543731647722820850	318	8	8	8
6543731647722820850	319	7	13	7
6543731647722820850	320	19	13	9
6543731647722820850	321	19	13	9
6543731647722820850	322	8	8	11
6543731647722820850	323	2	2	2
6543731647722820850	324	16	16	7
6543731647722820850	325	8	8	8
6543731647722820850	326	19	13	1
6543731647722820850	327	16	16	16
6543731647722820850	328	9	13	9
6543731647722820850	329	5	18	9
6543731647722820850	330	18	18	11
6543731647722820850	331	6	6	16
6543731647722820850	332	11	7	11
6543731647722820850	333	15	8	7
6543731647722820850	334	2	2	2
6543731647722820850	335	15	1	14
6543731647722820850	336	8	8	8
6543731647722820850	337	4	4	4
6543731647722820850	338	0	0	0
6543731647722820850	339	13	13	13
6543731647722820850	340	2	2	2
6543731647722820850	341	11	13	11
6543731647722820850	342	10	14	3
6543731647722820850	343	14	14	14
6543731647722820850	344	16	16	17
6543731647722820850	345	1	1	1
6543731647722820850	346	8	8	8
6543731647722820850	347	7	7	7
6543731647722820850	348	19	19	9
6543731647722820850	349	11	7	11
6543731647722820850	350	3	1	3
6543731647722820850	351	14	14	15
6543731647722820850	352	17	2	7
6543731647722820850	353	17	10	10
6543731647722820850	354	11	13	18
6543731647722820850	355	15	14	15
6543731647722820850	356	7	7	0
6543731647722820850	357	17	9	17
6543731647722820850	358	8	8	8
6543731647722820850	359	17	17	1
6543731647722820850	360	19	14	9
6543731647722820850	361	3	14	15
6543731647722820850	362	4	4	4
6543731647722820850	363	1	9	1
6543731647722820850	364	12	12	12
6543731647722820850	365	16	16	16
6543731647722820850	366	16	8	16
6543731647722820850	367	8	8	8
6543731647722820850	368	4	4	15
6543731647722820850	369	15	2	15
6543731647722820850	370	6	6	0
6543731647722820850	371	5	18	5
6543731647722820850	372	7	13	7
6543731647722820850	373	16	8	16
6543731647722820850	374	6	6	6
6543731647722820850	375	6	6	6
6543731647722820850	376	17	10	0
6543731647722820850	377	19	19	9
6543731647722820850	378	17	13	1
6543731647722820850	379	4	4	0
6543731647722820850	380	9	9	9
6543731647722820850	381	8	8	8
6543731647722820850	382	14	4	15
6543731647722820850	383	6	6	8
6543731647722820850	384	10	14	19
6543731647722820850	385	11	11	11
6543731647722820850	386	1	17	1
6543731647722820850	387	0	0	17
6543731647722820850	388	10	10	17
6543731647722820850	389	6	6	6
6543731647722820850	390	10	10	3
6543731647722820850	391	13	13	9
6543731647722820850	392	2	15	2
6543731647722820850	393	8	8	8
6543731647722820850	394	12	13	13
6543731647722820850	395	12	5	13
6543731647722820850	396	14	2	3
6543731647722820850	397	12	16	7
6543731647722820850	398	5	13	5
6543731647722820850	399	3	17	3
6543731647722820850	400	11	13	11
6543731647722820850	401	19	14	9
6543731647722820850	402	15	2	13
6543731647722820850	403	6	6	6
6543731647722820850	404	19	19	9
6543731647722820850	405	13	13	1
6543731647722820850	406	11	7	11
6543731647722820850	407	19	19	9
6543731647722820850	408	2	14	15
6543731647722820850	409	7	13	13
6543731647722820850	410	5	18	5
6543731647722820850	411	2	2	2
6543731647722820850	412	10	14	10
6543731647722820850	413	1	9	19
6543731647722820850	414	4	4	4
6543731647722820850	415	7	13	7
6543731647722820850	416	17	7	9
6543731647722820850	417	9	9	9
6543731647722820850	418	3	14	3
6543731647722820850	419	14	13	13
6543731647722820850	420	0	13	1
6543731647722820850	421	4	4	1
6543731647722820850	422	17	0	13
6543731647722820850	423	3	19	1
6543731647722820850	424	1	9	1
6543731647722820850	425	9	13	9
6543731647722820850	426	14	0	14
6543731647722820850	427	3	2	1
6543731647722820850	428	13	13	13
6543731647722820850	429	16	6	16
6543731647722820850	430	19	13	5
6543731647722820850	431	7	13	7
6543731647722820850	432	3	14	15
6543731647722820850	433	6	6	6
6543731647722820850	434	13	11	1
6543731647722820850	435	9	13	1
6543731647722820850	436	1	1	1
6543731647722820850	437	4	4	5
6543731647722820850	438	7	7	7
6543731647722820850	439	1	13	1
6543731647722820850	440	18	18	11
6543731647722820850	441	5	5	5
6543731647722820850	442	11	11	11
6543731647722820850	443	15	2	15
6543731647722820850	444	3	2	13
6543731647722820850	445	13	13	1
6543731647722820850	446	9	13	9
6543731647722820850	447	0	13	1
6543731647722820850	448	6	6	6
6543731647722820850	449	18	18	11
6543731647722820850	450	10	14	10
6543731647722820850	451	11	13	11
6543731647722820850	452	6	6	6
6543731647722820850	453	4	4	5
6543731647722820850	454	16	16	11
6543731647722820850	455	9	13	9
6543731647722820850	456	5	18	13
6543731647722820850	457	10	10	17
6543731647722820850	458	7	13	5
6543731647722820850	459	9	11	9
6543731647722820850	460	13	13	5
6543731647722820850	461	2	14	14
6543731647722820850	462	4	4	4
6543731647722820850	463	13	5	5
6543731647722820850	464	16	8	8
6543731647722820850	465	11	13	5
6543731647722820850	466	6	6	16
6543731647722820850	467	0	1	7
6543731647722820850	468	12	13	7
6543731647722820850	469	10	14	3
6543731647722820850	470	12	7	7
6543731647722820850	471	12	7	12
6543731647722820850	472	14	14	14
6543731647722820850	473	3	8	3
6543731647722820850	474	12	13	7
6543731647722820850	475	17	9	1
6543731647722820850	476	14	13	5
6543731647722820850	477	1	0	9
6543731647722820850	478	11	13	11
6543731647722820850	479	11	13	5
6543731647722820850	480	19	9	9
6543731647722820850	481	16	16	15
6543731647722820850	482	0	0	17
6543731647722820850	483	17	17	17
6543731647722820850	484	8	8	8
6543731647722820850	485	2	14	2
6543731647722820850	486	15	2	14
6543731647722820850	487	0	0	0
6543731647722820850	488	5	18	5
6543731647722820850	489	18	11	18
6543731647722820850	490	10	10	10
6543731647722820850	491	10	2	10
6543731647722820850	492	2	2	2
6543731647722820850	493	5	13	13
6543731647722820850	494	18	18	11
6543731647722820850	495	0	13	17
6543731647722820850	496	7	13	7
6543731647722820850	497	1	9	1
6543731647722820850	498	12	16	12
6543731647722820850	499	8	8	8
6543731647722820850	500	18	18	13
6543731647722820850	501	19	13	1
6543731647722820850	502	17	17	6
6543731647722820850	503	1	13	13
6543731647722820850	504	11	13	11
6543731647722820850	505	5	18	5
6543731647722820850	506	8	8	13
6543731647722820850	507	3	10	15
6543731647722820850	508	17	17	6
6543731647722820850	509	18	18	13
6543731647722820850	510	1	13	9
6543731647722820850	511	13	9	5
6543731647722820850	512	17	2	17
6543731647722820850	513	17	10	19
6543731647722820850	514	5	5	13
6543731647722820850	515	18	18	11
6543731647722820850	516	5	5	5
6543731647722820850	517	19	13	9
6543731647722820850	518	15	14	14
6543731647722820850	519	4	4	4
6543731647722820850	520	17	17	1
6543731647722820850	521	17	0	17
6543731647722820850	522	0	14	17
6543731647722820850	523	15	15	15
6543731647722820850	524	10	14	10
6543731647722820850	525	19	19	9
6543731647722820850	526	2	14	2
6543731647722820850	527	5	9	5
6543731647722820850	528	10	13	10
6543731647722820850	529	15	14	15
6543731647722820850	530	19	9	10
6543731647722820850	531	13	13	4
6543731647722820850	532	3	8	14
6543731647722820850	533	12	11	12
6543731647722820850	534	12	13	7
6543731647722820850	535	4	4	4
6543731647722820850	536	7	13	12
6543731647722820850	537	7	13	5
6543731647722820850	538	5	1	5
6543731647722820850	539	3	2	1
6543731647722820850	540	8	8	8
6543731647722820850	541	6	6	6
6543731647722820850	542	9	13	5
6543731647722820850	543	19	13	9
6543731647722820850	544	14	14	14
6543731647722820850	545	15	15	15
6543731647722820850	546	5	2	13
6543731647722820850	547	8	8	13
6543731647722820850	548	13	13	13
6543731647722820850	549	18	18	13
6543731647722820850	550	16	16	13
6543731647722820850	551	11	11	11
6543731647722820850	552	6	6	7
6543731647722820850	553	4	5	4
6543731647722820850	554	8	8	8
6543731647722820850	555	10	14	10
6543731647722820850	556	14	14	15
6543731647722820850	557	17	17	17
6543731647722820850	558	16	16	16
6543731647722820850	559	10	14	10
6543731647722820850	560	12	13	11
6543731647722820850	561	7	9	13
6543731647722820850	562	4	4	4
6543731647722820850	563	6	6	6
6543731647722820850	564	6	6	6
6543731647722820850	565	3	2	19
6543731647722820850	566	4	4	5
6543731647722820850	567	6	8	6
6543731647722820850	568	5	5	13
6543731647722820850	569	17	10	15
6543731647722820850	570	19	13	9
6543731647722820850	571	13	13	5
6543731647722820850	572	19	10	19
6543731647722820850	573	10	10	1
6543731647722820850	574	19	14	9
6543731647722820850	575	19	14	5
6543731647722820850	576	13	13	13
6543731647722820850	577	3	17	15
6543731647722820850	578	14	13	13
6543731647722820850	579	12	12	12
6543731647722820850	580	10	10	1
6543731647722820850	581	3	8	15
6543731647722820850	582	16	8	8
6543731647722820850	583	7	13	5
6543731647722820850	584	12	13	7
6543731647722820850	585	11	11	11
6543731647722820850	586	1	19	9
6543731647722820850	587	19	19	9
6543731647722820850	588	4	4	4
6543731647722820850	589	12	11	13
6543731647722820850	590	11	13	11
6543731647722820850	591	12	12	7
6543731647722820850	592	11	13	11
6543731647722820850	593	9	13	9
6543731647722820850	594	2	2	2
6543731647722820850	595	6	6	6
6543731647722820850	596	17	7	7
6543731647722820850	597	15	2	2
6543731647722820850	598	18	18	11
6543731647722820850	599	16	16	0
6543731647722820850	600	8	8	8
6543731647722820850	601	15	2	13
6543731647722820850	602	3	14	15
6543731647722820850	603	7	7	5
6543731647722820850	604	17	10	14
6543731647722820850	605	17	10	19
6543731647722820850	606	1	13	1
6543731647722820850	607	5	9	5
6543731647722820850	608	2	2	2
6543731647722820850	609	18	18	13
6543731647722820850	610	17	2	3
6543731647722820850	611	8	8	8
6543731647722820850	612	10	10	1
6543731647722820850	613	12	7	7
6543731647722820850	614	19	19	9
6543731647722820850	615	13	13	13
6543731647722820850	616	10	10	19
6543731647722820850	617	15	14	15
6543731647722820850	618	6	6	0
6543731647722820850	619	8	8	8
6543731647722820850	620	4	4	4
6543731647722820850	621	2	2	2
6543731647722820850	622	15	2	15
6543731647722820850	623	9	13	9
6543731647722820850	624	4	4	4
6543731647722820850	625	14	2	14
6543731647722820850	626	9	13	5
6543731647722820850	627	13	9	9
6543731647722820850	628	18	18	11
6543731647722820850	629	9	9	19
6543731647722820850	630	2	14	15
6543731647722820850	631	12	13	11
6543731647722820850	632	15	14	15
6543731647722820850	633	17	1	1
6543731647722820850	634	11	13	11
6543731647722820850	635	7	9	7
6543731647722820850	636	8	8	8
6543731647722820850	637	9	9	5
6543731647722820850	638	9	9	5
6543731647722820850	639	2	2	2
6543731647722820850	640	13	13	9
6543731647722820850	641	10	2	15
6543731647722820850	642	5	5	5
6543731647722820850	643	18	18	13
6543731647722820850	644	8	8	8
6543731647722820850	645	10	10	14
6543731647722820850	646	6	6	6
6543731647722820850	647	6	6	6
6543731647722820850	648	11	13	11
6543731647722820850	649	4	4	4
6543731647722820850	650	3	2	3
6543731647722820850	651	6	6	7
6543731647722820850	652	19	19	1
6543731647722820850	653	0	0	17
6543731647722820850	654	9	13	9
6543731647722820850	655	5	9	13
6543731647722820850	656	8	8	8
6543731647722820850	657	12	13	1
6543731647722820850	658	0	13	17
6543731647722820850	659	8	14	15
6543731647722820850	660	12	13	7
6543731647722820850	661	13	13	9
6543731647722820850	662	12	12	12
6543731647722820850	663	19	9	1
6543731647722820850	664	9	9	5
6543731647722820850	665	17	17	1
6543731647722820850	666	12	13	7
6543731647722820850	667	16	16	16
6543731647722820850	668	4	4	11
6543731647722820850	669	16	8	16
6543731647722820850	670	17	10	19
6543731647722820850	671	8	8	8
6543731647722820850	672	16	16	0
6543731647722820850	673	5	5	5
6543731647722820850	674	0	0	10
6543731647722820850	675	13	13	9
6543731647722820850	676	9	9	9
6543731647722820850	677	2	14	15
6543731647722820850	678	1	13	13
6543731647722820850	679	1	9	9
6543731647722820850	680	10	14	10
6543731647722820850	681	8	8	8
6543731647722820850	682	3	14	14
6543731647722820850	683	19	19	9
6543731647722820850	684	18	18	13
6543731647722820850	685	9	9	5
6543731647722820850	686	13	13	13
6543731647722820850	687	12	9	7
6543731647722820850	688	2	2	2
6543731647722820850	689	3	14	19
6543731647722820850	690	8	8	8
6543731647722820850	691	8	8	13
6543731647722820850	692	18	18	11
6543731647722820850	693	1	9	1
6543731647722820850	694	8	8	8
6543731647722820850	695	8	14	14
6543731647722820850	696	9	9	9
6543731647722820850	697	12	13	7
6543731647722820850	698	4	4	4
6543731647722820850	699	6	6	16
6543731647722820850	700	13	13	13
6543731647722820850	701	19	9	1
6543731647722820850	702	16	16	16
6543731647722820850	703	11	13	11
6543731647722820850	704	8	8	8
6543731647722820850	705	17	1	1
6543731647722820850	706	14	14	2
6543731647722820850	707	1	1	1
6543731647722820850	708	11	9	11
6543731647722820850	709	5	13	5
6543731647722820850	710	4	4	4
6543731647722820850	711	11	13	11
6543731647722820850	712	2	2	2
6543731647722820850	713	14	0	15
6543731647722820850	714	11	13	11
6543731647722820850	715	11	7	11
6543731647722820850	716	11	11	11
6543731647722820850	717	3	10	14
6543731647722820850	718	9	13	5
6543731647722820850	719	18	18	11
6543731647722820850	720	11	7	11
6543731647722820850	721	0	13	1
6543731647722820850	722	6	6	6
6543731647722820850	723	10	2	1
6543731647722820850	724	13	13	1
6543731647722820850	725	10	14	19
6543731647722820850	726	18	18	11
6543731647722820850	727	5	13	5
6543731647722820850	728	3	14	15
6543731647722820850	729	19	19	19
6543731647722820850	730	10	14	3
6543731647722820850	731	1	13	1
6543731647722820850	732	2	14	1
6543731647722820850	733	1	9	4
6543731647722820850	734	7	13	5
6543731647722820850	735	13	13	9
6543731647722820850	736	2	2	2
6543731647722820850	737	6	6	6
6543731647722820850	738	17	10	19
6543731647722820850	739	2	2	2
6543731647722820850	740	3	2	15
6543731647722820850	741	13	13	13
6543731647722820850	742	11	7	5
6543731647722820850	743	9	9	9
6543731647722820850	744	0	14	19
6543731647722820850	745	0	14	0
6543731647722820850	746	17	0	1
6543731647722820850	747	2	2	2
6543731647722820850	748	12	13	13
6543731647722820850	749	0	1	1
6543731647722820850	750	12	9	7
6543731647722820850	751	4	4	5
6543731647722820850	752	15	1	13
6543731647722820850	753	12	13	7
6543731647722820850	754	10	14	19
6543731647722820850	755	1	9	1
6543731647722820850	756	19	19	1
6543731647722820850	757	3	0	14
6543731647722820850	758	0	10	1
6543731647722820850	759	7	13	7
6543731647722820850	760	19	14	9
6543731647722820850	761	0	14	15
6543731647722820850	762	4	4	4
6543731647722820850	763	0	19	17
6543731647722820850	764	16	16	16
6543731647722820850	765	9	9	9
6543731647722820850	766	15	14	13
6543731647722820850	767	18	18	13
6543731647722820850	768	4	4	13
6543731647722820850	769	2	2	15
6543731647722820850	770	15	2	15
6543731647722820850	771	4	4	1
6543731647722820850	772	0	0	17
6543731647722820850	773	5	13	5
6543731647722820850	774	8	8	8
6543731647722820850	775	12	1	7
6543731647722820850	776	6	6	7
6543731647722820850	777	17	3	17
6543731647722820850	778	19	13	9
6543731647722820850	779	12	16	7
6543731647722820850	780	19	14	19
6543731647722820850	781	10	10	14
6543731647722820850	782	17	0	1
6543731647722820850	783	16	8	16
6543731647722820850	784	7	7	7
6543731647722820850	785	17	10	15
6543731647722820850	786	7	13	11
6543731647722820850	787	15	2	15
6543731647722820850	788	11	7	7
6543731647722820850	789	8	8	8
6543731647722820850	790	5	15	13
6543731647722820850	791	8	8	8
6543731647722820850	792	6	6	7
6543731647722820850	793	18	18	13
6543731647722820850	794	13	13	5
6543731647722820850	795	19	13	13
6543731647722820850	796	5	5	13
6543731647722820850	797	3	2	3
6543731647722820850	798	12	16	12
6543731647722820850	799	12	13	1
6543731647722820850	800	1	9	19
6543731647722820850	801	13	9	9
6543731647722820850	802	7	7	7
6543731647722820850	803	9	9	5
6543731647722820850	804	1	1	1
6543731647722820850	805	0	13	1
6543731647722820850	806	5	5	5
6543731647722820850	807	15	2	15
6543731647722820850	808	13	13	13
6543731647722820850	809	0	0	0
6543731647722820850	810	1	9	13
6543731647722820850	811	11	13	11
6543731647722820850	812	7	13	7
6543731647722820850	813	11	11	11
6543731647722820850	814	1	9	1
6543731647722820850	815	14	14	14
6543731647722820850	816	10	10	0
6543731647722820850	817	1	1	1
6543731647722820850	818	19	1	9
6543731647722820850	819	17	9	1
6543731647722820850	820	17	10	19
6543731647722820850	821	14	13	7
6543731647722820850	822	7	11	7
6543731647722820850	823	11	13	13
6543731647722820850	824	5	18	5
6543731647722820850	825	8	8	8
6543731647722820850	826	2	14	10
6543731647722820850	827	2	14	15
6543731647722820850	828	16	16	16
6543731647722820850	829	9	9	9
6543731647722820850	830	16	16	16
6543731647722820850	831	19	13	1
6543731647722820850	832	2	2	2
6543731647722820850	833	9	13	9
6543731647722820850	834	12	12	7
6543731647722820850	835	17	13	1
6543731647722820850	836	13	13	13
6543731647722820850	837	19	13	1
6543731647722820850	838	16	16	0
6543731647722820850	839	1	7	1
6543731647722820850	840	10	1	17
6543731647722820850	841	17	9	1
6543731647722820850	842	11	13	11
6543731647722820850	843	18	18	11
6543731647722820850	844	11	11	11
6543731647722820850	845	13	13	5
6543731647722820850	846	13	13	13
6543731647722820850	847	3	14	14
6543731647722820850	848	17	2	6
6543731647722820850	849	10	0	10
6543731647722820850	850	18	18	11
6543731647722820850	851	16	16	16
6543731647722820850	852	0	0	17
6543731647722820850	853	16	16	16
6543731647722820850	854	15	2	2
6543731647722820850	855	4	4	2
6543731647722820850	856	5	13	13
6543731647722820850	857	18	18	13
6543731647722820850	858	15	2	5
6543731647722820850	859	3	2	15
6543731647722820850	860	4	4	13
6543731647722820850	861	19	19	9
6543731647722820850	862	2	14	15
6543731647722820850	863	16	8	16
6543731647722820850	864	12	1	12
6543731647722820850	865	5	5	5
6543731647722820850	866	14	14	15
6543731647722820850	867	12	7	7
6543731647722820850	868	11	18	11
6543731647722820850	869	2	14	15
6543731647722820850	870	17	10	17
6543731647722820850	871	2	14	14
6543731647722820850	872	1	19	1
6543731647722820850	873	12	13	7
6543731647722820850	874	14	15	15
6543731647722820850	875	18	18	11
6543731647722820850	876	6	6	16
6543731647722820850	877	9	9	9
6543731647722820850	878	13	13	13
6543731647722820850	879	3	19	15
6543731647722820850	880	0	14	19
6543731647722820850	881	17	13	1
6543731647722820850	882	16	8	16
6543731647722820850	883	2	2	2
6543731647722820850	884	2	2	2
6543731647722820850	885	17	10	17
6543731647722820850	886	2	2	2
6543731647722820850	887	6	6	6
6543731647722820850	888	19	13	1
6543731647722820850	889	18	18	13
6543731647722820850	890	19	13	1
6543731647722820850	891	7	13	7
6543731647722820850	892	17	17	16
6543731647722820850	893	7	13	7
6543731647722820850	894	19	13	1
6543731647722820850	895	18	18	18
6543731647722820850	896	4	4	3
6543731647722820850	897	2	14	0
6543731647722820850	898	1	7	9
6543731647722820850	899	4	4	5
6543731647722820850	900	13	13	5
6543731647722820850	901	12	13	1
6543731647722820850	902	16	16	16
6543731647722820850	903	19	13	9
6543731647722820850	904	11	13	13
6543731647722820850	905	10	10	1
6543731647722820850	906	19	9	1
6543731647722820850	907	12	13	13
6543731647722820850	908	11	11	5
6543731647722820850	909	6	6	6
6543731647722820850	910	2	2	2
6543731647722820850	911	2	14	14
6543731647722820850	912	15	2	13
6543731647722820850	913	8	8	8
6543731647722820850	914	5	18	5
6543731647722820850	915	18	18	13
6543731647722820850	916	14	4	15
6543731647722820850	917	18	18	11
6543731647722820850	918	2	2	2
6543731647722820850	919	15	14	6
6543731647722820850	920	3	2	3
6543731647722820850	921	11	11	11
6543731647722820850	922	10	10	3
6543731647722820850	923	1	13	13
6543731647722820850	924	16	16	15
6543731647722820850	925	15	2	15
6543731647722820850	926	2	2	2
6543731647722820850	927	14	14	14
6543731647722820850	928	9	13	9
6543731647722820850	929	10	2	3
6543731647722820850	930	0	0	10
6543731647722820850	931	8	8	8
6543731647722820850	932	2	2	2
6543731647722820850	933	18	11	13
6543731647722820850	934	18	18	13
6543731647722820850	935	15	14	5
6543731647722820850	936	1	13	9
6543731647722820850	937	11	11	11
6543731647722820850	938	7	13	7
6543731647722820850	939	5	18	5
6543731647722820850	940	19	14	19
6543731647722820850	941	5	18	13
6543731647722820850	942	12	9	7
6543731647722820850	943	10	10	10
6543731647722820850	944	8	8	8
6543731647722820850	945	7	13	7
6543731647722820850	946	19	13	9
6543731647722820850	947	18	18	11
6543731647722820850	948	14	14	7
6543731647722820850	949	10	2	19
6543731647722820850	950	16	8	8
6543731647722820850	951	10	10	10
6543731647722820850	952	18	18	11
6543731647722820850	953	14	13	13
6543731647722820850	954	14	13	13
6543731647722820850	955	17	1	1
6543731647722820850	956	17	10	17
6543731647722820850	957	6	6	6
6543731647722820850	958	10	10	17
6543731647722820850	959	9	13	9
6543731647722820850	960	17	0	1
6543731647722820850	961	7	13	5
6543731647722820850	962	15	2	7
6543731647722820850	963	14	2	14
6543731647722820850	964	11	11	11
6543731647722820850	965	7	13	7
6543731647722820850	966	13	13	9
6543731647722820850	967	8	8	15
6543731647722820850	968	10	4	10
6543731647722820850	969	15	4	4
6543731647722820850	970	3	2	14
6543731647722820850	971	6	6	6
6543731647722820850	972	18	18	11
6543731647722820850	973	19	13	9
6543731647722820850	974	5	13	5
6543731647722820850	975	2	14	7
6543731647722820850	976	12	16	7
6543731647722820850	977	2	2	3
6543731647722820850	978	14	13	13
6543731647722820850	979	3	14	15
6543731647722820850	980	3	8	10
6543731647722820850	981	10	10	17
6543731647722820850	982	2	14	2
6543731647722820850	983	14	0	15
6543731647722820850	984	14	0	12
6543731647722820850	985	15	1	13
6543731647722820850	986	5	18	5
6543731647722820850	987	10	0	14
6543731647722820850	988	4	4	4
6543731647722820850	989	14	0	4
6543731647722820850	990	17	3	17
6543731647722820850	991	13	13	9
6543731647722820850	992	1	9	1
6543731647722820850	993	18	18	13
6543731647722820850	994	19	13	1
6543731647722820850	995	12	7	7
6543731647722820850	996	13	5	13
6543731647722820850	997	16	6	7
6543731647722820850	998	14	0	15
6543731647722820850	999	17	2	0
6543731647722820850	1000	18	18	11
6543731647722820850	1001	13	9	9
6543731647722820850	1002	13	13	1
6543731647722820850	1003	12	12	7
6543731647722820850	1004	10	14	19
6543731647722820850	1005	7	13	7
6543731647722820850	1006	6	6	7
6543731647722820850	1007	17	17	0
6543731647722820850	1008	8	8	8
6543731647722820850	1009	7	7	7
6543731647722820850	1010	0	13	17
6543731647722820850	1011	16	16	16
6543731647722820850	1012	4	4	5
6543731647722820850	1013	9	13	9
6543731647722820850	1014	19	13	9
6543731647722820850	1015	6	6	6
6543731647722820850	1016	15	2	3
6543731647722820850	1017	4	4	4
6543731647722820850	1018	19	14	19
6543731647722820850	1019	5	18	5
6543731647722820850	1020	14	14	14
6543731647722820850	1021	1	13	1
6543731647722820850	1022	3	10	2
6543731647722820850	1023	3	1	1
6543731647722820850	1024	10	10	1
6543731647722820850	1025	9	9	9
6543731647722820850	1026	15	14	0
6543731647722820850	1027	1	9	9
6543731647722820850	1028	9	13	9
6543731647722820850	1029	2	14	15
6543731647722820850	1030	3	2	15
6543731647722820850	1031	6	6	6
6543731647722820850	1032	18	18	11
6543731647722820850	1033	18	18	11
6543731647722820850	1034	7	13	11
6543731647722820850	1035	15	15	4
6543731647722820850	1036	9	9	9
6543731647722820850	1037	5	9	5
6543731647722820850	1038	1	13	11
6543731647722820850	1039	12	11	12
6543731647722820850	1040	9	13	9
6543731647722820850	1041	9	9	9
6543731647722820850	1042	13	13	9
6543731647722820850	1043	16	8	8
6543731647722820850	1044	11	16	11
6543731647722820850	1045	6	6	6
6543731647722820850	1046	1	19	19
6543731647722820850	1047	5	18	5
6543731647722820850	1048	5	13	13
6543731647722820850	1049	12	13	12
6543731647722820850	1050	2	2	2
6543731647722820850	1051	6	6	6
6543731647722820850	1052	11	13	11
6543731647722820850	1053	12	13	7
6543731647722820850	1054	16	8	11
6543731647722820850	1055	10	14	10
6543731647722820850	1056	11	11	11
6543731647722820850	1057	0	0	17
6543731647722820850	1058	7	7	7
6543731647722820850	1059	10	10	10
6543731647722820850	1060	2	14	14
6543731647722820850	1061	6	6	6
6543731647722820850	1062	13	13	13
6543731647722820850	1063	14	14	15
6543731647722820850	1064	16	16	16
6543731647722820850	1065	19	13	1
6543731647722820850	1066	2	14	14
6543731647722820850	1067	18	18	11
6543731647722820850	1068	17	0	15
6543731647722820850	1069	7	13	13
6543731647722820850	1070	4	4	4
6543731647722820850	1071	16	8	16
6543731647722820850	1072	13	13	5
6543731647722820850	1073	8	8	13
6543731647722820850	1074	14	4	7
6543731647722820850	1075	10	10	1
6543731647722820850	1076	4	4	5
6543731647722820850	1077	5	18	13
6543731647722820850	1078	12	5	7
6543731647722820850	1079	0	0	17
6543731647722820850	1080	1	9	19
6543731647722820850	1081	2	2	2
6543731647722820850	1082	11	13	18
6543731647722820850	1083	14	14	6
6543731647722820850	1084	16	8	13
6543731647722820850	1085	3	10	15
6543731647722820850	1086	1	1	14
6543731647722820850	1087	9	13	9
6543731647722820850	1088	10	14	10
6543731647722820850	1089	14	13	13
6543731647722820850	1090	12	13	11
6543731647722820850	1091	5	5	13
6543731647722820850	1092	4	9	4
6543731647722820850	1093	2	2	2
6543731647722820850	1094	6	6	6
6543731647722820850	1095	6	6	6
6543731647722820850	1096	14	0	11
6543731647722820850	1097	10	0	14
6543731647722820850	1098	4	4	4
6543731647722820850	1099	13	13	13
6543731647722820850	1100	18	18	11
6543731647722820850	1101	0	0	17
6543731647722820850	1102	16	6	16
6543731647722820850	1103	2	2	2
6543731647722820850	1104	19	19	9
6543731647722820850	1105	0	13	17
6543731647722820850	1106	8	8	8
6543731647722820850	1107	12	13	5
6543731647722820850	1108	10	10	10
6543731647722820850	1109	19	13	9
6543731647722820850	1110	7	13	7
6543731647722820850	1111	11	16	11
6543731647722820850	1112	13	13	13
6543731647722820850	1113	9	13	9
6543731647722820850	1114	1	1	14
6543731647722820850	1115	14	14	3
6543731647722820850	1116	0	0	0
6543731647722820850	1117	0	0	16
6543731647722820850	1118	1	13	13
6543731647722820850	1119	19	19	9
6543731647722820850	1120	12	13	13
6543731647722820850	1121	10	2	10
6543731647722820850	1122	6	6	0
6543731647722820850	1123	6	6	6
6543731647722820850	1124	17	2	10
6543731647722820850	1125	9	13	9
6543731647722820850	1126	18	18	11
6543731647722820850	1127	4	4	4
6543731647722820850	1128	10	10	5
6543731647722820850	1129	5	18	13
6543731647722820850	1130	18	18	11
6543731647722820850	1131	16	6	16
6543731647722820850	1132	15	2	6
6543731647722820850	1133	1	13	19
6543731647722820850	1134	11	11	11
6543731647722820850	1135	16	16	6
6543731647722820850	1136	8	8	8
6543731647722820850	1137	11	9	13
6543731647722820850	1138	11	13	5
6543731647722820850	1139	5	9	13
6543731647722820850	1140	1	9	5
6543731647722820850	1141	1	13	13
6543731647722820850	1142	4	4	4
6543731647722820850	1143	8	8	2
6543731647722820850	1144	11	13	11
6543731647722820850	1145	18	18	11
6543731647722820850	1146	14	0	7
6543731647722820850	1147	0	4	19
6543731647722820850	1148	18	18	11
6543731647722820850	1149	5	18	5
6543731647722820850	1150	15	14	13
6543731647722820850	1151	17	0	1
6543731647722820850	1152	14	14	14
6543731647722820850	1153	16	16	0
6543731647722820850	1154	13	9	13
6543731647722820850	1155	8	2	15
6543731647722820850	1156	13	13	13
6543731647722820850	1157	17	17	17
6543731647722820850	1158	11	13	13
6543731647722820850	1159	0	13	1
6543731647722820850	1160	18	18	18
6543731647722820850	1161	7	11	7
6543731647722820850	1162	18	18	11
6543731647722820850	1163	19	13	1
6543731647722820850	1164	6	6	6
6543731647722820850	1165	18	18	18
6543731647722820850	1166	10	0	10
6543731647722820850	1167	16	16	6
6543731647722820850	1168	12	5	7
6543731647722820850	1169	0	7	6
6543731647722820850	1170	13	13	9
6543731647722820850	1171	3	3	3
6543731647722820850	1172	19	13	9
6543731647722820850	1173	0	0	19
6543731647722820850	1174	16	16	16
6543731647722820850	1175	8	8	15
6543731647722820850	1176	4	4	5
6543731647722820850	1177	17	0	1
6543731647722820850	1178	8	8	8
6543731647722820850	1179	6	6	6
6543731647722820850	1180	7	13	12
6543731647722820850	1181	8	8	15
6543731647722820850	1182	10	14	19
6543731647722820850	1183	5	5	5
6543731647722820850	1184	10	10	1
6543731647722820850	1185	18	18	13
6543731647722820850	1186	18	18	13
6543731647722820850	1187	9	13	5
6543731647722820850	1188	15	2	11
6543731647722820850	1189	18	18	11
6543731647722820850	1190	19	1	9
6543731647722820850	1191	5	5	5
6543731647722820850	1192	13	13	9
6543731647722820850	1193	18	18	11
6543731647722820850	1194	13	13	9
6543731647722820850	1195	0	13	15
6543731647722820850	1196	17	9	17
6543731647722820850	1197	5	5	5
6543731647722820850	1198	4	4	4
6543731647722820850	1199	16	16	16
6543731647722820850	1200	17	10	14
6543731647722820850	1201	6	6	6
6543731647722820850	1202	9	13	9
6543731647722820850	1203	18	18	11
6543731647722820850	1204	14	13	11
6543731647722820850	1205	16	6	8
6543731647722820850	1206	12	13	11
6543731647722820850	1207	18	18	11
6543731647722820850	1208	14	14	14
6543731647722820850	1209	3	14	15
6543731647722820850	1210	8	8	15
6543731647722820850	1211	2	2	2
6543731647722820850	1212	14	4	6
6543731647722820850	1213	10	1	10
6543731647722820850	1214	13	13	9
6543731647722820850	1215	7	13	12
6543731647722820850	1216	15	2	15
6543731647722820850	1217	3	2	3
6543731647722820850	1218	13	13	9
6543731647722820850	1219	10	14	1
6543731647722820850	1220	3	2	10
6543731647722820850	1221	15	2	15
6543731647722820850	1222	5	13	5
6543731647722820850	1223	16	16	16
6543731647722820850	1224	1	13	1
6543731647722820850	1225	1	9	1
6543731647722820850	1226	6	6	6
6543731647722820850	1227	11	4	11
6543731647722820850	1228	0	0	0
6543731647722820850	1229	5	18	13
6543731647722820850	1230	5	5	13
6543731647722820850	1231	6	6	6
6543731647722820850	1232	15	2	15
6543731647722820850	1233	13	13	9
6543731647722820850	1234	7	13	7
6543731647722820850	1235	18	18	11
6543731647722820850	1236	1	13	1
6543731647722820850	1237	2	2	2
6543731647722820850	1238	3	14	15
6543731647722820850	1239	7	13	7
6543731647722820850	1240	18	18	11
6543731647722820850	1241	10	14	10
6543731647722820850	1242	18	18	11
6543731647722820850	1243	3	14	2
6543731647722820850	1244	19	4	9
6543731647722820850	1245	11	7	5
6543731647722820850	1246	12	12	12
6543731647722820850	1247	4	4	4
6543731647722820850	1248	14	14	14
6543731647722820850	1249	7	9	7
6543731647722820850	1250	0	0	13
6543731647722820850	1251	7	13	7
6543731647722820850	1252	5	5	4
6543731647722820850	1253	3	14	15
6543731647722820850	1254	5	18	13
6543731647722820850	1255	2	2	2
6543731647722820850	1256	7	13	7
6543731647722820850	1257	3	14	14
6543731647722820850	1258	7	13	13
6543731647722820850	1259	13	9	19
6543731647722820850	1260	11	13	5
6543731647722820850	1261	11	13	11
6543731647722820850	1262	8	8	8
6543731647722820850	1263	7	13	7
6543731647722820850	1264	16	8	8
6543731647722820850	1265	10	10	1
6543731647722820850	1266	15	15	11
6543731647722820850	1267	15	2	15
6543731647722820850	1268	1	1	1
6543731647722820850	1269	14	13	14
6543731647722820850	1270	3	17	3
6543731647722820850	1271	13	13	13
6543731647722820850	1272	1	0	1
6543731647722820850	1273	4	4	4
6543731647722820850	1274	12	13	11
6543731647722820850	1275	7	7	7
6543731647722820850	1276	1	1	1
6543731647722820850	1277	13	13	13
6543731647722820850	1278	17	10	9
6543731647722820850	1279	6	6	16
6543731647722820850	1280	10	14	3
6543731647722820850	1281	6	6	6
6543731647722820850	1282	1	13	9
6543731647722820850	1283	19	13	9
6543731647722820850	1284	13	13	9
6543731647722820850	1285	11	7	11
6543731647722820850	1286	4	4	4
6543731647722820850	1287	19	13	13
6543731647722820850	1288	16	8	16
6543731647722820850	1289	16	8	8
6543731647722820850	1290	11	11	11
6543731647722820850	1291	10	14	10
6543731647722820850	1292	0	13	1
6543731647722820850	1293	16	16	16
6543731647722820850	1294	1	7	19
6543731647722820850	1295	8	8	6
6543731647722820850	1296	16	8	16
6543731647722820850	1297	12	12	12
6543731647722820850	1298	10	14	10
6543731647722820850	1299	0	13	17
6543731647722820850	1300	5	18	5
6543731647722820850	1301	8	8	8
6543731647722820850	1302	6	6	6
6543731647722820850	1303	9	9	5
6543731647722820850	1304	6	6	6
6543731647722820850	1305	13	9	13
6543731647722820850	1306	9	13	5
6543731647722820850	1307	10	14	10
6543731647722820850	1308	15	2	15
6543731647722820850	1309	10	10	0
6543731647722820850	1310	14	4	5
6543731647722820850	1311	6	6	6
6543731647722820850	1312	19	13	1
6543731647722820850	1313	15	14	5
6543731647722820850	1314	12	13	13
6543731647722820850	1315	8	8	8
6543731647722820850	1316	13	13	9
6543731647722820850	1317	17	7	1
6543731647722820850	1318	12	13	12
6543731647722820850	1319	9	13	9
6543731647722820850	1320	7	13	11
6543731647722820850	1321	6	6	16
6543731647722820850	1322	8	8	8
6543731647722820850	1323	14	13	13
6543731647722820850	1324	2	2	2
6543731647722820850	1325	18	18	13
6543731647722820850	1326	1	9	13
6543731647722820850	1327	7	13	9
6543731647722820850	1328	7	13	11
6543731647722820850	1329	15	15	14
6543731647722820850	1330	3	14	15
6543731647722820850	1331	6	6	6
6543731647722820850	1332	12	16	12
6543731647722820850	1333	2	10	15
6543731647722820850	1334	19	13	9
6543731647722820850	1335	3	15	15
6543731647722820850	1336	5	5	1
6543731647722820850	1337	14	0	13
6543731647722820850	1338	6	6	6
6543731647722820850	1339	19	13	9
6543731647722820850	1340	12	7	7
6543731647722820850	1341	10	14	10
6543731647722820850	1342	17	0	1
6543731647722820850	1343	10	14	17
6543731647722820850	1344	13	13	13
6543731647722820850	1345	14	14	14
6543731647722820850	1346	4	4	4
6543731647722820850	1347	11	11	18
6543731647722820850	1348	18	18	11
6543731647722820850	1349	11	13	11
6543731647722820850	1350	14	14	14
6543731647722820850	1351	2	14	15
6543731647722820850	1352	17	17	9
6543731647722820850	1353	18	18	5
6543731647722820850	1354	0	0	10
6543731647722820850	1355	3	17	17
6543731647722820850	1356	8	8	8
6543731647722820850	1357	17	9	1
6543731647722820850	1358	2	2	2
6543731647722820850	1359	18	18	13
6543731647722820850	1360	1	13	9
6543731647722820850	1361	7	13	13
6543731647722820850	1362	4	4	13
6543731647722820850	1363	10	0	9
6543731647722820850	1364	8	8	8
6543731647722820850	1365	9	9	9
6543731647722820850	1366	3	2	15
6543731647722820850	1367	3	10	14
6543731647722820850	1368	1	13	13
6543731647722820850	1369	6	6	6
6543731647722820850	1370	15	14	15
6543731647722820850	1371	14	0	15
6543731647722820850	1372	12	13	7
6543731647722820850	1373	10	14	3
6543731647722820850	1374	16	8	16
6543731647722820850	1375	11	13	13
6543731647722820850	1376	3	8	3
6543731647722820850	1377	8	8	8
6543731647722820850	1378	0	13	1
6543731647722820850	1379	15	14	15
6543731647722820850	1380	7	13	12
6543731647722820850	1381	8	8	8
6543731647722820850	1382	15	2	5
6543731647722820850	1383	9	13	9
6543731647722820850	1384	0	14	17
6543731647722820850	1385	17	17	1
6543731647722820850	1386	18	18	11
6543731647722820850	1387	3	2	3
6543731647722820850	1388	1	9	19
6543731647722820850	1389	0	14	17
6543731647722820850	1390	4	4	4
6543731647722820850	1391	1	13	13
6543731647722820850	1392	15	14	4
6543731647722820850	1393	16	16	16
6543731647722820850	1394	9	13	9
6543731647722820850	1395	9	13	9
6543731647722820850	1396	14	14	14
6543731647722820850	1397	3	17	14
6543731647722820850	1398	5	18	13
6543731647722820850	1399	6	6	6
6543731647722820850	1400	3	19	17
6543731647722820850	1401	16	16	16
6543731647722820850	1402	6	6	6
6543731647722820850	1403	18	18	13
6543731647722820850	1404	16	16	16
6543731647722820850	1405	12	13	7
6543731647722820850	1406	6	6	16
6543731647722820850	1407	3	2	5
6543731647722820850	1408	7	13	7
6543731647722820850	1409	13	13	13
6543731647722820850	1410	19	13	1
6543731647722820850	1411	10	0	17
6543731647722820850	1412	11	13	11
6543731647722820850	1413	19	14	9
6543731647722820850	1414	9	9	9
6543731647722820850	1415	15	14	15
6543731647722820850	1416	0	0	1
6543731647722820850	1417	14	15	0
6543731647722820850	1418	12	7	7
6543731647722820850	1419	8	8	8
6543731647722820850	1420	19	13	9
6543731647722820850	1421	12	12	12
6543731647722820850	1422	9	13	19
6543731647722820850	1423	17	0	1
6543731647722820850	1424	1	13	9
6543731647722820850	1425	17	17	0
6543731647722820850	1426	8	8	8
6543731647722820850	1427	13	13	13
6543731647722820850	1428	0	13	17
6543731647722820850	1429	2	14	6
6543731647722820850	1430	16	13	16
6543731647722820850	1431	11	13	13
6543731647722820850	1432	18	18	11
6543731647722820850	1433	14	4	3
6543731647722820850	1434	2	2	2
6543731647722820850	1435	9	9	9
6543731647722820850	1436	15	15	13
6543731647722820850	1437	15	1	7
6543731647722820850	1438	0	13	17
6543731647722820850	1439	14	0	13
6543731647722820850	1440	5	13	13
6543731647722820850	1441	0	0	0
6543731647722820850	1442	17	2	17
6543731647722820850	1443	1	13	1
6543731647722820850	1444	15	2	6
6543731647722820850	1445	4	4	1
6543731647722820850	1446	5	9	13
6543731647722820850	1447	3	2	19
6543731647722820850	1448	3	15	19
6543731647722820850	1449	9	9	9
6543731647722820850	1450	3	0	14
6543731647722820850	1451	12	13	11
6543731647722820850	1452	14	4	11
6543731647722820850	1453	0	2	1
6543731647722820850	1454	3	15	15
6543731647722820850	1455	0	0	19
6543731647722820850	1456	7	13	7
6543731647722820850	1457	19	19	9
6543731647722820850	1458	1	1	13
6543731647722820850	1459	11	11	11
6543731647722820850	1460	17	0	14
6543731647722820850	1461	4	4	4
6543731647722820850	1462	15	2	14
6543731647722820850	1463	15	2	5
6543731647722820850	1464	12	5	7
6543731647722820850	1465	10	0	10
6543731647722820850	1466	18	18	5
6543731647722820850	1467	16	11	16
6543731647722820850	1468	10	10	10
6543731647722820850	1469	16	9	16
6543731647722820850	1470	6	6	16
6543731647722820850	1471	5	13	5
6543731647722820850	1472	17	10	19
6543731647722820850	1473	14	14	1
6543731647722820850	1474	4	4	4
6543731647722820850	1475	13	13	5
6543731647722820850	1476	10	4	10
6543731647722820850	1477	7	0	0
6543731647722820850	1478	6	6	6
6543731647722820850	1479	4	4	4
6543731647722820850	1480	11	13	11
6543731647722820850	1481	10	2	10
6543731647722820850	1482	15	15	5
6543731647722820850	1483	16	11	16
6543731647722820850	1484	12	12	7
6543731647722820850	1485	3	14	14
6543731647722820850	1486	4	4	4
6543731647722820850	1487	0	0	10
6543731647722820850	1488	15	15	5
6543731647722820850	1489	4	4	4
6543731647722820850	1490	9	13	1
6543731647722820850	1491	3	14	15
6543731647722820850	1492	7	13	7
6543731647722820850	1493	1	19	1
6543731647722820850	1494	15	2	7
6543731647722820850	1495	2	14	14
6543731647722820850	1496	11	11	11
6543731647722820850	1497	13	9	13
6543731647722820850	1498	4	4	4
6543731647722820850	1499	5	13	13
6543731647722820850	1500	2	14	3
6543731647722820850	1501	18	18	5
6543731647722820850	1502	8	8	8
6543731647722820850	1503	0	0	1
6543731647722820850	1504	15	1	5
6543731647722820850	1505	11	7	11
6543731647722820850	1506	15	15	15
6543731647722820850	1507	14	2	3
6543731647722820850	1508	7	13	12
6543731647722820850	1509	18	18	18
6543731647722820850	1510	11	13	11
6543731647722820850	1511	16	16	14
6543731647722820850	1512	1	9	1
6543731647722820850	1513	19	13	13
6543731647722820850	1514	10	10	0
6543731647722820850	1515	10	13	15
6543731647722820850	1516	14	14	16
6543731647722820850	1517	16	16	16
6543731647722820850	1518	8	8	8
6543731647722820850	1519	1	1	9
6543731647722820850	1520	9	9	9
6543731647722820850	1521	11	13	5
6543731647722820850	1522	10	10	1
6543731647722820850	1523	18	18	11
6543731647722820850	1524	3	2	3
6543731647722820850	1525	11	11	11
6543731647722820850	1526	10	10	1
6543731647722820850	1527	8	8	8
6543731647722820850	1528	10	10	15
6543731647722820850	1529	18	18	11
6543731647722820850	1530	6	6	6
6543731647722820850	1531	6	6	7
6543731647722820850	1532	1	13	1
6543731647722820850	1533	4	1	5
6543731647722820850	1534	5	13	12
6543731647722820850	1535	12	12	7
6543731647722820850	1536	4	4	4
6543731647722820850	1537	19	19	9
6543731647722820850	1538	10	14	14
6543731647722820850	1539	14	13	13
6543731647722820850	1540	6	16	6
6543731647722820850	1541	3	14	6
6543731647722820850	1542	19	13	9
6543731647722820850	1543	12	13	13
6543731647722820850	1544	19	4	9
6543731647722820850	1545	1	1	1
6543731647722820850	1546	6	6	6
6543731647722820850	1547	16	8	16
6543731647722820850	1548	3	14	3
6543731647722820850	1549	15	2	11
6543731647722820850	1550	16	6	16
6543731647722820850	1551	2	2	6
6543731647722820850	1552	11	7	5
6543731647722820850	1553	1	13	9
6543731647722820850	1554	14	14	5
6543731647722820850	1555	8	8	8
6543731647722820850	1556	7	1	7
6543731647722820850	1557	12	13	13
6543731647722820850	1558	16	16	16
6543731647722820850	1559	18	18	13
6543731647722820850	1560	4	4	4
6543731647722820850	1561	19	9	9
6543731647722820850	1562	15	15	15
6543731647722820850	1563	7	7	12
6543731647722820850	1564	12	12	7
6543731647722820850	1565	10	10	1
6543731647722820850	1566	18	18	13
6543731647722820850	1567	2	14	2
6543731647722820850	1568	19	4	1
6543731647722820850	1569	18	18	13
6543731647722820850	1570	13	5	13
6543731647722820850	1571	15	14	14
6543731647722820850	1572	2	14	2
6543731647722820850	1573	0	13	1
6543731647722820850	1574	1	7	1
6543731647722820850	1575	13	13	5
6543731647722820850	1576	12	13	13
6543731647722820850	1577	17	10	1
6543731647722820850	1578	6	6	6
6543731647722820850	1579	9	13	9
6543731647722820850	1580	11	5	5
6543731647722820850	1581	13	13	9
6543731647722820850	1582	6	6	6
6543731647722820850	1583	19	1	19
6543731647722820850	1584	14	14	6
6543731647722820850	1585	15	4	15
6543731647722820850	1586	15	15	7
6543731647722820850	1587	4	4	4
6543731647722820850	1588	8	8	10
6543731647722820850	1589	5	18	12
6543731647722820850	1590	9	13	9
6543731647722820850	1591	18	18	11
6543731647722820850	1592	6	6	6
6543731647722820850	1593	13	13	5
6543731647722820850	1594	17	10	17
6543731647722820850	1595	11	13	11
6543731647722820850	1596	13	13	5
6543731647722820850	1597	7	7	7
6543731647722820850	1598	9	13	9
6543731647722820850	1599	9	13	9
6543731647722820850	1600	16	8	8
6543731647722820850	1601	17	10	15
6543731647722820850	1602	3	14	15
6543731647722820850	1603	4	4	5
6543731647722820850	1604	14	0	15
6543731647722820850	1605	10	2	10
6543731647722820850	1606	4	4	4
6543731647722820850	1607	10	0	10
6543731647722820850	1608	18	18	13
6543731647722820850	1609	10	14	15
6543731647722820850	1610	17	10	7
6543731647722820850	1611	18	18	13
6543731647722820850	1612	8	8	8
6543731647722820850	1613	18	18	18
6543731647722820850	1614	4	4	4
6543731647722820850	1615	19	10	1
6543731647722820850	1616	5	13	5
6543731647722820850	1617	7	13	11
6543731647722820850	1618	14	13	13
6543731647722820850	1619	10	0	10
6543731647722820850	1620	6	6	6
6543731647722820850	1621	9	13	9
6543731647722820850	1622	16	16	16
6543731647722820850	1623	3	2	3
6543731647722820850	1624	11	9	11
6543731647722820850	1625	19	19	1
6543731647722820850	1626	17	13	1
6543731647722820850	1627	11	13	5
6543731647722820850	1628	5	18	13
6543731647722820850	1629	10	2	3
6543731647722820850	1630	1	1	1
6543731647722820850	1631	5	13	5
6543731647722820850	1632	17	17	1
6543731647722820850	1633	12	12	7
6543731647722820850	1634	8	8	8
6543731647722820850	1635	2	2	2
6543731647722820850	1636	4	4	4
6543731647722820850	1637	17	0	1
6543731647722820850	1638	9	13	9
6543731647722820850	1639	9	13	13
6543731647722820850	1640	4	4	4
6543731647722820850	1641	16	8	16
6543731647722820850	1642	8	8	8
6543731647722820850	1643	9	13	9
6543731647722820850	1644	4	4	4
6543731647722820850	1645	1	1	1
6543731647722820850	1646	5	18	5
6543731647722820850	1647	7	13	7
6543731647722820850	1648	19	13	1
6543731647722820850	1649	9	11	9
6543731647722820850	1650	1	9	1
6543731647722820850	1651	11	11	11
6543731647722820850	1652	4	4	5
6543731647722820850	1653	4	4	4
6543731647722820850	1654	3	10	14
6543731647722820850	1655	16	11	13
6543731647722820850	1656	12	13	13
6543731647722820850	1657	15	2	14
6543731647722820850	1658	4	4	4
6543731647722820850	1659	0	0	17
6543731647722820850	1660	15	2	15
6543731647722820850	1661	5	18	5
6543731647722820850	1662	5	13	11
6543731647722820850	1663	10	10	1
6543731647722820850	1664	5	18	5
6543731647722820850	1665	11	13	11
6543731647722820850	1666	12	7	7
6543731647722820850	1667	6	6	6
6543731647722820850	1668	4	0	14
6543731647722820850	1669	14	14	15
6543731647722820850	1670	7	13	7
6543731647722820850	1671	12	5	12
6543731647722820850	1672	3	2	8
6543731647722820850	1673	8	8	8
6543731647722820850	1674	8	8	5
6543731647722820850	1675	8	8	8
6543731647722820850	1676	5	9	9
6543731647722820850	1677	3	2	3
6543731647722820850	1678	17	9	1
6543731647722820850	1679	1	0	10
6543731647722820850	1680	4	4	13
6543731647722820850	1681	6	6	6
6543731647722820850	1682	18	18	11
6543731647722820850	1683	14	13	7
6543731647722820850	1684	14	14	15
6543731647722820850	1685	17	7	1
6543731647722820850	1686	12	11	13
6543731647722820850	1687	8	8	8
6543731647722820850	1688	5	18	9
6543731647722820850	1689	13	13	9
6543731647722820850	1690	10	10	19
6543731647722820850	1691	11	13	13
6543731647722820850	1692	10	2	3
6543731647722820850	1693	2	14	2
6543731647722820850	1694	1	1	1
6543731647722820850	1695	11	13	11
6543731647722820850	1696	6	6	6
6543731647722820850	1697	4	0	11
6543731647722820850	1698	16	8	16
6543731647722820850	1699	18	18	11
6543731647722820850	1700	11	13	11
6543731647722820850	1701	17	10	19
6543731647722820850	1702	13	13	1
6543731647722820850	1703	0	0	10
6543731647722820850	1704	7	7	12
6543731647722820850	1705	8	8	8
6543731647722820850	1706	14	14	14
6543731647722820850	1707	19	4	19
6543731647722820850	1708	18	18	11
6543731647722820850	1709	0	13	2
6543731647722820850	1710	14	0	11
6543731647722820850	1711	7	13	7
6543731647722820850	1712	1	1	1
6543731647722820850	1713	10	10	1
6543731647722820850	1714	0	13	1
6543731647722820850	1715	8	8	8
6543731647722820850	1716	9	13	9
6543731647722820850	1717	15	2	12
6543731647722820850	1718	11	13	11
6543731647722820850	1719	17	9	1
6543731647722820850	1720	15	14	15
6543731647722820850	1721	12	12	7
6543731647722820850	1722	6	6	6
6543731647722820850	1723	10	10	10
6543731647722820850	1724	19	9	19
6543731647722820850	1725	3	14	15
6543731647722820850	1726	6	6	6
6543731647722820850	1727	11	13	9
6543731647722820850	1728	19	9	9
6543731647722820850	1729	0	0	17
6543731647722820850	1730	13	13	1
6543731647722820850	1731	5	5	11
6543731647722820850	1732	3	2	1
6543731647722820850	1733	16	8	8
6543731647722820850	1734	5	5	5
6543731647722820850	1735	10	9	1
6543731647722820850	1736	14	13	13
6543731647722820850	1737	16	6	16
6543731647722820850	1738	1	13	13
6543731647722820850	1739	16	8	16
6543731647722820850	1740	9	13	9
6543731647722820850	1741	6	6	6
6543731647722820850	1742	16	6	6
6543731647722820850	1743	7	7	7
6543731647722820850	1744	4	4	4
6543731647722820850	1745	10	10	1
6543731647722820850	1746	14	14	14
6543731647722820850	1747	3	2	3
6543731647722820850	1748	18	11	11
6543731647722820850	1749	13	13	9
6543731647722820850	1750	0	0	1
6543731647722820850	1751	19	4	19
6543731647722820850	1752	5	18	5
6543731647722820850	1753	16	8	16
6543731647722820850	1754	8	8	8
6543731647722820850	1755	8	8	8
6543731647722820850	1756	5	9	5
6543731647722820850	1757	6	6	6
6543731647722820850	1758	8	8	8
6543731647722820850	1759	14	14	15
6543731647722820850	1760	18	18	11
6543731647722820850	1761	6	6	16
6543731647722820850	1762	1	13	13
6543731647722820850	1763	6	6	6
6543731647722820850	1764	4	4	4
6543731647722820850	1765	11	13	13
6543731647722820850	1766	8	2	4
6543731647722820850	1767	13	13	13
6543731647722820850	1768	2	10	6
6543731647722820850	1769	16	16	7
6543731647722820850	1770	16	6	13
6543731647722820850	1771	10	14	19
6543731647722820850	1772	16	16	7
6543731647722820850	1773	2	14	3
6543731647722820850	1774	16	8	16
6543731647722820850	1775	16	16	16
6543731647722820850	1776	8	8	8
6543731647722820850	1777	1	13	9
6543731647722820850	1778	10	10	10
6543731647722820850	1779	15	14	15
6543731647722820850	1780	4	19	12
6543731647722820850	1781	17	10	15
6543731647722820850	1782	3	10	15
6543731647722820850	1783	17	9	1
6543731647722820850	1784	8	8	8
6543731647722820850	1785	11	13	11
6543731647722820850	1786	12	13	7
6543731647722820850	1787	8	16	13
6543731647722820850	1788	10	1	4
6543731647722820850	1789	15	15	13
6543731647722820850	1790	2	14	8
6543731647722820850	1791	8	8	3
6543731647722820850	1792	15	14	8
6543731647722820850	1793	0	14	3
6543731647722820850	1794	17	10	3
6543731647722820850	1795	2	14	15
6543731647722820850	1796	13	9	9
6543731647722820850	1797	13	13	1
6543731647722820850	1798	15	2	15
6543731647722820850	1799	2	2	2
6543731647722820850	1800	8	8	18
6543731647722820850	1801	18	18	11
6543731647722820850	1802	4	4	4
6543731647722820850	1803	17	10	19
6543731647722820850	1804	7	13	5
6543731647722820850	1805	18	18	11
6543731647722820850	1806	19	14	19
6543731647722820850	1807	17	2	7
6543731647722820850	1808	7	11	12
6543731647722820850	1809	4	4	5
6543731647722820850	1810	0	14	17
6543731647722820850	1811	17	0	1
6543731647722820850	1812	13	13	1
6543731647722820850	1813	11	7	11
6543731647722820850	1814	15	15	9
6543731647722820850	1815	5	9	5
6543731647722820850	1816	5	18	13
6543731647722820850	1817	17	9	9
6543731647722820850	1818	13	13	13
6543731647722820850	1819	5	13	12
6543731647722820850	1820	18	18	13
6543731647722820850	1821	6	6	6
6543731647722820850	1822	9	11	9
6543731647722820850	1823	8	8	8
6543731647722820850	1824	16	16	7
6543731647722820850	1825	18	18	11
6543731647722820850	1826	5	18	5
6543731647722820850	1827	5	13	5
6543731647722820850	1828	9	13	9
6543731647722820850	1829	2	2	2
6543731647722820850	1830	0	13	1
6543731647722820850	1831	6	6	6
6543731647722820850	1832	14	13	13
6543731647722820850	1833	8	8	8
6543731647722820850	1834	15	2	15
6543731647722820850	1835	2	2	2
6543731647722820850	1836	0	13	0
6543731647722820850	1837	9	13	9
6543731647722820850	1838	0	0	17
6543731647722820850	1839	4	4	4
6543731647722820850	1840	9	13	9
6543731647722820850	1841	16	16	16
6543731647722820850	1842	7	13	13
6543731647722820850	1843	2	2	2
6543731647722820850	1844	4	4	4
6543731647722820850	1845	7	13	5
6543731647722820850	1846	11	11	13
6543731647722820850	1847	7	13	11
6543731647722820850	1848	19	14	9
6543731647722820850	1849	17	9	1
6543731647722820850	1850	1	1	9
6543731647722820850	1851	12	13	13
6543731647722820850	1852	0	0	0
6543731647722820850	1853	12	13	13
6543731647722820850	1854	1	13	1
6543731647722820850	1855	14	14	14
6543731647722820850	1856	15	2	7
6543731647722820850	1857	14	0	0
6543731647722820850	1858	6	6	6
6543731647722820850	1859	18	18	13
6543731647722820850	1860	17	17	16
6543731647722820850	1861	13	13	13
6543731647722820850	1862	18	13	9
6543731647722820850	1863	13	13	9
6543731647722820850	1864	18	18	11
6543731647722820850	1865	17	1	17
6543731647722820850	1866	15	2	15
6543731647722820850	1867	14	0	7
6543731647722820850	1868	3	10	15
6543731647722820850	1869	2	2	2
6543731647722820850	1870	19	13	9
6543731647722820850	1871	15	14	5
6543731647722820850	1872	12	13	13
6543731647722820850	1873	12	13	9
6543731647722820850	1874	17	10	19
6543731647722820850	1875	13	18	13
6543731647722820850	1876	18	18	11
6543731647722820850	1877	2	2	2
6543731647722820850	1878	10	10	1
6543731647722820850	1879	14	14	2
6543731647722820850	1880	4	4	4
6543731647722820850	1881	8	8	13
6543731647722820850	1882	11	13	7
6543731647722820850	1883	19	13	1
6543731647722820850	1884	17	17	0
6543731647722820850	1885	19	13	1
6543731647722820850	1886	3	2	13
6543731647722820850	1887	15	2	15
6543731647722820850	1888	13	13	1
6543731647722820850	1889	11	7	11
6543731647722820850	1890	16	8	8
6543731647722820850	1891	12	13	5
6543731647722820850	1892	5	5	13
6543731647722820850	1893	7	7	7
6543731647722820850	1894	14	14	15
6543731647722820850	1895	13	13	9
6543731647722820850	1896	13	13	13
6543731647722820850	1897	7	13	13
6543731647722820850	1898	15	14	15
6543731647722820850	1899	15	2	6
6543731647722820850	1900	16	16	0
6543731647722820850	1901	4	4	5
6543731647722820850	1902	14	14	15
6543731647722820850	1903	2	14	15
6543731647722820850	1904	7	13	5
6543731647722820850	1905	10	2	14
6543731647722820850	1906	4	4	4
6543731647722820850	1907	12	5	7
6543731647722820850	1908	7	13	11
6543731647722820850	1909	0	13	9
6543731647722820850	1910	10	10	0
6543731647722820850	1911	7	13	13
6543731647722820850	1912	5	5	5
6543731647722820850	1913	12	5	7
6543731647722820850	1914	8	8	8
6543731647722820850	1915	5	1	11
6543731647722820850	1916	4	4	4
6543731647722820850	1917	3	14	9
6543731647722820850	1918	9	9	1
6543731647722820850	1919	6	6	6
6543731647722820850	1920	0	14	17
6543731647722820850	1921	4	4	4
6543731647722820850	1922	4	4	5
6543731647722820850	1923	3	2	19
6543731647722820850	1924	9	13	9
6543731647722820850	1925	14	13	5
6543731647722820850	1926	5	5	13
6543731647722820850	1927	13	9	5
6543731647722820850	1928	9	13	5
6543731647722820850	1929	11	13	13
6543731647722820850	1930	13	9	5
6543731647722820850	1931	2	2	2
6543731647722820850	1932	0	13	1
6543731647722820850	1933	11	7	11
6543731647722820850	1934	1	9	1
6543731647722820850	1935	11	10	11
6543731647722820850	1936	3	10	3
6543731647722820850	1937	19	19	9
6543731647722820850	1938	0	0	17
6543731647722820850	1939	7	13	13
6543731647722820850	1940	11	11	18
6543731647722820850	1941	17	9	1
6543731647722820850	1942	7	13	7
6543731647722820850	1943	15	2	7
6543731647722820850	1944	11	13	11
6543731647722820850	1945	18	18	11
6543731647722820850	1946	13	9	9
6543731647722820850	1947	3	2	14
6543731647722820850	1948	1	13	13
6543731647722820850	1949	18	18	13
6543731647722820850	1950	16	16	16
6543731647722820850	1951	14	2	3
6543731647722820850	1952	9	13	9
6543731647722820850	1953	0	14	17
6543731647722820850	1954	1	1	1
6543731647722820850	1955	13	13	5
6543731647722820850	1956	8	8	13
6543731647722820850	1957	17	0	3
6543731647722820850	1958	0	13	10
6543731647722820850	1959	10	14	10
6543731647722820850	1960	18	18	13
6543731647722820850	1961	3	2	3
6543731647722820850	1962	14	14	3
6543731647722820850	1963	12	18	12
6543731647722820850	1964	9	13	5
6543731647722820850	1965	7	13	7
6543731647722820850	1966	10	2	10
6543731647722820850	1967	0	7	7
6543731647722820850	1968	11	13	13
6543731647722820850	1969	10	14	10
6543731647722820850	1970	14	13	13
6543731647722820850	1971	5	9	13
6543731647722820850	1972	4	4	13
6543731647722820850	1973	2	2	2
6543731647722820850	1974	6	6	7
6543731647722820850	1975	15	2	7
6543731647722820850	1976	14	14	2
6543731647722820850	1977	16	8	8
6543731647722820850	1978	2	2	7
6543731647722820850	1979	11	13	11
6543731647722820850	1980	4	4	4
6543731647722820850	1981	4	4	4
6543731647722820850	1982	19	1	9
6543731647722820850	1983	2	2	2
6543731647722820850	1984	4	4	4
6543731647722820850	1985	15	2	13
6543731647722820850	1986	9	9	19
6543731647722820850	1987	18	18	18
6543731647722820850	1988	18	18	13
6543731647722820850	1989	17	17	1
6543731647722820850	1990	0	17	17
6543731647722820850	1991	16	8	16
6543731647722820850	1992	2	2	2
6543731647722820850	1993	15	8	4
6543731647722820850	1994	11	11	11
6543731647722820850	1995	18	18	18
6543731647722820850	1996	12	13	9
6543731647722820850	1997	17	2	15
6543731647722820850	1998	9	13	1
6543731647722820850	1999	15	14	15
6543731647722820850	2000	17	17	17
6543731647722820850	2001	9	9	9
6543731647722820850	2002	6	6	6
6543731647722820850	2003	11	7	11
6543731647722820850	2004	14	14	3
6543731647722820850	2005	5	18	5
6543731647722820850	2006	18	18	13
6543731647722820850	2007	19	9	1
6543731647722820850	2008	5	9	5
6543731647722820850	2009	12	5	7
6543731647722820850	2010	13	13	13
6543731647722820850	2011	1	9	1
6543731647722820850	2012	7	13	7
6543731647722820850	2013	7	13	7
6543731647722820850	2014	6	6	16
6543731647722820850	2015	4	4	4
6543731647722820850	2016	8	8	8
6543731647722820850	2017	7	7	7
6543731647722820850	2018	12	5	12
6543731647722820850	2019	7	13	7
6543731647722820850	2020	13	1	13
6543731647722820850	2021	4	4	5
6543731647722820850	2022	14	2	14
6543731647722820850	2023	2	14	8
6543731647722820850	2024	14	15	15
6543731647722820850	2025	5	13	12
6543731647722820850	2026	8	8	8
6543731647722820850	2027	2	2	2
6543731647722820850	2028	15	2	4
6543731647722820850	2029	2	14	6
6543731647722820850	2030	14	14	3
6543731647722820850	2031	3	2	3
6543731647722820850	2032	6	6	6
6543731647722820850	2033	16	8	1
6543731647722820850	2034	14	0	15
6543731647722820850	2035	15	2	14
6543731647722820850	2036	4	4	4
6543731647722820850	2037	0	0	1
6543731647722820850	2038	7	13	5
6543731647722820850	2039	11	13	13
6543731647722820850	2040	9	13	13
6543731647722820850	2041	13	9	5
6543731647722820850	2042	12	13	7
6543731647722820850	2043	11	11	11
6543731647722820850	2044	2	14	7
6543731647722820850	2045	3	10	15
6543731647722820850	2046	8	2	1
6543731647722820850	2047	10	14	10
6543731647722820850	2048	13	13	9
6543731647722820850	2049	17	0	1
6543731647722820850	2050	1	13	1
6543731647722820850	2051	2	2	2
6543731647722820850	2052	5	18	13
6543731647722820850	2053	8	8	16
6543731647722820850	2054	4	4	1
6543731647722820850	2055	9	13	5
6543731647722820850	2056	19	19	9
6543731647722820850	2057	10	0	10
6543731647722820850	2058	1	13	9
6543731647722820850	2059	15	15	7
6543731647722820850	2060	4	4	5
6543731647722820850	2061	12	13	7
6543731647722820850	2062	8	8	8
6543731647722820850	2063	19	13	9
6543731647722820850	2064	4	4	4
6543731647722820850	2065	4	4	4
6543731647722820850	2066	2	1	17
6543731647722820850	2067	2	2	2
6543731647722820850	2068	7	13	5
6543731647722820850	2069	12	13	11
6543731647722820850	2070	17	9	1
6543731647722820850	2071	9	9	9
6543731647722820850	2072	2	2	2
6543731647722820850	2073	2	14	1
6543731647722820850	2074	16	16	0
6543731647722820850	2075	9	13	9
6543731647722820850	2076	15	14	15
6543731647722820850	2077	5	13	5
6543731647722820850	2078	8	8	8
6543731647722820850	2079	0	14	19
6543731647722820850	2080	19	19	5
6543731647722820850	2081	12	13	13
6543731647722820850	2082	13	13	9
6543731647722820850	2083	3	15	15
6543731647722820850	2084	6	6	6
6543731647722820850	2085	16	16	16
6543731647722820850	2086	5	4	13
6543731647722820850	2087	7	13	7
6543731647722820850	2088	2	14	2
6543731647722820850	2089	14	0	11
6543731647722820850	2090	0	13	1
6543731647722820850	2091	17	10	19
6543731647722820850	2092	14	4	3
6543731647722820850	2093	16	16	16
6543731647722820850	2094	13	13	5
6543731647722820850	2095	17	17	19
6543731647722820850	2096	2	2	2
6543731647722820850	2097	9	13	5
6543731647722820850	2098	13	13	9
6543731647722820850	2099	9	9	9
6543731647722820850	2100	9	13	5
6543731647722820850	2101	14	8	3
6543731647722820850	2102	19	13	1
6543731647722820850	2103	13	9	13
6543731647722820850	2104	7	13	11
6543731647722820850	2105	1	1	1
6543731647722820850	2106	4	4	5
6543731647722820850	2107	15	1	15
6543731647722820850	2108	6	6	6
6543731647722820850	2109	9	9	1
6543731647722820850	2110	14	14	15
6543731647722820850	2111	15	2	6
6543731647722820850	2112	11	13	11
6543731647722820850	2113	6	16	6
6543731647722820850	2114	5	5	5
6543731647722820850	2115	4	4	4
6543731647722820850	2116	19	13	9
6543731647722820850	2117	4	4	5
6543731647722820850	2118	14	14	3
6543731647722820850	2119	8	8	15
6543731647722820850	2120	6	6	6
6543731647722820850	2121	8	8	8
6543731647722820850	2122	12	13	13
6543731647722820850	2123	2	2	6
6543731647722820850	2124	13	13	13
6543731647722820850	2125	5	5	15
6543731647722820850	2126	0	13	17
6543731647722820850	2127	4	4	4
6543731647722820850	2128	12	16	7
6543731647722820850	2129	16	16	16
6543731647722820850	2130	12	13	11
6543731647722820850	2131	14	4	15
6543731647722820850	2132	13	13	9
6543731647722820850	2133	7	13	7
6543731647722820850	2134	13	13	13
6543731647722820850	2135	18	18	13
6543731647722820850	2136	5	13	5
6543731647722820850	2137	0	0	17
6543731647722820850	2138	17	17	1
6543731647722820850	2139	4	4	4
6543731647722820850	2140	8	8	8
6543731647722820850	2141	16	16	15
6543731647722820850	2142	19	13	13
6543731647722820850	2143	18	18	13
6543731647722820850	2144	18	18	13
6543731647722820850	2145	6	6	6
6543731647722820850	2146	16	8	8
6543731647722820850	2147	12	18	7
6543731647722820850	2148	16	8	16
6543731647722820850	2149	18	18	18
6543731647722820850	2150	13	13	5
6543731647722820850	2151	9	9	5
6543731647722820850	2152	0	14	0
6543731647722820850	2153	14	0	14
6543731647722820850	2154	10	14	3
6543731647722820850	2155	10	14	10
6543731647722820850	2156	18	18	11
6543731647722820850	2157	13	13	9
6543731647722820850	2158	1	13	19
6543731647722820850	2159	4	4	4
6543731647722820850	2160	17	9	1
6543731647722820850	2161	12	13	13
6543731647722820850	2162	10	10	3
6543731647722820850	2163	16	8	8
6543731647722820850	2164	12	12	7
6543731647722820850	2165	16	16	14
6543731647722820850	2166	13	13	9
6543731647722820850	2167	12	13	11
6543731647722820850	2168	12	13	11
6543731647722820850	2169	8	8	8
6543731647722820850	2170	18	18	18
6543731647722820850	2171	2	2	2
6543731647722820850	2172	12	13	7
6543731647722820850	2173	4	0	12
6543731647722820850	2174	16	8	8
6543731647722820850	2175	15	2	7
6543731647722820850	2176	9	9	9
6543731647722820850	2177	16	16	0
6543731647722820850	2178	12	13	9
6543731647722820850	2179	5	18	5
6543731647722820850	2180	14	0	11
6543731647722820850	2181	13	13	9
6543731647722820850	2182	8	8	8
6543731647722820850	2183	12	11	11
6543731647722820850	2184	10	13	0
6543731647722820850	2185	18	18	11
6543731647722820850	2186	1	7	1
6543731647722820850	2187	12	13	7
6543731647722820850	2188	18	18	11
6543731647722820850	2189	7	13	7
6543731647722820850	2190	18	13	13
6543731647722820850	2191	16	16	16
6543731647722820850	2192	17	9	9
6543731647722820850	2193	4	4	4
6543731647722820850	2194	12	13	12
6543731647722820850	2195	7	13	5
6543731647722820850	2196	13	13	5
6543731647722820850	2197	17	10	10
6543731647722820850	2198	8	8	7
6543731647722820850	2199	8	8	8
6543731647722820850	2200	11	11	11
6543731647722820850	2201	15	2	15
6543731647722820850	2202	2	2	2
6543731647722820850	2203	2	2	2
6543731647722820850	2204	13	9	5
6543731647722820850	2205	17	10	1
6543731647722820850	2206	1	13	9
6543731647722820850	2207	0	13	1
6543731647722820850	2208	17	10	2
6543731647722820850	2209	15	14	7
6543731647722820850	2210	19	0	1
6543731647722820850	2211	16	16	16
6543731647722820850	2212	14	0	13
6543731647722820850	2213	15	2	15
6543731647722820850	2214	18	13	9
6543731647722820850	2215	11	7	11
6543731647722820850	2216	5	13	5
6543731647722820850	2217	10	0	19
6543731647722820850	2218	14	13	11
6543731647722820850	2219	15	14	15
6543731647722820850	2220	18	18	13
6543731647722820850	2221	7	1	7
6543731647722820850	2222	8	8	15
6543731647722820850	2223	3	2	3
6543731647722820850	2224	2	8	2
6543731647722820850	2225	15	15	15
6543731647722820850	2226	15	1	13
6543731647722820850	2227	1	1	1
6543731647722820850	2228	17	3	3
6543731647722820850	2229	12	11	13
6543731647722820850	2230	9	13	9
6543731647722820850	2231	1	13	1
6543731647722820850	2232	3	2	10
6543731647722820850	2233	13	13	9
6543731647722820850	2234	6	6	6
6543731647722820850	2235	4	4	0
6543731647722820850	2236	16	16	16
6543731647722820850	2237	14	4	14
6543731647722820850	2238	17	2	17
6543731647722820850	2239	15	2	15
6543731647722820850	2240	18	18	11
6543731647722820850	2241	8	14	19
6543731647722820850	2242	4	4	4
6543731647722820850	2243	1	19	1
6543731647722820850	2244	8	8	8
6543731647722820850	2245	6	6	16
6543731647722820850	2246	19	0	9
6543731647722820850	2247	18	18	13
6543731647722820850	2248	6	6	16
6543731647722820850	2249	7	13	13
6543731647722820850	2250	11	11	11
6543731647722820850	2251	1	13	1
6543731647722820850	2252	11	13	13
6543731647722820850	2253	19	13	9
6543731647722820850	2254	6	6	6
6543731647722820850	2255	17	9	1
6543731647722820850	2256	1	13	1
6543731647722820850	2257	8	8	8
6543731647722820850	2258	9	9	5
6543731647722820850	2259	4	4	0
6543731647722820850	2260	6	6	16
6543731647722820850	2261	1	9	1
6543731647722820850	2262	15	2	14
6543731647722820850	2263	11	7	13
6543731647991256489	0	10	0	1
6543731647991256489	1	11	13	11
6543731647991256489	2	7	13	11
6543731647991256489	3	10	10	9
6543731647991256489	4	3	2	3
6543731647991256489	5	5	9	18
6543731647991256489	6	0	13	0
6543731647991256489	7	10	2	3
6543731647991256489	8	18	18	11
6543731647991256489	9	5	18	18
6543731647991256489	10	16	8	0
6543731647991256489	11	14	0	8
6543731647991256489	12	12	17	12
6543731647991256489	13	8	8	8
6543731647991256489	14	0	0	0
6543731647991256489	15	16	16	16
6543731647991256489	16	10	2	1
6543731647991256489	17	16	8	8
6543731647991256489	18	17	10	9
6543731647991256489	19	13	13	13
6543731647991256489	20	19	1	9
6543731647991256489	21	9	13	9
6543731647991256489	22	7	1	7
6543731647991256489	23	4	4	3
6543731647991256489	24	6	16	16
6543731647991256489	25	9	13	13
6543731647991256489	26	0	13	0
6543731647991256489	27	0	14	0
6543731647991256489	28	9	13	5
6543731647991256489	29	9	13	9
6543731647991256489	30	6	6	16
6543731647991256489	31	2	2	2
6543731647991256489	32	3	14	8
6543731647991256489	33	12	13	5
6543731647991256489	34	8	8	8
6543731647991256489	35	8	8	8
6543731647991256489	36	7	13	5
6543731647991256489	37	10	14	19
6543731647991256489	38	12	13	13
6543731647991256489	39	10	10	0
6543731647991256489	40	14	13	11
6543731647991256489	41	8	8	8
6543731647991256489	42	6	6	16
6543731647991256489	43	0	13	9
6543731647991256489	44	11	13	18
6543731647991256489	45	8	8	8
6543731647991256489	46	7	13	16
6543731647991256489	47	17	7	1
6543731647991256489	48	5	13	18
6543731647991256489	49	7	13	17
6543731647991256489	50	13	13	9
6543731647991256489	51	11	11	11
6543731647991256489	52	18	18	18
6543731647991256489	53	6	6	16
6543731647991256489	54	11	11	11
6543731647991256489	55	6	6	0
6543731647991256489	56	15	15	13
6543731647991256489	57	17	3	1
6543731647991256489	58	14	13	3
6543731647991256489	59	0	14	1
6543731647991256489	60	1	13	1
6543731647991256489	61	18	18	18
6543731647991256489	62	17	2	7
6543731647991256489	63	13	13	11
6543731647991256489	64	0	13	0
6543731647991256489	65	18	18	18
6543731647991256489	66	13	13	13
6543731647991256489	67	5	5	13
6543731647991256489	68	14	8	8
6543731647991256489	69	1	13	9
6543731647991256489	70	10	2	10
6543731647991256489	71	13	13	13
6543731647991256489	72	14	4	0
6543731647991256489	73	14	14	5
6543731647991256489	74	10	1	0
6543731647991256489	75	11	13	18
6543731647991256489	76	4	13	3
6543731647991256489	77	3	14	10
6543731647991256489	78	7	13	7
6543731647991256489	79	17	0	0
6543731647991256489	80	8	8	8
6543731647991256489	81	7	7	7
6543731647991256489	82	14	13	6
6543731647991256489	83	14	2	15
6543731647991256489	84	7	7	0
6543731647991256489	85	16	16	0
6543731647991256489	86	3	2	19
6543731647991256489	87	14	4	4
6543731647991256489	88	15	15	3
6543731647991256489	89	5	5	10
6543731647991256489	90	19	13	9
6543731647991256489	91	10	10	8
6543731647991256489	92	16	8	8
6543731647991256489	93	8	8	8
6543731647991256489	94	19	13	9
6543731647991256489	95	0	14	0
6543731647991256489	96	19	9	13
6543731647991256489	97	1	5	9
6543731647991256489	98	6	6	6
6543731647991256489	99	1	1	1
6543731647991256489	100	18	18	11
6543731647991256489	101	18	18	11
6543731647991256489	102	13	13	13
6543731647991256489	103	11	13	5
6543731647991256489	104	14	14	17
6543731647991256489	105	13	13	9
6543731647991256489	106	4	4	4
6543731647991256489	107	11	13	11
6543731647991256489	108	1	13	11
6543731647991256489	109	10	14	19
6543731647991256489	110	6	6	8
6543731647991256489	111	13	13	13
6543731647991256489	112	4	4	4
6543731647991256489	113	0	14	0
6543731647991256489	114	2	2	0
6543731647991256489	115	12	13	7
6543731647991256489	116	11	7	11
6543731647991256489	117	10	14	1
6543731647991256489	118	18	18	18
6543731647991256489	119	4	4	4
6543731647991256489	120	1	1	1
6543731647991256489	121	12	13	7
6543731647991256489	122	12	11	7
6543731647991256489	123	0	0	0
6543731647991256489	124	4	4	4
6543731647991256489	125	17	0	1
6543731647991256489	126	13	13	9
6543731647991256489	127	16	16	8
6543731647991256489	128	17	3	17
6543731647991256489	129	3	10	14
6543731647991256489	130	7	11	15
6543731647991256489	131	3	2	8
6543731647991256489	132	19	19	15
6543731647991256489	133	0	13	0
6543731647991256489	134	9	13	9
6543731647991256489	135	13	9	13
6543731647991256489	136	10	10	10
6543731647991256489	137	1	1	10
6543731647991256489	138	4	4	4
6543731647991256489	139	9	13	9
6543731647991256489	140	1	13	5
6543731647991256489	141	9	13	9
6543731647991256489	142	6	16	16
6543731647991256489	143	16	13	16
6543731647991256489	144	9	9	9
6543731647991256489	145	15	15	13
6543731647991256489	146	15	2	6
6543731647991256489	147	0	14	0
6543731647991256489	148	14	14	4
6543731647991256489	149	19	13	1
6543731647991256489	150	5	13	18
6543731647991256489	151	5	13	13
6543731647991256489	152	8	8	8
6543731647991256489	153	0	0	0
6543731647991256489	154	12	13	12
6543731647991256489	155	15	1	6
6543731647991256489	156	7	13	7
6543731647991256489	157	2	2	7
6543731647991256489	158	3	14	15
6543731647991256489	159	17	10	14
6543731647991256489	160	1	13	9
6543731647991256489	161	16	8	8
6543731647991256489	162	10	10	10
6543731647991256489	163	9	9	9
6543731647991256489	164	4	4	4
6543731647991256489	165	7	13	12
6543731647991256489	166	2	14	3
6543731647991256489	167	16	16	8
6543731647991256489	168	6	6	16
6543731647991256489	169	19	13	13
6543731647991256489	170	18	18	18
6543731647991256489	171	17	9	0
6543731647991256489	172	19	13	9
6543731647991256489	173	12	13	13
6543731647991256489	174	19	19	10
6543731647991256489	175	5	18	18
6543731647991256489	176	1	1	10
6543731647991256489	177	16	16	6
6543731647991256489	178	5	13	5
6543731647991256489	179	14	13	8
6543731647991256489	180	2	14	8
6543731647991256489	181	9	13	9
6543731647991256489	182	5	18	18
6543731647991256489	183	19	13	0
6543731647991256489	184	13	11	11
6543731647991256489	185	7	13	0
6543731647991256489	186	7	7	16
6543731647991256489	187	7	9	7
6543731647991256489	188	17	0	0
6543731647991256489	189	4	4	4
6543731647991256489	190	11	13	18
6543731647991256489	191	17	9	0
6543731647991256489	192	13	13	9
6543731647991256489	193	14	4	8
6543731647991256489	194	17	17	17
6543731647991256489	195	4	4	4
6543731647991256489	196	4	4	4
6543731647991256489	197	16	6	17
6543731647991256489	198	17	10	1
6543731647991256489	199	14	13	8
6543731647991256489	200	0	13	0
6543731647991256489	201	3	14	3
6543731647991256489	202	6	6	7
6543731647991256489	203	0	13	17
6543731647991256489	204	6	6	0
6543731647991256489	205	15	14	14
6543731647991256489	206	4	4	4
6543731647991256489	207	18	18	18
6543731647991256489	208	19	14	10
6543731647991256489	209	0	13	0
6543731647991256489	210	15	15	16
6543731647991256489	211	12	18	18
6543731647991256489	212	16	16	16
6543731647991256489	213	11	13	18
6543731647991256489	214	12	13	7
6543731647991256489	215	14	14	4
6543731647991256489	216	12	13	5
6543731647991256489	217	12	7	7
6543731647991256489	218	2	19	8
6543731647991256489	219	3	14	4
6543731647991256489	220	3	2	19
6543731647991256489	221	17	2	7
6543731647991256489	222	11	13	11
6543731647991256489	223	1	13	13
6543731647991256489	224	0	7	7
6543731647991256489	225	0	13	0
6543731647991256489	226	5	9	13
6543731647991256489	227	3	14	7
6543731647991256489	228	15	15	15
6543731647991256489	229	8	8	8
6543731647991256489	230	9	13	19
6543731647991256489	231	9	13	9
6543731647991256489	232	12	12	12
6543731647991256489	233	16	16	16
6543731647991256489	234	14	2	19
6543731647991256489	235	15	14	15
6543731647991256489	236	3	15	14
6543731647991256489	237	3	14	9
6543731647991256489	238	5	18	13
6543731647991256489	239	12	12	12
6543731647991256489	240	5	13	13
6543731647991256489	241	2	2	2
6543731647991256489	242	6	6	16
6543731647991256489	243	6	6	16
6543731647991256489	244	19	13	15
6543731647991256489	245	0	0	9
6543731647991256489	246	6	6	6
6543731647991256489	247	17	17	17
6543731647991256489	248	1	13	13
6543731647991256489	249	7	13	11
6543731647991256489	250	19	13	9
6543731647991256489	251	1	13	15
6543731647991256489	252	5	13	8
6543731647991256489	253	10	14	10
6543731647991256489	254	11	11	18
6543731647991256489	255	19	13	8
6543731647991256489	256	13	13	9
6543731647991256489	257	11	13	11
6543731647991256489	258	5	18	13
6543731647991256489	259	12	16	7
6543731647991256489	260	16	8	16
6543731647991256489	261	3	15	1
6543731647991256489	262	13	13	13
6543731647991256489	263	11	13	18
6543731647991256489	264	1	1	1
6543731647991256489	265	15	14	15
6543731647991256489	266	15	2	8
6543731647991256489	267	19	0	9
6543731647991256489	268	18	18	18
6543731647991256489	269	2	14	4
6543731647991256489	270	13	13	18
6543731647991256489	271	3	2	4
6543731647991256489	272	2	14	15
6543731647991256489	273	7	13	13
6543731647991256489	274	1	13	9
6543731647991256489	275	9	9	5
6543731647991256489	276	18	18	18
6543731647991256489	277	3	15	5
6543731647991256489	278	10	2	3
6543731647991256489	279	8	8	8
6543731647991256489	280	17	17	9
6543731647991256489	281	0	0	8
6543731647991256489	282	18	18	18
6543731647991256489	283	18	18	18
6543731647991256489	284	3	2	3
6543731647991256489	285	15	14	6
6543731647991256489	286	8	8	8
6543731647991256489	287	0	0	0
6543731647991256489	288	1	13	13
6543731647991256489	289	12	12	12
6543731647991256489	290	9	9	9
6543731647991256489	291	11	13	18
6543731647991256489	292	5	9	13
6543731647991256489	293	5	13	13
6543731647991256489	294	19	4	10
6543731647991256489	295	11	13	18
6543731647991256489	296	18	18	18
6543731647991256489	297	18	18	11
6543731647991256489	298	10	10	15
6543731647991256489	299	19	13	9
6543731647991256489	300	11	13	18
6543731647991256489	301	11	13	18
6543731647991256489	302	13	13	18
6543731647991256489	303	16	6	16
6543731647991256489	304	11	11	5
6543731647991256489	305	16	8	8
6543731647991256489	306	18	18	18
6543731647991256489	307	7	7	0
6543731647991256489	308	7	7	17
6543731647991256489	309	10	14	17
6543731647991256489	310	18	18	18
6543731647991256489	311	13	13	13
6543731647991256489	312	16	16	17
6543731647991256489	313	0	0	0
6543731647991256489	314	9	9	9
6543731647991256489	315	14	14	4
6543731647991256489	316	3	14	14
6543731647991256489	317	13	13	13
6543731647991256489	318	8	8	8
6543731647991256489	319	7	13	17
6543731647991256489	320	19	13	9
6543731647991256489	321	19	13	9
6543731647991256489	322	8	8	11
6543731647991256489	323	2	2	2
6543731647991256489	324	16	16	7
6543731647991256489	325	8	8	8
6543731647991256489	326	19	13	8
6543731647991256489	327	16	16	9
6543731647991256489	328	9	13	9
6543731647991256489	329	5	18	18
6543731647991256489	330	18	18	18
6543731647991256489	331	6	6	16
6543731647991256489	332	11	7	5
6543731647991256489	333	15	8	6
6543731647991256489	334	2	2	2
6543731647991256489	335	15	1	14
6543731647991256489	336	8	8	8
6543731647991256489	337	4	4	4
6543731647991256489	338	0	0	0
6543731647991256489	339	13	13	13
6543731647991256489	340	2	2	2
6543731647991256489	341	11	13	18
6543731647991256489	342	10	14	19
6543731647991256489	343	14	14	4
6543731647991256489	344	16	16	16
6543731647991256489	345	1	1	1
6543731647991256489	346	8	8	8
6543731647991256489	347	7	7	17
6543731647991256489	348	19	19	10
6543731647991256489	349	11	7	13
6543731647991256489	350	3	1	3
6543731647991256489	351	14	14	15
6543731647991256489	352	17	2	17
6543731647991256489	353	17	10	10
6543731647991256489	354	11	13	18
6543731647991256489	355	15	14	11
6543731647991256489	356	7	7	0
6543731647991256489	357	17	9	1
6543731647991256489	358	8	8	8
6543731647991256489	359	17	17	1
6543731647991256489	360	19	14	9
6543731647991256489	361	3	14	3
6543731647991256489	362	4	4	13
6543731647991256489	363	1	9	9
6543731647991256489	364	12	12	12
6543731647991256489	365	16	16	16
6543731647991256489	366	16	8	8
6543731647991256489	367	8	8	8
6543731647991256489	368	4	4	10
6543731647991256489	369	15	2	3
6543731647991256489	370	6	6	0
6543731647991256489	371	5	18	11
6543731647991256489	372	7	13	7
6543731647991256489	373	16	8	8
6543731647991256489	374	6	6	16
6543731647991256489	375	6	6	16
6543731647991256489	376	17	10	17
6543731647991256489	377	19	19	9
6543731647991256489	378	17	13	3
6543731647991256489	379	4	4	0
6543731647991256489	380	9	9	9
6543731647991256489	381	8	8	8
6543731647991256489	382	14	4	15
6543731647991256489	383	6	6	16
6543731647991256489	384	10	14	19
6543731647991256489	385	11	11	5
6543731647991256489	386	1	17	19
6543731647991256489	387	0	0	0
6543731647991256489	388	10	10	8
6543731647991256489	389	6	6	16
6543731647991256489	390	10	10	8
6543731647991256489	391	13	13	9
6543731647991256489	392	2	15	2
6543731647991256489	393	8	8	8
6543731647991256489	394	12	13	13
6543731647991256489	395	12	5	13
6543731647991256489	396	14	2	15
6543731647991256489	397	12	16	12
6543731647991256489	398	5	13	5
6543731647991256489	399	3	17	3
6543731647991256489	400	11	13	18
6543731647991256489	401	19	14	10
6543731647991256489	402	15	2	4
6543731647991256489	403	6	6	16
6543731647991256489	404	19	19	9
6543731647991256489	405	13	13	13
6543731647991256489	406	11	7	11
6543731647991256489	407	19	19	19
6543731647991256489	408	2	14	3
6543731647991256489	409	7	13	13
6543731647991256489	410	5	18	13
6543731647991256489	411	2	2	2
6543731647991256489	412	10	14	1
6543731647991256489	413	1	9	9
6543731647991256489	414	4	4	4
6543731647991256489	415	7	13	7
6543731647991256489	416	17	7	9
6543731647991256489	417	9	9	10
6543731647991256489	418	3	14	10
6543731647991256489	419	14	13	8
6543731647991256489	420	0	13	0
6543731647991256489	421	4	4	0
6543731647991256489	422	17	0	8
6543731647991256489	423	3	19	9
6543731647991256489	424	1	9	19
6543731647991256489	425	9	13	9
6543731647991256489	426	14	0	8
6543731647991256489	427	3	2	3
6543731647991256489	428	13	13	12
6543731647991256489	429	16	6	16
6543731647991256489	430	19	13	1
6543731647991256489	431	7	13	16
6543731647991256489	432	3	14	15
6543731647991256489	433	6	6	6
6543731647991256489	434	13	11	13
6543731647991256489	435	9	13	13
6543731647991256489	436	1	1	1
6543731647991256489	437	4	4	4
6543731647991256489	438	7	7	17
6543731647991256489	439	1	13	9
6543731647991256489	440	18	18	18
6543731647991256489	441	5	5	13
6543731647991256489	442	11	11	18
6543731647991256489	443	15	2	11
6543731647991256489	444	3	2	1
6543731647991256489	445	13	13	9
6543731647991256489	446	9	13	9
6543731647991256489	447	0	13	0
6543731647991256489	448	6	6	0
6543731647991256489	449	18	18	11
6543731647991256489	450	10	14	19
6543731647991256489	451	11	13	11
6543731647991256489	452	6	6	16
6543731647991256489	453	4	4	8
6543731647991256489	454	16	16	3
6543731647991256489	455	9	13	9
6543731647991256489	456	5	18	13
6543731647991256489	457	10	10	0
6543731647991256489	458	7	13	11
6543731647991256489	459	9	11	9
6543731647991256489	460	13	13	5
6543731647991256489	461	2	14	10
6543731647991256489	462	4	4	4
6543731647991256489	463	13	5	13
6543731647991256489	464	16	8	8
6543731647991256489	465	11	13	18
6543731647991256489	466	6	6	16
6543731647991256489	467	0	1	7
6543731647991256489	468	12	13	7
6543731647991256489	469	10	14	19
6543731647991256489	470	12	7	7
6543731647991256489	471	12	7	12
6543731647991256489	472	14	14	0
6543731647991256489	473	3	8	15
6543731647991256489	474	12	13	12
6543731647991256489	475	17	9	9
6543731647991256489	476	14	13	13
6543731647991256489	477	1	0	13
6543731647991256489	478	11	13	18
6543731647991256489	479	11	13	5
6543731647991256489	480	19	9	10
6543731647991256489	481	16	16	8
6543731647991256489	482	0	0	0
6543731647991256489	483	17	17	0
6543731647991256489	484	8	8	13
6543731647991256489	485	2	14	0
6543731647991256489	486	15	2	8
6543731647991256489	487	0	0	1
6543731647991256489	488	5	18	18
6543731647991256489	489	18	11	18
6543731647991256489	490	10	10	10
6543731647991256489	491	10	2	19
6543731647991256489	492	2	2	2
6543731647991256489	493	5	13	13
6543731647991256489	494	18	18	18
6543731647991256489	495	0	13	0
6543731647991256489	496	7	13	5
6543731647991256489	497	1	9	9
6543731647991256489	498	12	16	12
6543731647991256489	499	8	8	8
6543731647991256489	500	18	18	18
6543731647991256489	501	19	13	19
6543731647991256489	502	17	17	0
6543731647991256489	503	1	13	13
6543731647991256489	504	11	13	18
6543731647991256489	505	5	18	5
6543731647991256489	506	8	8	8
6543731647991256489	507	3	10	15
6543731647991256489	508	17	17	7
6543731647991256489	509	18	18	18
6543731647991256489	510	1	13	9
6543731647991256489	511	13	9	13
6543731647991256489	512	17	2	0
6543731647991256489	513	17	10	1
6543731647991256489	514	5	5	18
6543731647991256489	515	18	18	11
6543731647991256489	516	5	5	18
6543731647991256489	517	19	13	1
6543731647991256489	518	15	14	4
6543731647991256489	519	4	4	4
6543731647991256489	520	17	17	1
6543731647991256489	521	17	0	0
6543731647991256489	522	0	14	17
6543731647991256489	523	15	15	7
6543731647991256489	524	10	14	10
6543731647991256489	525	19	19	10
6543731647991256489	526	2	14	15
6543731647991256489	527	5	9	13
6543731647991256489	528	10	13	10
6543731647991256489	529	15	14	0
6543731647991256489	530	19	9	9
6543731647991256489	531	13	13	17
6543731647991256489	532	3	8	10
6543731647991256489	533	12	11	11
6543731647991256489	534	12	13	5
6543731647991256489	535	4	4	4
6543731647991256489	536	7	13	0
6543731647991256489	537	7	13	0
6543731647991256489	538	5	1	13
6543731647991256489	539	3	2	13
6543731647991256489	540	8	8	8
6543731647991256489	541	6	6	16
6543731647991256489	542	9	13	9
6543731647991256489	543	19	13	9
6543731647991256489	544	14	14	3
6543731647991256489	545	15	15	0
6543731647991256489	546	5	2	13
6543731647991256489	547	8	8	8
6543731647991256489	548	13	13	13
6543731647991256489	549	18	18	11
6543731647991256489	550	16	16	8
6543731647991256489	551	11	11	11
6543731647991256489	552	6	6	6
6543731647991256489	553	4	5	4
6543731647991256489	554	8	8	8
6543731647991256489	555	10	14	1
6543731647991256489	556	14	14	0
6543731647991256489	557	17	17	17
6543731647991256489	558	16	16	16
6543731647991256489	559	10	14	10
6543731647991256489	560	12	13	11
6543731647991256489	561	7	9	13
6543731647991256489	562	4	4	4
6543731647991256489	563	6	6	6
6543731647991256489	564	6	6	16
6543731647991256489	565	3	2	1
6543731647991256489	566	4	4	0
6543731647991256489	567	6	8	8
6543731647991256489	568	5	5	13
6543731647991256489	569	17	10	19
6543731647991256489	570	19	13	1
6543731647991256489	571	13	13	13
6543731647991256489	572	19	10	19
6543731647991256489	573	10	10	0
6543731647991256489	574	19	14	10
6543731647991256489	575	19	14	9
6543731647991256489	576	13	13	13
6543731647991256489	577	3	17	3
6543731647991256489	578	14	13	13
6543731647991256489	579	12	12	12
6543731647991256489	580	10	10	9
6543731647991256489	581	3	8	13
6543731647991256489	582	16	8	8
6543731647991256489	583	7	13	11
6543731647991256489	584	12	13	12
6543731647991256489	585	11	11	11
6543731647991256489	586	1	19	9
6543731647991256489	587	19	19	10
6543731647991256489	588	4	4	4
6543731647991256489	589	12	11	12
6543731647991256489	590	11	13	13
6543731647991256489	591	12	12	5
6543731647991256489	592	11	13	11
6543731647991256489	593	9	13	9
6543731647991256489	594	2	2	2
6543731647991256489	595	6	6	6
6543731647991256489	596	17	7	17
6543731647991256489	597	15	2	3
6543731647991256489	598	18	18	11
6543731647991256489	599	16	16	17
6543731647991256489	600	8	8	8
6543731647991256489	601	15	2	13
6543731647991256489	602	3	14	3
6543731647991256489	603	7	7	5
6543731647991256489	604	17	10	14
6543731647991256489	605	17	10	1
6543731647991256489	606	1	13	9
6543731647991256489	607	5	9	18
6543731647991256489	608	2	2	2
6543731647991256489	609	18	18	18
6543731647991256489	610	17	2	3
6543731647991256489	611	8	8	8
6543731647991256489	612	10	10	9
6543731647991256489	613	12	7	12
6543731647991256489	614	19	19	1
6543731647991256489	615	13	13	18
6543731647991256489	616	10	10	19
6543731647991256489	617	15	14	0
6543731647991256489	618	6	6	16
6543731647991256489	619	8	8	8
6543731647991256489	620	4	4	0
6543731647991256489	621	2	2	2
6543731647991256489	622	15	2	15
6543731647991256489	623	9	13	9
6543731647991256489	624	4	4	4
6543731647991256489	625	14	2	15
6543731647991256489	626	9	13	13
6543731647991256489	627	13	9	5
6543731647991256489	628	18	18	18
6543731647991256489	629	9	9	9
6543731647991256489	630	2	14	15
6543731647991256489	631	12	13	11
6543731647991256489	632	15	14	17
6543731647991256489	633	17	1	0
6543731647991256489	634	11	13	13
6543731647991256489	635	7	9	7
6543731647991256489	636	8	8	8
6543731647991256489	637	9	9	9
6543731647991256489	638	9	9	9
6543731647991256489	639	2	2	15
6543731647991256489	640	13	13	9
6543731647991256489	641	10	2	19
6543731647991256489	642	5	5	18
6543731647991256489	643	18	18	18
6543731647991256489	644	8	8	8
6543731647991256489	645	10	10	14
6543731647991256489	646	6	6	16
6543731647991256489	647	6	6	16
6543731647991256489	648	11	13	18
6543731647991256489	649	4	4	4
6543731647991256489	650	3	2	3
6543731647991256489	651	6	6	16
6543731647991256489	652	19	19	9
6543731647991256489	653	0	0	0
6543731647991256489	654	9	13	9
6543731647991256489	655	5	9	18
6543731647991256489	656	8	8	8
6543731647991256489	657	12	13	9
6543731647991256489	658	0	13	0
6543731647991256489	659	8	14	15
6543731647991256489	660	12	13	12
6543731647991256489	661	13	13	9
6543731647991256489	662	12	12	12
6543731647991256489	663	19	9	3
6543731647991256489	664	9	9	9
6543731647991256489	665	17	17	0
6543731647991256489	666	12	13	11
6543731647991256489	667	16	16	16
6543731647991256489	668	4	4	3
6543731647991256489	669	16	8	8
6543731647991256489	670	17	10	10
6543731647991256489	671	8	8	8
6543731647991256489	672	16	16	17
6543731647991256489	673	5	5	18
6543731647991256489	674	0	0	0
6543731647991256489	675	13	13	9
6543731647991256489	676	9	9	9
6543731647991256489	677	2	14	14
6543731647991256489	678	1	13	13
6543731647991256489	679	1	9	9
6543731647991256489	680	10	14	10
6543731647991256489	681	8	8	15
6543731647991256489	682	3	14	8
6543731647991256489	683	19	19	9
6543731647991256489	684	18	18	18
6543731647991256489	685	9	9	19
6543731647991256489	686	13	13	11
6543731647991256489	687	12	9	12
6543731647991256489	688	2	2	2
6543731647991256489	689	3	14	15
6543731647991256489	690	8	8	8
6543731647991256489	691	8	8	8
6543731647991256489	692	18	18	18
6543731647991256489	693	1	9	13
6543731647991256489	694	8	8	8
6543731647991256489	695	8	14	4
6543731647991256489	696	9	9	9
6543731647991256489	697	12	13	12
6543731647991256489	698	4	4	4
6543731647991256489	699	6	6	16
6543731647991256489	700	13	13	13
6543731647991256489	701	19	9	9
6543731647991256489	702	16	16	16
6543731647991256489	703	11	13	11
6543731647991256489	704	8	8	8
6543731647991256489	705	17	1	0
6543731647991256489	706	14	14	0
6543731647991256489	707	1	1	1
6543731647991256489	708	11	9	13
6543731647991256489	709	5	13	13
6543731647991256489	710	4	4	4
6543731647991256489	711	11	13	13
6543731647991256489	712	2	2	2
6543731647991256489	713	14	0	15
6543731647991256489	714	11	13	11
6543731647991256489	715	11	7	5
6543731647991256489	716	11	11	11
6543731647991256489	717	3	10	10
6543731647991256489	718	9	13	9
6543731647991256489	719	18	18	18
6543731647991256489	720	11	7	11
6543731647991256489	721	0	13	0
6543731647991256489	722	6	6	16
6543731647991256489	723	10	2	14
6543731647991256489	724	13	13	9
6543731647991256489	725	10	14	19
6543731647991256489	726	18	18	18
6543731647991256489	727	5	13	13
6543731647991256489	728	3	14	2
6543731647991256489	729	19	19	9
6543731647991256489	730	10	14	19
6543731647991256489	731	1	13	8
6543731647991256489	732	2	14	0
6543731647991256489	733	1	9	13
6543731647991256489	734	7	13	5
6543731647991256489	735	13	13	9
6543731647991256489	736	2	2	2
6543731647991256489	737	6	6	16
6543731647991256489	738	17	10	1
6543731647991256489	739	2	2	2
6543731647991256489	740	3	2	13
6543731647991256489	741	13	13	18
6543731647991256489	742	11	7	18
6543731647991256489	743	9	9	9
6543731647991256489	744	0	14	17
6543731647991256489	745	0	14	0
6543731647991256489	746	17	0	9
6543731647991256489	747	2	2	2
6543731647991256489	748	12	13	13
6543731647991256489	749	0	1	1
6543731647991256489	750	12	9	7
6543731647991256489	751	4	4	5
6543731647991256489	752	15	1	8
6543731647991256489	753	12	13	13
6543731647991256489	754	10	14	19
6543731647991256489	755	1	9	19
6543731647991256489	756	19	19	10
6543731647991256489	757	3	0	0
6543731647991256489	758	0	10	0
6543731647991256489	759	7	13	7
6543731647991256489	760	19	14	19
6543731647991256489	761	0	14	0
6543731647991256489	762	4	4	4
6543731647991256489	763	0	19	0
6543731647991256489	764	16	16	16
6543731647991256489	765	9	9	9
6543731647991256489	766	15	14	13
6543731647991256489	767	18	18	18
6543731647991256489	768	4	4	13
6543731647991256489	769	2	2	3
6543731647991256489	770	15	2	3
6543731647991256489	771	4	4	4
6543731647991256489	772	0	0	17
6543731647991256489	773	5	13	13
6543731647991256489	774	8	8	8
6543731647991256489	775	12	1	7
6543731647991256489	776	6	6	8
6543731647991256489	777	17	3	15
6543731647991256489	778	19	13	9
6543731647991256489	779	12	16	12
6543731647991256489	780	19	14	10
6543731647991256489	781	10	10	1
6543731647991256489	782	17	0	0
6543731647991256489	783	16	8	8
6543731647991256489	784	7	7	7
6543731647991256489	785	17	10	3
6543731647991256489	786	7	13	7
6543731647991256489	787	15	2	3
6543731647991256489	788	11	7	13
6543731647991256489	789	8	8	8
6543731647991256489	790	5	15	13
6543731647991256489	791	8	8	8
6543731647991256489	792	6	6	16
6543731647991256489	793	18	18	18
6543731647991256489	794	13	13	13
6543731647991256489	795	19	13	1
6543731647991256489	796	5	5	12
6543731647991256489	797	3	2	3
6543731647991256489	798	12	16	12
6543731647991256489	799	12	13	13
6543731647991256489	800	1	9	9
6543731647991256489	801	13	9	13
6543731647991256489	802	7	7	17
6543731647991256489	803	9	9	9
6543731647991256489	804	1	1	9
6543731647991256489	805	0	13	0
6543731647991256489	806	5	5	18
6543731647991256489	807	15	2	15
6543731647991256489	808	13	13	13
6543731647991256489	809	0	0	0
6543731647991256489	810	1	9	13
6543731647991256489	811	11	13	11
6543731647991256489	812	7	13	17
6543731647991256489	813	11	11	7
6543731647991256489	814	1	9	19
6543731647991256489	815	14	14	13
6543731647991256489	816	10	10	9
6543731647991256489	817	1	1	1
6543731647991256489	818	19	1	19
6543731647991256489	819	17	9	13
6543731647991256489	820	17	10	9
6543731647991256489	821	14	13	14
6543731647991256489	822	7	11	7
6543731647991256489	823	11	13	18
6543731647991256489	824	5	18	18
6543731647991256489	825	8	8	8
6543731647991256489	826	2	14	8
6543731647991256489	827	2	14	7
6543731647991256489	828	16	16	0
6543731647991256489	829	9	9	9
6543731647991256489	830	16	16	16
6543731647991256489	831	19	13	17
6543731647991256489	832	2	2	2
6543731647991256489	833	9	13	9
6543731647991256489	834	12	12	7
6543731647991256489	835	17	13	1
6543731647991256489	836	13	13	13
6543731647991256489	837	19	13	16
6543731647991256489	838	16	16	6
6543731647991256489	839	1	7	1
6543731647991256489	840	10	1	0
6543731647991256489	841	17	9	9
6543731647991256489	842	11	13	13
6543731647991256489	843	18	18	18
6543731647991256489	844	11	11	18
6543731647991256489	845	13	13	5
6543731647991256489	846	13	13	9
6543731647991256489	847	3	14	3
6543731647991256489	848	17	2	16
6543731647991256489	849	10	0	10
6543731647991256489	850	18	18	18
6543731647991256489	851	16	16	0
6543731647991256489	852	0	0	0
6543731647991256489	853	16	16	16
6543731647991256489	854	15	2	2
6543731647991256489	855	4	4	3
6543731647991256489	856	5	13	13
6543731647991256489	857	18	18	18
6543731647991256489	858	15	2	15
6543731647991256489	859	3	2	8
6543731647991256489	860	4	4	3
6543731647991256489	861	19	19	1
6543731647991256489	862	2	14	15
6543731647991256489	863	16	8	8
6543731647991256489	864	12	1	0
6543731647991256489	865	5	5	13
6543731647991256489	866	14	14	5
6543731647991256489	867	12	7	12
6543731647991256489	868	11	18	18
6543731647991256489	869	2	14	3
6543731647991256489	870	17	10	17
6543731647991256489	871	2	14	4
6543731647991256489	872	1	19	19
6543731647991256489	873	12	13	12
6543731647991256489	874	14	15	1
6543731647991256489	875	18	18	18
6543731647991256489	876	6	6	16
6543731647991256489	877	9	9	13
6543731647991256489	878	13	13	13
6543731647991256489	879	3	19	15
6543731647991256489	880	0	14	0
6543731647991256489	881	17	13	1
6543731647991256489	882	16	8	16
6543731647991256489	883	2	2	2
6543731647991256489	884	2	2	2
6543731647991256489	885	17	10	17
6543731647991256489	886	2	2	2
6543731647991256489	887	6	6	16
6543731647991256489	888	19	13	13
6543731647991256489	889	18	18	18
6543731647991256489	890	19	13	13
6543731647991256489	891	7	13	0
6543731647991256489	892	17	17	0
6543731647991256489	893	7	13	11
6543731647991256489	894	19	13	19
6543731647991256489	895	18	18	18
6543731647991256489	896	4	4	3
6543731647991256489	897	2	14	0
6543731647991256489	898	1	7	9
6543731647991256489	899	4	4	19
6543731647991256489	900	13	13	5
6543731647991256489	901	12	13	9
6543731647991256489	902	16	16	8
6543731647991256489	903	19	13	10
6543731647991256489	904	11	13	18
6543731647991256489	905	10	10	1
6543731647991256489	906	19	9	9
6543731647991256489	907	12	13	13
6543731647991256489	908	11	11	5
6543731647991256489	909	6	6	6
6543731647991256489	910	2	2	2
6543731647991256489	911	2	14	8
6543731647991256489	912	15	2	8
6543731647991256489	913	8	8	8
6543731647991256489	914	5	18	18
6543731647991256489	915	18	18	18
6543731647991256489	916	14	4	14
6543731647991256489	917	18	18	18
6543731647991256489	918	2	2	15
6543731647991256489	919	15	14	4
6543731647991256489	920	3	2	3
6543731647991256489	921	11	11	18
6543731647991256489	922	10	10	8
6543731647991256489	923	1	13	13
6543731647991256489	924	16	16	16
6543731647991256489	925	15	2	6
6543731647991256489	926	2	2	2
6543731647991256489	927	14	14	13
6543731647991256489	928	9	13	9
6543731647991256489	929	10	2	19
6543731647991256489	930	0	0	0
6543731647991256489	931	8	8	8
6543731647991256489	932	2	2	0
6543731647991256489	933	18	11	18
6543731647991256489	934	18	18	18
6543731647991256489	935	15	14	15
6543731647991256489	936	1	13	9
6543731647991256489	937	11	11	5
6543731647991256489	938	7	13	7
6543731647991256489	939	5	18	18
6543731647991256489	940	19	14	19
6543731647991256489	941	5	18	18
6543731647991256489	942	12	9	12
6543731647991256489	943	10	10	1
6543731647991256489	944	8	8	8
6543731647991256489	945	7	13	16
6543731647991256489	946	19	13	0
6543731647991256489	947	18	18	11
6543731647991256489	948	14	14	15
6543731647991256489	949	10	2	1
6543731647991256489	950	16	8	8
6543731647991256489	951	10	10	8
6543731647991256489	952	18	18	11
6543731647991256489	953	14	13	13
6543731647991256489	954	14	13	13
6543731647991256489	955	17	1	0
6543731647991256489	956	17	10	17
6543731647991256489	957	6	6	6
6543731647991256489	958	10	10	17
6543731647991256489	959	9	13	9
6543731647991256489	960	17	0	1
6543731647991256489	961	7	13	16
6543731647991256489	962	15	2	10
6543731647991256489	963	14	2	13
6543731647991256489	964	11	11	11
6543731647991256489	965	7	13	11
6543731647991256489	966	13	13	9
6543731647991256489	967	8	8	8
6543731647991256489	968	10	4	0
6543731647991256489	969	15	4	0
6543731647991256489	970	3	2	4
6543731647991256489	971	6	6	6
6543731647991256489	972	18	18	18
6543731647991256489	973	19	13	17
6543731647991256489	974	5	13	14
6543731647991256489	975	2	14	15
6543731647991256489	976	12	16	12
6543731647991256489	977	2	2	2
6543731647991256489	978	14	13	8
6543731647991256489	979	3	14	10
6543731647991256489	980	3	8	9
6543731647991256489	981	10	10	0
6543731647991256489	982	2	14	15
6543731647991256489	983	14	0	15
6543731647991256489	984	14	0	8
6543731647991256489	985	15	1	0
6543731647991256489	986	5	18	18
6543731647991256489	987	10	0	0
6543731647991256489	988	4	4	5
6543731647991256489	989	14	0	3
6543731647991256489	990	17	3	0
6543731647991256489	991	13	13	18
6543731647991256489	992	1	9	19
6543731647991256489	993	18	18	13
6543731647991256489	994	19	13	1
6543731647991256489	995	12	7	12
6543731647991256489	996	13	5	18
6543731647991256489	997	16	6	16
6543731647991256489	998	14	0	3
6543731647991256489	999	17	2	16
6543731647991256489	1000	18	18	11
6543731647991256489	1001	13	9	9
6543731647991256489	1002	13	13	13
6543731647991256489	1003	12	12	12
6543731647991256489	1004	10	14	9
6543731647991256489	1005	7	13	0
6543731647991256489	1006	6	6	16
6543731647991256489	1007	17	17	17
6543731647991256489	1008	8	8	8
6543731647991256489	1009	7	7	7
6543731647991256489	1010	0	13	9
6543731647991256489	1011	16	16	16
6543731647991256489	1012	4	4	1
6543731647991256489	1013	9	13	18
6543731647991256489	1014	19	13	10
6543731647991256489	1015	6	6	6
6543731647991256489	1016	15	2	8
6543731647991256489	1017	4	4	4
6543731647991256489	1018	19	14	10
6543731647991256489	1019	5	18	18
6543731647991256489	1020	14	14	13
6543731647991256489	1021	1	13	13
6543731647991256489	1022	3	10	15
6543731647991256489	1023	3	1	3
6543731647991256489	1024	10	10	1
6543731647991256489	1025	9	9	5
6543731647991256489	1026	15	14	0
6543731647991256489	1027	1	9	9
6543731647991256489	1028	9	13	5
6543731647991256489	1029	2	14	16
6543731647991256489	1030	3	2	15
6543731647991256489	1031	6	6	6
6543731647991256489	1032	18	18	11
6543731647991256489	1033	18	18	18
6543731647991256489	1034	7	13	5
6543731647991256489	1035	15	15	4
6543731647991256489	1036	9	9	9
6543731647991256489	1037	5	9	18
6543731647991256489	1038	1	13	11
6543731647991256489	1039	12	11	13
6543731647991256489	1040	9	13	9
6543731647991256489	1041	9	9	9
6543731647991256489	1042	13	13	9
6543731647991256489	1043	16	8	8
6543731647991256489	1044	11	16	13
6543731647991256489	1045	6	6	16
6543731647991256489	1046	1	19	1
6543731647991256489	1047	5	18	11
6543731647991256489	1048	5	13	9
6543731647991256489	1049	12	13	16
6543731647991256489	1050	2	2	2
6543731647991256489	1051	6	6	16
6543731647991256489	1052	11	13	18
6543731647991256489	1053	12	13	16
6543731647991256489	1054	16	8	8
6543731647991256489	1055	10	14	10
6543731647991256489	1056	11	11	5
6543731647991256489	1057	0	0	9
6543731647991256489	1058	7	7	0
6543731647991256489	1059	10	10	13
6543731647991256489	1060	2	14	2
6543731647991256489	1061	6	6	6
6543731647991256489	1062	13	13	9
6543731647991256489	1063	14	14	7
6543731647991256489	1064	16	16	6
6543731647991256489	1065	19	13	13
6543731647991256489	1066	2	14	2
6543731647991256489	1067	18	18	18
6543731647991256489	1068	17	0	17
6543731647991256489	1069	7	13	13
6543731647991256489	1070	4	4	4
6543731647991256489	1071	16	8	16
6543731647991256489	1072	13	13	13
6543731647991256489	1073	8	8	8
6543731647991256489	1074	14	4	16
6543731647991256489	1075	10	10	8
6543731647991256489	1076	4	4	4
6543731647991256489	1077	5	18	18
6543731647991256489	1078	12	5	12
6543731647991256489	1079	0	0	17
6543731647991256489	1080	1	9	19
6543731647991256489	1081	2	2	2
6543731647991256489	1082	11	13	18
6543731647991256489	1083	14	14	16
6543731647991256489	1084	16	8	8
6543731647991256489	1085	3	10	3
6543731647991256489	1086	1	1	3
6543731647991256489	1087	9	13	9
6543731647991256489	1088	10	14	1
6543731647991256489	1089	14	13	0
6543731647991256489	1090	12	13	11
6543731647991256489	1091	5	5	13
6543731647991256489	1092	4	9	13
6543731647991256489	1093	2	2	2
6543731647991256489	1094	6	6	16
6543731647991256489	1095	6	6	16
6543731647991256489	1096	14	0	16
6543731647991256489	1097	10	0	1
6543731647991256489	1098	4	4	4
6543731647991256489	1099	13	13	13
6543731647991256489	1100	18	18	18
6543731647991256489	1101	0	0	0
6543731647991256489	1102	16	6	16
6543731647991256489	1103	2	2	2
6543731647991256489	1104	19	19	19
6543731647991256489	1105	0	13	0
6543731647991256489	1106	8	8	8
6543731647991256489	1107	12	13	11
6543731647991256489	1108	10	10	15
6543731647991256489	1109	19	13	9
6543731647991256489	1110	7	13	7
6543731647991256489	1111	11	16	11
6543731647991256489	1112	13	13	13
6543731647991256489	1113	9	13	9
6543731647991256489	1114	1	1	15
6543731647991256489	1115	14	14	3
6543731647991256489	1116	0	0	7
6543731647991256489	1117	0	0	0
6543731647991256489	1118	1	13	13
6543731647991256489	1119	19	19	19
6543731647991256489	1120	12	13	13
6543731647991256489	1121	10	2	19
6543731647991256489	1122	6	6	6
6543731647991256489	1123	6	6	16
6543731647991256489	1124	17	2	9
6543731647991256489	1125	9	13	9
6543731647991256489	1126	18	18	11
6543731647991256489	1127	4	4	4
6543731647991256489	1128	10	10	8
6543731647991256489	1129	5	18	18
6543731647991256489	1130	18	18	18
6543731647991256489	1131	16	6	0
6543731647991256489	1132	15	2	4
6543731647991256489	1133	1	13	19
6543731647991256489	1134	11	11	18
6543731647991256489	1135	16	16	16
6543731647991256489	1136	8	8	8
6543731647991256489	1137	11	9	11
6543731647991256489	1138	11	13	18
6543731647991256489	1139	5	9	18
6543731647991256489	1140	1	9	5
6543731647991256489	1141	1	13	15
6543731647991256489	1142	4	4	4
6543731647991256489	1143	8	8	8
6543731647991256489	1144	11	13	11
6543731647991256489	1145	18	18	11
6543731647991256489	1146	14	0	12
6543731647991256489	1147	0	4	0
6543731647991256489	1148	18	18	18
6543731647991256489	1149	5	18	5
6543731647991256489	1150	15	14	15
6543731647991256489	1151	17	0	8
6543731647991256489	1152	14	14	0
6543731647991256489	1153	16	16	16
6543731647991256489	1154	13	9	13
6543731647991256489	1155	8	2	11
6543731647991256489	1156	13	13	13
6543731647991256489	1157	17	17	10
6543731647991256489	1158	11	13	18
6543731647991256489	1159	0	13	0
6543731647991256489	1160	18	18	18
6543731647991256489	1161	7	11	7
6543731647991256489	1162	18	18	18
6543731647991256489	1163	19	13	9
6543731647991256489	1164	6	6	16
6543731647991256489	1165	18	18	18
6543731647991256489	1166	10	0	10
6543731647991256489	1167	16	16	8
6543731647991256489	1168	12	5	12
6543731647991256489	1169	0	7	0
6543731647991256489	1170	13	13	9
6543731647991256489	1171	3	3	15
6543731647991256489	1172	19	13	1
6543731647991256489	1173	0	0	0
6543731647991256489	1174	16	16	16
6543731647991256489	1175	8	8	15
6543731647991256489	1176	4	4	4
6543731647991256489	1177	17	0	1
6543731647991256489	1178	8	8	8
6543731647991256489	1179	6	6	6
6543731647991256489	1180	7	13	13
6543731647991256489	1181	8	8	8
6543731647991256489	1182	10	14	19
6543731647991256489	1183	5	5	13
6543731647991256489	1184	10	10	0
6543731647991256489	1185	18	18	18
6543731647991256489	1186	18	18	18
6543731647991256489	1187	9	13	13
6543731647991256489	1188	15	2	3
6543731647991256489	1189	18	18	18
6543731647991256489	1190	19	1	9
6543731647991256489	1191	5	5	13
6543731647991256489	1192	13	13	9
6543731647991256489	1193	18	18	18
6543731647991256489	1194	13	13	18
6543731647991256489	1195	0	13	0
6543731647991256489	1196	17	9	0
6543731647991256489	1197	5	5	12
6543731647991256489	1198	4	4	4
6543731647991256489	1199	16	16	16
6543731647991256489	1200	17	10	19
6543731647991256489	1201	6	6	16
6543731647991256489	1202	9	13	9
6543731647991256489	1203	18	18	18
6543731647991256489	1204	14	13	2
6543731647991256489	1205	16	6	8
6543731647991256489	1206	12	13	11
6543731647991256489	1207	18	18	18
6543731647991256489	1208	14	14	0
6543731647991256489	1209	3	14	3
6543731647991256489	1210	8	8	8
6543731647991256489	1211	2	2	2
6543731647991256489	1212	14	4	17
6543731647991256489	1213	10	1	16
6543731647991256489	1214	13	13	9
6543731647991256489	1215	7	13	12
6543731647991256489	1216	15	2	3
6543731647991256489	1217	3	2	5
6543731647991256489	1218	13	13	9
6543731647991256489	1219	10	14	0
6543731647991256489	1220	3	2	10
6543731647991256489	1221	15	2	15
6543731647991256489	1222	5	13	9
6543731647991256489	1223	16	16	16
6543731647991256489	1224	1	13	1
6543731647991256489	1225	1	9	9
6543731647991256489	1226	6	6	16
6543731647991256489	1227	11	4	11
6543731647991256489	1228	0	0	0
6543731647991256489	1229	5	18	18
6543731647991256489	1230	5	5	18
6543731647991256489	1231	6	6	16
6543731647991256489	1232	15	2	4
6543731647991256489	1233	13	13	9
6543731647991256489	1234	7	13	16
6543731647991256489	1235	18	18	18
6543731647991256489	1236	1	13	5
6543731647991256489	1237	2	2	2
6543731647991256489	1238	3	14	3
6543731647991256489	1239	7	13	16
6543731647991256489	1240	18	18	18
6543731647991256489	1241	10	14	10
6543731647991256489	1242	18	18	18
6543731647991256489	1243	3	14	15
6543731647991256489	1244	19	4	10
6543731647991256489	1245	11	7	18
6543731647991256489	1246	12	12	7
6543731647991256489	1247	4	4	4
6543731647991256489	1248	14	14	4
6543731647991256489	1249	7	9	7
6543731647991256489	1250	0	0	8
6543731647991256489	1251	7	13	0
6543731647991256489	1252	5	5	5
6543731647991256489	1253	3	14	13
6543731647991256489	1254	5	18	18
6543731647991256489	1255	2	2	2
6543731647991256489	1256	7	13	7
6543731647991256489	1257	3	14	15
6543731647991256489	1258	7	13	13
6543731647991256489	1259	13	9	13
6543731647991256489	1260	11	13	18
6543731647991256489	1261	11	13	18
6543731647991256489	1262	8	8	8
6543731647991256489	1263	7	13	7
6543731647991256489	1264	16	8	8
6543731647991256489	1265	10	10	1
6543731647991256489	1266	15	15	3
6543731647991256489	1267	15	2	0
6543731647991256489	1268	1	1	1
6543731647991256489	1269	14	13	13
6543731647991256489	1270	3	17	1
6543731647991256489	1271	13	13	9
6543731647991256489	1272	1	0	10
6543731647991256489	1273	4	4	4
6543731647991256489	1274	12	13	11
6543731647991256489	1275	7	7	14
6543731647991256489	1276	1	1	1
6543731647991256489	1277	13	13	13
6543731647991256489	1278	17	10	9
6543731647991256489	1279	6	6	16
6543731647991256489	1280	10	14	1
6543731647991256489	1281	6	6	16
6543731647991256489	1282	1	13	13
6543731647991256489	1283	19	13	19
6543731647991256489	1284	13	13	13
6543731647991256489	1285	11	7	11
6543731647991256489	1286	4	4	4
6543731647991256489	1287	19	13	13
6543731647991256489	1288	16	8	16
6543731647991256489	1289	16	8	16
6543731647991256489	1290	11	11	18
6543731647991256489	1291	10	14	1
6543731647991256489	1292	0	13	0
6543731647991256489	1293	16	16	16
6543731647991256489	1294	1	7	9
6543731647991256489	1295	8	8	8
6543731647991256489	1296	16	8	8
6543731647991256489	1297	12	12	12
6543731647991256489	1298	10	14	10
6543731647991256489	1299	0	13	0
6543731647991256489	1300	5	18	5
6543731647991256489	1301	8	8	8
6543731647991256489	1302	6	6	6
6543731647991256489	1303	9	9	9
6543731647991256489	1304	6	6	16
6543731647991256489	1305	13	9	13
6543731647991256489	1306	9	13	9
6543731647991256489	1307	10	14	10
6543731647991256489	1308	15	2	3
6543731647991256489	1309	10	10	10
6543731647991256489	1310	14	4	14
6543731647991256489	1311	6	6	6
6543731647991256489	1312	19	13	8
6543731647991256489	1313	15	14	15
6543731647991256489	1314	12	13	9
6543731647991256489	1315	8	8	8
6543731647991256489	1316	13	13	9
6543731647991256489	1317	17	7	0
6543731647991256489	1318	12	13	5
6543731647991256489	1319	9	13	18
6543731647991256489	1320	7	13	5
6543731647991256489	1321	6	6	16
6543731647991256489	1322	8	8	8
6543731647991256489	1323	14	13	8
6543731647991256489	1324	2	2	2
6543731647991256489	1325	18	18	18
6543731647991256489	1326	1	9	9
6543731647991256489	1327	7	13	5
6543731647991256489	1328	7	13	5
6543731647991256489	1329	15	15	15
6543731647991256489	1330	3	14	15
6543731647991256489	1331	6	6	16
6543731647991256489	1332	12	16	12
6543731647991256489	1333	2	10	4
6543731647991256489	1334	19	13	8
6543731647991256489	1335	3	15	0
6543731647991256489	1336	5	5	4
6543731647991256489	1337	14	0	3
6543731647991256489	1338	6	6	16
6543731647991256489	1339	19	13	13
6543731647991256489	1340	12	7	12
6543731647991256489	1341	10	14	10
6543731647991256489	1342	17	0	1
6543731647991256489	1343	10	14	0
6543731647991256489	1344	13	13	13
6543731647991256489	1345	14	14	13
6543731647991256489	1346	4	4	4
6543731647991256489	1347	11	11	18
6543731647991256489	1348	18	18	18
6543731647991256489	1349	11	13	18
6543731647991256489	1350	14	14	0
6543731647991256489	1351	2	14	8
6543731647991256489	1352	17	17	9
6543731647991256489	1353	18	18	18
6543731647991256489	1354	0	0	0
6543731647991256489	1355	3	17	0
6543731647991256489	1356	8	8	8
6543731647991256489	1357	17	9	0
6543731647991256489	1358	2	2	2
6543731647991256489	1359	18	18	8
6543731647991256489	1360	1	13	18
6543731647991256489	1361	7	13	12
6543731647991256489	1362	4	4	14
6543731647991256489	1363	10	0	9
6543731647991256489	1364	8	8	8
6543731647991256489	1365	9	9	9
6543731647991256489	1366	3	2	0
6543731647991256489	1367	3	10	3
6543731647991256489	1368	1	13	13
6543731647991256489	1369	6	6	16
6543731647991256489	1370	15	14	8
6543731647991256489	1371	14	0	5
6543731647991256489	1372	12	13	12
6543731647991256489	1373	10	14	3
6543731647991256489	1374	16	8	16
6543731647991256489	1375	11	13	18
6543731647991256489	1376	3	8	2
6543731647991256489	1377	8	8	8
6543731647991256489	1378	0	13	0
6543731647991256489	1379	15	14	15
6543731647991256489	1380	7	13	7
6543731647991256489	1381	8	8	8
6543731647991256489	1382	15	2	3
6543731647991256489	1383	9	13	9
6543731647991256489	1384	0	14	17
6543731647991256489	1385	17	17	0
6543731647991256489	1386	18	18	18
6543731647991256489	1387	3	2	3
6543731647991256489	1388	1	9	9
6543731647991256489	1389	0	14	1
6543731647991256489	1390	4	4	4
6543731647991256489	1391	1	13	1
6543731647991256489	1392	15	14	8
6543731647991256489	1393	16	16	0
6543731647991256489	1394	9	13	13
6543731647991256489	1395	9	13	9
6543731647991256489	1396	14	14	13
6543731647991256489	1397	3	17	15
6543731647991256489	1398	5	18	13
6543731647991256489	1399	6	6	6
6543731647991256489	1400	3	19	10
6543731647991256489	1401	16	16	13
6543731647991256489	1402	6	6	16
6543731647991256489	1403	18	18	18
6543731647991256489	1404	16	16	16
6543731647991256489	1405	12	13	12
6543731647991256489	1406	6	6	16
6543731647991256489	1407	3	2	0
6543731647991256489	1408	7	13	12
6543731647991256489	1409	13	13	13
6543731647991256489	1410	19	13	1
6543731647991256489	1411	10	0	16
6543731647991256489	1412	11	13	18
6543731647991256489	1413	19	14	9
6543731647991256489	1414	9	9	9
6543731647991256489	1415	15	14	0
6543731647991256489	1416	0	0	0
6543731647991256489	1417	14	15	0
6543731647991256489	1418	12	7	12
6543731647991256489	1419	8	8	8
6543731647991256489	1420	19	13	1
6543731647991256489	1421	12	12	0
6543731647991256489	1422	9	13	9
6543731647991256489	1423	17	0	0
6543731647991256489	1424	1	13	1
6543731647991256489	1425	17	17	16
6543731647991256489	1426	8	8	8
6543731647991256489	1427	13	13	13
6543731647991256489	1428	0	13	0
6543731647991256489	1429	2	14	0
6543731647991256489	1430	16	13	8
6543731647991256489	1431	11	13	18
6543731647991256489	1432	18	18	18
6543731647991256489	1433	14	4	19
6543731647991256489	1434	2	2	2
6543731647991256489	1435	9	9	5
6543731647991256489	1436	15	15	15
6543731647991256489	1437	15	1	15
6543731647991256489	1438	0	13	0
6543731647991256489	1439	14	0	6
6543731647991256489	1440	5	13	13
6543731647991256489	1441	0	0	0
6543731647991256489	1442	17	2	17
6543731647991256489	1443	1	13	13
6543731647991256489	1444	15	2	6
6543731647991256489	1445	4	4	4
6543731647991256489	1446	5	9	13
6543731647991256489	1447	3	2	19
6543731647991256489	1448	3	15	15
6543731647991256489	1449	9	9	9
6543731647991256489	1450	3	0	15
6543731647991256489	1451	12	13	13
6543731647991256489	1452	14	4	4
6543731647991256489	1453	0	2	16
6543731647991256489	1454	3	15	4
6543731647991256489	1455	0	0	10
6543731647991256489	1456	7	13	0
6543731647991256489	1457	19	19	10
6543731647991256489	1458	1	1	15
6543731647991256489	1459	11	11	5
6543731647991256489	1460	17	0	17
6543731647991256489	1461	4	4	4
6543731647991256489	1462	15	2	0
6543731647991256489	1463	15	2	8
6543731647991256489	1464	12	5	12
6543731647991256489	1465	10	0	10
6543731647991256489	1466	18	18	18
6543731647991256489	1467	16	11	8
6543731647991256489	1468	10	10	10
6543731647991256489	1469	16	9	16
6543731647991256489	1470	6	6	16
6543731647991256489	1471	5	13	18
6543731647991256489	1472	17	10	17
6543731647991256489	1473	14	14	3
6543731647991256489	1474	4	4	4
6543731647991256489	1475	13	13	13
6543731647991256489	1476	10	4	10
6543731647991256489	1477	7	0	0
6543731647991256489	1478	6	6	6
6543731647991256489	1479	4	4	4
6543731647991256489	1480	11	13	11
6543731647991256489	1481	10	2	1
6543731647991256489	1482	15	15	8
6543731647991256489	1483	16	11	11
6543731647991256489	1484	12	12	7
6543731647991256489	1485	3	14	15
6543731647991256489	1486	4	4	4
6543731647991256489	1487	0	0	0
6543731647991256489	1488	15	15	15
6543731647991256489	1489	4	4	4
6543731647991256489	1490	9	13	10
6543731647991256489	1491	3	14	15
6543731647991256489	1492	7	13	7
6543731647991256489	1493	1	19	19
6543731647991256489	1494	15	2	5
6543731647991256489	1495	2	14	14
6543731647991256489	1496	11	11	11
6543731647991256489	1497	13	9	13
6543731647991256489	1498	4	4	4
6543731647991256489	1499	5	13	18
6543731647991256489	1500	2	14	7
6543731647991256489	1501	18	18	18
6543731647991256489	1502	8	8	8
6543731647991256489	1503	0	0	0
6543731647991256489	1504	15	1	0
6543731647991256489	1505	11	7	5
6543731647991256489	1506	15	15	8
6543731647991256489	1507	14	2	15
6543731647991256489	1508	7	13	13
6543731647991256489	1509	18	18	18
6543731647991256489	1510	11	13	18
6543731647991256489	1511	16	16	15
6543731647991256489	1512	1	9	19
6543731647991256489	1513	19	13	1
6543731647991256489	1514	10	10	19
6543731647991256489	1515	10	13	10
6543731647991256489	1516	14	14	16
6543731647991256489	1517	16	16	17
6543731647991256489	1518	8	8	8
6543731647991256489	1519	1	1	9
6543731647991256489	1520	9	9	9
6543731647991256489	1521	11	13	18
6543731647991256489	1522	10	10	1
6543731647991256489	1523	18	18	18
6543731647991256489	1524	3	2	8
6543731647991256489	1525	11	11	18
6543731647991256489	1526	10	10	0
6543731647991256489	1527	8	8	8
6543731647991256489	1528	10	10	8
6543731647991256489	1529	18	18	18
6543731647991256489	1530	6	6	0
6543731647991256489	1531	6	6	12
6543731647991256489	1532	1	13	13
6543731647991256489	1533	4	1	4
6543731647991256489	1534	5	13	13
6543731647991256489	1535	12	12	12
6543731647991256489	1536	4	4	4
6543731647991256489	1537	19	19	10
6543731647991256489	1538	10	14	1
6543731647991256489	1539	14	13	7
6543731647991256489	1540	6	16	16
6543731647991256489	1541	3	14	3
6543731647991256489	1542	19	13	8
6543731647991256489	1543	12	13	13
6543731647991256489	1544	19	4	9
6543731647991256489	1545	1	1	1
6543731647991256489	1546	6	6	16
6543731647991256489	1547	16	8	8
6543731647991256489	1548	3	14	10
6543731647991256489	1549	15	2	8
6543731647991256489	1550	16	6	6
6543731647991256489	1551	2	2	11
6543731647991256489	1552	11	7	5
6543731647991256489	1553	1	13	13
6543731647991256489	1554	14	14	14
6543731647991256489	1555	8	8	11
6543731647991256489	1556	7	1	12
6543731647991256489	1557	12	13	11
6543731647991256489	1558	16	16	0
6543731647991256489	1559	18	18	18
6543731647991256489	1560	4	4	4
6543731647991256489	1561	19	9	9
6543731647991256489	1562	15	15	3
6543731647991256489	1563	7	7	12
6543731647991256489	1564	12	12	12
6543731647991256489	1565	10	10	0
6543731647991256489	1566	18	18	18
6543731647991256489	1567	2	14	4
6543731647991256489	1568	19	4	1
6543731647991256489	1569	18	18	18
6543731647991256489	1570	13	5	13
6543731647991256489	1571	15	14	10
6543731647991256489	1572	2	14	2
6543731647991256489	1573	0	13	9
6543731647991256489	1574	1	7	1
6543731647991256489	1575	13	13	5
6543731647991256489	1576	12	13	12
6543731647991256489	1577	17	10	10
6543731647991256489	1578	6	6	16
6543731647991256489	1579	9	13	9
6543731647991256489	1580	11	5	5
6543731647991256489	1581	13	13	9
6543731647991256489	1582	6	6	16
6543731647991256489	1583	19	1	10
6543731647991256489	1584	14	14	5
6543731647991256489	1585	15	4	13
6543731647991256489	1586	15	15	0
6543731647991256489	1587	4	4	4
6543731647991256489	1588	8	8	8
6543731647991256489	1589	5	18	18
6543731647991256489	1590	9	13	9
6543731647991256489	1591	18	18	18
6543731647991256489	1592	6	6	16
6543731647991256489	1593	13	13	5
6543731647991256489	1594	17	10	17
6543731647991256489	1595	11	13	11
6543731647991256489	1596	13	13	13
6543731647991256489	1597	7	7	7
6543731647991256489	1598	9	13	9
6543731647991256489	1599	9	13	9
6543731647991256489	1600	16	8	8
6543731647991256489	1601	17	10	0
6543731647991256489	1602	3	14	13
6543731647991256489	1603	4	4	4
6543731647991256489	1604	14	0	14
6543731647991256489	1605	10	2	1
6543731647991256489	1606	4	4	4
6543731647991256489	1607	10	0	14
6543731647991256489	1608	18	18	18
6543731647991256489	1609	10	14	14
6543731647991256489	1610	17	10	0
6543731647991256489	1611	18	18	18
6543731647991256489	1612	8	8	8
6543731647991256489	1613	18	18	18
6543731647991256489	1614	4	4	4
6543731647991256489	1615	19	10	9
6543731647991256489	1616	5	13	18
6543731647991256489	1617	7	13	11
6543731647991256489	1618	14	13	8
6543731647991256489	1619	10	0	10
6543731647991256489	1620	6	6	6
6543731647991256489	1621	9	13	9
6543731647991256489	1622	16	16	16
6543731647991256489	1623	3	2	3
6543731647991256489	1624	11	9	11
6543731647991256489	1625	19	14	19
6543731647991256489	1626	17	13	0
6543731647991256489	1627	11	13	18
6543731647991256489	1628	5	18	18
6543731647991256489	1629	10	2	3
6543731647991256489	1630	1	1	1
6543731647991256489	1631	5	13	5
6543731647991256489	1632	17	17	0
6543731647991256489	1633	12	12	12
6543731647991256489	1634	8	8	8
6543731647991256489	1635	2	2	2
6543731647991256489	1636	4	4	4
6543731647991256489	1637	17	0	0
6543731647991256489	1638	9	13	9
6543731647991256489	1639	9	13	13
6543731647991256489	1640	4	4	4
6543731647991256489	1641	16	8	16
6543731647991256489	1642	8	8	8
6543731647991256489	1643	9	13	9
6543731647991256489	1644	4	4	13
6543731647991256489	1645	1	1	1
6543731647991256489	1646	5	18	5
6543731647991256489	1647	7	13	12
6543731647991256489	1648	19	13	1
6543731647991256489	1649	9	11	9
6543731647991256489	1650	1	9	19
6543731647991256489	1651	11	11	11
6543731647991256489	1652	4	4	4
6543731647991256489	1653	4	4	4
6543731647991256489	1654	3	10	14
6543731647991256489	1655	16	11	16
6543731647991256489	1656	12	13	16
6543731647991256489	1657	15	2	14
6543731647991256489	1658	4	4	4
6543731647991256489	1659	0	13	0
6543731647991256489	1660	15	2	4
6543731647991256489	1661	5	18	18
6543731647991256489	1662	5	13	11
6543731647991256489	1663	10	10	14
6543731647991256489	1664	5	18	13
6543731647991256489	1665	11	13	18
6543731647991256489	1666	12	7	7
6543731647991256489	1667	6	6	0
6543731647991256489	1668	4	0	8
6543731647991256489	1669	14	14	7
6543731647991256489	1670	7	13	7
6543731647991256489	1671	12	5	12
6543731647991256489	1672	3	2	13
6543731647991256489	1673	8	8	8
6543731647991256489	1674	8	8	13
6543731647991256489	1675	8	8	8
6543731647991256489	1676	5	9	9
6543731647991256489	1677	3	2	3
6543731647991256489	1678	17	9	0
6543731647991256489	1679	1	0	15
6543731647991256489	1680	4	4	13
6543731647991256489	1681	6	6	16
6543731647991256489	1682	18	18	18
6543731647991256489	1683	14	13	0
6543731647991256489	1684	14	14	15
6543731647991256489	1685	17	7	0
6543731647991256489	1686	12	11	18
6543731647991256489	1687	8	8	8
6543731647991256489	1688	5	18	18
6543731647991256489	1689	13	13	13
6543731647991256489	1690	10	10	10
6543731647991256489	1691	11	13	18
6543731647991256489	1692	10	2	1
6543731647991256489	1693	2	14	13
6543731647991256489	1694	1	1	15
6543731647991256489	1695	11	13	11
6543731647991256489	1696	6	6	16
6543731647991256489	1697	4	0	8
6543731647991256489	1698	16	8	16
6543731647991256489	1699	18	18	18
6543731647991256489	1700	11	13	11
6543731647991256489	1701	17	10	19
6543731647991256489	1702	13	13	9
6543731647991256489	1703	0	0	0
6543731647991256489	1704	7	7	0
6543731647991256489	1705	8	8	8
6543731647991256489	1706	14	14	4
6543731647991256489	1707	19	4	19
6543731647991256489	1708	18	18	18
6543731647991256489	1709	0	13	0
6543731647991256489	1710	14	0	4
6543731647991256489	1711	7	13	7
6543731647991256489	1712	1	1	1
6543731647991256489	1713	10	10	8
6543731647991256489	1714	0	13	0
6543731647991256489	1715	8	8	8
6543731647991256489	1716	9	13	9
6543731647991256489	1717	15	2	5
6543731647991256489	1718	11	13	11
6543731647991256489	1719	17	9	9
6543731647991256489	1720	15	14	3
6543731647991256489	1721	12	12	12
6543731647991256489	1722	6	6	16
6543731647991256489	1723	10	10	1
6543731647991256489	1724	19	9	19
6543731647991256489	1725	3	14	11
6543731647991256489	1726	6	6	6
6543731647991256489	1727	11	13	18
6543731647991256489	1728	19	9	9
6543731647991256489	1729	0	0	0
6543731647991256489	1730	13	13	9
6543731647991256489	1731	5	5	7
6543731647991256489	1732	3	2	1
6543731647991256489	1733	16	8	8
6543731647991256489	1734	5	5	13
6543731647991256489	1735	10	9	9
6543731647991256489	1736	14	13	8
6543731647991256489	1737	16	6	16
6543731647991256489	1738	1	13	13
6543731647991256489	1739	16	8	8
6543731647991256489	1740	9	13	9
6543731647991256489	1741	6	6	6
6543731647991256489	1742	16	6	16
6543731647991256489	1743	7	7	17
6543731647991256489	1744	4	4	4
6543731647991256489	1745	10	10	1
6543731647991256489	1746	14	14	8
6543731647991256489	1747	3	2	14
6543731647991256489	1748	18	11	18
6543731647991256489	1749	13	13	9
6543731647991256489	1750	0	0	9
6543731647991256489	1751	19	4	10
6543731647991256489	1752	5	18	5
6543731647991256489	1753	16	8	8
6543731647991256489	1754	8	8	8
6543731647991256489	1755	8	8	8
6543731647991256489	1756	5	9	13
6543731647991256489	1757	6	6	16
6543731647991256489	1758	8	8	8
6543731647991256489	1759	14	14	15
6543731647991256489	1760	18	18	18
6543731647991256489	1761	6	6	6
6543731647991256489	1762	1	13	13
6543731647991256489	1763	6	6	16
6543731647991256489	1764	4	4	4
6543731647991256489	1765	11	13	18
6543731647991256489	1766	8	2	3
6543731647991256489	1767	13	13	13
6543731647991256489	1768	2	10	6
6543731647991256489	1769	16	16	0
6543731647991256489	1770	16	6	15
6543731647991256489	1771	10	14	19
6543731647991256489	1772	16	16	0
6543731647991256489	1773	2	14	0
6543731647991256489	1774	16	8	8
6543731647991256489	1775	16	16	6
6543731647991256489	1776	8	8	8
6543731647991256489	1777	1	13	9
6543731647991256489	1778	10	10	10
6543731647991256489	1779	15	14	15
6543731647991256489	1780	4	19	16
6543731647991256489	1781	17	10	19
6543731647991256489	1782	3	10	3
6543731647991256489	1783	17	9	9
6543731647991256489	1784	8	8	8
6543731647991256489	1785	11	13	18
6543731647991256489	1786	12	13	11
6543731647991256489	1787	8	16	10
6543731647991256489	1788	10	1	10
6543731647991256489	1789	15	15	7
6543731647991256489	1790	2	14	14
6543731647991256489	1791	8	8	8
6543731647991256489	1792	15	14	8
6543731647991256489	1793	0	14	0
6543731647991256489	1794	17	10	10
6543731647991256489	1795	2	14	13
6543731647991256489	1796	13	9	5
6543731647991256489	1797	13	13	9
6543731647991256489	1798	15	2	13
6543731647991256489	1799	2	2	2
6543731647991256489	1800	8	8	8
6543731647991256489	1801	18	18	18
6543731647991256489	1802	4	4	4
6543731647991256489	1803	17	10	0
6543731647991256489	1804	7	13	13
6543731647991256489	1805	18	18	18
6543731647991256489	1806	19	14	19
6543731647991256489	1807	17	2	7
6543731647991256489	1808	7	11	2
6543731647991256489	1809	4	4	4
6543731647991256489	1810	0	14	17
6543731647991256489	1811	17	0	0
6543731647991256489	1812	13	13	13
6543731647991256489	1813	11	7	5
6543731647991256489	1814	15	15	15
6543731647991256489	1815	5	9	18
6543731647991256489	1816	5	18	13
6543731647991256489	1817	17	9	0
6543731647991256489	1818	13	13	15
6543731647991256489	1819	5	13	5
6543731647991256489	1820	18	18	13
6543731647991256489	1821	6	6	17
6543731647991256489	1822	9	11	9
6543731647991256489	1823	8	8	8
6543731647991256489	1824	16	16	16
6543731647991256489	1825	18	18	11
6543731647991256489	1826	5	18	18
6543731647991256489	1827	5	13	13
6543731647991256489	1828	9	13	9
6543731647991256489	1829	2	2	2
6543731647991256489	1830	0	13	0
6543731647991256489	1831	6	6	16
6543731647991256489	1832	14	13	13
6543731647991256489	1833	8	8	8
6543731647991256489	1834	15	2	4
6543731647991256489	1835	2	2	2
6543731647991256489	1836	0	13	0
6543731647991256489	1837	9	13	9
6543731647991256489	1838	0	0	0
6543731647991256489	1839	4	4	4
6543731647991256489	1840	9	13	13
6543731647991256489	1841	16	16	17
6543731647991256489	1842	7	13	13
6543731647991256489	1843	2	2	13
6543731647991256489	1844	4	4	4
6543731647991256489	1845	7	13	5
6543731647991256489	1846	11	11	18
6543731647991256489	1847	7	13	11
6543731647991256489	1848	19	14	9
6543731647991256489	1849	17	9	0
6543731647991256489	1850	1	1	14
6543731647991256489	1851	12	13	11
6543731647991256489	1852	0	0	0
6543731647991256489	1853	12	13	16
6543731647991256489	1854	1	13	13
6543731647991256489	1855	14	14	0
6543731647991256489	1856	15	2	2
6543731647991256489	1857	14	0	0
6543731647991256489	1858	6	6	0
6543731647991256489	1859	18	18	18
6543731647991256489	1860	17	17	16
6543731647991256489	1861	13	13	13
6543731647991256489	1862	18	13	9
6543731647991256489	1863	13	13	9
6543731647991256489	1864	18	18	18
6543731647991256489	1865	17	1	9
6543731647991256489	1866	15	2	13
6543731647991256489	1867	14	0	7
6543731647991256489	1868	3	10	10
6543731647991256489	1869	2	2	2
6543731647991256489	1870	19	13	8
6543731647991256489	1871	15	14	13
6543731647991256489	1872	12	13	13
6543731647991256489	1873	12	13	9
6543731647991256489	1874	17	10	9
6543731647991256489	1875	13	18	5
6543731647991256489	1876	18	18	18
6543731647991256489	1877	2	2	2
6543731647991256489	1878	10	10	9
6543731647991256489	1879	14	14	13
6543731647991256489	1880	4	4	4
6543731647991256489	1881	8	8	8
6543731647991256489	1882	11	13	5
6543731647991256489	1883	19	13	19
6543731647991256489	1884	17	17	17
6543731647991256489	1885	19	13	1
6543731647991256489	1886	3	2	13
6543731647991256489	1887	15	2	13
6543731647991256489	1888	13	13	9
6543731647991256489	1889	11	7	13
6543731647991256489	1890	16	8	8
6543731647991256489	1891	12	13	13
6543731647991256489	1892	5	5	13
6543731647991256489	1893	7	7	16
6543731647991256489	1894	14	14	4
6543731647991256489	1895	13	13	9
6543731647991256489	1896	13	13	11
6543731647991256489	1897	7	13	11
6543731647991256489	1898	15	14	8
6543731647991256489	1899	15	2	0
6543731647991256489	1900	16	16	0
6543731647991256489	1901	4	4	4
6543731647991256489	1902	14	14	4
6543731647991256489	1903	2	14	14
6543731647991256489	1904	7	13	5
6543731647991256489	1905	10	2	3
6543731647991256489	1906	4	4	4
6543731647991256489	1907	12	5	7
6543731647991256489	1908	7	13	5
6543731647991256489	1909	0	13	17
6543731647991256489	1910	10	10	0
6543731647991256489	1911	7	13	13
6543731647991256489	1912	5	5	12
6543731647991256489	1913	12	5	12
6543731647991256489	1914	8	8	8
6543731647991256489	1915	5	1	15
6543731647991256489	1916	4	4	4
6543731647991256489	1917	3	14	10
6543731647991256489	1918	9	9	9
6543731647991256489	1919	6	6	16
6543731647991256489	1920	0	14	17
6543731647991256489	1921	4	4	4
6543731647991256489	1922	4	4	15
6543731647991256489	1923	3	2	4
6543731647991256489	1924	9	13	9
6543731647991256489	1925	14	13	8
6543731647991256489	1926	5	5	18
6543731647991256489	1927	13	9	13
6543731647991256489	1928	9	13	9
6543731647991256489	1929	11	13	13
6543731647991256489	1930	13	9	13
6543731647991256489	1931	2	2	2
6543731647991256489	1932	0	13	0
6543731647991256489	1933	11	7	11
6543731647991256489	1934	1	9	9
6543731647991256489	1935	11	10	11
6543731647991256489	1936	3	10	3
6543731647991256489	1937	19	19	19
6543731647991256489	1938	0	0	17
6543731647991256489	1939	7	13	13
6543731647991256489	1940	11	11	18
6543731647991256489	1941	17	9	0
6543731647991256489	1942	7	13	17
6543731647991256489	1943	15	2	6
6543731647991256489	1944	11	13	16
6543731647991256489	1945	18	18	18
6543731647991256489	1946	13	9	13
6543731647991256489	1947	3	2	0
6543731647991256489	1948	1	13	13
6543731647991256489	1949	18	18	18
6543731647991256489	1950	16	16	16
6543731647991256489	1951	14	2	13
6543731647991256489	1952	9	13	9
6543731647991256489	1953	0	14	0
6543731647991256489	1954	1	1	13
6543731647991256489	1955	13	13	11
6543731647991256489	1956	8	8	13
6543731647991256489	1957	17	0	19
6543731647991256489	1958	0	13	0
6543731647991256489	1959	10	14	9
6543731647991256489	1960	18	18	18
6543731647991256489	1961	3	2	3
6543731647991256489	1962	14	14	4
6543731647991256489	1963	12	18	12
6543731647991256489	1964	9	13	9
6543731647991256489	1965	7	13	12
6543731647991256489	1966	10	2	9
6543731647991256489	1967	0	7	7
6543731647991256489	1968	11	13	11
6543731647991256489	1969	10	14	10
6543731647991256489	1970	14	13	8
6543731647991256489	1971	5	9	13
6543731647991256489	1972	4	4	0
6543731647991256489	1973	2	2	2
6543731647991256489	1974	6	6	16
6543731647991256489	1975	15	2	16
6543731647991256489	1976	14	14	0
6543731647991256489	1977	16	8	8
6543731647991256489	1978	2	2	0
6543731647991256489	1979	11	13	0
6543731647991256489	1980	4	4	4
6543731647991256489	1981	4	4	4
6543731647991256489	1982	19	1	10
6543731647991256489	1983	2	2	2
6543731647991256489	1984	4	4	4
6543731647991256489	1985	15	2	15
6543731647991256489	1986	9	9	9
6543731647991256489	1987	18	18	18
6543731647991256489	1988	18	18	18
6543731647991256489	1989	17	17	9
6543731647991256489	1990	0	17	17
6543731647991256489	1991	16	8	8
6543731647991256489	1992	2	2	2
6543731647991256489	1993	15	8	8
6543731647991256489	1994	11	11	11
6543731647991256489	1995	18	18	18
6543731647991256489	1996	12	13	9
6543731647991256489	1997	17	2	0
6543731647991256489	1998	9	13	9
6543731647991256489	1999	15	14	1
6543731647991256489	2000	17	17	0
6543731647991256489	2001	9	9	9
6543731647991256489	2002	6	6	6
6543731647991256489	2003	11	7	5
6543731647991256489	2004	14	14	8
6543731647991256489	2005	5	18	13
6543731647991256489	2006	18	18	18
6543731647991256489	2007	19	9	1
6543731647991256489	2008	5	9	5
6543731647991256489	2009	12	5	13
6543731647991256489	2010	13	13	13
6543731647991256489	2011	1	9	1
6543731647991256489	2012	7	13	7
6543731647991256489	2013	7	13	13
6543731647991256489	2014	6	6	16
6543731647991256489	2015	4	4	4
6543731647991256489	2016	8	8	8
6543731647991256489	2017	7	7	3
6543731647991256489	2018	12	5	12
6543731647991256489	2019	7	13	7
6543731647991256489	2020	13	1	15
6543731647991256489	2021	4	4	4
6543731647991256489	2022	14	2	4
6543731647991256489	2023	2	14	15
6543731647991256489	2024	14	15	14
6543731647991256489	2025	5	13	12
6543731647991256489	2026	8	8	8
6543731647991256489	2027	2	2	16
6543731647991256489	2028	15	2	13
6543731647991256489	2029	2	14	3
6543731647991256489	2030	14	14	15
6543731647991256489	2031	3	2	15
6543731647991256489	2032	6	6	16
6543731647991256489	2033	16	8	8
6543731647991256489	2034	14	0	14
6543731647991256489	2035	15	2	7
6543731647991256489	2036	4	4	4
6543731647991256489	2037	0	0	9
6543731647991256489	2038	7	13	5
6543731647991256489	2039	11	13	18
6543731647991256489	2040	9	13	9
6543731647991256489	2041	13	9	5
6543731647991256489	2042	12	13	12
6543731647991256489	2043	11	11	11
6543731647991256489	2044	2	14	4
6543731647991256489	2045	3	10	15
6543731647991256489	2046	8	2	9
6543731647991256489	2047	10	14	10
6543731647991256489	2048	13	13	9
6543731647991256489	2049	17	0	10
6543731647991256489	2050	1	13	13
6543731647991256489	2051	2	2	2
6543731647991256489	2052	5	18	13
6543731647991256489	2053	8	8	8
6543731647991256489	2054	4	4	4
6543731647991256489	2055	9	13	9
6543731647991256489	2056	19	19	1
6543731647991256489	2057	10	0	10
6543731647991256489	2058	1	13	18
6543731647991256489	2059	15	15	6
6543731647991256489	2060	4	4	4
6543731647991256489	2061	12	13	7
6543731647991256489	2062	8	8	8
6543731647991256489	2063	19	13	10
6543731647991256489	2064	4	4	4
6543731647991256489	2065	4	4	4
6543731647991256489	2066	2	1	0
6543731647991256489	2067	2	2	2
6543731647991256489	2068	7	13	5
6543731647991256489	2069	12	13	11
6543731647991256489	2070	17	9	0
6543731647991256489	2071	9	9	9
6543731647991256489	2072	2	2	2
6543731647991256489	2073	2	14	9
6543731647991256489	2074	16	16	17
6543731647991256489	2075	9	13	9
6543731647991256489	2076	15	14	6
6543731647991256489	2077	5	13	18
6543731647991256489	2078	8	8	8
6543731647991256489	2079	0	14	0
6543731647991256489	2080	19	19	19
6543731647991256489	2081	12	13	18
6543731647991256489	2082	13	13	9
6543731647991256489	2083	3	15	15
6543731647991256489	2084	6	6	16
6543731647991256489	2085	16	16	16
6543731647991256489	2086	5	4	13
6543731647991256489	2087	7	13	0
6543731647991256489	2088	2	14	15
6543731647991256489	2089	14	0	8
6543731647991256489	2090	0	13	9
6543731647991256489	2091	17	10	19
6543731647991256489	2092	14	4	13
6543731647991256489	2093	16	16	16
6543731647991256489	2094	13	13	13
6543731647991256489	2095	17	17	19
6543731647991256489	2096	2	2	2
6543731647991256489	2097	9	13	5
6543731647991256489	2098	13	13	9
6543731647991256489	2099	9	9	9
6543731647991256489	2100	9	13	13
6543731647991256489	2101	14	8	15
6543731647991256489	2102	19	13	8
6543731647991256489	2103	13	9	18
6543731647991256489	2104	7	13	11
6543731647991256489	2105	1	1	1
6543731647991256489	2106	4	4	4
6543731647991256489	2107	15	1	7
6543731647991256489	2108	6	6	16
6543731647991256489	2109	9	9	19
6543731647991256489	2110	14	14	16
6543731647991256489	2111	15	2	7
6543731647991256489	2112	11	13	5
6543731647991256489	2113	6	16	6
6543731647991256489	2114	5	5	18
6543731647991256489	2115	4	4	4
6543731647991256489	2116	19	13	8
6543731647991256489	2117	4	4	0
6543731647991256489	2118	14	14	5
6543731647991256489	2119	8	8	15
6543731647991256489	2120	6	6	16
6543731647991256489	2121	8	8	8
6543731647991256489	2122	12	13	13
6543731647991256489	2123	2	2	7
6543731647991256489	2124	13	13	9
6543731647991256489	2125	5	5	13
6543731647991256489	2126	0	13	0
6543731647991256489	2127	4	4	4
6543731647991256489	2128	12	16	17
6543731647991256489	2129	16	16	0
6543731647991256489	2130	12	13	13
6543731647991256489	2131	14	4	4
6543731647991256489	2132	13	13	13
6543731647991256489	2133	7	13	0
6543731647991256489	2134	13	13	13
6543731647991256489	2135	18	18	18
6543731647991256489	2136	5	13	5
6543731647991256489	2137	0	0	0
6543731647991256489	2138	17	17	0
6543731647991256489	2139	4	4	13
6543731647991256489	2140	8	8	8
6543731647991256489	2141	16	16	16
6543731647991256489	2142	19	13	13
6543731647991256489	2143	18	18	18
6543731647991256489	2144	18	18	18
6543731647991256489	2145	6	6	6
6543731647991256489	2146	16	8	8
6543731647991256489	2147	12	18	7
6543731647991256489	2148	16	8	16
6543731647991256489	2149	18	18	18
6543731647991256489	2150	13	13	18
6543731647991256489	2151	9	9	19
6543731647991256489	2152	0	14	0
6543731647991256489	2153	14	0	8
6543731647991256489	2154	10	14	3
6543731647991256489	2155	10	14	10
6543731647991256489	2156	18	18	18
6543731647991256489	2157	13	13	13
6543731647991256489	2158	1	13	19
6543731647991256489	2159	4	4	4
6543731647991256489	2160	17	9	9
6543731647991256489	2161	12	13	13
6543731647991256489	2162	10	10	3
6543731647991256489	2163	16	8	8
6543731647991256489	2164	12	12	12
6543731647991256489	2165	16	16	15
6543731647991256489	2166	13	13	9
6543731647991256489	2167	12	13	5
6543731647991256489	2168	12	13	13
6543731647991256489	2169	8	8	8
6543731647991256489	2170	18	18	18
6543731647991256489	2171	2	2	7
6543731647991256489	2172	12	13	12
6543731647991256489	2173	4	0	0
6543731647991256489	2174	16	8	8
6543731647991256489	2175	15	2	4
6543731647991256489	2176	9	9	9
6543731647991256489	2177	16	16	16
6543731647991256489	2178	12	13	9
6543731647991256489	2179	5	18	18
6543731647991256489	2180	14	0	7
6543731647991256489	2181	13	13	9
6543731647991256489	2182	8	8	8
6543731647991256489	2183	12	11	12
6543731647991256489	2184	10	13	0
6543731647991256489	2185	18	18	18
6543731647991256489	2186	1	7	1
6543731647991256489	2187	12	13	12
6543731647991256489	2188	18	18	18
6543731647991256489	2189	7	13	11
6543731647991256489	2190	18	13	13
6543731647991256489	2191	16	16	16
6543731647991256489	2192	17	9	0
6543731647991256489	2193	4	4	4
6543731647991256489	2194	12	13	12
6543731647991256489	2195	7	13	5
6543731647991256489	2196	13	13	5
6543731647991256489	2197	17	10	9
6543731647991256489	2198	8	8	15
6543731647991256489	2199	8	8	8
6543731647991256489	2200	11	11	5
6543731647991256489	2201	15	2	4
6543731647991256489	2202	2	2	0
6543731647991256489	2203	2	2	2
6543731647991256489	2204	13	9	13
6543731647991256489	2205	17	10	0
6543731647991256489	2206	1	13	9
6543731647991256489	2207	0	13	0
6543731647991256489	2208	17	10	2
6543731647991256489	2209	15	14	6
6543731647991256489	2210	19	0	1
6543731647991256489	2211	16	16	17
6543731647991256489	2212	14	0	3
6543731647991256489	2213	15	2	15
6543731647991256489	2214	18	13	18
6543731647991256489	2215	11	7	5
6543731647991256489	2216	5	13	5
6543731647991256489	2217	10	0	19
6543731647991256489	2218	14	13	11
6543731647991256489	2219	15	14	8
6543731647991256489	2220	18	18	18
6543731647991256489	2221	7	1	0
6543731647991256489	2222	8	8	8
6543731647991256489	2223	3	2	15
6543731647991256489	2224	2	8	2
6543731647991256489	2225	15	15	15
6543731647991256489	2226	15	1	14
6543731647991256489	2227	1	1	1
6543731647991256489	2228	17	3	19
6543731647991256489	2229	12	11	13
6543731647991256489	2230	9	13	9
6543731647991256489	2231	1	13	13
6543731647991256489	2232	3	2	4
6543731647991256489	2233	13	13	9
6543731647991256489	2234	6	6	12
6543731647991256489	2235	4	4	4
6543731647991256489	2236	16	16	16
6543731647991256489	2237	14	4	15
6543731647991256489	2238	17	2	17
6543731647991256489	2239	15	2	4
6543731647991256489	2240	18	18	18
6543731647991256489	2241	8	14	19
6543731647991256489	2242	4	4	4
6543731647991256489	2243	1	1	1
6543731647991256489	2244	8	8	8
6543731647991256489	2245	6	6	6
6543731647991256489	2246	19	0	14
6543731647991256489	2247	18	18	18
6543731647991256489	2248	6	6	8
6543731647991256489	2249	7	13	13
6543731647991256489	2250	11	11	5
6543731647991256489	2251	1	13	13
6543731647991256489	2252	11	13	18
6543731647991256489	2253	19	13	1
6543731647991256489	2254	6	6	16
6543731647991256489	2255	17	9	17
6543731647991256489	2256	1	13	11
6543731647991256489	2257	8	8	8
6543731647991256489	2258	9	9	13
6543731647991256489	2259	4	4	0
6543731647991256489	2260	6	6	16
6543731647991256489	2261	1	9	9
6543731647991256489	2262	15	2	7
6543731647991256489	2263	11	7	13
6543731648259692124	0	10	0	1
6543731648259692124	1	11	13	11
6543731648259692124	2	7	13	12
6543731648259692124	3	10	10	0
6543731648259692124	4	3	2	15
6543731648259692124	5	5	9	5
6543731648259692124	6	0	13	0
6543731648259692124	7	10	2	1
6543731648259692124	8	18	18	11
6543731648259692124	9	5	18	13
6543731648259692124	10	16	8	0
6543731648259692124	11	14	0	8
6543731648259692124	12	12	17	7
6543731648259692124	13	8	8	14
6543731648259692124	14	0	0	19
6543731648259692124	15	16	16	6
6543731648259692124	16	10	2	1
6543731648259692124	17	16	8	16
6543731648259692124	18	17	10	9
6543731648259692124	19	13	13	13
6543731648259692124	20	19	1	19
6543731648259692124	21	9	13	9
6543731648259692124	22	7	1	15
6543731648259692124	23	4	4	17
6543731648259692124	24	6	16	6
6543731648259692124	25	9	13	13
6543731648259692124	26	0	13	9
6543731648259692124	27	0	14	14
6543731648259692124	28	9	13	5
6543731648259692124	29	9	13	1
6543731648259692124	30	6	6	6
6543731648259692124	31	2	2	2
6543731648259692124	32	3	14	9
6543731648259692124	33	12	13	13
6543731648259692124	34	8	8	8
6543731648259692124	35	8	8	8
6543731648259692124	36	7	13	7
6543731648259692124	37	10	14	19
6543731648259692124	38	12	13	13
6543731648259692124	39	10	10	0
6543731648259692124	40	14	13	11
6543731648259692124	41	8	8	16
6543731648259692124	42	6	6	6
6543731648259692124	43	0	13	0
6543731648259692124	44	11	13	13
6543731648259692124	45	8	8	8
6543731648259692124	46	7	13	5
6543731648259692124	47	17	7	17
6543731648259692124	48	5	13	5
6543731648259692124	49	7	13	7
6543731648259692124	50	13	13	9
6543731648259692124	51	11	11	11
6543731648259692124	52	18	18	11
6543731648259692124	53	6	6	6
6543731648259692124	54	11	11	8
6543731648259692124	55	6	6	6
6543731648259692124	56	15	15	13
6543731648259692124	57	17	3	17
6543731648259692124	58	14	13	2
6543731648259692124	59	0	14	19
6543731648259692124	60	1	13	9
6543731648259692124	61	18	18	11
6543731648259692124	62	17	2	6
6543731648259692124	63	13	13	5
6543731648259692124	64	0	13	0
6543731648259692124	65	18	18	13
6543731648259692124	66	13	13	13
6543731648259692124	67	5	5	13
6543731648259692124	68	14	8	8
6543731648259692124	69	1	13	13
6543731648259692124	70	10	2	10
6543731648259692124	71	13	13	5
6543731648259692124	72	14	4	15
6543731648259692124	73	14	14	2
6543731648259692124	74	10	1	0
6543731648259692124	75	11	13	11
6543731648259692124	76	4	13	14
6543731648259692124	77	3	14	9
6543731648259692124	78	7	13	7
6543731648259692124	79	17	0	0
6543731648259692124	80	8	8	8
6543731648259692124	81	7	7	7
6543731648259692124	82	14	13	6
6543731648259692124	83	14	2	14
6543731648259692124	84	7	7	7
6543731648259692124	85	16	16	16
6543731648259692124	86	3	2	9
6543731648259692124	87	14	4	15
6543731648259692124	88	15	15	15
6543731648259692124	89	5	5	4
6543731648259692124	90	19	13	9
6543731648259692124	91	10	10	16
6543731648259692124	92	16	8	16
6543731648259692124	93	8	8	8
6543731648259692124	94	19	13	9
6543731648259692124	95	0	14	17
6543731648259692124	96	19	9	5
6543731648259692124	97	1	5	5
6543731648259692124	98	6	6	6
6543731648259692124	99	1	1	1
6543731648259692124	100	18	18	11
6543731648259692124	101	18	18	11
6543731648259692124	102	13	13	13
6543731648259692124	103	11	13	11
6543731648259692124	104	14	14	15
6543731648259692124	105	13	13	1
6543731648259692124	106	4	4	0
6543731648259692124	107	11	13	11
6543731648259692124	108	1	13	13
6543731648259692124	109	10	14	10
6543731648259692124	110	6	6	8
6543731648259692124	111	13	13	13
6543731648259692124	112	4	4	0
6543731648259692124	113	0	14	17
6543731648259692124	114	2	2	2
6543731648259692124	115	12	13	13
6543731648259692124	116	11	7	11
6543731648259692124	117	10	14	9
6543731648259692124	118	18	18	11
6543731648259692124	119	4	4	0
6543731648259692124	120	1	1	1
6543731648259692124	121	12	13	17
6543731648259692124	122	12	11	7
6543731648259692124	123	0	0	0
6543731648259692124	124	4	4	0
6543731648259692124	125	17	0	1
6543731648259692124	126	13	13	13
6543731648259692124	127	16	16	16
6543731648259692124	128	17	3	19
6543731648259692124	129	3	10	10
6543731648259692124	130	7	11	15
6543731648259692124	131	3	2	14
6543731648259692124	132	19	19	17
6543731648259692124	133	0	13	0
6543731648259692124	134	9	13	9
6543731648259692124	135	13	9	13
6543731648259692124	136	10	10	10
6543731648259692124	137	1	1	10
6543731648259692124	138	4	4	6
6543731648259692124	139	9	13	1
6543731648259692124	140	1	13	9
6543731648259692124	141	9	13	9
6543731648259692124	142	6	16	6
6543731648259692124	143	16	13	16
6543731648259692124	144	9	9	9
6543731648259692124	145	15	15	6
6543731648259692124	146	15	2	15
6543731648259692124	147	0	14	17
6543731648259692124	148	14	14	7
6543731648259692124	149	19	13	15
6543731648259692124	150	5	13	5
6543731648259692124	151	5	13	13
6543731648259692124	152	8	8	8
6543731648259692124	153	0	0	0
6543731648259692124	154	12	13	13
6543731648259692124	155	15	1	6
6543731648259692124	156	7	13	17
6543731648259692124	157	2	2	14
6543731648259692124	158	3	14	0
6543731648259692124	159	17	10	0
6543731648259692124	160	1	13	9
6543731648259692124	161	16	8	16
6543731648259692124	162	10	10	10
6543731648259692124	163	9	9	5
6543731648259692124	164	4	4	0
6543731648259692124	165	7	13	7
6543731648259692124	166	2	14	14
6543731648259692124	167	16	16	16
6543731648259692124	168	6	6	6
6543731648259692124	169	19	13	1
6543731648259692124	170	18	18	11
6543731648259692124	171	17	9	0
6543731648259692124	172	19	13	1
6543731648259692124	173	12	13	11
6543731648259692124	174	19	19	19
6543731648259692124	175	5	18	5
6543731648259692124	176	1	1	10
6543731648259692124	177	16	16	16
6543731648259692124	178	5	13	13
6543731648259692124	179	14	0	14
6543731648259692124	180	2	14	15
6543731648259692124	181	9	13	9
6543731648259692124	182	5	18	13
6543731648259692124	183	19	13	1
6543731648259692124	184	13	11	13
6543731648259692124	185	7	13	7
6543731648259692124	186	7	7	7
6543731648259692124	187	7	9	1
6543731648259692124	188	17	0	0
6543731648259692124	189	4	4	5
6543731648259692124	190	11	13	13
6543731648259692124	191	17	9	0
6543731648259692124	192	13	13	13
6543731648259692124	193	14	4	8
6543731648259692124	194	17	17	0
6543731648259692124	195	4	4	15
6543731648259692124	196	4	4	4
6543731648259692124	197	16	6	0
6543731648259692124	198	17	10	3
6543731648259692124	199	14	13	4
6543731648259692124	200	0	13	0
6543731648259692124	201	3	14	3
6543731648259692124	202	6	6	2
6543731648259692124	203	0	13	0
6543731648259692124	204	6	6	6
6543731648259692124	205	15	14	14
6543731648259692124	206	4	4	13
6543731648259692124	207	18	18	11
6543731648259692124	208	19	14	10
6543731648259692124	209	0	13	6
6543731648259692124	210	15	15	15
6543731648259692124	211	12	18	13
6543731648259692124	212	16	16	6
6543731648259692124	213	11	13	11
6543731648259692124	214	12	13	11
6543731648259692124	215	14	14	8
6543731648259692124	216	12	13	12
6543731648259692124	217	12	7	7
6543731648259692124	218	2	19	1
6543731648259692124	219	3	14	13
6543731648259692124	220	3	2	1
6543731648259692124	221	17	2	17
6543731648259692124	222	11	13	11
6543731648259692124	223	1	13	9
6543731648259692124	224	0	7	7
6543731648259692124	225	0	13	17
6543731648259692124	226	5	9	11
6543731648259692124	227	3	14	15
6543731648259692124	228	15	15	10
6543731648259692124	229	8	8	14
6543731648259692124	230	9	13	1
6543731648259692124	231	9	13	9
6543731648259692124	232	12	12	12
6543731648259692124	233	16	16	6
6543731648259692124	234	14	2	14
6543731648259692124	235	15	14	8
6543731648259692124	236	3	15	19
6543731648259692124	237	3	14	9
6543731648259692124	238	5	18	5
6543731648259692124	239	12	13	7
6543731648259692124	240	5	13	12
6543731648259692124	241	2	2	2
6543731648259692124	242	6	6	6
6543731648259692124	243	6	6	6
6543731648259692124	244	19	13	1
6543731648259692124	245	0	0	10
6543731648259692124	246	6	6	6
6543731648259692124	247	17	17	17
6543731648259692124	248	1	13	13
6543731648259692124	249	7	13	13
6543731648259692124	250	19	13	1
6543731648259692124	251	1	13	19
6543731648259692124	252	5	13	15
6543731648259692124	253	10	14	9
6543731648259692124	254	11	11	11
6543731648259692124	255	19	13	1
6543731648259692124	256	13	13	9
6543731648259692124	257	11	13	11
6543731648259692124	258	5	18	13
6543731648259692124	259	12	16	7
6543731648259692124	260	16	8	16
6543731648259692124	261	3	15	1
6543731648259692124	262	13	13	13
6543731648259692124	263	11	13	13
6543731648259692124	264	1	1	1
6543731648259692124	265	15	14	15
6543731648259692124	266	15	2	4
6543731648259692124	267	19	0	17
6543731648259692124	268	18	18	13
6543731648259692124	269	2	14	14
6543731648259692124	270	13	13	13
6543731648259692124	271	3	2	1
6543731648259692124	272	2	14	15
6543731648259692124	273	7	13	5
6543731648259692124	274	1	13	9
6543731648259692124	275	9	9	10
6543731648259692124	276	18	18	11
6543731648259692124	277	3	15	9
6543731648259692124	278	10	2	19
6543731648259692124	279	8	8	8
6543731648259692124	280	17	17	3
6543731648259692124	281	0	0	8
6543731648259692124	282	18	18	11
6543731648259692124	283	18	18	13
6543731648259692124	284	3	2	15
6543731648259692124	285	15	14	16
6543731648259692124	286	8	8	8
6543731648259692124	287	0	0	0
6543731648259692124	288	1	13	13
6543731648259692124	289	12	12	7
6543731648259692124	290	9	9	9
6543731648259692124	291	11	13	11
6543731648259692124	292	5	9	11
6543731648259692124	293	5	13	13
6543731648259692124	294	19	4	10
6543731648259692124	295	11	13	13
6543731648259692124	296	18	18	18
6543731648259692124	297	18	18	13
6543731648259692124	298	10	10	4
6543731648259692124	299	19	13	9
6543731648259692124	300	11	13	11
6543731648259692124	301	11	13	13
6543731648259692124	302	13	13	13
6543731648259692124	303	16	6	16
6543731648259692124	304	11	11	11
6543731648259692124	305	16	8	16
6543731648259692124	306	18	18	11
6543731648259692124	307	7	7	7
6543731648259692124	308	7	7	6
6543731648259692124	309	10	14	10
6543731648259692124	310	18	18	11
6543731648259692124	311	13	13	13
6543731648259692124	312	16	16	16
6543731648259692124	313	0	0	17
6543731648259692124	314	9	9	19
6543731648259692124	315	14	14	10
6543731648259692124	316	3	14	14
6543731648259692124	317	13	13	13
6543731648259692124	318	8	8	8
6543731648259692124	319	7	13	7
6543731648259692124	320	19	13	1
6543731648259692124	321	19	13	1
6543731648259692124	322	8	8	6
6543731648259692124	323	2	2	2
6543731648259692124	324	16	16	6
6543731648259692124	325	8	8	8
6543731648259692124	326	19	13	1
6543731648259692124	327	16	16	16
6543731648259692124	328	9	13	5
6543731648259692124	329	5	18	5
6543731648259692124	330	18	18	11
6543731648259692124	331	6	6	6
6543731648259692124	332	11	7	11
6543731648259692124	333	15	8	14
6543731648259692124	334	2	2	2
6543731648259692124	335	15	1	14
6543731648259692124	336	8	8	8
6543731648259692124	337	4	4	0
6543731648259692124	338	0	0	0
6543731648259692124	339	13	13	13
6543731648259692124	340	2	2	2
6543731648259692124	341	11	13	11
6543731648259692124	342	10	14	17
6543731648259692124	343	14	14	15
6543731648259692124	344	16	16	16
6543731648259692124	345	1	1	1
6543731648259692124	346	8	8	8
6543731648259692124	347	7	7	7
6543731648259692124	348	19	19	19
6543731648259692124	349	11	7	11
6543731648259692124	350	3	1	3
6543731648259692124	351	14	14	6
6543731648259692124	352	17	2	7
6543731648259692124	353	17	10	14
6543731648259692124	354	11	13	11
6543731648259692124	355	15	14	6
6543731648259692124	356	7	7	0
6543731648259692124	357	17	9	9
6543731648259692124	358	8	8	8
6543731648259692124	359	17	17	19
6543731648259692124	360	19	14	19
6543731648259692124	361	3	14	3
6543731648259692124	362	4	4	13
6543731648259692124	363	1	9	1
6543731648259692124	364	12	12	7
6543731648259692124	365	16	16	16
6543731648259692124	366	16	8	16
6543731648259692124	367	8	8	8
6543731648259692124	368	4	4	10
6543731648259692124	369	15	2	15
6543731648259692124	370	6	6	6
6543731648259692124	371	5	18	13
6543731648259692124	372	7	13	7
6543731648259692124	373	16	8	16
6543731648259692124	374	6	6	6
6543731648259692124	375	6	6	6
6543731648259692124	376	17	10	0
6543731648259692124	377	19	19	10
6543731648259692124	378	17	13	14
6543731648259692124	379	4	4	5
6543731648259692124	380	9	9	19
6543731648259692124	381	8	8	8
6543731648259692124	382	14	4	4
6543731648259692124	383	6	6	6
6543731648259692124	384	10	14	9
6543731648259692124	385	11	11	11
6543731648259692124	386	1	17	1
6543731648259692124	387	0	0	17
6543731648259692124	388	10	10	8
6543731648259692124	389	6	6	6
6543731648259692124	390	10	10	15
6543731648259692124	391	13	13	9
6543731648259692124	392	2	15	2
6543731648259692124	393	8	8	8
6543731648259692124	394	12	13	13
6543731648259692124	395	12	5	13
6543731648259692124	396	14	2	4
6543731648259692124	397	12	16	7
6543731648259692124	398	5	13	5
6543731648259692124	399	3	17	3
6543731648259692124	400	11	13	11
6543731648259692124	401	19	14	10
6543731648259692124	402	15	2	8
6543731648259692124	403	6	6	6
6543731648259692124	404	19	19	9
6543731648259692124	405	13	13	5
6543731648259692124	406	11	7	11
6543731648259692124	407	19	19	9
6543731648259692124	408	2	14	15
6543731648259692124	409	7	13	11
6543731648259692124	410	5	18	13
6543731648259692124	411	2	2	2
6543731648259692124	412	10	14	1
6543731648259692124	413	1	9	9
6543731648259692124	414	4	4	4
6543731648259692124	415	7	13	0
6543731648259692124	416	17	7	1
6543731648259692124	417	9	9	9
6543731648259692124	418	3	14	10
6543731648259692124	419	14	13	7
6543731648259692124	420	0	13	0
6543731648259692124	421	4	4	1
6543731648259692124	422	17	0	13
6543731648259692124	423	3	19	1
6543731648259692124	424	1	9	1
6543731648259692124	425	9	13	9
6543731648259692124	426	14	0	2
6543731648259692124	427	3	2	1
6543731648259692124	428	13	13	13
6543731648259692124	429	16	6	6
6543731648259692124	430	19	13	8
6543731648259692124	431	7	13	17
6543731648259692124	432	3	14	14
6543731648259692124	433	6	6	6
6543731648259692124	434	13	11	13
6543731648259692124	435	9	13	9
6543731648259692124	436	1	1	1
6543731648259692124	437	4	4	4
6543731648259692124	438	7	7	0
6543731648259692124	439	1	13	13
6543731648259692124	440	18	18	11
6543731648259692124	441	5	5	5
6543731648259692124	442	11	11	11
6543731648259692124	443	15	2	14
6543731648259692124	444	3	2	7
6543731648259692124	445	13	13	1
6543731648259692124	446	9	13	9
6543731648259692124	447	0	13	17
6543731648259692124	448	6	6	6
6543731648259692124	449	18	18	13
6543731648259692124	450	10	14	19
6543731648259692124	451	11	13	11
6543731648259692124	452	6	6	6
6543731648259692124	453	4	4	14
6543731648259692124	454	16	16	6
6543731648259692124	455	9	13	9
6543731648259692124	456	5	18	13
6543731648259692124	457	10	10	0
6543731648259692124	458	7	13	13
6543731648259692124	459	9	11	9
6543731648259692124	460	13	13	4
6543731648259692124	461	2	14	14
6543731648259692124	462	4	4	4
6543731648259692124	463	13	5	5
6543731648259692124	464	16	8	8
6543731648259692124	465	11	13	11
6543731648259692124	466	6	6	6
6543731648259692124	467	0	1	0
6543731648259692124	468	12	13	11
6543731648259692124	469	10	14	19
6543731648259692124	470	12	7	7
6543731648259692124	471	12	7	7
6543731648259692124	472	14	14	17
6543731648259692124	473	3	8	4
6543731648259692124	474	12	13	12
6543731648259692124	475	17	9	0
6543731648259692124	476	14	13	13
6543731648259692124	477	1	0	13
6543731648259692124	478	11	13	11
6543731648259692124	479	11	13	11
6543731648259692124	480	19	9	9
6543731648259692124	481	16	16	14
6543731648259692124	482	0	0	17
6543731648259692124	483	17	17	17
6543731648259692124	484	8	8	8
6543731648259692124	485	2	14	0
6543731648259692124	486	15	2	14
6543731648259692124	487	0	0	1
6543731648259692124	488	5	18	5
6543731648259692124	489	18	11	11
6543731648259692124	490	10	10	1
6543731648259692124	491	10	2	9
6543731648259692124	492	2	2	2
6543731648259692124	493	5	13	13
6543731648259692124	494	18	18	11
6543731648259692124	495	0	13	0
6543731648259692124	496	7	13	15
6543731648259692124	497	1	9	19
6543731648259692124	498	12	16	12
6543731648259692124	499	8	8	8
6543731648259692124	500	18	18	13
6543731648259692124	501	19	13	13
6543731648259692124	502	17	17	0
6543731648259692124	503	1	13	13
6543731648259692124	504	11	13	11
6543731648259692124	505	5	18	5
6543731648259692124	506	8	8	8
6543731648259692124	507	3	10	14
6543731648259692124	508	17	17	7
6543731648259692124	509	18	18	18
6543731648259692124	510	1	13	1
6543731648259692124	511	13	9	13
6543731648259692124	512	17	2	17
6543731648259692124	513	17	10	17
6543731648259692124	514	5	5	5
6543731648259692124	515	18	18	11
6543731648259692124	516	5	5	13
6543731648259692124	517	19	13	1
6543731648259692124	518	15	14	14
6543731648259692124	519	4	4	0
6543731648259692124	520	17	17	1
6543731648259692124	521	17	0	0
6543731648259692124	522	0	14	17
6543731648259692124	523	15	15	7
6543731648259692124	524	10	14	10
6543731648259692124	525	19	19	19
6543731648259692124	526	2	14	2
6543731648259692124	527	5	9	5
6543731648259692124	528	10	13	10
6543731648259692124	529	15	14	6
6543731648259692124	530	19	9	10
6543731648259692124	531	13	13	0
6543731648259692124	532	3	8	19
6543731648259692124	533	12	11	12
6543731648259692124	534	12	13	7
6543731648259692124	535	4	4	0
6543731648259692124	536	7	13	6
6543731648259692124	537	7	13	5
6543731648259692124	538	5	1	13
6543731648259692124	539	3	2	13
6543731648259692124	540	8	8	8
6543731648259692124	541	6	6	6
6543731648259692124	542	9	13	5
6543731648259692124	543	19	13	1
6543731648259692124	544	14	14	14
6543731648259692124	545	15	15	15
6543731648259692124	546	5	2	11
6543731648259692124	547	8	8	16
6543731648259692124	548	13	13	13
6543731648259692124	549	18	18	11
6543731648259692124	550	16	16	16
6543731648259692124	551	11	11	11
6543731648259692124	552	6	6	6
6543731648259692124	553	4	5	1
6543731648259692124	554	8	8	8
6543731648259692124	555	10	14	1
6543731648259692124	556	14	14	2
6543731648259692124	557	17	17	17
6543731648259692124	558	16	16	16
6543731648259692124	559	10	14	19
6543731648259692124	560	12	13	11
6543731648259692124	561	7	9	11
6543731648259692124	562	4	4	4
6543731648259692124	563	6	6	6
6543731648259692124	564	6	6	6
6543731648259692124	565	3	2	17
6543731648259692124	566	4	4	14
6543731648259692124	567	6	8	6
6543731648259692124	568	5	5	13
6543731648259692124	569	17	10	0
6543731648259692124	570	19	13	1
6543731648259692124	571	13	13	13
6543731648259692124	572	19	10	19
6543731648259692124	573	10	10	1
6543731648259692124	574	19	14	19
6543731648259692124	575	19	14	19
6543731648259692124	576	13	13	13
6543731648259692124	577	3	17	15
6543731648259692124	578	14	13	0
6543731648259692124	579	12	12	12
6543731648259692124	580	10	10	10
6543731648259692124	581	3	8	5
6543731648259692124	582	16	8	8
6543731648259692124	583	7	13	11
6543731648259692124	584	12	13	13
6543731648259692124	585	11	11	11
6543731648259692124	586	1	19	9
6543731648259692124	587	19	19	19
6543731648259692124	588	4	4	4
6543731648259692124	589	12	11	13
6543731648259692124	590	11	13	11
6543731648259692124	591	12	12	7
6543731648259692124	592	11	13	11
6543731648259692124	593	9	13	5
6543731648259692124	594	2	2	2
6543731648259692124	595	6	6	6
6543731648259692124	596	17	7	0
6543731648259692124	597	15	2	2
6543731648259692124	598	18	18	13
6543731648259692124	599	16	16	16
6543731648259692124	600	8	8	6
6543731648259692124	601	15	2	15
6543731648259692124	602	3	14	15
6543731648259692124	603	7	7	7
6543731648259692124	604	17	10	14
6543731648259692124	605	17	10	19
6543731648259692124	606	1	13	1
6543731648259692124	607	5	9	13
6543731648259692124	608	2	2	2
6543731648259692124	609	18	18	13
6543731648259692124	610	17	2	15
6543731648259692124	611	8	8	8
6543731648259692124	612	10	10	1
6543731648259692124	613	12	7	7
6543731648259692124	614	19	19	1
6543731648259692124	615	13	13	13
6543731648259692124	616	10	10	19
6543731648259692124	617	15	14	15
6543731648259692124	618	6	6	6
6543731648259692124	619	8	8	8
6543731648259692124	620	4	4	0
6543731648259692124	621	2	2	2
6543731648259692124	622	15	2	7
6543731648259692124	623	9	13	5
6543731648259692124	624	4	4	10
6543731648259692124	625	14	2	15
6543731648259692124	626	9	13	13
6543731648259692124	627	13	9	5
6543731648259692124	628	18	18	11
6543731648259692124	629	9	9	5
6543731648259692124	630	2	14	15
6543731648259692124	631	12	13	11
6543731648259692124	632	15	14	15
6543731648259692124	633	17	1	0
6543731648259692124	634	11	13	13
6543731648259692124	635	7	9	7
6543731648259692124	636	8	8	8
6543731648259692124	637	9	9	9
6543731648259692124	638	9	9	9
6543731648259692124	639	2	2	15
6543731648259692124	640	13	13	1
6543731648259692124	641	10	2	10
6543731648259692124	642	5	5	5
6543731648259692124	643	18	18	11
6543731648259692124	644	8	8	8
6543731648259692124	645	10	10	0
6543731648259692124	646	6	6	6
6543731648259692124	647	6	6	6
6543731648259692124	648	11	13	11
6543731648259692124	649	4	4	13
6543731648259692124	650	3	2	3
6543731648259692124	651	6	6	6
6543731648259692124	652	19	19	10
6543731648259692124	653	0	0	0
6543731648259692124	654	9	13	9
6543731648259692124	655	5	9	13
6543731648259692124	656	8	8	8
6543731648259692124	657	12	13	13
6543731648259692124	658	0	13	0
6543731648259692124	659	8	14	8
6543731648259692124	660	12	13	7
6543731648259692124	661	13	13	1
6543731648259692124	662	12	12	7
6543731648259692124	663	19	9	10
6543731648259692124	664	9	9	9
6543731648259692124	665	17	17	0
6543731648259692124	666	12	13	11
6543731648259692124	667	16	16	16
6543731648259692124	668	4	4	3
6543731648259692124	669	16	8	16
6543731648259692124	670	17	10	9
6543731648259692124	671	8	8	8
6543731648259692124	672	16	16	16
6543731648259692124	673	5	5	5
6543731648259692124	674	0	0	0
6543731648259692124	675	13	13	1
6543731648259692124	676	9	9	9
6543731648259692124	677	2	14	14
6543731648259692124	678	1	13	13
6543731648259692124	679	1	9	9
6543731648259692124	680	10	14	15
6543731648259692124	681	8	8	14
6543731648259692124	682	3	14	9
6543731648259692124	683	19	19	9
6543731648259692124	684	18	18	11
6543731648259692124	685	9	9	5
6543731648259692124	686	13	13	13
6543731648259692124	687	12	9	7
6543731648259692124	688	2	2	2
6543731648259692124	689	3	14	19
6543731648259692124	690	8	8	8
6543731648259692124	691	8	8	8
6543731648259692124	692	18	18	11
6543731648259692124	693	1	9	1
6543731648259692124	694	8	8	8
6543731648259692124	695	8	14	16
6543731648259692124	696	9	9	19
6543731648259692124	697	12	13	7
6543731648259692124	698	4	4	6
6543731648259692124	699	6	6	6
6543731648259692124	700	13	13	13
6543731648259692124	701	19	9	10
6543731648259692124	702	16	16	8
6543731648259692124	703	11	13	11
6543731648259692124	704	8	8	8
6543731648259692124	705	17	1	1
6543731648259692124	706	14	14	2
6543731648259692124	707	1	1	1
6543731648259692124	708	11	9	11
6543731648259692124	709	5	13	13
6543731648259692124	710	4	4	4
6543731648259692124	711	11	13	11
6543731648259692124	712	2	2	2
6543731648259692124	713	14	0	6
6543731648259692124	714	11	13	11
6543731648259692124	715	11	7	11
6543731648259692124	716	11	11	11
6543731648259692124	717	3	10	2
6543731648259692124	718	9	13	5
6543731648259692124	719	18	18	11
6543731648259692124	720	11	7	11
6543731648259692124	721	0	13	0
6543731648259692124	722	6	6	6
6543731648259692124	723	10	2	14
6543731648259692124	724	13	13	1
6543731648259692124	725	10	14	19
6543731648259692124	726	18	18	11
6543731648259692124	727	5	13	13
6543731648259692124	728	3	14	4
6543731648259692124	729	19	19	19
6543731648259692124	730	10	14	3
6543731648259692124	731	1	13	9
6543731648259692124	732	2	14	9
6543731648259692124	733	1	9	13
6543731648259692124	734	7	13	13
6543731648259692124	735	13	13	1
6543731648259692124	736	2	2	2
6543731648259692124	737	6	6	6
6543731648259692124	738	17	10	19
6543731648259692124	739	2	2	10
6543731648259692124	740	3	2	3
6543731648259692124	741	13	13	13
6543731648259692124	742	11	7	11
6543731648259692124	743	9	9	9
6543731648259692124	744	0	14	17
6543731648259692124	745	0	14	17
6543731648259692124	746	17	0	0
6543731648259692124	747	2	2	2
6543731648259692124	748	12	13	11
6543731648259692124	749	0	1	1
6543731648259692124	750	12	9	7
6543731648259692124	751	4	4	4
6543731648259692124	752	15	1	8
6543731648259692124	753	12	13	12
6543731648259692124	754	10	14	1
6543731648259692124	755	1	9	1
6543731648259692124	756	19	19	10
6543731648259692124	757	3	0	14
6543731648259692124	758	0	10	17
6543731648259692124	759	7	13	7
6543731648259692124	760	19	14	1
6543731648259692124	761	0	14	15
6543731648259692124	762	4	4	4
6543731648259692124	763	0	19	0
6543731648259692124	764	16	16	16
6543731648259692124	765	9	9	9
6543731648259692124	766	15	14	0
6543731648259692124	767	18	18	11
6543731648259692124	768	4	4	13
6543731648259692124	769	2	2	2
6543731648259692124	770	15	2	15
6543731648259692124	771	4	4	4
6543731648259692124	772	0	0	17
6543731648259692124	773	5	13	13
6543731648259692124	774	8	8	8
6543731648259692124	775	12	1	13
6543731648259692124	776	6	6	7
6543731648259692124	777	17	3	19
6543731648259692124	778	19	13	9
6543731648259692124	779	12	16	12
6543731648259692124	780	19	14	19
6543731648259692124	781	10	10	14
6543731648259692124	782	17	0	0
6543731648259692124	783	16	8	16
6543731648259692124	784	7	7	0
6543731648259692124	785	17	10	19
6543731648259692124	786	7	13	13
6543731648259692124	787	15	2	4
6543731648259692124	788	11	7	11
6543731648259692124	789	8	8	8
6543731648259692124	790	5	15	13
6543731648259692124	791	8	8	8
6543731648259692124	792	6	6	6
6543731648259692124	793	18	18	13
6543731648259692124	794	13	13	13
6543731648259692124	795	19	13	1
6543731648259692124	796	5	5	13
6543731648259692124	797	3	2	15
6543731648259692124	798	12	16	12
6543731648259692124	799	12	13	13
6543731648259692124	800	1	9	1
6543731648259692124	801	13	9	13
6543731648259692124	802	7	7	7
6543731648259692124	803	9	9	9
6543731648259692124	804	1	1	1
6543731648259692124	805	0	13	0
6543731648259692124	806	5	5	5
6543731648259692124	807	15	2	15
6543731648259692124	808	13	13	13
6543731648259692124	809	0	0	17
6543731648259692124	810	1	9	5
6543731648259692124	811	11	13	11
6543731648259692124	812	7	13	6
6543731648259692124	813	11	11	11
6543731648259692124	814	1	9	1
6543731648259692124	815	14	14	5
6543731648259692124	816	10	10	0
6543731648259692124	817	1	1	10
6543731648259692124	818	19	1	10
6543731648259692124	819	17	9	1
6543731648259692124	820	17	10	19
6543731648259692124	821	14	13	6
6543731648259692124	822	7	11	0
6543731648259692124	823	11	13	11
6543731648259692124	824	5	18	13
6543731648259692124	825	8	8	8
6543731648259692124	826	2	14	8
6543731648259692124	827	2	14	15
6543731648259692124	828	16	16	16
6543731648259692124	829	9	9	5
6543731648259692124	830	16	16	6
6543731648259692124	831	19	13	14
6543731648259692124	832	2	2	2
6543731648259692124	833	9	13	9
6543731648259692124	834	12	12	7
6543731648259692124	835	17	13	17
6543731648259692124	836	13	13	9
6543731648259692124	837	19	13	1
6543731648259692124	838	16	16	16
6543731648259692124	839	1	7	1
6543731648259692124	840	10	1	0
6543731648259692124	841	17	9	0
6543731648259692124	842	11	13	11
6543731648259692124	843	18	18	13
6543731648259692124	844	11	11	11
6543731648259692124	845	13	13	13
6543731648259692124	846	13	13	13
6543731648259692124	847	3	14	3
6543731648259692124	848	17	2	7
6543731648259692124	849	10	0	10
6543731648259692124	850	18	18	11
6543731648259692124	851	16	16	16
6543731648259692124	852	0	0	17
6543731648259692124	853	16	16	16
6543731648259692124	854	15	2	14
6543731648259692124	855	4	4	4
6543731648259692124	856	5	13	5
6543731648259692124	857	18	18	11
6543731648259692124	858	15	2	14
6543731648259692124	859	3	2	4
6543731648259692124	860	4	4	8
6543731648259692124	861	19	19	19
6543731648259692124	862	2	14	15
6543731648259692124	863	16	8	16
6543731648259692124	864	12	1	12
6543731648259692124	865	5	5	13
6543731648259692124	866	14	14	6
6543731648259692124	867	12	7	7
6543731648259692124	868	11	18	11
6543731648259692124	869	2	14	0
6543731648259692124	870	17	10	17
6543731648259692124	871	2	14	2
6543731648259692124	872	1	19	19
6543731648259692124	873	12	13	12
6543731648259692124	874	14	15	19
6543731648259692124	875	18	18	11
6543731648259692124	876	6	6	16
6543731648259692124	877	9	9	9
6543731648259692124	878	13	13	13
6543731648259692124	879	3	19	15
6543731648259692124	880	0	14	19
6543731648259692124	881	17	13	1
6543731648259692124	882	16	8	16
6543731648259692124	883	2	2	2
6543731648259692124	884	2	2	2
6543731648259692124	885	17	10	17
6543731648259692124	886	2	2	2
6543731648259692124	887	6	6	6
6543731648259692124	888	19	13	5
6543731648259692124	889	18	18	18
6543731648259692124	890	19	13	1
6543731648259692124	891	7	13	7
6543731648259692124	892	17	17	17
6543731648259692124	893	7	13	7
6543731648259692124	894	19	13	9
6543731648259692124	895	18	18	11
6543731648259692124	896	4	4	10
6543731648259692124	897	2	14	7
6543731648259692124	898	1	7	19
6543731648259692124	899	4	4	10
6543731648259692124	900	13	13	13
6543731648259692124	901	12	13	16
6543731648259692124	902	16	16	16
6543731648259692124	903	19	13	9
6543731648259692124	904	11	13	11
6543731648259692124	905	10	10	17
6543731648259692124	906	19	9	0
6543731648259692124	907	12	13	13
6543731648259692124	908	11	11	11
6543731648259692124	909	6	6	6
6543731648259692124	910	2	2	2
6543731648259692124	911	2	14	14
6543731648259692124	912	15	2	15
6543731648259692124	913	8	8	8
6543731648259692124	914	5	18	5
6543731648259692124	915	18	18	13
6543731648259692124	916	14	4	2
6543731648259692124	917	18	18	11
6543731648259692124	918	2	2	2
6543731648259692124	919	15	14	6
6543731648259692124	920	3	2	15
6543731648259692124	921	11	11	11
6543731648259692124	922	10	10	1
6543731648259692124	923	1	13	9
6543731648259692124	924	16	16	16
6543731648259692124	925	15	2	4
6543731648259692124	926	2	2	2
6543731648259692124	927	14	14	14
6543731648259692124	928	9	13	9
6543731648259692124	929	10	2	9
6543731648259692124	930	0	0	0
6543731648259692124	931	8	8	8
6543731648259692124	932	2	2	2
6543731648259692124	933	18	11	13
6543731648259692124	934	18	18	13
6543731648259692124	935	15	14	14
6543731648259692124	936	1	13	9
6543731648259692124	937	11	11	11
6543731648259692124	938	7	13	7
6543731648259692124	939	5	18	5
6543731648259692124	940	19	14	19
6543731648259692124	941	5	18	13
6543731648259692124	942	12	9	12
6543731648259692124	943	10	10	10
6543731648259692124	944	8	8	6
6543731648259692124	945	7	13	7
6543731648259692124	946	19	13	17
6543731648259692124	947	18	18	11
6543731648259692124	948	14	14	6
6543731648259692124	949	10	2	10
6543731648259692124	950	16	8	16
6543731648259692124	951	10	10	1
6543731648259692124	952	18	18	11
6543731648259692124	953	14	13	13
6543731648259692124	954	14	13	14
6543731648259692124	955	17	1	9
6543731648259692124	956	17	10	14
6543731648259692124	957	6	6	6
6543731648259692124	958	10	10	1
6543731648259692124	959	9	13	9
6543731648259692124	960	17	0	8
6543731648259692124	961	7	13	7
6543731648259692124	962	15	2	4
6543731648259692124	963	14	2	5
6543731648259692124	964	11	11	11
6543731648259692124	965	7	13	5
6543731648259692124	966	13	13	9
6543731648259692124	967	8	8	15
6543731648259692124	968	10	4	10
6543731648259692124	969	15	4	15
6543731648259692124	970	3	2	14
6543731648259692124	971	6	6	6
6543731648259692124	972	18	18	11
6543731648259692124	973	19	13	1
6543731648259692124	974	5	13	14
6543731648259692124	975	2	14	13
6543731648259692124	976	12	16	7
6543731648259692124	977	2	2	3
6543731648259692124	978	14	13	16
6543731648259692124	979	3	14	9
6543731648259692124	980	3	8	9
6543731648259692124	981	10	10	17
6543731648259692124	982	2	14	2
6543731648259692124	983	14	0	14
6543731648259692124	984	14	0	14
6543731648259692124	985	15	1	13
6543731648259692124	986	5	18	5
6543731648259692124	987	10	0	15
6543731648259692124	988	4	4	4
6543731648259692124	989	14	0	14
6543731648259692124	990	17	3	17
6543731648259692124	991	13	13	13
6543731648259692124	992	1	9	1
6543731648259692124	993	18	18	13
6543731648259692124	994	19	13	1
6543731648259692124	995	12	7	7
6543731648259692124	996	13	5	13
6543731648259692124	997	16	6	6
6543731648259692124	998	14	0	0
6543731648259692124	999	17	2	7
6543731648259692124	1000	18	18	11
6543731648259692124	1001	13	9	9
6543731648259692124	1002	13	13	9
6543731648259692124	1003	12	12	12
6543731648259692124	1004	10	14	10
6543731648259692124	1005	7	13	0
6543731648259692124	1006	6	6	6
6543731648259692124	1007	17	17	17
6543731648259692124	1008	8	8	8
6543731648259692124	1009	7	7	7
6543731648259692124	1010	0	13	1
6543731648259692124	1011	16	16	16
6543731648259692124	1012	4	4	19
6543731648259692124	1013	9	13	5
6543731648259692124	1014	19	13	9
6543731648259692124	1015	6	6	6
6543731648259692124	1016	15	2	14
6543731648259692124	1017	4	4	13
6543731648259692124	1018	19	14	19
6543731648259692124	1019	5	18	13
6543731648259692124	1020	14	14	15
6543731648259692124	1021	1	13	13
6543731648259692124	1022	3	10	9
6543731648259692124	1023	3	1	4
6543731648259692124	1024	10	10	1
6543731648259692124	1025	9	9	5
6543731648259692124	1026	15	14	6
6543731648259692124	1027	1	9	19
6543731648259692124	1028	9	13	5
6543731648259692124	1029	2	14	14
6543731648259692124	1030	3	2	9
6543731648259692124	1031	6	6	6
6543731648259692124	1032	18	18	11
6543731648259692124	1033	18	18	11
6543731648259692124	1034	7	13	13
6543731648259692124	1035	15	15	7
6543731648259692124	1036	9	9	9
6543731648259692124	1037	5	9	13
6543731648259692124	1038	1	13	5
6543731648259692124	1039	12	11	12
6543731648259692124	1040	9	13	9
6543731648259692124	1041	9	9	9
6543731648259692124	1042	13	13	9
6543731648259692124	1043	16	8	8
6543731648259692124	1044	11	16	11
6543731648259692124	1045	6	6	6
6543731648259692124	1046	1	19	1
6543731648259692124	1047	5	18	13
6543731648259692124	1048	5	13	13
6543731648259692124	1049	12	13	16
6543731648259692124	1050	2	2	2
6543731648259692124	1051	6	6	6
6543731648259692124	1052	11	13	11
6543731648259692124	1053	12	13	7
6543731648259692124	1054	16	8	11
6543731648259692124	1055	10	14	10
6543731648259692124	1056	11	11	11
6543731648259692124	1057	0	0	0
6543731648259692124	1058	7	7	6
6543731648259692124	1059	10	10	8
6543731648259692124	1060	2	14	2
6543731648259692124	1061	6	6	6
6543731648259692124	1062	13	13	13
6543731648259692124	1063	14	14	15
6543731648259692124	1064	16	16	6
6543731648259692124	1065	19	13	8
6543731648259692124	1066	2	14	14
6543731648259692124	1067	18	18	11
6543731648259692124	1068	17	0	14
6543731648259692124	1069	7	13	13
6543731648259692124	1070	4	4	15
6543731648259692124	1071	16	8	16
6543731648259692124	1072	13	13	5
6543731648259692124	1073	8	8	8
6543731648259692124	1074	14	4	11
6543731648259692124	1075	10	10	8
6543731648259692124	1076	4	4	0
6543731648259692124	1077	5	18	5
6543731648259692124	1078	12	5	7
6543731648259692124	1079	0	0	17
6543731648259692124	1080	1	9	19
6543731648259692124	1081	2	2	2
6543731648259692124	1082	11	13	11
6543731648259692124	1083	14	14	6
6543731648259692124	1084	16	8	14
6543731648259692124	1085	3	10	3
6543731648259692124	1086	1	1	8
6543731648259692124	1087	9	13	9
6543731648259692124	1088	10	14	1
6543731648259692124	1089	14	13	2
6543731648259692124	1090	12	13	11
6543731648259692124	1091	5	5	13
6543731648259692124	1092	4	9	3
6543731648259692124	1093	2	2	2
6543731648259692124	1094	6	6	6
6543731648259692124	1095	6	6	6
6543731648259692124	1096	14	0	6
6543731648259692124	1097	10	0	10
6543731648259692124	1098	4	4	0
6543731648259692124	1099	13	13	13
6543731648259692124	1100	18	18	11
6543731648259692124	1101	0	0	17
6543731648259692124	1102	16	6	16
6543731648259692124	1103	2	2	2
6543731648259692124	1104	19	19	9
6543731648259692124	1105	0	13	0
6543731648259692124	1106	8	8	8
6543731648259692124	1107	12	13	13
6543731648259692124	1108	10	10	10
6543731648259692124	1109	19	13	9
6543731648259692124	1110	7	13	0
6543731648259692124	1111	11	16	11
6543731648259692124	1112	13	13	13
6543731648259692124	1113	9	13	9
6543731648259692124	1114	1	1	15
6543731648259692124	1115	14	14	3
6543731648259692124	1116	0	0	7
6543731648259692124	1117	0	0	17
6543731648259692124	1118	1	13	13
6543731648259692124	1119	19	19	19
6543731648259692124	1120	12	13	11
6543731648259692124	1121	10	2	19
6543731648259692124	1122	6	6	6
6543731648259692124	1123	6	6	6
6543731648259692124	1124	17	2	17
6543731648259692124	1125	9	13	9
6543731648259692124	1126	18	18	13
6543731648259692124	1127	4	4	4
6543731648259692124	1128	10	10	1
6543731648259692124	1129	5	18	5
6543731648259692124	1130	18	18	18
6543731648259692124	1131	16	6	16
6543731648259692124	1132	15	2	6
6543731648259692124	1133	1	13	1
6543731648259692124	1134	11	11	11
6543731648259692124	1135	16	16	6
6543731648259692124	1136	8	8	8
6543731648259692124	1137	11	9	11
6543731648259692124	1138	11	13	13
6543731648259692124	1139	5	9	13
6543731648259692124	1140	1	9	19
6543731648259692124	1141	1	13	15
6543731648259692124	1142	4	4	4
6543731648259692124	1143	8	8	8
6543731648259692124	1144	11	13	11
6543731648259692124	1145	18	18	11
6543731648259692124	1146	14	0	11
6543731648259692124	1147	0	4	19
6543731648259692124	1148	18	18	13
6543731648259692124	1149	5	18	13
6543731648259692124	1150	15	14	5
6543731648259692124	1151	17	0	8
6543731648259692124	1152	14	14	0
6543731648259692124	1153	16	16	16
6543731648259692124	1154	13	9	13
6543731648259692124	1155	8	2	13
6543731648259692124	1156	13	13	13
6543731648259692124	1157	17	17	0
6543731648259692124	1158	11	13	13
6543731648259692124	1159	0	13	0
6543731648259692124	1160	18	18	8
6543731648259692124	1161	7	11	7
6543731648259692124	1162	18	18	11
6543731648259692124	1163	19	13	5
6543731648259692124	1164	6	6	6
6543731648259692124	1165	18	18	11
6543731648259692124	1166	10	0	10
6543731648259692124	1167	16	16	8
6543731648259692124	1168	12	5	12
6543731648259692124	1169	0	7	7
6543731648259692124	1170	13	13	18
6543731648259692124	1171	3	3	15
6543731648259692124	1172	19	13	1
6543731648259692124	1173	0	0	17
6543731648259692124	1174	16	16	16
6543731648259692124	1175	8	8	14
6543731648259692124	1176	4	4	0
6543731648259692124	1177	17	0	4
6543731648259692124	1178	8	8	8
6543731648259692124	1179	6	6	6
6543731648259692124	1180	7	13	11
6543731648259692124	1181	8	8	8
6543731648259692124	1182	10	14	1
6543731648259692124	1183	5	5	13
6543731648259692124	1184	10	10	17
6543731648259692124	1185	18	18	13
6543731648259692124	1186	18	18	13
6543731648259692124	1187	9	13	13
6543731648259692124	1188	15	2	6
6543731648259692124	1189	18	18	13
6543731648259692124	1190	19	1	9
6543731648259692124	1191	5	5	13
6543731648259692124	1192	13	13	1
6543731648259692124	1193	18	18	11
6543731648259692124	1194	13	13	13
6543731648259692124	1195	0	13	19
6543731648259692124	1196	17	9	0
6543731648259692124	1197	5	5	13
6543731648259692124	1198	4	4	4
6543731648259692124	1199	16	16	16
6543731648259692124	1200	17	10	14
6543731648259692124	1201	6	6	6
6543731648259692124	1202	9	13	1
6543731648259692124	1203	18	18	13
6543731648259692124	1204	14	13	2
6543731648259692124	1205	16	6	8
6543731648259692124	1206	12	13	11
6543731648259692124	1207	18	18	13
6543731648259692124	1208	14	14	3
6543731648259692124	1209	3	14	15
6543731648259692124	1210	8	8	11
6543731648259692124	1211	2	2	2
6543731648259692124	1212	14	4	16
6543731648259692124	1213	10	1	1
6543731648259692124	1214	13	13	1
6543731648259692124	1215	7	13	5
6543731648259692124	1216	15	2	14
6543731648259692124	1217	3	2	3
6543731648259692124	1218	13	13	9
6543731648259692124	1219	10	14	14
6543731648259692124	1220	3	2	1
6543731648259692124	1221	15	2	15
6543731648259692124	1222	5	13	5
6543731648259692124	1223	16	16	6
6543731648259692124	1224	1	13	1
6543731648259692124	1225	1	9	1
6543731648259692124	1226	6	6	6
6543731648259692124	1227	11	4	11
6543731648259692124	1228	0	0	0
6543731648259692124	1229	5	18	13
6543731648259692124	1230	5	5	13
6543731648259692124	1231	6	6	6
6543731648259692124	1232	15	2	14
6543731648259692124	1233	13	13	0
6543731648259692124	1234	7	13	7
6543731648259692124	1235	18	18	18
6543731648259692124	1236	1	13	13
6543731648259692124	1237	2	2	2
6543731648259692124	1238	3	14	1
6543731648259692124	1239	7	13	0
6543731648259692124	1240	18	18	11
6543731648259692124	1241	10	14	19
6543731648259692124	1242	18	18	11
6543731648259692124	1243	3	14	14
6543731648259692124	1244	19	4	9
6543731648259692124	1245	11	7	11
6543731648259692124	1246	12	12	7
6543731648259692124	1247	4	4	4
6543731648259692124	1248	14	14	14
6543731648259692124	1249	7	9	13
6543731648259692124	1250	0	0	14
6543731648259692124	1251	7	13	7
6543731648259692124	1252	5	5	5
6543731648259692124	1253	3	14	14
6543731648259692124	1254	5	18	13
6543731648259692124	1255	2	2	2
6543731648259692124	1256	7	13	7
6543731648259692124	1257	3	14	15
6543731648259692124	1258	7	13	13
6543731648259692124	1259	13	9	9
6543731648259692124	1260	11	13	11
6543731648259692124	1261	11	13	11
6543731648259692124	1262	8	8	8
6543731648259692124	1263	7	13	11
6543731648259692124	1264	16	8	16
6543731648259692124	1265	10	10	1
6543731648259692124	1266	15	15	15
6543731648259692124	1267	15	2	3
6543731648259692124	1268	1	1	17
6543731648259692124	1269	14	13	14
6543731648259692124	1270	3	17	15
6543731648259692124	1271	13	13	1
6543731648259692124	1272	1	0	1
6543731648259692124	1273	4	4	10
6543731648259692124	1274	12	13	11
6543731648259692124	1275	7	7	7
6543731648259692124	1276	1	1	1
6543731648259692124	1277	13	13	13
6543731648259692124	1278	17	10	17
6543731648259692124	1279	6	6	16
6543731648259692124	1280	10	14	3
6543731648259692124	1281	6	6	6
6543731648259692124	1282	1	13	9
6543731648259692124	1283	19	13	1
6543731648259692124	1284	13	13	5
6543731648259692124	1285	11	7	11
6543731648259692124	1286	4	4	1
6543731648259692124	1287	19	13	1
6543731648259692124	1288	16	8	16
6543731648259692124	1289	16	8	16
6543731648259692124	1290	11	11	11
6543731648259692124	1291	10	14	19
6543731648259692124	1292	0	13	17
6543731648259692124	1293	16	16	16
6543731648259692124	1294	1	13	9
6543731648259692124	1295	8	8	6
6543731648259692124	1296	16	8	16
6543731648259692124	1297	12	12	12
6543731648259692124	1298	10	14	10
6543731648259692124	1299	0	13	17
6543731648259692124	1300	5	18	5
6543731648259692124	1301	8	8	8
6543731648259692124	1302	6	6	6
6543731648259692124	1303	9	9	5
6543731648259692124	1304	6	6	6
6543731648259692124	1305	13	9	13
6543731648259692124	1306	9	13	5
6543731648259692124	1307	10	14	10
6543731648259692124	1308	15	2	15
6543731648259692124	1309	10	10	8
6543731648259692124	1310	14	4	14
6543731648259692124	1311	6	6	6
6543731648259692124	1312	19	13	13
6543731648259692124	1313	15	14	14
6543731648259692124	1314	12	13	13
6543731648259692124	1315	8	8	8
6543731648259692124	1316	13	13	1
6543731648259692124	1317	17	7	1
6543731648259692124	1318	12	13	11
6543731648259692124	1319	9	13	13
6543731648259692124	1320	7	13	11
6543731648259692124	1321	6	6	16
6543731648259692124	1322	8	8	8
6543731648259692124	1323	14	13	8
6543731648259692124	1324	2	2	2
6543731648259692124	1325	18	18	13
6543731648259692124	1326	1	9	1
6543731648259692124	1327	7	13	5
6543731648259692124	1328	7	13	11
6543731648259692124	1329	15	15	14
6543731648259692124	1330	3	14	15
6543731648259692124	1331	6	6	6
6543731648259692124	1332	12	16	12
6543731648259692124	1333	2	10	14
6543731648259692124	1334	19	13	2
6543731648259692124	1335	3	15	13
6543731648259692124	1336	5	5	1
6543731648259692124	1337	14	0	14
6543731648259692124	1338	6	6	6
6543731648259692124	1339	19	13	9
6543731648259692124	1340	12	7	7
6543731648259692124	1341	10	14	10
6543731648259692124	1342	17	0	1
6543731648259692124	1343	10	14	0
6543731648259692124	1344	13	13	13
6543731648259692124	1345	14	14	8
6543731648259692124	1346	4	4	4
6543731648259692124	1347	11	11	18
6543731648259692124	1348	18	18	11
6543731648259692124	1349	11	13	11
6543731648259692124	1350	14	14	6
6543731648259692124	1351	2	14	13
6543731648259692124	1352	17	17	9
6543731648259692124	1353	18	18	13
6543731648259692124	1354	0	0	0
6543731648259692124	1355	3	17	9
6543731648259692124	1356	8	8	16
6543731648259692124	1357	17	9	0
6543731648259692124	1358	2	2	2
6543731648259692124	1359	18	18	11
6543731648259692124	1360	1	13	13
6543731648259692124	1361	7	13	11
6543731648259692124	1362	4	4	2
6543731648259692124	1363	10	0	10
6543731648259692124	1364	8	8	8
6543731648259692124	1365	9	9	19
6543731648259692124	1366	3	2	14
6543731648259692124	1367	3	10	3
6543731648259692124	1368	1	13	13
6543731648259692124	1369	6	6	6
6543731648259692124	1370	15	14	3
6543731648259692124	1371	14	0	5
6543731648259692124	1372	12	13	7
6543731648259692124	1373	10	14	1
6543731648259692124	1374	16	8	16
6543731648259692124	1375	11	13	11
6543731648259692124	1376	3	8	3
6543731648259692124	1377	8	8	8
6543731648259692124	1378	0	13	0
6543731648259692124	1379	15	14	15
6543731648259692124	1380	7	13	4
6543731648259692124	1381	8	8	8
6543731648259692124	1382	15	2	15
6543731648259692124	1383	9	13	9
6543731648259692124	1384	0	14	17
6543731648259692124	1385	17	17	0
6543731648259692124	1386	18	18	11
6543731648259692124	1387	3	2	15
6543731648259692124	1388	1	9	1
6543731648259692124	1389	0	14	17
6543731648259692124	1390	4	4	0
6543731648259692124	1391	1	13	13
6543731648259692124	1392	15	14	14
6543731648259692124	1393	16	16	16
6543731648259692124	1394	9	13	9
6543731648259692124	1395	9	13	9
6543731648259692124	1396	14	14	14
6543731648259692124	1397	3	17	15
6543731648259692124	1398	5	18	5
6543731648259692124	1399	6	6	6
6543731648259692124	1400	3	19	3
6543731648259692124	1401	16	16	16
6543731648259692124	1402	6	6	6
6543731648259692124	1403	18	18	18
6543731648259692124	1404	16	16	8
6543731648259692124	1405	12	13	12
6543731648259692124	1406	6	6	16
6543731648259692124	1407	3	2	3
6543731648259692124	1408	7	13	11
6543731648259692124	1409	13	13	13
6543731648259692124	1410	19	13	1
6543731648259692124	1411	10	0	0
6543731648259692124	1412	11	13	13
6543731648259692124	1413	19	14	9
6543731648259692124	1414	9	9	9
6543731648259692124	1415	15	14	14
6543731648259692124	1416	0	0	0
6543731648259692124	1417	14	15	15
6543731648259692124	1418	12	7	6
6543731648259692124	1419	8	8	8
6543731648259692124	1420	19	13	1
6543731648259692124	1421	12	12	7
6543731648259692124	1422	9	13	9
6543731648259692124	1423	17	0	0
6543731648259692124	1424	1	13	9
6543731648259692124	1425	17	17	0
6543731648259692124	1426	8	8	8
6543731648259692124	1427	13	13	13
6543731648259692124	1428	0	13	0
6543731648259692124	1429	2	14	7
6543731648259692124	1430	16	13	16
6543731648259692124	1431	11	13	11
6543731648259692124	1432	18	18	13
6543731648259692124	1433	14	4	14
6543731648259692124	1434	2	2	2
6543731648259692124	1435	9	9	9
6543731648259692124	1436	15	15	15
6543731648259692124	1437	15	1	2
6543731648259692124	1438	0	13	0
6543731648259692124	1439	14	0	14
6543731648259692124	1440	5	13	13
6543731648259692124	1441	0	0	17
6543731648259692124	1442	17	2	17
6543731648259692124	1443	1	13	9
6543731648259692124	1444	15	2	6
6543731648259692124	1445	4	4	13
6543731648259692124	1446	5	9	13
6543731648259692124	1447	3	2	19
6543731648259692124	1448	3	15	19
6543731648259692124	1449	9	9	9
6543731648259692124	1450	3	0	17
6543731648259692124	1451	12	13	11
6543731648259692124	1452	14	4	8
6543731648259692124	1453	0	2	0
6543731648259692124	1454	3	15	14
6543731648259692124	1455	0	0	0
6543731648259692124	1456	7	13	0
6543731648259692124	1457	19	19	19
6543731648259692124	1458	1	1	15
6543731648259692124	1459	11	11	11
6543731648259692124	1460	17	0	14
6543731648259692124	1461	4	4	4
6543731648259692124	1462	15	2	0
6543731648259692124	1463	15	2	5
6543731648259692124	1464	12	5	7
6543731648259692124	1465	10	0	10
6543731648259692124	1466	18	18	11
6543731648259692124	1467	16	11	16
6543731648259692124	1468	10	10	10
6543731648259692124	1469	16	9	16
6543731648259692124	1470	6	6	16
6543731648259692124	1471	5	13	5
6543731648259692124	1472	17	10	17
6543731648259692124	1473	14	14	14
6543731648259692124	1474	4	4	4
6543731648259692124	1475	13	13	13
6543731648259692124	1476	10	4	10
6543731648259692124	1477	7	0	0
6543731648259692124	1478	6	6	6
6543731648259692124	1479	4	4	0
6543731648259692124	1480	11	13	11
6543731648259692124	1481	10	2	1
6543731648259692124	1482	15	15	15
6543731648259692124	1483	16	11	16
6543731648259692124	1484	12	12	7
6543731648259692124	1485	3	14	4
6543731648259692124	1486	4	4	4
6543731648259692124	1487	0	0	17
6543731648259692124	1488	15	15	6
6543731648259692124	1489	4	4	4
6543731648259692124	1490	9	13	10
6543731648259692124	1491	3	14	15
6543731648259692124	1492	7	13	7
6543731648259692124	1493	1	19	1
6543731648259692124	1494	15	2	15
6543731648259692124	1495	2	14	2
6543731648259692124	1496	11	11	11
6543731648259692124	1497	13	9	13
6543731648259692124	1498	4	4	0
6543731648259692124	1499	5	13	13
6543731648259692124	1500	2	14	7
6543731648259692124	1501	18	18	13
6543731648259692124	1502	8	8	8
6543731648259692124	1503	0	0	0
6543731648259692124	1504	15	1	7
6543731648259692124	1505	11	7	11
6543731648259692124	1506	15	15	6
6543731648259692124	1507	14	2	10
6543731648259692124	1508	7	13	13
6543731648259692124	1509	18	18	11
6543731648259692124	1510	11	13	11
6543731648259692124	1511	16	16	14
6543731648259692124	1512	1	9	5
6543731648259692124	1513	19	13	13
6543731648259692124	1514	10	10	0
6543731648259692124	1515	10	13	10
6543731648259692124	1516	14	14	17
6543731648259692124	1517	16	16	16
6543731648259692124	1518	8	8	8
6543731648259692124	1519	1	1	1
6543731648259692124	1520	9	9	9
6543731648259692124	1521	11	13	11
6543731648259692124	1522	10	10	8
6543731648259692124	1523	18	18	11
6543731648259692124	1524	3	2	3
6543731648259692124	1525	11	11	13
6543731648259692124	1526	10	10	0
6543731648259692124	1527	8	8	8
6543731648259692124	1528	10	10	8
6543731648259692124	1529	18	18	13
6543731648259692124	1530	6	6	6
6543731648259692124	1531	6	6	6
6543731648259692124	1532	1	13	9
6543731648259692124	1533	4	1	0
6543731648259692124	1534	5	13	5
6543731648259692124	1535	12	12	7
6543731648259692124	1536	4	4	4
6543731648259692124	1537	19	19	10
6543731648259692124	1538	10	14	1
6543731648259692124	1539	14	13	4
6543731648259692124	1540	6	16	6
6543731648259692124	1541	3	14	3
6543731648259692124	1542	19	13	10
6543731648259692124	1543	12	13	12
6543731648259692124	1544	19	4	10
6543731648259692124	1545	1	1	1
6543731648259692124	1546	6	6	6
6543731648259692124	1547	16	8	16
6543731648259692124	1548	3	14	14
6543731648259692124	1549	15	2	14
6543731648259692124	1550	16	6	16
6543731648259692124	1551	2	2	14
6543731648259692124	1552	11	7	11
6543731648259692124	1553	1	13	9
6543731648259692124	1554	14	14	3
6543731648259692124	1555	8	8	8
6543731648259692124	1556	7	1	7
6543731648259692124	1557	12	13	13
6543731648259692124	1558	16	16	16
6543731648259692124	1559	18	18	13
6543731648259692124	1560	4	4	4
6543731648259692124	1561	19	9	19
6543731648259692124	1562	15	15	6
6543731648259692124	1563	7	7	12
6543731648259692124	1564	12	12	7
6543731648259692124	1565	10	10	0
6543731648259692124	1566	18	18	13
6543731648259692124	1567	2	14	2
6543731648259692124	1568	19	4	1
6543731648259692124	1569	18	18	13
6543731648259692124	1570	13	5	13
6543731648259692124	1571	15	14	14
6543731648259692124	1572	2	14	0
6543731648259692124	1573	0	13	1
6543731648259692124	1574	1	7	9
6543731648259692124	1575	13	13	13
6543731648259692124	1576	12	13	13
6543731648259692124	1577	17	10	19
6543731648259692124	1578	6	6	6
6543731648259692124	1579	9	13	13
6543731648259692124	1580	11	5	11
6543731648259692124	1581	13	13	1
6543731648259692124	1582	6	6	6
6543731648259692124	1583	19	1	10
6543731648259692124	1584	14	14	3
6543731648259692124	1585	15	4	15
6543731648259692124	1586	15	15	6
6543731648259692124	1587	4	4	4
6543731648259692124	1588	8	8	8
6543731648259692124	1589	5	18	5
6543731648259692124	1590	9	13	13
6543731648259692124	1591	18	18	13
6543731648259692124	1592	6	6	6
6543731648259692124	1593	13	13	5
6543731648259692124	1594	17	10	14
6543731648259692124	1595	11	13	11
6543731648259692124	1596	13	13	13
6543731648259692124	1597	7	7	7
6543731648259692124	1598	9	13	9
6543731648259692124	1599	9	13	9
6543731648259692124	1600	16	8	8
6543731648259692124	1601	17	10	17
6543731648259692124	1602	3	14	4
6543731648259692124	1603	4	4	13
6543731648259692124	1604	14	0	15
6543731648259692124	1605	10	2	1
6543731648259692124	1606	4	4	1
6543731648259692124	1607	10	0	10
6543731648259692124	1608	18	18	18
6543731648259692124	1609	10	14	1
6543731648259692124	1610	17	10	7
6543731648259692124	1611	18	18	11
6543731648259692124	1612	8	8	8
6543731648259692124	1613	18	18	11
6543731648259692124	1614	4	4	4
6543731648259692124	1615	19	10	1
6543731648259692124	1616	5	13	5
6543731648259692124	1617	7	13	11
6543731648259692124	1618	14	13	8
6543731648259692124	1619	10	0	1
6543731648259692124	1620	6	6	6
6543731648259692124	1621	9	13	9
6543731648259692124	1622	16	16	6
6543731648259692124	1623	3	2	3
6543731648259692124	1624	11	9	11
6543731648259692124	1625	19	14	9
6543731648259692124	1626	17	13	0
6543731648259692124	1627	11	13	11
6543731648259692124	1628	5	18	13
6543731648259692124	1629	10	2	1
6543731648259692124	1630	1	1	1
6543731648259692124	1631	5	13	5
6543731648259692124	1632	17	17	0
6543731648259692124	1633	12	12	12
6543731648259692124	1634	8	8	8
6543731648259692124	1635	2	2	2
6543731648259692124	1636	4	4	0
6543731648259692124	1637	17	0	17
6543731648259692124	1638	9	13	9
6543731648259692124	1639	9	13	13
6543731648259692124	1640	4	4	4
6543731648259692124	1641	16	8	16
6543731648259692124	1642	8	8	16
6543731648259692124	1643	9	13	9
6543731648259692124	1644	4	4	13
6543731648259692124	1645	1	1	1
6543731648259692124	1646	5	18	5
6543731648259692124	1647	7	13	0
6543731648259692124	1648	19	13	1
6543731648259692124	1649	9	11	9
6543731648259692124	1650	1	9	1
6543731648259692124	1651	11	11	11
6543731648259692124	1652	4	4	4
6543731648259692124	1653	4	4	10
6543731648259692124	1654	3	10	15
6543731648259692124	1655	16	11	16
6543731648259692124	1656	12	13	13
6543731648259692124	1657	15	2	14
6543731648259692124	1658	4	4	4
6543731648259692124	1659	0	13	17
6543731648259692124	1660	15	2	3
6543731648259692124	1661	5	18	5
6543731648259692124	1662	5	13	11
6543731648259692124	1663	10	10	0
6543731648259692124	1664	5	18	5
6543731648259692124	1665	11	13	11
6543731648259692124	1666	12	7	7
6543731648259692124	1667	6	6	6
6543731648259692124	1668	4	0	8
6543731648259692124	1669	14	14	17
6543731648259692124	1670	7	13	7
6543731648259692124	1671	12	5	12
6543731648259692124	1672	3	2	8
6543731648259692124	1673	8	8	16
6543731648259692124	1674	8	8	7
6543731648259692124	1675	8	8	8
6543731648259692124	1676	5	9	5
6543731648259692124	1677	3	2	15
6543731648259692124	1678	17	9	0
6543731648259692124	1679	1	0	15
6543731648259692124	1680	4	4	4
6543731648259692124	1681	6	6	6
6543731648259692124	1682	18	18	13
6543731648259692124	1683	14	13	6
6543731648259692124	1684	14	14	14
6543731648259692124	1685	17	7	0
6543731648259692124	1686	12	11	13
6543731648259692124	1687	8	8	8
6543731648259692124	1688	5	18	5
6543731648259692124	1689	13	13	13
6543731648259692124	1690	10	10	0
6543731648259692124	1691	11	13	13
6543731648259692124	1692	10	2	19
6543731648259692124	1693	2	14	2
6543731648259692124	1694	1	1	1
6543731648259692124	1695	11	13	11
6543731648259692124	1696	6	6	6
6543731648259692124	1697	4	0	14
6543731648259692124	1698	16	8	8
6543731648259692124	1699	18	18	11
6543731648259692124	1700	11	13	11
6543731648259692124	1701	17	10	14
6543731648259692124	1702	13	13	13
6543731648259692124	1703	0	0	17
6543731648259692124	1704	7	7	0
6543731648259692124	1705	8	8	8
6543731648259692124	1706	14	14	14
6543731648259692124	1707	19	4	9
6543731648259692124	1708	18	18	13
6543731648259692124	1709	0	13	0
6543731648259692124	1710	14	0	14
6543731648259692124	1711	7	13	7
6543731648259692124	1712	1	1	10
6543731648259692124	1713	10	10	1
6543731648259692124	1714	0	13	1
6543731648259692124	1715	8	8	8
6543731648259692124	1716	9	13	5
6543731648259692124	1717	15	2	2
6543731648259692124	1718	11	13	11
6543731648259692124	1719	17	9	10
6543731648259692124	1720	15	14	6
6543731648259692124	1721	12	12	12
6543731648259692124	1722	6	6	6
6543731648259692124	1723	10	10	10
6543731648259692124	1724	19	9	19
6543731648259692124	1725	3	14	6
6543731648259692124	1726	6	6	6
6543731648259692124	1727	11	13	11
6543731648259692124	1728	19	9	9
6543731648259692124	1729	0	0	1
6543731648259692124	1730	13	13	1
6543731648259692124	1731	5	5	5
6543731648259692124	1732	3	2	1
6543731648259692124	1733	16	8	8
6543731648259692124	1734	5	5	13
6543731648259692124	1735	10	9	10
6543731648259692124	1736	14	13	14
6543731648259692124	1737	16	6	16
6543731648259692124	1738	1	13	13
6543731648259692124	1739	16	8	8
6543731648259692124	1740	9	13	9
6543731648259692124	1741	6	6	6
6543731648259692124	1742	16	6	6
6543731648259692124	1743	7	7	7
6543731648259692124	1744	4	4	4
6543731648259692124	1745	10	10	1
6543731648259692124	1746	14	14	14
6543731648259692124	1747	3	2	14
6543731648259692124	1748	18	11	18
6543731648259692124	1749	13	13	9
6543731648259692124	1750	0	0	17
6543731648259692124	1751	19	4	10
6543731648259692124	1752	5	18	11
6543731648259692124	1753	16	8	8
6543731648259692124	1754	8	8	8
6543731648259692124	1755	8	8	8
6543731648259692124	1756	5	9	13
6543731648259692124	1757	6	6	6
6543731648259692124	1758	8	8	15
6543731648259692124	1759	14	14	6
6543731648259692124	1760	18	18	11
6543731648259692124	1761	6	6	6
6543731648259692124	1762	1	13	13
6543731648259692124	1763	6	6	6
6543731648259692124	1764	4	4	14
6543731648259692124	1765	11	13	13
6543731648259692124	1766	8	2	14
6543731648259692124	1767	13	13	11
6543731648259692124	1768	2	10	6
6543731648259692124	1769	16	16	6
6543731648259692124	1770	16	6	15
6543731648259692124	1771	10	14	19
6543731648259692124	1772	16	16	6
6543731648259692124	1773	2	14	14
6543731648259692124	1774	16	8	16
6543731648259692124	1775	16	16	6
6543731648259692124	1776	8	8	8
6543731648259692124	1777	1	13	9
6543731648259692124	1778	10	10	10
6543731648259692124	1779	15	14	14
6543731648259692124	1780	4	19	3
6543731648259692124	1781	17	10	9
6543731648259692124	1782	3	10	15
6543731648259692124	1783	17	9	0
6543731648259692124	1784	8	8	8
6543731648259692124	1785	11	13	11
6543731648259692124	1786	12	13	11
6543731648259692124	1787	8	16	8
6543731648259692124	1788	10	1	1
6543731648259692124	1789	15	15	17
6543731648259692124	1790	2	14	14
6543731648259692124	1791	8	8	8
6543731648259692124	1792	15	14	6
6543731648259692124	1793	0	14	17
6543731648259692124	1794	17	10	10
6543731648259692124	1795	2	14	14
6543731648259692124	1796	13	9	5
6543731648259692124	1797	13	13	9
6543731648259692124	1798	15	2	14
6543731648259692124	1799	2	2	2
6543731648259692124	1800	8	8	8
6543731648259692124	1801	18	18	11
6543731648259692124	1802	4	4	0
6543731648259692124	1803	17	10	14
6543731648259692124	1804	7	13	2
6543731648259692124	1805	18	18	11
6543731648259692124	1806	19	14	19
6543731648259692124	1807	17	2	17
6543731648259692124	1808	7	11	10
6543731648259692124	1809	4	4	4
6543731648259692124	1810	0	14	19
6543731648259692124	1811	17	0	1
6543731648259692124	1812	13	13	13
6543731648259692124	1813	11	7	11
6543731648259692124	1814	15	15	19
6543731648259692124	1815	5	9	5
6543731648259692124	1816	5	18	13
6543731648259692124	1817	17	9	0
6543731648259692124	1818	13	13	3
6543731648259692124	1819	5	13	5
6543731648259692124	1820	18	18	13
6543731648259692124	1821	6	6	6
6543731648259692124	1822	9	11	9
6543731648259692124	1823	8	8	8
6543731648259692124	1824	16	16	6
6543731648259692124	1825	18	18	11
6543731648259692124	1826	5	18	5
6543731648259692124	1827	5	13	11
6543731648259692124	1828	9	13	1
6543731648259692124	1829	2	2	2
6543731648259692124	1830	0	13	0
6543731648259692124	1831	6	6	6
6543731648259692124	1832	14	13	14
6543731648259692124	1833	8	8	8
6543731648259692124	1834	15	2	4
6543731648259692124	1835	2	2	2
6543731648259692124	1836	0	13	17
6543731648259692124	1837	9	13	5
6543731648259692124	1838	0	0	0
6543731648259692124	1839	4	4	4
6543731648259692124	1840	9	13	13
6543731648259692124	1841	16	16	16
6543731648259692124	1842	7	13	13
6543731648259692124	1843	2	2	2
6543731648259692124	1844	4	4	15
6543731648259692124	1845	7	13	11
6543731648259692124	1846	11	11	13
6543731648259692124	1847	7	13	11
6543731648259692124	1848	19	14	9
6543731648259692124	1849	17	9	0
6543731648259692124	1850	1	1	17
6543731648259692124	1851	12	13	7
6543731648259692124	1852	0	0	10
6543731648259692124	1853	12	13	13
6543731648259692124	1854	1	13	9
6543731648259692124	1855	14	14	14
6543731648259692124	1856	15	2	6
6543731648259692124	1857	14	0	0
6543731648259692124	1858	6	6	6
6543731648259692124	1859	18	18	13
6543731648259692124	1860	17	17	0
6543731648259692124	1861	13	13	13
6543731648259692124	1862	18	13	11
6543731648259692124	1863	13	13	9
6543731648259692124	1864	18	18	11
6543731648259692124	1865	17	1	17
6543731648259692124	1866	15	2	2
6543731648259692124	1867	14	0	2
6543731648259692124	1868	3	10	3
6543731648259692124	1869	2	2	2
6543731648259692124	1870	19	13	9
6543731648259692124	1871	15	14	14
6543731648259692124	1872	12	13	14
6543731648259692124	1873	12	13	1
6543731648259692124	1874	17	10	19
6543731648259692124	1875	13	18	5
6543731648259692124	1876	18	18	11
6543731648259692124	1877	2	2	2
6543731648259692124	1878	10	10	1
6543731648259692124	1879	14	14	7
6543731648259692124	1880	4	4	13
6543731648259692124	1881	8	8	11
6543731648259692124	1882	11	13	11
6543731648259692124	1883	19	13	19
6543731648259692124	1884	17	17	7
6543731648259692124	1885	19	13	9
6543731648259692124	1886	3	2	11
6543731648259692124	1887	15	2	13
6543731648259692124	1888	13	13	1
6543731648259692124	1889	11	7	11
6543731648259692124	1890	16	8	16
6543731648259692124	1891	12	13	13
6543731648259692124	1892	5	5	13
6543731648259692124	1893	7	7	7
6543731648259692124	1894	14	14	11
6543731648259692124	1895	13	13	9
6543731648259692124	1896	13	13	13
6543731648259692124	1897	7	13	5
6543731648259692124	1898	15	14	8
6543731648259692124	1899	15	2	6
6543731648259692124	1900	16	16	16
6543731648259692124	1901	4	4	13
6543731648259692124	1902	14	14	6
6543731648259692124	1903	2	14	15
6543731648259692124	1904	7	13	13
6543731648259692124	1905	10	2	10
6543731648259692124	1906	4	4	0
6543731648259692124	1907	12	5	7
6543731648259692124	1908	7	13	13
6543731648259692124	1909	0	13	0
6543731648259692124	1910	10	10	8
6543731648259692124	1911	7	13	13
6543731648259692124	1912	5	5	5
6543731648259692124	1913	12	5	7
6543731648259692124	1914	8	8	8
6543731648259692124	1915	5	1	4
6543731648259692124	1916	4	4	0
6543731648259692124	1917	3	14	19
6543731648259692124	1918	9	9	9
6543731648259692124	1919	6	6	6
6543731648259692124	1920	0	14	17
6543731648259692124	1921	4	4	4
6543731648259692124	1922	4	4	15
6543731648259692124	1923	3	2	5
6543731648259692124	1924	9	13	9
6543731648259692124	1925	14	13	2
6543731648259692124	1926	5	5	13
6543731648259692124	1927	13	9	13
6543731648259692124	1928	9	13	5
6543731648259692124	1929	11	13	13
6543731648259692124	1930	13	9	5
6543731648259692124	1931	2	2	2
6543731648259692124	1932	0	13	0
6543731648259692124	1933	11	7	11
6543731648259692124	1934	1	9	1
6543731648259692124	1935	11	10	11
6543731648259692124	1936	3	10	14
6543731648259692124	1937	19	19	19
6543731648259692124	1938	0	0	17
6543731648259692124	1939	7	13	13
6543731648259692124	1940	11	11	18
6543731648259692124	1941	17	9	0
6543731648259692124	1942	7	13	7
6543731648259692124	1943	15	2	6
6543731648259692124	1944	11	13	11
6543731648259692124	1945	18	18	11
6543731648259692124	1946	13	9	13
6543731648259692124	1947	3	2	0
6543731648259692124	1948	1	13	13
6543731648259692124	1949	18	18	11
6543731648259692124	1950	16	16	16
6543731648259692124	1951	14	2	2
6543731648259692124	1952	9	13	1
6543731648259692124	1953	0	14	17
6543731648259692124	1954	1	1	9
6543731648259692124	1955	13	13	13
6543731648259692124	1956	8	8	14
6543731648259692124	1957	17	0	19
6543731648259692124	1958	0	13	0
6543731648259692124	1959	10	14	10
6543731648259692124	1960	18	18	13
6543731648259692124	1961	3	2	15
6543731648259692124	1962	14	14	3
6543731648259692124	1963	12	18	12
6543731648259692124	1964	9	13	9
6543731648259692124	1965	7	13	7
6543731648259692124	1966	10	2	10
6543731648259692124	1967	0	7	7
6543731648259692124	1968	11	13	11
6543731648259692124	1969	10	14	10
6543731648259692124	1970	14	13	8
6543731648259692124	1971	5	9	13
6543731648259692124	1972	4	4	4
6543731648259692124	1973	2	2	2
6543731648259692124	1974	6	6	6
6543731648259692124	1975	15	2	16
6543731648259692124	1976	14	14	6
6543731648259692124	1977	16	8	8
6543731648259692124	1978	2	2	2
6543731648259692124	1979	11	13	11
6543731648259692124	1980	4	4	4
6543731648259692124	1981	4	4	4
6543731648259692124	1982	19	1	17
6543731648259692124	1983	2	2	2
6543731648259692124	1984	4	4	4
6543731648259692124	1985	15	2	13
6543731648259692124	1986	9	9	9
6543731648259692124	1987	18	18	13
6543731648259692124	1988	18	18	13
6543731648259692124	1989	17	17	0
6543731648259692124	1990	0	17	17
6543731648259692124	1991	16	8	8
6543731648259692124	1992	2	2	2
6543731648259692124	1993	15	8	4
6543731648259692124	1994	11	11	11
6543731648259692124	1995	18	18	13
6543731648259692124	1996	12	13	13
6543731648259692124	1997	17	2	14
6543731648259692124	1998	9	13	9
6543731648259692124	1999	15	14	15
6543731648259692124	2000	17	17	17
6543731648259692124	2001	9	9	9
6543731648259692124	2002	6	6	6
6543731648259692124	2003	11	7	11
6543731648259692124	2004	14	14	14
6543731648259692124	2005	5	18	13
6543731648259692124	2006	18	18	11
6543731648259692124	2007	19	9	19
6543731648259692124	2008	5	9	11
6543731648259692124	2009	12	5	7
6543731648259692124	2010	13	13	13
6543731648259692124	2011	1	9	19
6543731648259692124	2012	7	13	7
6543731648259692124	2013	7	13	7
6543731648259692124	2014	6	6	6
6543731648259692124	2015	4	4	0
6543731648259692124	2016	8	8	8
6543731648259692124	2017	7	7	15
6543731648259692124	2018	12	5	12
6543731648259692124	2019	7	13	7
6543731648259692124	2020	13	1	15
6543731648259692124	2021	4	4	4
6543731648259692124	2022	14	2	15
6543731648259692124	2023	2	14	14
6543731648259692124	2024	14	15	14
6543731648259692124	2025	5	13	7
6543731648259692124	2026	8	8	15
6543731648259692124	2027	2	2	2
6543731648259692124	2028	15	2	8
6543731648259692124	2029	2	14	3
6543731648259692124	2030	14	14	19
6543731648259692124	2031	3	2	4
6543731648259692124	2032	6	6	6
6543731648259692124	2033	16	8	8
6543731648259692124	2034	14	0	8
6543731648259692124	2035	15	2	15
6543731648259692124	2036	4	4	4
6543731648259692124	2037	0	0	0
6543731648259692124	2038	7	13	13
6543731648259692124	2039	11	13	11
6543731648259692124	2040	9	13	13
6543731648259692124	2041	13	9	13
6543731648259692124	2042	12	13	7
6543731648259692124	2043	11	11	11
6543731648259692124	2044	2	14	17
6543731648259692124	2045	3	10	15
6543731648259692124	2046	8	2	1
6543731648259692124	2047	10	14	10
6543731648259692124	2048	13	13	9
6543731648259692124	2049	17	0	1
6543731648259692124	2050	1	13	13
6543731648259692124	2051	2	2	2
6543731648259692124	2052	5	18	13
6543731648259692124	2053	8	8	8
6543731648259692124	2054	4	4	10
6543731648259692124	2055	9	13	9
6543731648259692124	2056	19	19	10
6543731648259692124	2057	10	0	10
6543731648259692124	2058	1	13	9
6543731648259692124	2059	15	15	14
6543731648259692124	2060	4	4	4
6543731648259692124	2061	12	13	7
6543731648259692124	2062	8	8	8
6543731648259692124	2063	19	13	1
6543731648259692124	2064	4	4	4
6543731648259692124	2065	4	4	4
6543731648259692124	2066	2	1	17
6543731648259692124	2067	2	2	2
6543731648259692124	2068	7	13	11
6543731648259692124	2069	12	13	11
6543731648259692124	2070	17	9	0
6543731648259692124	2071	9	9	9
6543731648259692124	2072	2	2	2
6543731648259692124	2073	2	14	10
6543731648259692124	2074	16	16	16
6543731648259692124	2075	9	13	9
6543731648259692124	2076	15	14	6
6543731648259692124	2077	5	13	13
6543731648259692124	2078	8	8	16
6543731648259692124	2079	0	14	17
6543731648259692124	2080	19	19	19
6543731648259692124	2081	12	13	13
6543731648259692124	2082	13	13	9
6543731648259692124	2083	3	15	15
6543731648259692124	2084	6	6	6
6543731648259692124	2085	16	16	16
6543731648259692124	2086	5	4	13
6543731648259692124	2087	7	13	7
6543731648259692124	2088	2	14	2
6543731648259692124	2089	14	0	8
6543731648259692124	2090	0	13	0
6543731648259692124	2091	17	10	19
6543731648259692124	2092	14	4	15
6543731648259692124	2093	16	16	6
6543731648259692124	2094	13	13	13
6543731648259692124	2095	17	17	17
6543731648259692124	2096	2	2	2
6543731648259692124	2097	9	13	5
6543731648259692124	2098	13	13	9
6543731648259692124	2099	9	9	9
6543731648259692124	2100	9	13	13
6543731648259692124	2101	14	8	6
6543731648259692124	2102	19	13	1
6543731648259692124	2103	13	9	13
6543731648259692124	2104	7	13	11
6543731648259692124	2105	1	1	10
6543731648259692124	2106	4	4	10
6543731648259692124	2107	15	1	3
6543731648259692124	2108	6	6	6
6543731648259692124	2109	9	9	1
6543731648259692124	2110	14	14	14
6543731648259692124	2111	15	2	2
6543731648259692124	2112	11	13	11
6543731648259692124	2113	6	16	6
6543731648259692124	2114	5	5	5
6543731648259692124	2115	4	4	4
6543731648259692124	2116	19	13	9
6543731648259692124	2117	4	4	6
6543731648259692124	2118	14	14	3
6543731648259692124	2119	8	8	15
6543731648259692124	2120	6	6	6
6543731648259692124	2121	8	8	8
6543731648259692124	2122	12	13	13
6543731648259692124	2123	2	2	3
6543731648259692124	2124	13	13	13
6543731648259692124	2125	5	5	13
6543731648259692124	2126	0	13	0
6543731648259692124	2127	4	4	5
6543731648259692124	2128	12	16	6
6543731648259692124	2129	16	16	6
6543731648259692124	2130	12	13	11
6543731648259692124	2131	14	4	14
6543731648259692124	2132	13	13	13
6543731648259692124	2133	7	13	0
6543731648259692124	2134	13	13	5
6543731648259692124	2135	18	18	11
6543731648259692124	2136	5	13	5
6543731648259692124	2137	0	0	17
6543731648259692124	2138	17	17	0
6543731648259692124	2139	4	4	13
6543731648259692124	2140	8	8	11
6543731648259692124	2141	16	16	16
6543731648259692124	2142	19	13	13
6543731648259692124	2143	18	18	11
6543731648259692124	2144	18	18	13
6543731648259692124	2145	6	6	16
6543731648259692124	2146	16	8	8
6543731648259692124	2147	12	18	7
6543731648259692124	2148	16	8	16
6543731648259692124	2149	18	18	13
6543731648259692124	2150	13	13	13
6543731648259692124	2151	9	9	19
6543731648259692124	2152	0	14	17
6543731648259692124	2153	14	0	6
6543731648259692124	2154	10	14	19
6543731648259692124	2155	10	14	10
6543731648259692124	2156	18	18	13
6543731648259692124	2157	13	13	9
6543731648259692124	2158	1	13	1
6543731648259692124	2159	4	4	4
6543731648259692124	2160	17	9	0
6543731648259692124	2161	12	13	13
6543731648259692124	2162	10	10	8
6543731648259692124	2163	16	8	8
6543731648259692124	2164	12	12	7
6543731648259692124	2165	16	16	16
6543731648259692124	2166	13	13	1
6543731648259692124	2167	12	13	11
6543731648259692124	2168	12	13	13
6543731648259692124	2169	8	8	8
6543731648259692124	2170	18	18	11
6543731648259692124	2171	2	2	2
6543731648259692124	2172	12	13	7
6543731648259692124	2173	4	0	7
6543731648259692124	2174	16	8	8
6543731648259692124	2175	15	2	15
6543731648259692124	2176	9	9	9
6543731648259692124	2177	16	16	0
6543731648259692124	2178	12	13	9
6543731648259692124	2179	5	18	5
6543731648259692124	2180	14	0	16
6543731648259692124	2181	13	13	13
6543731648259692124	2182	8	8	8
6543731648259692124	2183	12	11	13
6543731648259692124	2184	10	13	10
6543731648259692124	2185	18	18	11
6543731648259692124	2186	1	7	9
6543731648259692124	2187	12	13	12
6543731648259692124	2188	18	18	18
6543731648259692124	2189	7	13	11
6543731648259692124	2190	18	13	13
6543731648259692124	2191	16	16	16
6543731648259692124	2192	17	9	1
6543731648259692124	2193	4	4	5
6543731648259692124	2194	12	13	12
6543731648259692124	2195	7	13	5
6543731648259692124	2196	13	13	13
6543731648259692124	2197	17	10	19
6543731648259692124	2198	8	8	15
6543731648259692124	2199	8	8	8
6543731648259692124	2200	11	11	11
6543731648259692124	2201	15	2	6
6543731648259692124	2202	2	2	2
6543731648259692124	2203	2	2	2
6543731648259692124	2204	13	9	13
6543731648259692124	2205	17	10	1
6543731648259692124	2206	1	13	9
6543731648259692124	2207	0	13	17
6543731648259692124	2208	17	10	14
6543731648259692124	2209	15	14	14
6543731648259692124	2210	19	0	10
6543731648259692124	2211	16	16	16
6543731648259692124	2212	14	0	2
6543731648259692124	2213	15	2	15
6543731648259692124	2214	18	13	11
6543731648259692124	2215	11	7	11
6543731648259692124	2216	5	13	13
6543731648259692124	2217	10	0	10
6543731648259692124	2218	14	13	6
6543731648259692124	2219	15	14	8
6543731648259692124	2220	18	18	11
6543731648259692124	2221	7	1	0
6543731648259692124	2222	8	8	15
6543731648259692124	2223	3	2	9
6543731648259692124	2224	2	8	2
6543731648259692124	2225	15	15	14
6543731648259692124	2226	15	1	14
6543731648259692124	2227	1	1	1
6543731648259692124	2228	17	3	19
6543731648259692124	2229	12	11	12
6543731648259692124	2230	9	13	5
6543731648259692124	2231	1	13	1
6543731648259692124	2232	3	2	3
6543731648259692124	2233	13	13	9
6543731648259692124	2234	6	6	6
6543731648259692124	2235	4	4	4
6543731648259692124	2236	16	16	16
6543731648259692124	2237	14	4	15
6543731648259692124	2238	17	2	17
6543731648259692124	2239	15	2	15
6543731648259692124	2240	18	18	11
6543731648259692124	2241	8	14	19
6543731648259692124	2242	4	4	10
6543731648259692124	2243	1	19	10
6543731648259692124	2244	8	8	14
6543731648259692124	2245	6	6	6
6543731648259692124	2246	19	0	1
6543731648259692124	2247	18	18	13
6543731648259692124	2248	6	6	16
6543731648259692124	2249	7	13	13
6543731648259692124	2250	11	11	11
6543731648259692124	2251	1	13	9
6543731648259692124	2252	11	13	13
6543731648259692124	2253	19	13	10
6543731648259692124	2254	6	6	6
6543731648259692124	2255	17	9	14
6543731648259692124	2256	1	13	11
6543731648259692124	2257	8	8	8
6543731648259692124	2258	9	9	9
6543731648259692124	2259	4	4	0
6543731648259692124	2260	6	6	16
6543731648259692124	2261	1	9	1
6543731648259692124	2262	15	2	14
6543731648259692124	2263	11	7	13
